RS;Gemeinde;Nummer;Name
010010000000;Flensburg, Stadt;001;Flensburg - Schleswig
010020000000;Kiel, Landeshauptstadt;005;Kiel
010030000000;Lübeck, Hansestadt;011;Lübeck
010040000000;Neumünster, Stadt;006;Plön - Neumünster
010510011011;Brunsbüttel, Stadt;003;Steinburg - Dithmarschen Süd
010510044044;Heide, Stadt;002;Nordfriesland - Dithmarschen Nord
010515163003;Averlak;003;Steinburg - Dithmarschen Süd
010515163010;Brickeln;003;Steinburg - Dithmarschen Süd
010515163012;Buchholz;003;Steinburg - Dithmarschen Süd
010515163016;Burg (Dithmarschen);003;Steinburg - Dithmarschen Süd
010515163022;Dingen;003;Steinburg - Dithmarschen Süd
010515163024;Eddelak;003;Steinburg - Dithmarschen Süd
010515163026;Eggstedt;003;Steinburg - Dithmarschen Süd
010515163032;Frestedt;003;Steinburg - Dithmarschen Süd
010515163037;Großenrade;003;Steinburg - Dithmarschen Süd
010515163051;Hochdonn;003;Steinburg - Dithmarschen Süd
010515163064;Kuden;003;Steinburg - Dithmarschen Süd
010515163089;Quickborn;003;Steinburg - Dithmarschen Süd
010515163097;Sankt Michaelisdonn;003;Steinburg - Dithmarschen Süd
010515163110;Süderhastedt;003;Steinburg - Dithmarschen Süd
010515166021;Diekhusen-Fahrstedt;003;Steinburg - Dithmarschen Süd
010515166034;Friedrichskoog;003;Steinburg - Dithmarschen Süd
010515166046;Helse;003;Steinburg - Dithmarschen Süd
010515166057;Kaiser-Wilhelm-Koog;003;Steinburg - Dithmarschen Süd
010515166062;Kronprinzenkoog;003;Steinburg - Dithmarschen Süd
010515166072;Marne, Stadt;003;Steinburg - Dithmarschen Süd
010515166073;Marnerdeich;003;Steinburg - Dithmarschen Süd
010515166076;Neufeld;003;Steinburg - Dithmarschen Süd
010515166077;Neufelderkoog;003;Steinburg - Dithmarschen Süd
010515166090;Ramhusen;003;Steinburg - Dithmarschen Süd
010515166103;Schmedeswurth;003;Steinburg - Dithmarschen Süd
010515166118;Trennewurth;003;Steinburg - Dithmarschen Süd
010515166119;Volsemenhusen;003;Steinburg - Dithmarschen Süd
010515169005;Barkenholm;002;Nordfriesland - Dithmarschen Nord
010515169008;Bergewöhrden;002;Nordfriesland - Dithmarschen Nord
010515169019;Dellstedt;002;Nordfriesland - Dithmarschen Nord
010515169020;Delve;002;Nordfriesland - Dithmarschen Nord
010515169023;Dörpling;002;Nordfriesland - Dithmarschen Nord
010515169030;Fedderingen;002;Nordfriesland - Dithmarschen Nord
010515169035;Gaushorn;002;Nordfriesland - Dithmarschen Nord
010515169036;Glüsing;002;Nordfriesland - Dithmarschen Nord
010515169038;Groven;002;Nordfriesland - Dithmarschen Nord
010515169047;Hemme;002;Nordfriesland - Dithmarschen Nord
010515169049;Hennstedt;002;Nordfriesland - Dithmarschen Nord
010515169052;Hövede;002;Nordfriesland - Dithmarschen Nord
010515169053;Hollingstedt;002;Nordfriesland - Dithmarschen Nord
010515169058;Karolinenkoog;002;Nordfriesland - Dithmarschen Nord
010515169060;Kleve;002;Nordfriesland - Dithmarschen Nord
010515169061;Krempel;002;Nordfriesland - Dithmarschen Nord
010515169065;Lehe;002;Nordfriesland - Dithmarschen Nord
010515169068;Linden;002;Nordfriesland - Dithmarschen Nord
010515169071;Lunden;002;Nordfriesland - Dithmarschen Nord
010515169080;Norderheistedt;002;Nordfriesland - Dithmarschen Nord
010515169088;Pahlen;002;Nordfriesland - Dithmarschen Nord
010515169092;Rehm-Flehde-Bargen;002;Nordfriesland - Dithmarschen Nord
010515169096;Sankt Annen;002;Nordfriesland - Dithmarschen Nord
010515169100;Schalkholz;002;Nordfriesland - Dithmarschen Nord
010515169102;Schlichting;002;Nordfriesland - Dithmarschen Nord
010515169114;Tellingstedt;002;Nordfriesland - Dithmarschen Nord
010515169117;Tielenhemme;002;Nordfriesland - Dithmarschen Nord
010515169120;Wallen;002;Nordfriesland - Dithmarschen Nord
010515169125;Welmbüttel;002;Nordfriesland - Dithmarschen Nord
010515169131;Westerborstel;002;Nordfriesland - Dithmarschen Nord
010515169133;Wiemerstedt;002;Nordfriesland - Dithmarschen Nord
010515169136;Wrohm;002;Nordfriesland - Dithmarschen Nord
010515169139;Süderdorf;002;Nordfriesland - Dithmarschen Nord
010515169141;Süderheistedt;002;Nordfriesland - Dithmarschen Nord
010515172048;Hemmingstedt;002;Nordfriesland - Dithmarschen Nord
010515172067;Lieth;002;Nordfriesland - Dithmarschen Nord
010515172069;Lohe-Rickelshof;002;Nordfriesland - Dithmarschen Nord
010515172075;Neuenkirchen;002;Nordfriesland - Dithmarschen Nord
010515172081;Norderwöhrden;002;Nordfriesland - Dithmarschen Nord
010515172082;Nordhastedt;002;Nordfriesland - Dithmarschen Nord
010515172087;Ostrohe;002;Nordfriesland - Dithmarschen Nord
010515172107;Stelle-Wittenwurth;002;Nordfriesland - Dithmarschen Nord
010515172113;Wöhrden;002;Nordfriesland - Dithmarschen Nord
010515172122;Weddingstedt;002;Nordfriesland - Dithmarschen Nord
010515172130;Wesseln;002;Nordfriesland - Dithmarschen Nord
010515175001;Albersdorf;003;Steinburg - Dithmarschen Süd
010515175002;Arkebek;003;Steinburg - Dithmarschen Süd
010515175004;Bargenstedt;003;Steinburg - Dithmarschen Süd
010515175006;Barlt;003;Steinburg - Dithmarschen Süd
010515175015;Bunsoh;003;Steinburg - Dithmarschen Süd
010515175017;Busenwurth;003;Steinburg - Dithmarschen Süd
010515175027;Elpersbüttel;003;Steinburg - Dithmarschen Süd
010515175028;Epenwöhrden;003;Steinburg - Dithmarschen Süd
010515175039;Gudendorf;003;Steinburg - Dithmarschen Süd
010515175054;Immenstedt;003;Steinburg - Dithmarschen Süd
010515175063;Krumstedt;003;Steinburg - Dithmarschen Süd
010515175074;Meldorf, Stadt;003;Steinburg - Dithmarschen Süd
010515175078;Nindorf;003;Steinburg - Dithmarschen Süd
010515175083;Odderade;003;Steinburg - Dithmarschen Süd
010515175085;Offenbüttel;003;Steinburg - Dithmarschen Süd
010515175086;Osterrade;003;Steinburg - Dithmarschen Süd
010515175098;Sarzbüttel;003;Steinburg - Dithmarschen Süd
010515175099;Schafstedt;003;Steinburg - Dithmarschen Süd
010515175104;Schrum;003;Steinburg - Dithmarschen Süd
010515175126;Wennbüttel;003;Steinburg - Dithmarschen Süd
010515175134;Windbergen;003;Steinburg - Dithmarschen Süd
010515175135;Wolmersdorf;003;Steinburg - Dithmarschen Süd
010515175137;Nordermeldorf;003;Steinburg - Dithmarschen Süd
010515175138;Tensbüttel-Röst;003;Steinburg - Dithmarschen Süd
010515178013;Büsum;002;Nordfriesland - Dithmarschen Nord
010515178014;Büsumer Deichhausen;002;Nordfriesland - Dithmarschen Nord
010515178033;Friedrichsgabekoog;002;Nordfriesland - Dithmarschen Nord
010515178043;Hedwigenkoog;002;Nordfriesland - Dithmarschen Nord
010515178045;Hellschen-Heringsand-Unterschaar;002;Nordfriesland - Dithmarschen Nord
010515178050;Hillgroven;002;Nordfriesland - Dithmarschen Nord
010515178079;Norddeich;002;Nordfriesland - Dithmarschen Nord
010515178084;Oesterdeichstrich;002;Nordfriesland - Dithmarschen Nord
010515178093;Reinsbüttel;002;Nordfriesland - Dithmarschen Nord
010515178105;Schülp;002;Nordfriesland - Dithmarschen Nord
010515178108;Strübbel;002;Nordfriesland - Dithmarschen Nord
010515178109;Süderdeich;002;Nordfriesland - Dithmarschen Nord
010515178121;Warwerort;002;Nordfriesland - Dithmarschen Nord
010515178127;Wesselburen, Stadt;002;Nordfriesland - Dithmarschen Nord
010515178128;Wesselburener Deichhausen;002;Nordfriesland - Dithmarschen Nord
010515178129;Wesselburenerkoog;002;Nordfriesland - Dithmarschen Nord
010515178132;Westerdeichstrich;002;Nordfriesland - Dithmarschen Nord
010515178140;Oesterwurth;002;Nordfriesland - Dithmarschen Nord
010530032032;Geesthacht, Stadt;010;Herzogtum Lauenburg - Stormarn-Süd
010530083083;Lauenburg/ Elbe, Stadt;010;Herzogtum Lauenburg - Stormarn-Süd
010530090090;Mölln, Stadt;010;Herzogtum Lauenburg - Stormarn-Süd
010530100100;Ratzeburg, Stadt;010;Herzogtum Lauenburg - Stormarn-Süd
010530116116;Schwarzenbek, Stadt;010;Herzogtum Lauenburg - Stormarn-Süd
010530129129;Wentorf bei Hamburg;010;Herzogtum Lauenburg - Stormarn-Süd
010535308008;Behlendorf;011;Lübeck
010535308009;Berkenthin;011;Lübeck
010535308011;Bliestorf;011;Lübeck
010535308024;Düchelsdorf;011;Lübeck
010535308034;Göldenitz;011;Lübeck
010535308061;Kastorf;011;Lübeck
010535308067;Klempau;011;Lübeck
010535308075;Krummesse;011;Lübeck
010535308094;Niendorf bei Berkenthin;011;Lübeck
010535308103;Rondeshagen;011;Lübeck
010535308120;Sierksrade;011;Lübeck
010535313002;Alt-Mölln;010;Herzogtum Lauenburg - Stormarn-Süd
010535313005;Bälau;010;Herzogtum Lauenburg - Stormarn-Süd
010535313013;Borstorf;010;Herzogtum Lauenburg - Stormarn-Süd
010535313014;Breitenfelde;010;Herzogtum Lauenburg - Stormarn-Süd
010535313037;Grambek;010;Herzogtum Lauenburg - Stormarn-Süd
010535313056;Hornbek;010;Herzogtum Lauenburg - Stormarn-Süd
010535313084;Lehmrade;010;Herzogtum Lauenburg - Stormarn-Süd
010535313095;Niendorf/ Stecknitz;010;Herzogtum Lauenburg - Stormarn-Süd
010535313113;Schretstaken;010;Herzogtum Lauenburg - Stormarn-Süd
010535313125;Talkau;010;Herzogtum Lauenburg - Stormarn-Süd
010535313134;Woltersdorf;010;Herzogtum Lauenburg - Stormarn-Süd
010535318010;Besenthal;010;Herzogtum Lauenburg - Stormarn-Süd
010535318015;Bröthen;010;Herzogtum Lauenburg - Stormarn-Süd
010535318020;Büchen;010;Herzogtum Lauenburg - Stormarn-Süd
010535318029;Fitzen;010;Herzogtum Lauenburg - Stormarn-Süd
010535318035;Göttin;010;Herzogtum Lauenburg - Stormarn-Süd
010535318046;Gudow;010;Herzogtum Lauenburg - Stormarn-Süd
010535318048;Güster;010;Herzogtum Lauenburg - Stormarn-Süd
010535318064;Klein Pampau;010;Herzogtum Lauenburg - Stormarn-Süd
010535318080;Langenlehsten;010;Herzogtum Lauenburg - Stormarn-Süd
010535318092;Müssen;010;Herzogtum Lauenburg - Stormarn-Süd
010535318104;Roseburg;010;Herzogtum Lauenburg - Stormarn-Süd
010535318115;Schulendorf;010;Herzogtum Lauenburg - Stormarn-Süd
010535318119;Siebeneichen;010;Herzogtum Lauenburg - Stormarn-Süd
010535318126;Tramm;010;Herzogtum Lauenburg - Stormarn-Süd
010535318132;Witzeeze;010;Herzogtum Lauenburg - Stormarn-Süd
010535323003;Aumühle;010;Herzogtum Lauenburg - Stormarn-Süd
010535323012;Börnsen;010;Herzogtum Lauenburg - Stormarn-Süd
010535323023;Dassendorf;010;Herzogtum Lauenburg - Stormarn-Süd
010535323028;Escheburg;010;Herzogtum Lauenburg - Stormarn-Süd
010535323050;Hamwarde;010;Herzogtum Lauenburg - Stormarn-Süd
010535323053;Hohenhorn;010;Herzogtum Lauenburg - Stormarn-Süd
010535323072;Kröppelshagen-Fahrendorf;010;Herzogtum Lauenburg - Stormarn-Süd
010535323131;Wiershop;010;Herzogtum Lauenburg - Stormarn-Süd
010535323133;Wohltorf;010;Herzogtum Lauenburg - Stormarn-Süd
010535323135;Worth;010;Herzogtum Lauenburg - Stormarn-Süd
010535343006;Basedow;010;Herzogtum Lauenburg - Stormarn-Süd
010535343019;Buchhorst;010;Herzogtum Lauenburg - Stormarn-Süd
010535343022;Dalldorf;010;Herzogtum Lauenburg - Stormarn-Süd
010535343058;Juliusburg;010;Herzogtum Lauenburg - Stormarn-Süd
010535343073;Krüzen;010;Herzogtum Lauenburg - Stormarn-Süd
010535343074;Krukow;010;Herzogtum Lauenburg - Stormarn-Süd
010535343082;Lanze;010;Herzogtum Lauenburg - Stormarn-Süd
010535343087;Lütau;010;Herzogtum Lauenburg - Stormarn-Süd
010535343111;Schnakenbek;010;Herzogtum Lauenburg - Stormarn-Süd
010535343128;Wangelau;010;Herzogtum Lauenburg - Stormarn-Süd
010535358001;Albsfelde;010;Herzogtum Lauenburg - Stormarn-Süd
010535358004;Bäk;010;Herzogtum Lauenburg - Stormarn-Süd
010535358016;Brunsmark;010;Herzogtum Lauenburg - Stormarn-Süd
010535358018;Buchholz;010;Herzogtum Lauenburg - Stormarn-Süd
010535358026;Einhaus;010;Herzogtum Lauenburg - Stormarn-Süd
010535358030;Fredeburg;010;Herzogtum Lauenburg - Stormarn-Süd
010535358033;Giesensdorf;010;Herzogtum Lauenburg - Stormarn-Süd
010535358040;Groß Disnack;010;Herzogtum Lauenburg - Stormarn-Süd
010535358041;Groß Grönau;010;Herzogtum Lauenburg - Stormarn-Süd
010535358043;Groß Sarau;010;Herzogtum Lauenburg - Stormarn-Süd
010535358051;Harmsdorf;010;Herzogtum Lauenburg - Stormarn-Süd
010535358054;Hollenbek;010;Herzogtum Lauenburg - Stormarn-Süd
010535358057;Horst;010;Herzogtum Lauenburg - Stormarn-Süd
010535358062;Kittlitz;010;Herzogtum Lauenburg - Stormarn-Süd
010535358066;Klein Zecher;010;Herzogtum Lauenburg - Stormarn-Süd
010535358078;Kulpin;010;Herzogtum Lauenburg - Stormarn-Süd
010535358088;Mechow;010;Herzogtum Lauenburg - Stormarn-Süd
010535358093;Mustin;010;Herzogtum Lauenburg - Stormarn-Süd
010535358098;Pogeez;010;Herzogtum Lauenburg - Stormarn-Süd
010535358102;Römnitz;010;Herzogtum Lauenburg - Stormarn-Süd
010535358107;Salem;010;Herzogtum Lauenburg - Stormarn-Süd
010535358110;Schmilau;010;Herzogtum Lauenburg - Stormarn-Süd
010535358117;Seedorf;010;Herzogtum Lauenburg - Stormarn-Süd
010535358123;Sterley;010;Herzogtum Lauenburg - Stormarn-Süd
010535358136;Ziethen;010;Herzogtum Lauenburg - Stormarn-Süd
010535373007;Basthorst;010;Herzogtum Lauenburg - Stormarn-Süd
010535373017;Brunstorf;010;Herzogtum Lauenburg - Stormarn-Süd
010535373021;Dahmker;010;Herzogtum Lauenburg - Stormarn-Süd
010535373027;Elmenhorst;010;Herzogtum Lauenburg - Stormarn-Süd
010535373031;Fuhlenhagen;010;Herzogtum Lauenburg - Stormarn-Süd
010535373036;Grabau;010;Herzogtum Lauenburg - Stormarn-Süd
010535373042;Groß Pampau;010;Herzogtum Lauenburg - Stormarn-Süd
010535373045;Grove;010;Herzogtum Lauenburg - Stormarn-Süd
010535373047;Gülzow;010;Herzogtum Lauenburg - Stormarn-Süd
010535373049;Hamfelde;010;Herzogtum Lauenburg - Stormarn-Süd
010535373052;Havekost;010;Herzogtum Lauenburg - Stormarn-Süd
010535373059;Kankelau;010;Herzogtum Lauenburg - Stormarn-Süd
010535373060;Kasseburg;010;Herzogtum Lauenburg - Stormarn-Süd
010535373070;Köthel;010;Herzogtum Lauenburg - Stormarn-Süd
010535373071;Kollow;010;Herzogtum Lauenburg - Stormarn-Süd
010535373076;Kuddewörde;010;Herzogtum Lauenburg - Stormarn-Süd
010535373089;Möhnsen;010;Herzogtum Lauenburg - Stormarn-Süd
010535373091;Mühlenrade;010;Herzogtum Lauenburg - Stormarn-Süd
010535373106;Sahms;010;Herzogtum Lauenburg - Stormarn-Süd
010535391025;Duvensee;010;Herzogtum Lauenburg - Stormarn-Süd
010535391038;Grinau;011;Lübeck
010535391039;Groß Boden;011;Lübeck
010535391044;Groß Schenkenberg;011;Lübeck
010535391068;Klinkrade;011;Lübeck
010535391069;Koberg;010;Herzogtum Lauenburg - Stormarn-Süd
010535391077;Kühsen;010;Herzogtum Lauenburg - Stormarn-Süd
010535391079;Labenz;011;Lübeck
010535391081;Lankau;010;Herzogtum Lauenburg - Stormarn-Süd
010535391085;Linau;011;Lübeck
010535391086;Lüchow;011;Lübeck
010535391096;Nusse;010;Herzogtum Lauenburg - Stormarn-Süd
010535391097;Panten;010;Herzogtum Lauenburg - Stormarn-Süd
010535391099;Poggensee;010;Herzogtum Lauenburg - Stormarn-Süd
010535391101;Ritzerau;010;Herzogtum Lauenburg - Stormarn-Süd
010535391108;Sandesneben;011;Lübeck
010535391109;Schiphorst;011;Lübeck
010535391112;Schönberg;011;Lübeck
010535391114;Schürensöhlen;011;Lübeck
010535391118;Siebenbäumen;011;Lübeck
010535391121;Sirksfelde;011;Lübeck
010535391122;Steinhorst;011;Lübeck
010535391124;Stubben;011;Lübeck
010535391127;Walksfelde;010;Herzogtum Lauenburg - Stormarn-Süd
010535391130;Wentorf (Amt Sandesneben);011;Lübeck
010539105105;Sachsenwald (Forstgutsbez.),gemfr.Geb.;010;Herzogtum Lauenburg - Stormarn-Süd
010540033033;Friedrichstadt, Stadt;002;Nordfriesland - Dithmarschen Nord
010540056056;Husum, Stadt;002;Nordfriesland - Dithmarschen Nord
010540108108;Reußenköge;002;Nordfriesland - Dithmarschen Nord
010540138138;Tönning, Stadt;002;Nordfriesland - Dithmarschen Nord
010540168168;Sylt;002;Nordfriesland - Dithmarschen Nord
010545417035;Garding, Kirchspiel;002;Nordfriesland - Dithmarschen Nord
010545417036;Garding, Stadt;002;Nordfriesland - Dithmarschen Nord
010545417040;Grothusenkoog;002;Nordfriesland - Dithmarschen Nord
010545417063;Katharinenheerd;002;Nordfriesland - Dithmarschen Nord
010545417072;Kotzenbüll;002;Nordfriesland - Dithmarschen Nord
010545417090;Norderfriedrichskoog;002;Nordfriesland - Dithmarschen Nord
010545417095;Oldenswort;002;Nordfriesland - Dithmarschen Nord
010545417100;Osterhever;002;Nordfriesland - Dithmarschen Nord
010545417104;Poppenbüll;002;Nordfriesland - Dithmarschen Nord
010545417113;Sankt Peter-Ording;002;Nordfriesland - Dithmarschen Nord
010545417134;Tating;002;Nordfriesland - Dithmarschen Nord
010545417135;Tetenbüll;002;Nordfriesland - Dithmarschen Nord
010545417140;Tümlauer Koog;002;Nordfriesland - Dithmarschen Nord
010545417145;Vollerwiek;002;Nordfriesland - Dithmarschen Nord
010545417148;Welt;002;Nordfriesland - Dithmarschen Nord
010545417150;Westerhever;002;Nordfriesland - Dithmarschen Nord
010545439046;Hörnum (Sylt);002;Nordfriesland - Dithmarschen Nord
010545439061;Kampen (Sylt);002;Nordfriesland - Dithmarschen Nord
010545439078;List auf Sylt;002;Nordfriesland - Dithmarschen Nord
010545439149;Wenningstedt-Braderup (Sylt);002;Nordfriesland - Dithmarschen Nord
010545453003;Ahrenviöl;002;Nordfriesland - Dithmarschen Nord
010545453004;Ahrenviölfeld;002;Nordfriesland - Dithmarschen Nord
010545453011;Behrendorf;002;Nordfriesland - Dithmarschen Nord
010545453013;Bondelum;002;Nordfriesland - Dithmarschen Nord
010545453041;Haselund;002;Nordfriesland - Dithmarschen Nord
010545453057;Immenstedt;002;Nordfriesland - Dithmarschen Nord
010545453079;Löwenstedt;002;Nordfriesland - Dithmarschen Nord
010545453092;Norstedt;002;Nordfriesland - Dithmarschen Nord
010545453101;Oster-Ohrstedt;002;Nordfriesland - Dithmarschen Nord
010545453118;Schwesing;002;Nordfriesland - Dithmarschen Nord
010545453123;Sollwitt;002;Nordfriesland - Dithmarschen Nord
010545453144;Viöl;002;Nordfriesland - Dithmarschen Nord
010545453152;Wester-Ohrstedt;002;Nordfriesland - Dithmarschen Nord
010545459039;Gröde;002;Nordfriesland - Dithmarschen Nord
010545459050;Hallig Hooge;002;Nordfriesland - Dithmarschen Nord
010545459074;Langeneß;002;Nordfriesland - Dithmarschen Nord
010545459103;Pellworm;002;Nordfriesland - Dithmarschen Nord
010545488005;Alkersum;002;Nordfriesland - Dithmarschen Nord
010545488015;Borgsum;002;Nordfriesland - Dithmarschen Nord
010545488025;Dunsum;002;Nordfriesland - Dithmarschen Nord
010545488083;Midlum;002;Nordfriesland - Dithmarschen Nord
010545488085;Nebel;002;Nordfriesland - Dithmarschen Nord
010545488087;Nieblum;002;Nordfriesland - Dithmarschen Nord
010545488089;Norddorf auf Amrum;002;Nordfriesland - Dithmarschen Nord
010545488094;Oevenum;002;Nordfriesland - Dithmarschen Nord
010545488098;Oldsum;002;Nordfriesland - Dithmarschen Nord
010545488129;Süderende;002;Nordfriesland - Dithmarschen Nord
010545488143;Utersum;002;Nordfriesland - Dithmarschen Nord
010545488158;Witsum;002;Nordfriesland - Dithmarschen Nord
010545488160;Wittdün auf Amrum;002;Nordfriesland - Dithmarschen Nord
010545488163;Wrixum;002;Nordfriesland - Dithmarschen Nord
010545488164;Wyk auf Föhr, Stadt;002;Nordfriesland - Dithmarschen Nord
010545489001;Achtrup;002;Nordfriesland - Dithmarschen Nord
010545489009;Aventoft;002;Nordfriesland - Dithmarschen Nord
010545489016;Bosbüll;002;Nordfriesland - Dithmarschen Nord
010545489017;Braderup;002;Nordfriesland - Dithmarschen Nord
010545489018;Bramstedtlund;002;Nordfriesland - Dithmarschen Nord
010545489022;Dagebüll;002;Nordfriesland - Dithmarschen Nord
010545489027;Ellhöft;002;Nordfriesland - Dithmarschen Nord
010545489034;Friedrich-Wilhelm-Lübke-Koog;002;Nordfriesland - Dithmarschen Nord
010545489048;Holm;002;Nordfriesland - Dithmarschen Nord
010545489055;Humptrup;002;Nordfriesland - Dithmarschen Nord
010545489062;Karlum;002;Nordfriesland - Dithmarschen Nord
010545489065;Klanxbüll;002;Nordfriesland - Dithmarschen Nord
010545489068;Klixbüll;002;Nordfriesland - Dithmarschen Nord
010545489073;Ladelund;002;Nordfriesland - Dithmarschen Nord
010545489076;Leck;002;Nordfriesland - Dithmarschen Nord
010545489077;Lexgaard;002;Nordfriesland - Dithmarschen Nord
010545489086;Neukirchen;002;Nordfriesland - Dithmarschen Nord
010545489088;Niebüll, Stadt;002;Nordfriesland - Dithmarschen Nord
010545489109;Risum-Lindholm;002;Nordfriesland - Dithmarschen Nord
010545489110;Rodenäs;002;Nordfriesland - Dithmarschen Nord
010545489124;Sprakebüll;002;Nordfriesland - Dithmarschen Nord
010545489125;Stadum;002;Nordfriesland - Dithmarschen Nord
010545489126;Stedesand;002;Nordfriesland - Dithmarschen Nord
010545489131;Süderlügum;002;Nordfriesland - Dithmarschen Nord
010545489136;Tinningstedt;002;Nordfriesland - Dithmarschen Nord
010545489142;Uphusum;002;Nordfriesland - Dithmarschen Nord
010545489154;Westre;002;Nordfriesland - Dithmarschen Nord
010545489165;Galmsbüll;002;Nordfriesland - Dithmarschen Nord
010545489166;Emmelsbüll-Horsbüll;002;Nordfriesland - Dithmarschen Nord
010545489167;Enge-Sande;002;Nordfriesland - Dithmarschen Nord
010545492007;Arlewatt;002;Nordfriesland - Dithmarschen Nord
010545492023;Drage;002;Nordfriesland - Dithmarschen Nord
010545492026;Elisabeth-Sophien-Koog;002;Nordfriesland - Dithmarschen Nord
010545492032;Fresendelf;002;Nordfriesland - Dithmarschen Nord
010545492042;Hattstedt;002;Nordfriesland - Dithmarschen Nord
010545492043;Hattstedtermarsch;002;Nordfriesland - Dithmarschen Nord
010545492052;Horstedt;002;Nordfriesland - Dithmarschen Nord
010545492054;Hude;002;Nordfriesland - Dithmarschen Nord
010545492070;Koldenbüttel;002;Nordfriesland - Dithmarschen Nord
010545492084;Mildstedt;002;Nordfriesland - Dithmarschen Nord
010545492091;Nordstrand;002;Nordfriesland - Dithmarschen Nord
010545492096;Oldersbek;002;Nordfriesland - Dithmarschen Nord
010545492097;Olderup;002;Nordfriesland - Dithmarschen Nord
010545492099;Ostenfeld (Husum);002;Nordfriesland - Dithmarschen Nord
010545492105;Ramstedt;002;Nordfriesland - Dithmarschen Nord
010545492106;Rantrum;002;Nordfriesland - Dithmarschen Nord
010545492116;Schwabstedt;002;Nordfriesland - Dithmarschen Nord
010545492119;Seeth;002;Nordfriesland - Dithmarschen Nord
010545492120;Simonsberg;002;Nordfriesland - Dithmarschen Nord
010545492130;Süderhöft;002;Nordfriesland - Dithmarschen Nord
010545492132;Südermarsch;002;Nordfriesland - Dithmarschen Nord
010545492141;Uelvesbüll;002;Nordfriesland - Dithmarschen Nord
010545492156;Winnert;002;Nordfriesland - Dithmarschen Nord
010545492157;Wisch;002;Nordfriesland - Dithmarschen Nord
010545492159;Wittbek;002;Nordfriesland - Dithmarschen Nord
010545492161;Witzwort;002;Nordfriesland - Dithmarschen Nord
010545492162;Wobbenbüll;002;Nordfriesland - Dithmarschen Nord
010545494002;Ahrenshöft;002;Nordfriesland - Dithmarschen Nord
010545494006;Almdorf;002;Nordfriesland - Dithmarschen Nord
010545494010;Bargum;002;Nordfriesland - Dithmarschen Nord
010545494012;Bohmstedt;002;Nordfriesland - Dithmarschen Nord
010545494014;Bordelum;002;Nordfriesland - Dithmarschen Nord
010545494019;Bredstedt, Stadt;002;Nordfriesland - Dithmarschen Nord
010545494020;Breklum;002;Nordfriesland - Dithmarschen Nord
010545494024;Drelsdorf;002;Nordfriesland - Dithmarschen Nord
010545494037;Goldebek;002;Nordfriesland - Dithmarschen Nord
010545494038;Goldelund;002;Nordfriesland - Dithmarschen Nord
010545494045;Högel;002;Nordfriesland - Dithmarschen Nord
010545494059;Joldelund;002;Nordfriesland - Dithmarschen Nord
010545494071;Kolkerheide;002;Nordfriesland - Dithmarschen Nord
010545494075;Langenhorn;002;Nordfriesland - Dithmarschen Nord
010545494080;Lütjenholm;002;Nordfriesland - Dithmarschen Nord
010545494093;Ockholm;002;Nordfriesland - Dithmarschen Nord
010545494121;Sönnebüll;002;Nordfriesland - Dithmarschen Nord
010545494128;Struckum;002;Nordfriesland - Dithmarschen Nord
010545494146;Vollstedt;002;Nordfriesland - Dithmarschen Nord
010550001001;Ahrensbök;009;Ostholstein - Stormarn-Nord
010550004004;Bad Schwartau, Stadt;009;Ostholstein - Stormarn-Nord
010550007007;Bosau;009;Ostholstein - Stormarn-Nord
010550010010;Dahme;009;Ostholstein - Stormarn-Nord
010550012012;Eutin, Stadt;009;Ostholstein - Stormarn-Nord
010550016016;Grömitz;009;Ostholstein - Stormarn-Nord
010550018018;Grube;009;Ostholstein - Stormarn-Nord
010550021021;Heiligenhafen, Stadt;009;Ostholstein - Stormarn-Nord
010550025025;Kellenhusen (Ostsee);009;Ostholstein - Stormarn-Nord
010550028028;Malente;009;Ostholstein - Stormarn-Nord
010550032032;Neustadt in Holstein, Stadt;009;Ostholstein - Stormarn-Nord
010550033033;Oldenburg in Holstein, Stadt;009;Ostholstein - Stormarn-Nord
010550035035;Ratekau;009;Ostholstein - Stormarn-Nord
010550040040;Stockelsdorf;009;Ostholstein - Stormarn-Nord
010550041041;Süsel;009;Ostholstein - Stormarn-Nord
010550042042;Timmendorfer Strand;009;Ostholstein - Stormarn-Nord
010550044044;Scharbeutz;009;Ostholstein - Stormarn-Nord
010550046046;Fehmarn, Stadt;009;Ostholstein - Stormarn-Nord
010555543014;Göhl;009;Ostholstein - Stormarn-Nord
010555543015;Gremersdorf;009;Ostholstein - Stormarn-Nord
010555543017;Großenbrode;009;Ostholstein - Stormarn-Nord
010555543022;Heringsdorf;009;Ostholstein - Stormarn-Nord
010555543031;Neukirchen;009;Ostholstein - Stormarn-Nord
010555543043;Wangels;009;Ostholstein - Stormarn-Nord
010555546006;Beschendorf;009;Ostholstein - Stormarn-Nord
010555546011;Damlos;009;Ostholstein - Stormarn-Nord
010555546020;Harmsdorf;009;Ostholstein - Stormarn-Nord
010555546023;Kabelhorst;009;Ostholstein - Stormarn-Nord
010555546027;Lensahn;009;Ostholstein - Stormarn-Nord
010555546029;Manhagen;009;Ostholstein - Stormarn-Nord
010555546036;Riepsdorf;009;Ostholstein - Stormarn-Nord
010555591002;Altenkrempe;009;Ostholstein - Stormarn-Nord
010555591024;Kasseedorf;009;Ostholstein - Stormarn-Nord
010555591037;Schashagen;009;Ostholstein - Stormarn-Nord
010555591038;Schönwalde am Bungsberg;009;Ostholstein - Stormarn-Nord
010555591039;Sierksdorf;009;Ostholstein - Stormarn-Nord
010560002002;Barmstedt, Stadt;007;Pinneberg
010560005005;Bönningstedt;007;Pinneberg
010560015015;Elmshorn, Stadt;007;Pinneberg
010560018018;Halstenbek;007;Pinneberg
010560021021;Hasloh;007;Pinneberg
010560025025;Helgoland;007;Pinneberg
010560039039;Pinneberg, Stadt;007;Pinneberg
010560041041;Quickborn, Stadt;007;Pinneberg
010560043043;Rellingen;007;Pinneberg
010560044044;Schenefeld, Stadt;007;Pinneberg
010560048048;Tornesch, Stadt;007;Pinneberg
010560049049;Uetersen, Stadt;007;Pinneberg
010560050050;Wedel, Stadt;007;Pinneberg
010565616029;Klein Nordende;007;Pinneberg
010565616030;Klein Offenseth-Sparrieshoop;007;Pinneberg
010565616031;Kölln-Reisiek;007;Pinneberg
010565616033;Seester;007;Pinneberg
010565616042;Raa-Besenbek;007;Pinneberg
010565616045;Seestermühe;007;Pinneberg
010565616046;Seeth-Ekholt;007;Pinneberg
010565636006;Bokel;007;Pinneberg
010565636010;Brande-Hörnerkirchen;007;Pinneberg
010565636038;Osterhorn;007;Pinneberg
010565636051;Westerhorn;007;Pinneberg
010565660003;Bevern;007;Pinneberg
010565660004;Bilsen;007;Pinneberg
010565660008;Bokholt-Hanredder;007;Pinneberg
010565660011;Bullenkuhlen;007;Pinneberg
010565660014;Ellerhoop;007;Pinneberg
010565660017;Groß Offenseth-Aspern;007;Pinneberg
010565660022;Heede;007;Pinneberg
010565660026;Hemdingen;007;Pinneberg
010565660034;Langeln;007;Pinneberg
010565660035;Lutzhorn;007;Pinneberg
010565687009;Borstel-Hohenraden;007;Pinneberg
010565687013;Ellerbek;007;Pinneberg
010565687032;Kummerfeld;007;Pinneberg
010565687040;Prisdorf;007;Pinneberg
010565687047;Tangstedt;007;Pinneberg
010565690001;Appen;007;Pinneberg
010565690016;Groß Nordende;007;Pinneberg
010565690019;Haselau;007;Pinneberg
010565690020;Haseldorf;007;Pinneberg
010565690023;Heidgraben;007;Pinneberg
010565690024;Heist;007;Pinneberg
010565690027;Hetlingen;007;Pinneberg
010565690028;Holm;007;Pinneberg
010565690036;Moorrege;007;Pinneberg
010565690037;Neuendeich;007;Pinneberg
010570001001;Ascheberg (Holstein);006;Plön - Neumünster
010570008008;Bönebüttel;006;Plön - Neumünster
010570009009;Bösdorf;006;Plön - Neumünster
010570057057;Plön, Stadt;006;Plön - Neumünster
010570062062;Preetz, Stadt;006;Plön - Neumünster
010570091091;Schwentinental, Stadt;006;Plön - Neumünster
010575727004;Behrensdorf (Ostsee);006;Plön - Neumünster
010575727007;Blekendorf;006;Plön - Neumünster
010575727013;Dannau;006;Plön - Neumünster
010575727021;Giekau;006;Plön - Neumünster
010575727026;Helmstorf;006;Plön - Neumünster
010575727027;Högsdorf;006;Plön - Neumünster
010575727029;Hohenfelde;006;Plön - Neumünster
010575727030;Hohwacht (Ostsee);006;Plön - Neumünster
010575727034;Kirchnüchel;006;Plön - Neumünster
010575727035;Klamp;006;Plön - Neumünster
010575727038;Kletkamp;006;Plön - Neumünster
010575727048;Lütjenburg, Stadt;006;Plön - Neumünster
010575727055;Panker;006;Plön - Neumünster
010575727076;Schwartbuck;006;Plön - Neumünster
010575727082;Tröndel;006;Plön - Neumünster
010575739015;Dersau;006;Plön - Neumünster
010575739017;Dörnick;006;Plön - Neumünster
010575739022;Grebin;006;Plön - Neumünster
010575739032;Kalübbe;006;Plön - Neumünster
010575739045;Lebrade;006;Plön - Neumünster
010575739053;Nehmten;006;Plön - Neumünster
010575739065;Rantzau;006;Plön - Neumünster
010575739067;Rathjensdorf;006;Plön - Neumünster
010575739089;Wittmoldt;006;Plön - Neumünster
010575747002;Barmissen;006;Plön - Neumünster
010575747010;Boksee;006;Plön - Neumünster
010575747011;Bothkamp;006;Plön - Neumünster
010575747023;Großbarkau;006;Plön - Neumünster
010575747031;Honigsee;006;Plön - Neumünster
010575747033;Kirchbarkau;006;Plön - Neumünster
010575747037;Klein Barkau;006;Plön - Neumünster
010575747042;Kühren;006;Plön - Neumünster
010575747046;Lehmkuhlen;006;Plön - Neumünster
010575747047;Löptin;006;Plön - Neumünster
010575747054;Nettelsee;006;Plön - Neumünster
010575747058;Pohnsdorf;006;Plön - Neumünster
010575747059;Postfeld;006;Plön - Neumünster
010575747066;Rastorf;006;Plön - Neumünster
010575747070;Schellhorn;006;Plön - Neumünster
010575747084;Wahlstorf;006;Plön - Neumünster
010575747086;Warnau;006;Plön - Neumünster
010575755003;Barsbek;006;Plön - Neumünster
010575755006;Bendfeld;006;Plön - Neumünster
010575755012;Brodersdorf;006;Plön - Neumünster
010575755018;Fahren;006;Plön - Neumünster
010575755020;Fiefbergen;006;Plön - Neumünster
010575755028;Höhndorf;006;Plön - Neumünster
010575755039;Köhn;006;Plön - Neumünster
010575755040;Krokau;006;Plön - Neumünster
010575755041;Krummbek;006;Plön - Neumünster
010575755043;Laboe;006;Plön - Neumünster
010575755049;Lutterbek;006;Plön - Neumünster
010575755056;Passade;006;Plön - Neumünster
010575755060;Prasdorf;006;Plön - Neumünster
010575755063;Probsteierhagen;006;Plön - Neumünster
010575755073;Schönberg (Holstein);006;Plön - Neumünster
010575755078;Stakendorf;006;Plön - Neumünster
010575755079;Stein;006;Plön - Neumünster
010575755081;Stoltenberg;006;Plön - Neumünster
010575755087;Wendtorf;006;Plön - Neumünster
010575755088;Wisch;006;Plön - Neumünster
010575775016;Dobersdorf;006;Plön - Neumünster
010575775044;Lammershagen;006;Plön - Neumünster
010575775050;Martensrade;006;Plön - Neumünster
010575775052;Mucheln;006;Plön - Neumünster
010575775072;Schlesen;006;Plön - Neumünster
010575775077;Selent;006;Plön - Neumünster
010575775090;Fargau-Pratjau;006;Plön - Neumünster
010575782025;Heikendorf;006;Plön - Neumünster
010575782051;Mönkeberg;006;Plön - Neumünster
010575782074;Schönkirchen;006;Plön - Neumünster
010575785005;Belau;006;Plön - Neumünster
010575785024;Großharrie;006;Plön - Neumünster
010575785068;Rendswühren;006;Plön - Neumünster
010575785069;Ruhwinkel;006;Plön - Neumünster
010575785071;Schillsdorf;006;Plön - Neumünster
010575785080;Stolpe;006;Plön - Neumünster
010575785083;Tasdorf;006;Plön - Neumünster
010575785085;Wankendorf;006;Plön - Neumünster
010580005005;Altenholz;005;Kiel
010580034034;Büdelsdorf, Stadt;004;Rendsburg-Eckernförde
010580043043;Eckernförde, Stadt;004;Rendsburg-Eckernförde
010580092092;Kronshagen;005;Kiel
010580135135;Rendsburg, Stadt;004;Rendsburg-Eckernförde
010580169169;Wasbek;004;Rendsburg-Eckernförde
010585803001;Achterwehr;004;Rendsburg-Eckernförde
010585803028;Bredenbek;004;Rendsburg-Eckernförde
010585803050;Felde;004;Rendsburg-Eckernförde
010585803093;Krummwisch;004;Rendsburg-Eckernförde
010585803104;Melsdorf;004;Rendsburg-Eckernförde
010585803126;Ottendorf;004;Rendsburg-Eckernförde
010585803130;Quarnbek;004;Rendsburg-Eckernförde
010585803171;Westensee;004;Rendsburg-Eckernförde
010585822037;Dänischenhagen;004;Rendsburg-Eckernförde
010585822116;Noer;004;Rendsburg-Eckernförde
010585822150;Schwedeneck;004;Rendsburg-Eckernförde
010585822157;Strande;004;Rendsburg-Eckernförde
010585824051;Felm;004;Rendsburg-Eckernförde
010585824058;Gettorf;004;Rendsburg-Eckernförde
010585824096;Lindau;004;Rendsburg-Eckernförde
010585824110;Neudorf-Bornstein;004;Rendsburg-Eckernförde
010585824112;Neuwittenbek;004;Rendsburg-Eckernförde
010585824121;Osdorf;004;Rendsburg-Eckernförde
010585824142;Schinkel;004;Rendsburg-Eckernförde
010585824165;Tüttendorf;004;Rendsburg-Eckernförde
010585830019;Böhnhusen;004;Rendsburg-Eckernförde
010585830053;Flintbek;004;Rendsburg-Eckernförde
010585830145;Schönhorst;004;Rendsburg-Eckernförde
010585830160;Techelsdorf;004;Rendsburg-Eckernförde
010585833003;Alt Duvenstedt;004;Rendsburg-Eckernförde
010585833054;Fockbek;004;Rendsburg-Eckernförde
010585833118;Nübbel;004;Rendsburg-Eckernförde
010585833136;Rickert;004;Rendsburg-Eckernförde
010585847010;Bargstall;004;Rendsburg-Eckernförde
010585847029;Breiholz;004;Rendsburg-Eckernförde
010585847036;Christiansholm;004;Rendsburg-Eckernförde
010585847047;Elsdorf-Westermühlen;004;Rendsburg-Eckernförde
010585847055;Friedrichsgraben;004;Rendsburg-Eckernförde
010585847056;Friedrichsholm;004;Rendsburg-Eckernförde
010585847070;Hamdorf;004;Rendsburg-Eckernförde
010585847078;Hohn;004;Rendsburg-Eckernförde
010585847089;Königshügel;004;Rendsburg-Eckernförde
010585847097;Lohe-Föhrden;004;Rendsburg-Eckernförde
010585847129;Prinzenmoor;004;Rendsburg-Eckernförde
010585847154;Sophienhamm;004;Rendsburg-Eckernförde
010585853031;Brinjahe;004;Rendsburg-Eckernförde
010585853048;Embühren;004;Rendsburg-Eckernförde
010585853068;Haale;004;Rendsburg-Eckernförde
010585853071;Hamweddel;004;Rendsburg-Eckernförde
010585853075;Hörsten;004;Rendsburg-Eckernförde
010585853086;Jevenstedt;004;Rendsburg-Eckernförde
010585853101;Luhnstedt;004;Rendsburg-Eckernförde
010585853148;Schülp b. Rendsburg;004;Rendsburg-Eckernförde
010585853155;Stafstedt;004;Rendsburg-Eckernförde
010585853172;Westerrönfeld;004;Rendsburg-Eckernförde
010585859018;Blumenthal;004;Rendsburg-Eckernförde
010585859105;Mielkendorf;004;Rendsburg-Eckernförde
010585859107;Molfsee;004;Rendsburg-Eckernförde
010585859138;Rodenbek;004;Rendsburg-Eckernförde
010585859139;Rumohr;004;Rendsburg-Eckernförde
010585859141;Schierensee;004;Rendsburg-Eckernförde
010585864011;Bargstedt;004;Rendsburg-Eckernförde
010585864021;Bokel;004;Rendsburg-Eckernförde
010585864023;Borgdorf-Seedorf;004;Rendsburg-Eckernförde
010585864027;Brammer;004;Rendsburg-Eckernförde
010585864038;Dätgen;004;Rendsburg-Eckernförde
010585864045;Eisendorf;004;Rendsburg-Eckernförde
010585864046;Ellerdorf;004;Rendsburg-Eckernförde
010585864049;Emkendorf;004;Rendsburg-Eckernförde
010585864059;Gnutz;004;Rendsburg-Eckernförde
010585864065;Groß Vollstedt;004;Rendsburg-Eckernförde
010585864091;Krogaspe;004;Rendsburg-Eckernförde
010585864094;Langwedel;004;Rendsburg-Eckernförde
010585864117;Nortorf, Stadt;004;Rendsburg-Eckernförde
010585864120;Oldenhütten;004;Rendsburg-Eckernförde
010585864147;Schülp b. Nortorf;004;Rendsburg-Eckernförde
010585864163;Timmaspe;004;Rendsburg-Eckernförde
010585864168;Warder;004;Rendsburg-Eckernförde
010585888026;Bovenau;004;Rendsburg-Eckernförde
010585888073;Haßmoor;004;Rendsburg-Eckernförde
010585888122;Ostenfeld (Rendsburg);004;Rendsburg-Eckernförde
010585888124;Osterrönfeld;004;Rendsburg-Eckernförde
010585888132;Rade b. Rendsburg;004;Rendsburg-Eckernförde
010585888140;Schacht-Audorf;004;Rendsburg-Eckernförde
010585888146;Schülldorf;004;Rendsburg-Eckernförde
010585889016;Bissee;004;Rendsburg-Eckernförde
010585889022;Bordesholm;004;Rendsburg-Eckernförde
010585889033;Brügge;004;Rendsburg-Eckernförde
010585889063;Grevenkrug;004;Rendsburg-Eckernförde
010585889064;Groß Buchwald;004;Rendsburg-Eckernförde
010585889076;Hoffeld;004;Rendsburg-Eckernförde
010585889098;Loop;004;Rendsburg-Eckernförde
010585889108;Mühbrook;004;Rendsburg-Eckernförde
010585889109;Negenharrie;004;Rendsburg-Eckernförde
010585889133;Reesdorf;004;Rendsburg-Eckernförde
010585889143;Schmalstede;004;Rendsburg-Eckernförde
010585889144;Schönbek;004;Rendsburg-Eckernförde
010585889153;Sören;004;Rendsburg-Eckernförde
010585889170;Wattenbek;004;Rendsburg-Eckernförde
010585890008;Ascheffel;004;Rendsburg-Eckernförde
010585890024;Borgstedt;004;Rendsburg-Eckernförde
010585890030;Brekendorf;004;Rendsburg-Eckernförde
010585890035;Bünsdorf;004;Rendsburg-Eckernförde
010585890039;Damendorf;004;Rendsburg-Eckernförde
010585890066;Groß Wittensee;004;Rendsburg-Eckernförde
010585890069;Haby;004;Rendsburg-Eckernförde
010585890080;Holtsee;004;Rendsburg-Eckernförde
010585890081;Holzbunge;004;Rendsburg-Eckernförde
010585890083;Hütten;004;Rendsburg-Eckernförde
010585890088;Klein Wittensee;004;Rendsburg-Eckernförde
010585890111;Neu Duvenstedt;004;Rendsburg-Eckernförde
010585890123;Osterby;004;Rendsburg-Eckernförde
010585890127;Owschlag;004;Rendsburg-Eckernförde
010585890152;Sehestedt;004;Rendsburg-Eckernförde
010585890175;Ahlefeld-Bistensee;004;Rendsburg-Eckernförde
010585893004;Altenhof;004;Rendsburg-Eckernförde
010585893012;Barkelsby;004;Rendsburg-Eckernförde
010585893032;Brodersby;004;Rendsburg-Eckernförde
010585893040;Damp;004;Rendsburg-Eckernförde
010585893042;Dörphof;004;Rendsburg-Eckernförde
010585893052;Fleckeby;004;Rendsburg-Eckernförde
010585893057;Gammelby;004;Rendsburg-Eckernförde
010585893067;Güby;004;Rendsburg-Eckernförde
010585893082;Holzdorf;004;Rendsburg-Eckernförde
010585893084;Hummelfeld;004;Rendsburg-Eckernförde
010585893087;Karby;004;Rendsburg-Eckernförde
010585893090;Kosel;004;Rendsburg-Eckernförde
010585893099;Loose;004;Rendsburg-Eckernförde
010585893102;Goosefeld;004;Rendsburg-Eckernförde
010585893137;Rieseby;004;Rendsburg-Eckernförde
010585893162;Thumby;004;Rendsburg-Eckernförde
010585893166;Waabs;004;Rendsburg-Eckernförde
010585893173;Windeby;004;Rendsburg-Eckernförde
010585893174;Winnemark;004;Rendsburg-Eckernförde
010585895007;Arpsdorf;004;Rendsburg-Eckernförde
010585895009;Aukrug;004;Rendsburg-Eckernförde
010585895013;Beldorf;004;Rendsburg-Eckernförde
010585895014;Bendorf;004;Rendsburg-Eckernförde
010585895015;Beringstedt;004;Rendsburg-Eckernförde
010585895025;Bornholt;004;Rendsburg-Eckernförde
010585895044;Ehndorf;004;Rendsburg-Eckernförde
010585895061;Gokels;004;Rendsburg-Eckernförde
010585895062;Grauel;004;Rendsburg-Eckernförde
010585895072;Hanerau-Hademarschen;004;Rendsburg-Eckernförde
010585895074;Heinkenborstel;004;Rendsburg-Eckernförde
010585895077;Hohenwestedt;004;Rendsburg-Eckernförde
010585895085;Jahrsdorf;004;Rendsburg-Eckernförde
010585895100;Lütjenwestedt;004;Rendsburg-Eckernförde
010585895103;Meezen;004;Rendsburg-Eckernförde
010585895106;Mörel;004;Rendsburg-Eckernförde
010585895113;Nienborstel;004;Rendsburg-Eckernförde
010585895115;Nindorf;004;Rendsburg-Eckernförde
010585895119;Oldenbüttel;004;Rendsburg-Eckernförde
010585895125;Osterstedt;004;Rendsburg-Eckernförde
010585895128;Padenstedt;004;Rendsburg-Eckernförde
010585895131;Rade b. Hohenwestedt;004;Rendsburg-Eckernförde
010585895134;Remmels;004;Rendsburg-Eckernförde
010585895151;Seefeld;004;Rendsburg-Eckernförde
010585895156;Steenfeld;004;Rendsburg-Eckernförde
010585895158;Tackesdorf;004;Rendsburg-Eckernförde
010585895159;Tappendorf;004;Rendsburg-Eckernförde
010585895161;Thaden;004;Rendsburg-Eckernförde
010585895164;Todenbüttel;004;Rendsburg-Eckernförde
010585895167;Wapelfeld;004;Rendsburg-Eckernförde
010590045045;Kappeln, Stadt;001;Flensburg - Schleswig
010590075075;Schleswig, Stadt;001;Flensburg - Schleswig
010590113113;Glücksburg (Ostsee), Stadt;001;Flensburg - Schleswig
010590120120;Harrislee;001;Flensburg - Schleswig
010590183183;Handewitt;001;Flensburg - Schleswig
010595912107;Eggebek;001;Flensburg - Schleswig
010595912128;Janneby;001;Flensburg - Schleswig
010595912131;Jerrishoe;001;Flensburg - Schleswig
010595912132;Jörl;001;Flensburg - Schleswig
010595912138;Langstedt;001;Flensburg - Schleswig
010595912162;Sollerup;001;Flensburg - Schleswig
010595912169;Süderhackstedt;001;Flensburg - Schleswig
010595912174;Wanderup;001;Flensburg - Schleswig
010595915012;Borgwedel;001;Flensburg - Schleswig
010595915018;Busdorf;001;Flensburg - Schleswig
010595915019;Dannewerk;001;Flensburg - Schleswig
010595915026;Fahrdorf;001;Flensburg - Schleswig
010595915032;Geltorf;001;Flensburg - Schleswig
010595915043;Jagel;001;Flensburg - Schleswig
010595915056;Lottorf;001;Flensburg - Schleswig
010595915078;Selk;001;Flensburg - Schleswig
010595919101;Tastrup;001;Flensburg - Schleswig
010595919103;Ausacker;001;Flensburg - Schleswig
010595919116;Großsolt;001;Flensburg - Schleswig
010595919126;Hürup;001;Flensburg - Schleswig
010595919127;Husby;001;Flensburg - Schleswig
010595919141;Maasbüll;001;Flensburg - Schleswig
010595919182;Freienwill;001;Flensburg - Schleswig
010595920002;Arnis, Stadt;001;Flensburg - Schleswig
010595920034;Grödersby;001;Flensburg - Schleswig
010595920067;Oersberg;001;Flensburg - Schleswig
010595920068;Rabenkirchen-Faulück;001;Flensburg - Schleswig
010595937106;Dollerup;001;Flensburg - Schleswig
010595937118;Grundhof;001;Flensburg - Schleswig
010595937137;Langballig;001;Flensburg - Schleswig
010595937145;Munkbrarup;001;Flensburg - Schleswig
010595937157;Ringsberg;001;Flensburg - Schleswig
010595937176;Wees;001;Flensburg - Schleswig
010595937178;Westerholz;001;Flensburg - Schleswig
010595940159;Sieverstedt;001;Flensburg - Schleswig
010595940171;Tarp;001;Flensburg - Schleswig
010595940184;Oeversee;001;Flensburg - Schleswig
010595949076;Schnarup-Thumby;001;Flensburg - Schleswig
010595949161;Sörup;001;Flensburg - Schleswig
010595949185;Mittelangeln;001;Flensburg - Schleswig
010595952105;Böxlund;001;Flensburg - Schleswig
010595952115;Großenwiehe;001;Flensburg - Schleswig
010595952123;Hörup;001;Flensburg - Schleswig
010595952124;Holt;001;Flensburg - Schleswig
010595952129;Jardelund;001;Flensburg - Schleswig
010595952143;Medelby;001;Flensburg - Schleswig
010595952144;Meyn;001;Flensburg - Schleswig
010595952149;Nordhackstedt;001;Flensburg - Schleswig
010595952151;Osterby;001;Flensburg - Schleswig
010595952158;Schafflund;001;Flensburg - Schleswig
010595952173;Wallsbüll;001;Flensburg - Schleswig
010595952177;Weesby;001;Flensburg - Schleswig
010595952179;Lindewitt;001;Flensburg - Schleswig
010595974006;Böel;001;Flensburg - Schleswig
010595974055;Loit;001;Flensburg - Schleswig
010595974060;Mohrkirch;001;Flensburg - Schleswig
010595974063;Norderbrarup;001;Flensburg - Schleswig
010595974065;Nottfeld;001;Flensburg - Schleswig
010595974070;Rügge;001;Flensburg - Schleswig
010595974072;Saustrup;001;Flensburg - Schleswig
010595974074;Scheggerott;001;Flensburg - Schleswig
010595974080;Steinfeld;001;Flensburg - Schleswig
010595974083;Süderbrarup;001;Flensburg - Schleswig
010595974094;Ulsnis;001;Flensburg - Schleswig
010595974095;Wagersrott;001;Flensburg - Schleswig
010595974187;Boren;001;Flensburg - Schleswig
010595987008;Böklund;001;Flensburg - Schleswig
010595987037;Havetoft;001;Flensburg - Schleswig
010595987042;Idstedt;001;Flensburg - Schleswig
010595987049;Klappholz;001;Flensburg - Schleswig
010595987062;Neuberend;001;Flensburg - Schleswig
010595987073;Schaalby;001;Flensburg - Schleswig
010595987081;Stolk;001;Flensburg - Schleswig
010595987082;Struxdorf;001;Flensburg - Schleswig
010595987084;Süderfahrenstedt;001;Flensburg - Schleswig
010595987086;Taarstedt;001;Flensburg - Schleswig
010595987090;Tolk;001;Flensburg - Schleswig
010595987093;Uelsby;001;Flensburg - Schleswig
010595987097;Twedt;001;Flensburg - Schleswig
010595987098;Nübel;001;Flensburg - Schleswig
010595987189;Brodersby-Goltoft;001;Flensburg - Schleswig
010595990102;Ahneby;001;Flensburg - Schleswig
010595990109;Esgrus;001;Flensburg - Schleswig
010595990112;Gelting;001;Flensburg - Schleswig
010595990121;Hasselberg;001;Flensburg - Schleswig
010595990136;Kronsgaard;001;Flensburg - Schleswig
010595990142;Maasholm;001;Flensburg - Schleswig
010595990147;Nieby;001;Flensburg - Schleswig
010595990148;Niesgrau;001;Flensburg - Schleswig
010595990152;Pommerby;001;Flensburg - Schleswig
010595990154;Rabel;001;Flensburg - Schleswig
010595990155;Rabenholz;001;Flensburg - Schleswig
010595990163;Stangheck;001;Flensburg - Schleswig
010595990164;Steinberg;001;Flensburg - Schleswig
010595990167;Sterup;001;Flensburg - Schleswig
010595990168;Stoltebüll;001;Flensburg - Schleswig
010595990186;Steinbergkirche;001;Flensburg - Schleswig
010595993010;Bollingstedt;001;Flensburg - Schleswig
010595993023;Ellingstedt;001;Flensburg - Schleswig
010595993039;Hollingstedt;001;Flensburg - Schleswig
010595993041;Hüsby;001;Flensburg - Schleswig
010595993044;Jübek;001;Flensburg - Schleswig
010595993057;Lürschau;001;Flensburg - Schleswig
010595993077;Schuby;001;Flensburg - Schleswig
010595993079;Silberstedt;001;Flensburg - Schleswig
010595993092;Treia;001;Flensburg - Schleswig
010595996001;Alt Bennebek;001;Flensburg - Schleswig
010595996005;Bergenhusen;001;Flensburg - Schleswig
010595996009;Börm;001;Flensburg - Schleswig
010595996020;Dörpstedt;001;Flensburg - Schleswig
010595996024;Erfde;001;Flensburg - Schleswig
010595996035;Groß Rheide;001;Flensburg - Schleswig
010595996050;Klein Bennebek;001;Flensburg - Schleswig
010595996051;Klein Rheide;001;Flensburg - Schleswig
010595996053;Kropp;001;Flensburg - Schleswig
010595996058;Meggerdorf;001;Flensburg - Schleswig
010595996087;Tetenhusen;001;Flensburg - Schleswig
010595996088;Tielen;001;Flensburg - Schleswig
010595996096;Wohlde;001;Flensburg - Schleswig
010595996188;Stapel;001;Flensburg - Schleswig
010600004004;Bad Bramstedt, Stadt;003;Steinburg - Dithmarschen Süd
010600005005;Bad Segeberg, Stadt;008;Segeberg - Stormarn-Mitte
010600019019;Ellerau;008;Segeberg - Stormarn-Mitte
010600039039;Henstedt-Ulzburg;008;Segeberg - Stormarn-Mitte
010600044044;Kaltenkirchen, Stadt;008;Segeberg - Stormarn-Mitte
010600063063;Norderstedt, Stadt;008;Segeberg - Stormarn-Mitte
010600092092;Wahlstedt, Stadt;008;Segeberg - Stormarn-Mitte
010605005003;Armstedt;003;Steinburg - Dithmarschen Süd
010605005009;Bimöhlen;003;Steinburg - Dithmarschen Süd
010605005013;Borstel;003;Steinburg - Dithmarschen Süd
010605005021;Föhrden-Barl;003;Steinburg - Dithmarschen Süd
010605005023;Fuhlendorf;003;Steinburg - Dithmarschen Süd
010605005027;Großenaspe;003;Steinburg - Dithmarschen Süd
010605005031;Hagen;003;Steinburg - Dithmarschen Süd
010605005033;Hardebek;003;Steinburg - Dithmarschen Süd
010605005035;Hasenkrug;003;Steinburg - Dithmarschen Süd
010605005037;Heidmoor;003;Steinburg - Dithmarschen Süd
010605005040;Hitzhusen;003;Steinburg - Dithmarschen Süd
010605005056;Mönkloh;003;Steinburg - Dithmarschen Süd
010605005095;Weddelbrook;003;Steinburg - Dithmarschen Süd
010605005099;Wiemersdorf;003;Steinburg - Dithmarschen Süd
010605024012;Bornhöved;008;Segeberg - Stormarn-Mitte
010605024017;Damsdorf;008;Segeberg - Stormarn-Mitte
010605024026;Gönnebek;008;Segeberg - Stormarn-Mitte
010605024072;Schmalensee;008;Segeberg - Stormarn-Mitte
010605024080;Stocksee;008;Segeberg - Stormarn-Mitte
010605024086;Tarbek;008;Segeberg - Stormarn-Mitte
010605024087;Tensfeld;008;Segeberg - Stormarn-Mitte
010605024089;Trappenkamp;008;Segeberg - Stormarn-Mitte
010605034043;Itzstedt;008;Segeberg - Stormarn-Mitte
010605034046;Kayhude;008;Segeberg - Stormarn-Mitte
010605034058;Nahe;008;Segeberg - Stormarn-Mitte
010605034065;Oering;008;Segeberg - Stormarn-Mitte
010605034076;Seth;008;Segeberg - Stormarn-Mitte
010605034085;Sülfeld;008;Segeberg - Stormarn-Mitte
010605043002;Alveslohe;008;Segeberg - Stormarn-Mitte
010605043034;Hartenholm;008;Segeberg - Stormarn-Mitte
010605043036;Hasenmoor;008;Segeberg - Stormarn-Mitte
010605043054;Lentföhrden;008;Segeberg - Stormarn-Mitte
010605043064;Nützen;008;Segeberg - Stormarn-Mitte
010605043073;Schmalfeld;008;Segeberg - Stormarn-Mitte
010605048042;Hüttblek;008;Segeberg - Stormarn-Mitte
010605048045;Kattendorf;008;Segeberg - Stormarn-Mitte
010605048047;Kisdorf;008;Segeberg - Stormarn-Mitte
010605048066;Oersdorf;008;Segeberg - Stormarn-Mitte
010605048077;Sievershütten;008;Segeberg - Stormarn-Mitte
010605048082;Struvenhütten;008;Segeberg - Stormarn-Mitte
010605048084;Stuvenborn;008;Segeberg - Stormarn-Mitte
010605048094;Wakendorf II;008;Segeberg - Stormarn-Mitte
010605048100;Winsen;008;Segeberg - Stormarn-Mitte
010605053007;Bark;008;Segeberg - Stormarn-Mitte
010605053008;Bebensee;008;Segeberg - Stormarn-Mitte
010605053022;Fredesdorf;008;Segeberg - Stormarn-Mitte
010605053029;Groß Niendorf;008;Segeberg - Stormarn-Mitte
010605053041;Högersdorf;008;Segeberg - Stormarn-Mitte
010605053051;Kükels;008;Segeberg - Stormarn-Mitte
010605053053;Leezen;008;Segeberg - Stormarn-Mitte
010605053057;Mözen;008;Segeberg - Stormarn-Mitte
010605053062;Neversdorf;008;Segeberg - Stormarn-Mitte
010605053074;Schwissel;008;Segeberg - Stormarn-Mitte
010605053088;Todesfelde;008;Segeberg - Stormarn-Mitte
010605053101;Wittenborn;008;Segeberg - Stormarn-Mitte
010605063011;Boostedt;006;Plön - Neumünster
010605063016;Daldorf;006;Plön - Neumünster
010605063028;Groß Kummerfeld;006;Plön - Neumünster
010605063038;Heidmühlen;006;Plön - Neumünster
010605063052;Latendorf;006;Plön - Neumünster
010605063068;Rickling;006;Plön - Neumünster
010605086006;Bahrenhof;008;Segeberg - Stormarn-Mitte
010605086010;Blunk;008;Segeberg - Stormarn-Mitte
010605086015;Bühnsdorf;008;Segeberg - Stormarn-Mitte
010605086018;Dreggers;008;Segeberg - Stormarn-Mitte
010605086020;Fahrenkrug;008;Segeberg - Stormarn-Mitte
010605086024;Geschendorf;008;Segeberg - Stormarn-Mitte
010605086025;Glasau;008;Segeberg - Stormarn-Mitte
010605086030;Groß Rönnau;008;Segeberg - Stormarn-Mitte
010605086048;Klein Gladebrügge;008;Segeberg - Stormarn-Mitte
010605086049;Klein Rönnau;008;Segeberg - Stormarn-Mitte
010605086050;Krems II;008;Segeberg - Stormarn-Mitte
010605086059;Negernbötel;008;Segeberg - Stormarn-Mitte
010605086060;Nehms;008;Segeberg - Stormarn-Mitte
010605086061;Neuengörs;008;Segeberg - Stormarn-Mitte
010605086067;Pronstorf;008;Segeberg - Stormarn-Mitte
010605086069;Rohlstorf;008;Segeberg - Stormarn-Mitte
010605086070;Schackendorf;008;Segeberg - Stormarn-Mitte
010605086071;Schieren;008;Segeberg - Stormarn-Mitte
010605086075;Seedorf;008;Segeberg - Stormarn-Mitte
010605086079;Stipsdorf;008;Segeberg - Stormarn-Mitte
010605086081;Strukdorf;008;Segeberg - Stormarn-Mitte
010605086090;Travenhorst;008;Segeberg - Stormarn-Mitte
010605086091;Traventhal;008;Segeberg - Stormarn-Mitte
010605086093;Wakendorf I;008;Segeberg - Stormarn-Mitte
010605086096;Weede;008;Segeberg - Stormarn-Mitte
010605086097;Wensin;008;Segeberg - Stormarn-Mitte
010605086098;Westerrade;008;Segeberg - Stormarn-Mitte
010609014014;Buchholz (Forstgutsbez.),gemfr. Gebiet;008;Segeberg - Stormarn-Mitte
010610029029;Glückstadt, Stadt;003;Steinburg - Dithmarschen Süd
010610046046;Itzehoe, Stadt;003;Steinburg - Dithmarschen Süd
010610113113;Wilster, Stadt;003;Steinburg - Dithmarschen Süd
010615104005;Auufer;003;Steinburg - Dithmarschen Süd
010615104016;Breitenberg;003;Steinburg - Dithmarschen Süd
010615104017;Breitenburg;003;Steinburg - Dithmarschen Süd
010615104053;Kollmoor;003;Steinburg - Dithmarschen Süd
010615104058;Kronsmoor;003;Steinburg - Dithmarschen Süd
010615104061;Lägerdorf;003;Steinburg - Dithmarschen Süd
010615104068;Moordiek;003;Steinburg - Dithmarschen Süd
010615104072;Münsterdorf;003;Steinburg - Dithmarschen Süd
010615104079;Oelixdorf;003;Steinburg - Dithmarschen Süd
010615104109;Westermoor;003;Steinburg - Dithmarschen Süd
010615104115;Wittenbergen;003;Steinburg - Dithmarschen Süd
010615134004;Altenmoor;003;Steinburg - Dithmarschen Süd
010615134012;Blomesche Wildnis;003;Steinburg - Dithmarschen Süd
010615134015;Borsfleth;003;Steinburg - Dithmarschen Süd
010615134027;Engelbrechtsche Wildnis;003;Steinburg - Dithmarschen Süd
010615134037;Herzhorn;003;Steinburg - Dithmarschen Süd
010615134041;Hohenfelde;003;Steinburg - Dithmarschen Süd
010615134044;Horst (Holstein);003;Steinburg - Dithmarschen Süd
010615134050;Kiebitzreihe;003;Steinburg - Dithmarschen Süd
010615134054;Krempdorf;003;Steinburg - Dithmarschen Süd
010615134074;Neuendorf b. Elmshorn;003;Steinburg - Dithmarschen Süd
010615134101;Sommerland;003;Steinburg - Dithmarschen Süd
010615134118;Kollmar;003;Steinburg - Dithmarschen Süd
010615138008;Bekdorf;003;Steinburg - Dithmarschen Süd
010615138010;Bekmünde;003;Steinburg - Dithmarschen Süd
010615138024;Drage;003;Steinburg - Dithmarschen Süd
010615138034;Heiligenstedten;003;Steinburg - Dithmarschen Süd
010615138035;Heiligenstedtenerkamp;003;Steinburg - Dithmarschen Süd
010615138039;Hodorf;003;Steinburg - Dithmarschen Süd
010615138040;Hohenaspe;003;Steinburg - Dithmarschen Süd
010615138045;Huje;003;Steinburg - Dithmarschen Süd
010615138047;Kaaks;003;Steinburg - Dithmarschen Süd
010615138052;Kleve;003;Steinburg - Dithmarschen Süd
010615138059;Krummendiek;003;Steinburg - Dithmarschen Süd
010615138065;Lohbarbek;003;Steinburg - Dithmarschen Süd
010615138067;Mehlbek;003;Steinburg - Dithmarschen Süd
010615138070;Moorhusen;003;Steinburg - Dithmarschen Süd
010615138082;Oldendorf;003;Steinburg - Dithmarschen Süd
010615138083;Ottenbüttel;003;Steinburg - Dithmarschen Süd
010615138084;Peissen;003;Steinburg - Dithmarschen Süd
010615138098;Schlotfeld;003;Steinburg - Dithmarschen Süd
010615138100;Silzen;003;Steinburg - Dithmarschen Süd
010615138114;Winseldorf;003;Steinburg - Dithmarschen Süd
010615153006;Bahrenfleth;003;Steinburg - Dithmarschen Süd
010615153022;Dägeling;003;Steinburg - Dithmarschen Süd
010615153026;Elskop;003;Steinburg - Dithmarschen Süd
010615153030;Grevenkop;003;Steinburg - Dithmarschen Süd
010615153055;Krempe, Stadt;003;Steinburg - Dithmarschen Süd
010615153056;Kremperheide;003;Steinburg - Dithmarschen Süd
010615153057;Krempermoor;003;Steinburg - Dithmarschen Süd
010615153073;Neuenbrook;003;Steinburg - Dithmarschen Süd
010615153092;Rethwisch;003;Steinburg - Dithmarschen Süd
010615153104;Süderau;003;Steinburg - Dithmarschen Süd
010615168001;Aasbüttel;003;Steinburg - Dithmarschen Süd
010615168003;Agethorst;003;Steinburg - Dithmarschen Süd
010615168011;Besdorf;003;Steinburg - Dithmarschen Süd
010615168013;Bokelrehm;003;Steinburg - Dithmarschen Süd
010615168014;Bokhorst;003;Steinburg - Dithmarschen Süd
010615168021;Christinenthal;003;Steinburg - Dithmarschen Süd
010615168031;Gribbohm;003;Steinburg - Dithmarschen Süd
010615168033;Hadenfeld;003;Steinburg - Dithmarschen Süd
010615168043;Holstenniendorf;003;Steinburg - Dithmarschen Süd
010615168048;Kaisborstel;003;Steinburg - Dithmarschen Süd
010615168066;Looft;003;Steinburg - Dithmarschen Süd
010615168076;Nienbüttel;003;Steinburg - Dithmarschen Süd
010615168078;Nutteln;003;Steinburg - Dithmarschen Süd
010615168081;Oldenborstel;003;Steinburg - Dithmarschen Süd
010615168085;Pöschendorf;003;Steinburg - Dithmarschen Süd
010615168087;Puls;003;Steinburg - Dithmarschen Süd
010615168091;Reher;003;Steinburg - Dithmarschen Süd
010615168097;Schenefeld;003;Steinburg - Dithmarschen Süd
010615168105;Vaale;003;Steinburg - Dithmarschen Süd
010615168106;Vaalermoor;003;Steinburg - Dithmarschen Süd
010615168107;Wacken;003;Steinburg - Dithmarschen Süd
010615168108;Warringholz;003;Steinburg - Dithmarschen Süd
010615179002;Aebtissinwisch;003;Steinburg - Dithmarschen Süd
010615179007;Beidenfleth;003;Steinburg - Dithmarschen Süd
010615179018;Brokdorf;003;Steinburg - Dithmarschen Süd
010615179020;Büttel;003;Steinburg - Dithmarschen Süd
010615179023;Dammfleth;003;Steinburg - Dithmarschen Süd
010615179025;Ecklak;003;Steinburg - Dithmarschen Süd
010615179060;Kudensee;003;Steinburg - Dithmarschen Süd
010615179062;Landrecht;003;Steinburg - Dithmarschen Süd
010615179063;Landscheide;003;Steinburg - Dithmarschen Süd
010615179077;Nortorf;003;Steinburg - Dithmarschen Süd
010615179095;Sankt Margarethen;003;Steinburg - Dithmarschen Süd
010615179102;Stördorf;003;Steinburg - Dithmarschen Süd
010615179110;Wewelsfleth;003;Steinburg - Dithmarschen Süd
010615179119;Neuendorf-Sachsenbande;003;Steinburg - Dithmarschen Süd
010615189019;Brokstedt;003;Steinburg - Dithmarschen Süd
010615189028;Fitzbek;003;Steinburg - Dithmarschen Süd
010615189036;Hennstedt;003;Steinburg - Dithmarschen Süd
010615189038;Hingstheide;003;Steinburg - Dithmarschen Süd
010615189042;Hohenlockstedt;003;Steinburg - Dithmarschen Süd
010615189049;Kellinghusen, Stadt;003;Steinburg - Dithmarschen Süd
010615189064;Lockstedt;003;Steinburg - Dithmarschen Süd
010615189071;Mühlenbarbek;003;Steinburg - Dithmarschen Süd
010615189080;Oeschebüttel;003;Steinburg - Dithmarschen Süd
010615189086;Poyenberg;003;Steinburg - Dithmarschen Süd
010615189088;Quarnstedt;003;Steinburg - Dithmarschen Süd
010615189089;Rade;003;Steinburg - Dithmarschen Süd
010615189093;Rosdorf;003;Steinburg - Dithmarschen Süd
010615189096;Sarlhusen;003;Steinburg - Dithmarschen Süd
010615189103;Störkathen;003;Steinburg - Dithmarschen Süd
010615189111;Wiedenborstel;003;Steinburg - Dithmarschen Süd
010615189112;Willenscharen;003;Steinburg - Dithmarschen Süd
010615189116;Wrist;003;Steinburg - Dithmarschen Süd
010615189117;Wulfsmoor;003;Steinburg - Dithmarschen Süd
010620001001;Ahrensburg, Stadt;010;Herzogtum Lauenburg - Stormarn-Süd
010620004004;Bad Oldesloe, Stadt;008;Segeberg - Stormarn-Mitte
010620006006;Bargteheide, Stadt;008;Segeberg - Stormarn-Mitte
010620009009;Barsbüttel;010;Herzogtum Lauenburg - Stormarn-Süd
010620018018;Glinde, Stadt;010;Herzogtum Lauenburg - Stormarn-Süd
010620023023;Großhansdorf;010;Herzogtum Lauenburg - Stormarn-Süd
010620053053;Oststeinbek;010;Herzogtum Lauenburg - Stormarn-Süd
010620060060;Reinbek, Stadt;010;Herzogtum Lauenburg - Stormarn-Süd
010620061061;Reinfeld (Holstein), Stadt;009;Ostholstein - Stormarn-Nord
010620076076;Tangstedt;008;Segeberg - Stormarn-Mitte
010620090090;Ammersbek;008;Segeberg - Stormarn-Mitte
010625207019;Grabau;008;Segeberg - Stormarn-Mitte
010625207046;Meddewade;008;Segeberg - Stormarn-Mitte
010625207050;Neritz;008;Segeberg - Stormarn-Mitte
010625207056;Pölitz;008;Segeberg - Stormarn-Mitte
010625207062;Rethwisch;008;Segeberg - Stormarn-Mitte
010625207065;Rümpel;008;Segeberg - Stormarn-Mitte
010625207089;Lasbek;008;Segeberg - Stormarn-Mitte
010625207091;Steinburg;008;Segeberg - Stormarn-Mitte
010625207092;Travenbrück;008;Segeberg - Stormarn-Mitte
010625218005;Bargfeld-Stegen;008;Segeberg - Stormarn-Mitte
010625218014;Delingsdorf;008;Segeberg - Stormarn-Mitte
010625218016;Elmenhorst;008;Segeberg - Stormarn-Mitte
010625218027;Hammoor;008;Segeberg - Stormarn-Mitte
010625218036;Jersbek;008;Segeberg - Stormarn-Mitte
010625218051;Nienwohld;008;Segeberg - Stormarn-Mitte
010625218078;Todendorf;008;Segeberg - Stormarn-Mitte
010625218081;Tremsbüttel;008;Segeberg - Stormarn-Mitte
010625244003;Badendorf;009;Ostholstein - Stormarn-Nord
010625244008;Barnitz;009;Ostholstein - Stormarn-Nord
010625244025;Hamberge;009;Ostholstein - Stormarn-Nord
010625244031;Heidekamp;009;Ostholstein - Stormarn-Nord
010625244032;Heilshoop;009;Ostholstein - Stormarn-Nord
010625244039;Klein Wesenberg;009;Ostholstein - Stormarn-Nord
010625244048;Mönkhagen;009;Ostholstein - Stormarn-Nord
010625244059;Rehhorst;009;Ostholstein - Stormarn-Nord
010625244083;Westerau;009;Ostholstein - Stormarn-Nord
010625244087;Zarpen;009;Ostholstein - Stormarn-Nord
010625244093;Feldhorst;009;Ostholstein - Stormarn-Nord
010625244094;Wesenberg;009;Ostholstein - Stormarn-Nord
010625262011;Braak;010;Herzogtum Lauenburg - Stormarn-Süd
010625262035;Hoisdorf;010;Herzogtum Lauenburg - Stormarn-Süd
010625262069;Siek;010;Herzogtum Lauenburg - Stormarn-Süd
010625262071;Stapelfeld;010;Herzogtum Lauenburg - Stormarn-Süd
010625262088;Brunsbek;010;Herzogtum Lauenburg - Stormarn-Süd
010625270020;Grande;010;Herzogtum Lauenburg - Stormarn-Süd
010625270021;Grönwohld;010;Herzogtum Lauenburg - Stormarn-Süd
010625270022;Großensee;010;Herzogtum Lauenburg - Stormarn-Süd
010625270026;Hamfelde;010;Herzogtum Lauenburg - Stormarn-Süd
010625270033;Hohenfelde;010;Herzogtum Lauenburg - Stormarn-Süd
010625270040;Köthel;010;Herzogtum Lauenburg - Stormarn-Süd
010625270045;Lütjensee;010;Herzogtum Lauenburg - Stormarn-Süd
010625270058;Rausdorf;010;Herzogtum Lauenburg - Stormarn-Süd
010625270082;Trittau;010;Herzogtum Lauenburg - Stormarn-Süd
010625270086;Witzhave;010;Herzogtum Lauenburg - Stormarn-Süd
020000000000;Hamburg, Freie und Hansestadt;020;Hamburg-Eimsbüttel
020000000000;Hamburg, Freie und Hansestadt;022;Hamburg-Wandsbek
020000000000;Hamburg, Freie und Hansestadt;021;Hamburg-Nord
020000000000;Hamburg, Freie und Hansestadt;018;Hamburg-Mitte
020000000000;Hamburg, Freie und Hansestadt;019;Hamburg-Altona
020000000000;Hamburg, Freie und Hansestadt;023;Hamburg-Bergedorf - Harburg
031010000000;Braunschweig, Stadt;050;Braunschweig
031020000000;Salzgitter, Stadt;049;Salzgitter - Wolfenbüttel
031030000000;Wolfsburg, Stadt;051;Helmstedt - Wolfsburg
031510009009;Gifhorn, Stadt;045;Gifhorn - Peine
031510025025;Sassenburg;045;Gifhorn - Peine
031510040040;Wittingen, Stadt;045;Gifhorn - Peine
031515401002;Barwedel;051;Helmstedt - Wolfsburg
031515401004;Bokensdorf;051;Helmstedt - Wolfsburg
031515401014;Jembke;051;Helmstedt - Wolfsburg
031515401020;Osloß;051;Helmstedt - Wolfsburg
031515401030;Tappenbeck;051;Helmstedt - Wolfsburg
031515401039;Weyhausen;051;Helmstedt - Wolfsburg
031515402003;Bergfeld;051;Helmstedt - Wolfsburg
031515402005;Brome, Flecken;051;Helmstedt - Wolfsburg
031515402008;Ehra-Lessien;051;Helmstedt - Wolfsburg
031515402021;Parsau;051;Helmstedt - Wolfsburg
031515402024;Rühen;051;Helmstedt - Wolfsburg
031515402031;Tiddische;051;Helmstedt - Wolfsburg
031515402032;Tülau;051;Helmstedt - Wolfsburg
031515403007;Dedelstorf;045;Gifhorn - Peine
031515403011;Hankensbüttel;045;Gifhorn - Peine
031515403019;Obernholz;045;Gifhorn - Peine
031515403028;Sprakensehl;045;Gifhorn - Peine
031515403029;Steinhorst;045;Gifhorn - Peine
031515404006;Calberlah;045;Gifhorn - Peine
031515404013;Isenbüttel;045;Gifhorn - Peine
031515404022;Ribbesbüttel;045;Gifhorn - Peine
031515404037;Wasbüttel;045;Gifhorn - Peine
031515405012;Hillerse;045;Gifhorn - Peine
031515405015;Leiferde;045;Gifhorn - Peine
031515405017;Meinersen;045;Gifhorn - Peine
031515405018;Müden (Aller);045;Gifhorn - Peine
031515406001;Adenbüttel;045;Gifhorn - Peine
031515406016;Meine;045;Gifhorn - Peine
031515406023;Rötgesbüttel;045;Gifhorn - Peine
031515406027;Schwülper;045;Gifhorn - Peine
031515406034;Vordorf;045;Gifhorn - Peine
031515406041;Didderse;045;Gifhorn - Peine
031515407010;Groß Oesingen;045;Gifhorn - Peine
031515407026;Schönewörde;045;Gifhorn - Peine
031515407033;Ummern;045;Gifhorn - Peine
031515407035;Wagenhoff;045;Gifhorn - Peine
031515407036;Wahrenholz;045;Gifhorn - Peine
031515407038;Wesendorf;045;Gifhorn - Peine
031519501501;Giebel, gemfr. Gebiet;051;Helmstedt - Wolfsburg
031530002002;Bad Harzburg, Stadt;052;Goslar - Northeim - Osterode
031530007007;Langelsheim, Stadt;049;Salzgitter - Wolfenbüttel
031530008008;Liebenburg;049;Salzgitter - Wolfenbüttel
031530012012;Seesen, Stadt;049;Salzgitter - Wolfenbüttel
031530016016;Braunlage, Stadt;052;Goslar - Northeim - Osterode
031530017017;Goslar, Stadt;052;Goslar - Northeim - Osterode
031530018018;Clausthal-Zellerfeld, Berg- und Universitätsstadt;052;Goslar - Northeim - Osterode
031535401006;Hahausen;049;Salzgitter - Wolfenbüttel
031535401009;Lutter am Barenberge, Flecken;049;Salzgitter - Wolfenbüttel
031535401014;Wallmoden;049;Salzgitter - Wolfenbüttel
031539504504;Harz (Landkreis Goslar), gemfr. Gebiet;052;Goslar - Northeim - Osterode
031540013013;Königslutter am Elm, Stadt;051;Helmstedt - Wolfsburg
031540014014;Lehre;051;Helmstedt - Wolfsburg
031540019019;Schöningen, Stadt;051;Helmstedt - Wolfsburg
031540028028;Helmstedt, Stadt;051;Helmstedt - Wolfsburg
031545401008;Grasleben;051;Helmstedt - Wolfsburg
031545401015;Mariental;051;Helmstedt - Wolfsburg
031545401016;Querenhorst;051;Helmstedt - Wolfsburg
031545401018;Rennau;051;Helmstedt - Wolfsburg
031545402002;Beierstedt;051;Helmstedt - Wolfsburg
031545402006;Gevensleben;051;Helmstedt - Wolfsburg
031545402012;Jerxheim;051;Helmstedt - Wolfsburg
031545402027;Söllingen;051;Helmstedt - Wolfsburg
031545403005;Frellstedt;051;Helmstedt - Wolfsburg
031545403017;Räbke;051;Helmstedt - Wolfsburg
031545403021;Süpplingen;051;Helmstedt - Wolfsburg
031545403022;Süpplingenburg;051;Helmstedt - Wolfsburg
031545403025;Warberg;051;Helmstedt - Wolfsburg
031545403026;Wolsdorf;051;Helmstedt - Wolfsburg
031545404001;Bahrdorf;051;Helmstedt - Wolfsburg
031545404004;Danndorf;051;Helmstedt - Wolfsburg
031545404007;Grafhorst;051;Helmstedt - Wolfsburg
031545404009;Groß Twülpstedt;051;Helmstedt - Wolfsburg
031545404024;Velpke;051;Helmstedt - Wolfsburg
031549501501;Brunsleberfeld, gemfr. Gebiet;051;Helmstedt - Wolfsburg
031549502502;Helmstedt, gemfr. Gebiet;051;Helmstedt - Wolfsburg
031549503503;Königslutter, gemfr. Gebiet;051;Helmstedt - Wolfsburg
031549504504;Mariental, gemfr. Gebiet;051;Helmstedt - Wolfsburg
031549506506;Schöningen, gemfr. Gebiet;051;Helmstedt - Wolfsburg
031550001001;Bad Gandersheim, Stadt;052;Goslar - Northeim - Osterode
031550002002;Bodenfelde, Flecken;046;Hameln-Pyrmont - Holzminden
031550003003;Dassel, Stadt;052;Goslar - Northeim - Osterode
031550005005;Hardegsen, Stadt;052;Goslar - Northeim - Osterode
031550006006;Kalefeld;052;Goslar - Northeim - Osterode
031550007007;Katlenburg-Lindau;052;Goslar - Northeim - Osterode
031550009009;Moringen, Stadt;052;Goslar - Northeim - Osterode
031550010010;Nörten-Hardenberg, Flecken;052;Goslar - Northeim - Osterode
031550011011;Northeim, Stadt;052;Goslar - Northeim - Osterode
031550012012;Uslar, Stadt;046;Hameln-Pyrmont - Holzminden
031550013013;Einbeck, Stadt;052;Goslar - Northeim - Osterode
031559501501;Solling (Landkreis Northeim), gemfr. Geb.;046;Hameln-Pyrmont - Holzminden
031570001001;Edemissen;045;Gifhorn - Peine
031570002002;Hohenhameln;045;Gifhorn - Peine
031570005005;Lengede;045;Gifhorn - Peine
031570006006;Peine, Stadt;045;Gifhorn - Peine
031570007007;Vechelde;045;Gifhorn - Peine
031570008008;Wendeburg;045;Gifhorn - Peine
031570009009;Ilsede;045;Gifhorn - Peine
031580006006;Cremlingen;049;Salzgitter - Wolfenbüttel
031580037037;Wolfenbüttel, Stadt;049;Salzgitter - Wolfenbüttel
031580039039;Schladen-Werla;049;Salzgitter - Wolfenbüttel
031585402002;Baddeckenstedt;049;Salzgitter - Wolfenbüttel
031585402004;Burgdorf;049;Salzgitter - Wolfenbüttel
031585402011;Elbe;049;Salzgitter - Wolfenbüttel
031585402016;Haverlah;049;Salzgitter - Wolfenbüttel
031585402018;Heere;049;Salzgitter - Wolfenbüttel
031585402028;Sehlde;049;Salzgitter - Wolfenbüttel
031585403005;Cramme;049;Salzgitter - Wolfenbüttel
031585403010;Dorstadt;049;Salzgitter - Wolfenbüttel
031585403014;Flöthe;049;Salzgitter - Wolfenbüttel
031585403019;Heiningen;049;Salzgitter - Wolfenbüttel
031585403023;Ohrum;049;Salzgitter - Wolfenbüttel
031585403038;Börßum;049;Salzgitter - Wolfenbüttel
031585406009;Dettum;049;Salzgitter - Wolfenbüttel
031585406012;Erkerode;049;Salzgitter - Wolfenbüttel
031585406013;Evessen;049;Salzgitter - Wolfenbüttel
031585406030;Sickte;049;Salzgitter - Wolfenbüttel
031585406033;Veltheim (Ohe);049;Salzgitter - Wolfenbüttel
031585407007;Dahlum;049;Salzgitter - Wolfenbüttel
031585407008;Denkte;049;Salzgitter - Wolfenbüttel
031585407017;Hedeper;049;Salzgitter - Wolfenbüttel
031585407021;Kissenbrück;049;Salzgitter - Wolfenbüttel
031585407022;Kneitlingen;049;Salzgitter - Wolfenbüttel
031585407025;Roklum;049;Salzgitter - Wolfenbüttel
031585407027;Schöppenstedt, Stadt;049;Salzgitter - Wolfenbüttel
031585407031;Uehrde;049;Salzgitter - Wolfenbüttel
031585407032;Vahlberg;049;Salzgitter - Wolfenbüttel
031585407035;Winnigstedt;049;Salzgitter - Wolfenbüttel
031585407036;Wittmar;049;Salzgitter - Wolfenbüttel
031585407040;Remlingen-Semmenstedt;049;Salzgitter - Wolfenbüttel
031589501501;Am Großen Rhode, gemfr. Gebiet;049;Salzgitter - Wolfenbüttel
031589502502;Barnstorf-Warle, gemfr. Gebiet;049;Salzgitter - Wolfenbüttel
031589503503;Voigtsdahlum, gemfr. Gebiet;049;Salzgitter - Wolfenbüttel
031590001001;Adelebsen, Flecken;053;Göttingen
031590002002;Bad Grund (Harz);052;Goslar - Northeim - Osterode
031590003003;Bad Lauterberg im Harz, Stadt;053;Göttingen
031590004004;Bad Sachsa, Stadt;053;Göttingen
031590007007;Bovenden, Flecken;053;Göttingen
031590010010;Duderstadt, Stadt;053;Göttingen
031590013013;Friedland;053;Göttingen
031590015015;Gleichen;053;Göttingen
031590016016;Göttingen, Stadt;053;Göttingen
031590017017;Hann. Münden, Stadt;053;Göttingen
031590019019;Herzberg am Harz, Stadt;053;Göttingen
031590026026;Osterode am Harz, Stadt;052;Goslar - Northeim - Osterode
031590029029;Rosdorf;053;Göttingen
031590034034;Staufenberg;053;Göttingen
031590036036;Walkenried;052;Goslar - Northeim - Osterode
031595401008;Bühren;053;Göttingen
031595401009;Dransfeld, Stadt;053;Göttingen
031595401021;Jühnde;053;Göttingen
031595401024;Niemetal;053;Göttingen
031595401031;Scheden;053;Göttingen
031595402005;Bilshausen;053;Göttingen
031595402006;Bodensee;053;Göttingen
031595402014;Gieboldehausen, Flecken;053;Göttingen
031595402022;Krebeck;053;Göttingen
031595402025;Obernfeld;053;Göttingen
031595402027;Rhumspringe;053;Göttingen
031595402028;Rollshausen;053;Göttingen
031595402030;Rüdershausen;053;Göttingen
031595402037;Wollbrandshausen;053;Göttingen
031595402038;Wollershausen;053;Göttingen
031595403012;Elbingerode;052;Goslar - Northeim - Osterode
031595403018;Hattorf am Harz;052;Goslar - Northeim - Osterode
031595403020;Hörden am Harz;052;Goslar - Northeim - Osterode
031595403039;Wulften am Harz;052;Goslar - Northeim - Osterode
031595404011;Ebergötzen;053;Göttingen
031595404023;Landolfshausen;053;Göttingen
031595404032;Seeburg;053;Göttingen
031595404033;Seulingen;053;Göttingen
031595404035;Waake;053;Göttingen
031599501501;Harz (Landkreis Göttingen), gemfr. Geb.;052;Goslar - Northeim - Osterode
032410001001;Hannover, Landeshauptstadt;042;Stadt Hannover II
032410001001;Hannover, Landeshauptstadt;041;Stadt Hannover I
032410002002;Barsinghausen, Stadt;047;Hannover-Land II
032410003003;Burgdorf, Stadt;043;Hannover-Land I
032410004004;Burgwedel, Stadt;043;Hannover-Land I
032410005005;Garbsen, Stadt;043;Hannover-Land I
032410006006;Gehrden, Stadt;047;Hannover-Land II
032410007007;Hemmingen, Stadt;047;Hannover-Land II
032410008008;Isernhagen;043;Hannover-Land I
032410009009;Laatzen, Stadt;047;Hannover-Land II
032410010010;Langenhagen, Stadt;043;Hannover-Land I
032410011011;Lehrte, Stadt;047;Hannover-Land II
032410012012;Neustadt am Rübenberge, Stadt;043;Hannover-Land I
032410013013;Pattensen, Stadt;047;Hannover-Land II
032410014014;Ronnenberg, Stadt;047;Hannover-Land II
032410015015;Seelze, Stadt;047;Hannover-Land II
032410016016;Sehnde, Stadt;047;Hannover-Land II
032410017017;Springe, Stadt;047;Hannover-Land II
032410018018;Uetze;047;Hannover-Land II
032410019019;Wedemark;043;Hannover-Land I
032410020020;Wennigsen (Deister);047;Hannover-Land II
032410021021;Wunstorf, Stadt;043;Hannover-Land I
032510007007;Bassum, Stadt;033;Diepholz - Nienburg I
032510012012;Diepholz, Stadt;033;Diepholz - Nienburg I
032510037037;Stuhr;033;Diepholz - Nienburg I
032510040040;Sulingen, Stadt;033;Diepholz - Nienburg I
032510041041;Syke, Stadt;033;Diepholz - Nienburg I
032510042042;Twistringen, Stadt;033;Diepholz - Nienburg I
032510044044;Wagenfeld;033;Diepholz - Nienburg I
032510047047;Weyhe;033;Diepholz - Nienburg I
032515401009;Brockum;033;Diepholz - Nienburg I
032515401020;Hüde;033;Diepholz - Nienburg I
032515401022;Lembruch;033;Diepholz - Nienburg I
032515401023;Lemförde, Flecken;033;Diepholz - Nienburg I
032515401025;Marl;033;Diepholz - Nienburg I
032515401029;Quernheim;033;Diepholz - Nienburg I
032515401036;Stemshorn;033;Diepholz - Nienburg I
032515402005;Barnstorf, Flecken;033;Diepholz - Nienburg I
032515402013;Drebber;033;Diepholz - Nienburg I
032515402014;Drentwede;033;Diepholz - Nienburg I
032515402017;Eydelstedt;033;Diepholz - Nienburg I
032515403002;Asendorf;033;Diepholz - Nienburg I
032515403026;Martfeld;033;Diepholz - Nienburg I
032515403033;Schwarme;033;Diepholz - Nienburg I
032515403049;Bruchhausen-Vilsen, Flecken;033;Diepholz - Nienburg I
032515404003;Bahrenborstel;033;Diepholz - Nienburg I
032515404004;Barenburg, Flecken;033;Diepholz - Nienburg I
032515404018;Freistatt;033;Diepholz - Nienburg I
032515404021;Kirchdorf;033;Diepholz - Nienburg I
032515404043;Varrel;033;Diepholz - Nienburg I
032515404045;Wehrbleck;033;Diepholz - Nienburg I
032515405006;Barver;033;Diepholz - Nienburg I
032515405011;Dickel;033;Diepholz - Nienburg I
032515405019;Hemsloh;033;Diepholz - Nienburg I
032515405030;Rehden;033;Diepholz - Nienburg I
032515405046;Wetschen;033;Diepholz - Nienburg I
032515406001;Affinghausen;033;Diepholz - Nienburg I
032515406015;Ehrenburg;033;Diepholz - Nienburg I
032515406028;Neuenkirchen;033;Diepholz - Nienburg I
032515406031;Scholen;033;Diepholz - Nienburg I
032515406032;Schwaförden;033;Diepholz - Nienburg I
032515406038;Sudwalde;033;Diepholz - Nienburg I
032515407008;Borstel;033;Diepholz - Nienburg I
032515407024;Maasen;033;Diepholz - Nienburg I
032515407027;Mellinghausen;033;Diepholz - Nienburg I
032515407034;Siedenburg, Flecken;033;Diepholz - Nienburg I
032515407035;Staffhorst;033;Diepholz - Nienburg I
032520001001;Aerzen, Flecken;046;Hameln-Pyrmont - Holzminden
032520002002;Bad Münder am Deister, Stadt;046;Hameln-Pyrmont - Holzminden
032520003003;Bad Pyrmont, Stadt;046;Hameln-Pyrmont - Holzminden
032520004004;Coppenbrügge, Flecken;046;Hameln-Pyrmont - Holzminden
032520005005;Emmerthal;046;Hameln-Pyrmont - Holzminden
032520006006;Hameln, Stadt;046;Hameln-Pyrmont - Holzminden
032520007007;Hessisch Oldendorf, Stadt;046;Hameln-Pyrmont - Holzminden
032520008008;Salzhemmendorf, Flecken;046;Hameln-Pyrmont - Holzminden
032540002002;Alfeld (Leine), Stadt;048;Hildesheim
032540003003;Algermissen;048;Hildesheim
032540005005;Bad Salzdetfurth, Stadt;048;Hildesheim
032540008008;Bockenem, Stadt;048;Hildesheim
032540011011;Diekholzen;048;Hildesheim
032540014014;Elze, Stadt;048;Hildesheim
032540017017;Giesen;048;Hildesheim
032540020020;Harsum;048;Hildesheim
032540021021;Hildesheim, Stadt;048;Hildesheim
032540022022;Holle;048;Hildesheim
032540026026;Nordstemmen;048;Hildesheim
032540028028;Sarstedt, Stadt;048;Hildesheim
032540029029;Schellerten;048;Hildesheim
032540032032;Söhlde;048;Hildesheim
032540042042;Freden (Leine);048;Hildesheim
032540044044;Lamspringe;048;Hildesheim
032540045045;Sibbesse;048;Hildesheim
032545406013;Eime, Flecken;048;Hildesheim
032545406041;Duingen, Flecken;048;Hildesheim
032545406043;Gronau (Leine), Stadt;048;Hildesheim
032550008008;Delligsen, Flecken;046;Hameln-Pyrmont - Holzminden
032550023023;Holzminden, Stadt;046;Hameln-Pyrmont - Holzminden
032555401002;Bevern, Flecken;046;Hameln-Pyrmont - Holzminden
032555401015;Golmbach;046;Hameln-Pyrmont - Holzminden
032555401021;Holenberg;046;Hameln-Pyrmont - Holzminden
032555401030;Negenborn;046;Hameln-Pyrmont - Holzminden
032555403004;Boffzen;046;Hameln-Pyrmont - Holzminden
032555403009;Derental;046;Hameln-Pyrmont - Holzminden
032555403014;Fürstenberg;046;Hameln-Pyrmont - Holzminden
032555403026;Lauenförde, Flecken;046;Hameln-Pyrmont - Holzminden
032555408003;Bodenwerder, Münchhausenstadt;046;Hameln-Pyrmont - Holzminden
032555408005;Brevörde;046;Hameln-Pyrmont - Holzminden
032555408016;Halle;046;Hameln-Pyrmont - Holzminden
032555408017;Hehlen;046;Hameln-Pyrmont - Holzminden
032555408019;Heinsen;046;Hameln-Pyrmont - Holzminden
032555408020;Heyen;046;Hameln-Pyrmont - Holzminden
032555408025;Kirchbrak;046;Hameln-Pyrmont - Holzminden
032555408031;Ottenstein, Flecken;046;Hameln-Pyrmont - Holzminden
032555408032;Pegestorf;046;Hameln-Pyrmont - Holzminden
032555408033;Polle, Flecken;046;Hameln-Pyrmont - Holzminden
032555408035;Vahlbruch;046;Hameln-Pyrmont - Holzminden
032555409001;Arholzen;046;Hameln-Pyrmont - Holzminden
032555409007;Deensen;046;Hameln-Pyrmont - Holzminden
032555409010;Dielmissen;046;Hameln-Pyrmont - Holzminden
032555409012;Eimen;046;Hameln-Pyrmont - Holzminden
032555409013;Eschershausen, Stadt;046;Hameln-Pyrmont - Holzminden
032555409018;Heinade;046;Hameln-Pyrmont - Holzminden
032555409022;Holzen;046;Hameln-Pyrmont - Holzminden
032555409027;Lenne;046;Hameln-Pyrmont - Holzminden
032555409028;Lüerdissen;046;Hameln-Pyrmont - Holzminden
032555409034;Stadtoldendorf, Stadt;046;Hameln-Pyrmont - Holzminden
032555409036;Wangelnstedt;046;Hameln-Pyrmont - Holzminden
032559501501;Boffzen, gemfr. Gebiet;046;Hameln-Pyrmont - Holzminden
032559502502;Eimen, gemfr. Gebiet;046;Hameln-Pyrmont - Holzminden
032559503503;Eschershausen, gemfr. Gebiet;046;Hameln-Pyrmont - Holzminden
032559504504;Grünenplan, gemfr. Gebiet;046;Hameln-Pyrmont - Holzminden
032559505505;Holzminden, gemfr. Gebiet;046;Hameln-Pyrmont - Holzminden
032559506506;Merxhausen, gemfr. Gebiet;046;Hameln-Pyrmont - Holzminden
032559508508;Wenzen, gemfr. Gebiet;046;Hameln-Pyrmont - Holzminden
032560022022;Nienburg (Weser), Stadt;040;Nienburg II - Schaumburg
032560025025;Rehburg-Loccum, Stadt;040;Nienburg II - Schaumburg
032560030030;Steyerberg, Flecken;040;Nienburg II - Schaumburg
032565402005;Drakenburg, Flecken;040;Nienburg II - Schaumburg
032565402011;Haßbergen;040;Nienburg II - Schaumburg
032565402012;Heemsen;040;Nienburg II - Schaumburg
032565402027;Rohrsen;040;Nienburg II - Schaumburg
032565405002;Binnen;040;Nienburg II - Schaumburg
032565405019;Liebenau, Flecken;040;Nienburg II - Schaumburg
032565405023;Pennigsehl;040;Nienburg II - Schaumburg
032565406001;Balge;040;Nienburg II - Schaumburg
032565406021;Marklohe;040;Nienburg II - Schaumburg
032565406036;Wietzen;040;Nienburg II - Schaumburg
032565407020;Linsburg;040;Nienburg II - Schaumburg
032565407026;Rodewald;040;Nienburg II - Schaumburg
032565407029;Steimbke;040;Nienburg II - Schaumburg
032565407031;Stöckse;040;Nienburg II - Schaumburg
032565408004;Diepenau, Flecken;033;Diepholz - Nienburg I
032565408024;Raddestorf;033;Diepholz - Nienburg I
032565408033;Uchte, Flecken;033;Diepholz - Nienburg I
032565408034;Warmsen;033;Diepholz - Nienburg I
032565409003;Bücken, Flecken;033;Diepholz - Nienburg I
032565409007;Eystrup;033;Diepholz - Nienburg I
032565409008;Gandesbergen;033;Diepholz - Nienburg I
032565409009;Hämelhausen;033;Diepholz - Nienburg I
032565409010;Hassel (Weser);033;Diepholz - Nienburg I
032565409013;Hilgermissen;033;Diepholz - Nienburg I
032565409014;Hoya, Stadt;033;Diepholz - Nienburg I
032565409015;Hoyerhagen;033;Diepholz - Nienburg I
032565409028;Schweringen;033;Diepholz - Nienburg I
032565409035;Warpe;033;Diepholz - Nienburg I
032565410006;Estorf;040;Nienburg II - Schaumburg
032565410016;Husum;040;Nienburg II - Schaumburg
032565410017;Landesbergen;040;Nienburg II - Schaumburg
032565410018;Leese;040;Nienburg II - Schaumburg
032565410032;Stolzenau;040;Nienburg II - Schaumburg
032570003003;Auetal;040;Nienburg II - Schaumburg
032570009009;Bückeburg, Stadt;040;Nienburg II - Schaumburg
032570028028;Obernkirchen, Stadt;040;Nienburg II - Schaumburg
032570031031;Rinteln, Stadt;040;Nienburg II - Schaumburg
032570035035;Stadthagen, Stadt;040;Nienburg II - Schaumburg
032575401001;Ahnsen;040;Nienburg II - Schaumburg
032575401005;Bad Eilsen;040;Nienburg II - Schaumburg
032575401008;Buchholz;040;Nienburg II - Schaumburg
032575401012;Heeßen;040;Nienburg II - Schaumburg
032575401022;Luhden;040;Nienburg II - Schaumburg
032575402007;Beckedorf;040;Nienburg II - Schaumburg
032575402015;Heuerßen;040;Nienburg II - Schaumburg
032575402020;Lindhorst;040;Nienburg II - Schaumburg
032575402021;Lüdersfeld;040;Nienburg II - Schaumburg
032575403006;Bad Nenndorf, Stadt;040;Nienburg II - Schaumburg
032575403011;Haste;040;Nienburg II - Schaumburg
032575403016;Hohnhorst;040;Nienburg II - Schaumburg
032575403036;Suthfeld;040;Nienburg II - Schaumburg
032575404019;Lauenhagen;040;Nienburg II - Schaumburg
032575404023;Meerbeck;040;Nienburg II - Schaumburg
032575404025;Niedernwöhren;040;Nienburg II - Schaumburg
032575404027;Nordsehl;040;Nienburg II - Schaumburg
032575404030;Pollhagen;040;Nienburg II - Schaumburg
032575404037;Wiedensahl, Flecken;040;Nienburg II - Schaumburg
032575405013;Helpsen;040;Nienburg II - Schaumburg
032575405014;Hespe;040;Nienburg II - Schaumburg
032575405026;Nienstädt;040;Nienburg II - Schaumburg
032575405034;Seggebruch;040;Nienburg II - Schaumburg
032575406002;Apelern;040;Nienburg II - Schaumburg
032575406017;Hülsede;040;Nienburg II - Schaumburg
032575406018;Lauenau, Flecken;040;Nienburg II - Schaumburg
032575406024;Messenkamp;040;Nienburg II - Schaumburg
032575406029;Pohle;040;Nienburg II - Schaumburg
032575406032;Rodenberg, Stadt;040;Nienburg II - Schaumburg
032575407004;Auhagen;040;Nienburg II - Schaumburg
032575407010;Hagenburg, Flecken;040;Nienburg II - Schaumburg
032575407033;Sachsenhagen, Stadt;040;Nienburg II - Schaumburg
032575407038;Wölpinghausen;040;Nienburg II - Schaumburg
033510004004;Bergen, Stadt;044;Celle - Uelzen
033510006006;Celle, Stadt;044;Celle - Uelzen
033510010010;Faßberg;044;Celle - Uelzen
033510012012;Hambühren;044;Celle - Uelzen
033510023023;Wietze;044;Celle - Uelzen
033510024024;Winsen (Aller);044;Celle - Uelzen
033510025025;Eschede;044;Celle - Uelzen
033510026026;Südheide;044;Celle - Uelzen
033515402005;Bröckel;044;Celle - Uelzen
033515402007;Eicklingen;044;Celle - Uelzen
033515402017;Langlingen;044;Celle - Uelzen
033515402022;Wienhausen, Klostergemeinde;044;Celle - Uelzen
033515403002;Ahnsbeck;044;Celle - Uelzen
033515403003;Beedenbostel;044;Celle - Uelzen
033515403008;Eldingen;044;Celle - Uelzen
033515403015;Hohne;044;Celle - Uelzen
033515403016;Lachendorf;044;Celle - Uelzen
033515404001;Adelheidsdorf;044;Celle - Uelzen
033515404018;Nienhagen;044;Celle - Uelzen
033515404021;Wathlingen;044;Celle - Uelzen
033519501501;Lohheide, gemfr. Bezirk;044;Celle - Uelzen
033520011011;Cuxhaven, Stadt;029;Cuxhaven - Stade II
033520032032;Loxstedt;029;Cuxhaven - Stade II
033520050050;Schiffdorf;029;Cuxhaven - Stade II
033520059059;Beverstedt;029;Cuxhaven - Stade II
033520060060;Hagen im Bremischen;029;Cuxhaven - Stade II
033520061061;Wurster Nordseeküste;029;Cuxhaven - Stade II
033520062062;Geestland, Stadt;029;Cuxhaven - Stade II
033525404002;Armstorf;029;Cuxhaven - Stade II
033525404024;Hollnseth;029;Cuxhaven - Stade II
033525404029;Lamstedt;029;Cuxhaven - Stade II
033525404036;Mittelstenahe;029;Cuxhaven - Stade II
033525404052;Stinstedt;029;Cuxhaven - Stade II
033525407020;Hechthausen;029;Cuxhaven - Stade II
033525407022;Hemmoor, Stadt;029;Cuxhaven - Stade II
033525407044;Osten;029;Cuxhaven - Stade II
033525411004;Belum;029;Cuxhaven - Stade II
033525411008;Bülkau;029;Cuxhaven - Stade II
033525411025;Ihlienworth;029;Cuxhaven - Stade II
033525411038;Neuenkirchen;029;Cuxhaven - Stade II
033525411039;Neuhaus (Oste), Flecken;029;Cuxhaven - Stade II
033525411041;Nordleda;029;Cuxhaven - Stade II
033525411042;Oberndorf;029;Cuxhaven - Stade II
033525411043;Odisheim;029;Cuxhaven - Stade II
033525411045;Osterbruch;029;Cuxhaven - Stade II
033525411046;Otterndorf, Stadt;029;Cuxhaven - Stade II
033525411051;Steinau;029;Cuxhaven - Stade II
033525411055;Wanna;029;Cuxhaven - Stade II
033525411056;Wingst;029;Cuxhaven - Stade II
033525411063;Cadenberge;029;Cuxhaven - Stade II
033530005005;Buchholz in der Nordheide, Stadt;036;Harburg
033530026026;Neu Wulmstorf;036;Harburg
033530029029;Rosengarten;036;Harburg
033530031031;Seevetal;036;Harburg
033530032032;Stelle;036;Harburg
033530040040;Winsen (Luhe), Stadt;036;Harburg
033535401007;Drage;036;Harburg
033535401023;Marschacht;036;Harburg
033535401033;Tespe;036;Harburg
033535402002;Asendorf;036;Harburg
033535402004;Brackel;036;Harburg
033535402009;Egestorf;036;Harburg
033535402016;Hanstedt;036;Harburg
033535402024;Marxen;036;Harburg
033535402036;Undeloh;036;Harburg
033535403001;Appel;036;Harburg
033535403008;Drestedt;036;Harburg
033535403014;Halvesbostel;036;Harburg
033535403019;Hollenstedt;036;Harburg
033535403025;Moisburg;036;Harburg
033535403028;Regesbostel;036;Harburg
033535403039;Wenzendorf;036;Harburg
033535404003;Bendestorf;036;Harburg
033535404017;Harmstorf;036;Harburg
033535404020;Jesteburg;036;Harburg
033535405010;Eyendorf;036;Harburg
033535405011;Garlstorf;036;Harburg
033535405012;Garstedt;036;Harburg
033535405013;Gödenstorf;036;Harburg
033535405030;Salzhausen;036;Harburg
033535405034;Toppenstedt;036;Harburg
033535405037;Vierhöfen;036;Harburg
033535405042;Wulfsen;036;Harburg
033535406006;Dohren;036;Harburg
033535406015;Handeloh;036;Harburg
033535406018;Heidenau;036;Harburg
033535406021;Kakenstorf;036;Harburg
033535406022;Königsmoor;036;Harburg
033535406027;Otter;036;Harburg
033535406035;Tostedt;036;Harburg
033535406038;Welle;036;Harburg
033535406041;Wistedt;036;Harburg
033545403005;Gartow, Flecken;037;Lüchow-Dannenberg - Lüneburg
033545403007;Gorleben;037;Lüchow-Dannenberg - Lüneburg
033545403010;Höhbeck;037;Lüchow-Dannenberg - Lüneburg
033545403020;Prezelle;037;Lüchow-Dannenberg - Lüneburg
033545403021;Schnackenburg, Stadt;037;Lüchow-Dannenberg - Lüneburg
033545406003;Damnatz;037;Lüchow-Dannenberg - Lüneburg
033545406004;Dannenberg (Elbe), Stadt;037;Lüchow-Dannenberg - Lüneburg
033545406006;Göhrde;037;Lüchow-Dannenberg - Lüneburg
033545406008;Gusborn;037;Lüchow-Dannenberg - Lüneburg
033545406009;Hitzacker (Elbe), Stadt;037;Lüchow-Dannenberg - Lüneburg
033545406011;Jameln;037;Lüchow-Dannenberg - Lüneburg
033545406012;Karwitz;037;Lüchow-Dannenberg - Lüneburg
033545406014;Langendorf;037;Lüchow-Dannenberg - Lüneburg
033545406019;Neu Darchau;037;Lüchow-Dannenberg - Lüneburg
033545406027;Zernien;037;Lüchow-Dannenberg - Lüneburg
033545407001;Bergen an der Dumme, Flecken;037;Lüchow-Dannenberg - Lüneburg
033545407002;Clenze, Flecken;037;Lüchow-Dannenberg - Lüneburg
033545407013;Küsten;037;Lüchow-Dannenberg - Lüneburg
033545407015;Lemgow;037;Lüchow-Dannenberg - Lüneburg
033545407016;Luckau (Wendland);037;Lüchow-Dannenberg - Lüneburg
033545407017;Lübbow;037;Lüchow-Dannenberg - Lüneburg
033545407018;Lüchow (Wendland), Stadt;037;Lüchow-Dannenberg - Lüneburg
033545407022;Schnega;037;Lüchow-Dannenberg - Lüneburg
033545407023;Trebel;037;Lüchow-Dannenberg - Lüneburg
033545407024;Waddeweitz;037;Lüchow-Dannenberg - Lüneburg
033545407025;Woltersdorf;037;Lüchow-Dannenberg - Lüneburg
033545407026;Wustrow (Wendland), Stadt;037;Lüchow-Dannenberg - Lüneburg
033549501501;Gartow, gemfr. Gebiet;037;Lüchow-Dannenberg - Lüneburg
033549502502;Göhrde, gemfr. Gebiet;037;Lüchow-Dannenberg - Lüneburg
033550001001;Adendorf;037;Lüchow-Dannenberg - Lüneburg
033550009009;Bleckede, Stadt;037;Lüchow-Dannenberg - Lüneburg
033550022022;Lüneburg, Hansestadt;037;Lüchow-Dannenberg - Lüneburg
033550049049;Amt Neuhaus;037;Lüchow-Dannenberg - Lüneburg
033555401002;Amelinghausen;037;Lüchow-Dannenberg - Lüneburg
033555401008;Betzendorf;037;Lüchow-Dannenberg - Lüneburg
033555401027;Oldendorf (Luhe);037;Lüchow-Dannenberg - Lüneburg
033555401029;Rehlingen;037;Lüchow-Dannenberg - Lüneburg
033555401034;Soderstorf;037;Lüchow-Dannenberg - Lüneburg
033555402004;Bardowick, Flecken;037;Lüchow-Dannenberg - Lüneburg
033555402007;Barum;037;Lüchow-Dannenberg - Lüneburg
033555402017;Handorf;037;Lüchow-Dannenberg - Lüneburg
033555402023;Mechtersen;037;Lüchow-Dannenberg - Lüneburg
033555402028;Radbruch;037;Lüchow-Dannenberg - Lüneburg
033555402039;Vögelsen;037;Lüchow-Dannenberg - Lüneburg
033555402042;Wittorf;037;Lüchow-Dannenberg - Lüneburg
033555403010;Boitze;037;Lüchow-Dannenberg - Lüneburg
033555403012;Dahlem;037;Lüchow-Dannenberg - Lüneburg
033555403013;Dahlenburg, Flecken;037;Lüchow-Dannenberg - Lüneburg
033555403025;Nahrendorf;037;Lüchow-Dannenberg - Lüneburg
033555403037;Tosterglope;037;Lüchow-Dannenberg - Lüneburg
033555404020;Kirchgellersen;037;Lüchow-Dannenberg - Lüneburg
033555404031;Reppenstedt;037;Lüchow-Dannenberg - Lüneburg
033555404035;Südergellersen;037;Lüchow-Dannenberg - Lüneburg
033555404041;Westergellersen;037;Lüchow-Dannenberg - Lüneburg
033555405006;Barnstedt;037;Lüchow-Dannenberg - Lüneburg
033555405014;Deutsch Evern;037;Lüchow-Dannenberg - Lüneburg
033555405016;Embsen;037;Lüchow-Dannenberg - Lüneburg
033555405024;Melbeck;037;Lüchow-Dannenberg - Lüneburg
033555406005;Barendorf;037;Lüchow-Dannenberg - Lüneburg
033555406026;Neetze;037;Lüchow-Dannenberg - Lüneburg
033555406030;Reinstorf;037;Lüchow-Dannenberg - Lüneburg
033555406036;Thomasburg;037;Lüchow-Dannenberg - Lüneburg
033555406038;Vastorf;037;Lüchow-Dannenberg - Lüneburg
033555406040;Wendisch Evern;037;Lüchow-Dannenberg - Lüneburg
033555407003;Artlenburg, Flecken;037;Lüchow-Dannenberg - Lüneburg
033555407011;Brietlingen;037;Lüchow-Dannenberg - Lüneburg
033555407015;Echem;037;Lüchow-Dannenberg - Lüneburg
033555407018;Hittbergen;037;Lüchow-Dannenberg - Lüneburg
033555407019;Hohnstorf (Elbe);037;Lüchow-Dannenberg - Lüneburg
033555407021;Lüdersburg;037;Lüchow-Dannenberg - Lüneburg
033555407032;Rullstorf;037;Lüchow-Dannenberg - Lüneburg
033555407033;Scharnebeck;037;Lüchow-Dannenberg - Lüneburg
033560002002;Grasberg;034;Osterholz - Verden
033560005005;Lilienthal;034;Osterholz - Verden
033560007007;Osterholz-Scharmbeck, Stadt;034;Osterholz - Verden
033560008008;Ritterhude;034;Osterholz - Verden
033560009009;Schwanewede;034;Osterholz - Verden
033560011011;Worpswede;034;Osterholz - Verden
033565401001;Axstedt;034;Osterholz - Verden
033565401003;Hambergen;034;Osterholz - Verden
033565401004;Holste;034;Osterholz - Verden
033565401006;Lübberstedt;034;Osterholz - Verden
033565401010;Vollersode;034;Osterholz - Verden
033570008008;Bremervörde, Stadt;030;Stade I - Rotenburg II
033570016016;Gnarrenburg;030;Stade I - Rotenburg II
033570039039;Rotenburg (Wümme), Stadt;035;Rotenburg I - Heidekreis
033570041041;Scheeßel;035;Rotenburg I - Heidekreis
033570051051;Visselhövede, Stadt;035;Rotenburg I - Heidekreis
033575401006;Bothel;035;Rotenburg I - Heidekreis
033575401009;Brockel;035;Rotenburg I - Heidekreis
033575401024;Hemsbünde;035;Rotenburg I - Heidekreis
033575401025;Hemslingen;035;Rotenburg I - Heidekreis
033575401031;Kirchwalsede;035;Rotenburg I - Heidekreis
033575401054;Westerwalsede;035;Rotenburg I - Heidekreis
033575402015;Fintel;035;Rotenburg I - Heidekreis
033575402023;Helvesiek;035;Rotenburg I - Heidekreis
033575402033;Lauenbrück;035;Rotenburg I - Heidekreis
033575402046;Stemmen;035;Rotenburg I - Heidekreis
033575402049;Vahlde;035;Rotenburg I - Heidekreis
033575403002;Alfstedt;030;Stade I - Rotenburg II
033575403004;Basdahl;030;Stade I - Rotenburg II
033575403012;Ebersdorf;030;Stade I - Rotenburg II
033575403027;Hipstedt;030;Stade I - Rotenburg II
033575403035;Oerel;030;Stade I - Rotenburg II
033575404003;Anderlingen;030;Stade I - Rotenburg II
033575404011;Deinstedt;030;Stade I - Rotenburg II
033575404014;Farven;030;Stade I - Rotenburg II
033575404036;Ostereistedt;030;Stade I - Rotenburg II
033575404038;Rhade;030;Stade I - Rotenburg II
033575404040;Sandbostel;030;Stade I - Rotenburg II
033575404042;Seedorf;030;Stade I - Rotenburg II
033575404043;Selsingen;030;Stade I - Rotenburg II
033575405017;Groß Meckelsen;030;Stade I - Rotenburg II
033575405019;Hamersen;030;Stade I - Rotenburg II
033575405029;Kalbe;030;Stade I - Rotenburg II
033575405032;Klein Meckelsen;030;Stade I - Rotenburg II
033575405034;Lengenbostel;030;Stade I - Rotenburg II
033575405044;Sittensen;030;Stade I - Rotenburg II
033575405048;Tiste;030;Stade I - Rotenburg II
033575405050;Vierden;030;Stade I - Rotenburg II
033575405056;Wohnste;030;Stade I - Rotenburg II
033575406001;Ahausen;035;Rotenburg I - Heidekreis
033575406005;Bötersen;035;Rotenburg I - Heidekreis
033575406020;Hassendorf;035;Rotenburg I - Heidekreis
033575406022;Hellwege;035;Rotenburg I - Heidekreis
033575406028;Horstedt;035;Rotenburg I - Heidekreis
033575406037;Reeßum;035;Rotenburg I - Heidekreis
033575406045;Sottrum;035;Rotenburg I - Heidekreis
033575407007;Breddorf;030;Stade I - Rotenburg II
033575407010;Bülstedt;030;Stade I - Rotenburg II
033575407026;Hepstedt;030;Stade I - Rotenburg II
033575407030;Kirchtimke;030;Stade I - Rotenburg II
033575407047;Tarmstedt;030;Stade I - Rotenburg II
033575407052;Vorwerk;030;Stade I - Rotenburg II
033575407053;Westertimke;030;Stade I - Rotenburg II
033575407055;Wilstedt;030;Stade I - Rotenburg II
033575408013;Elsdorf;030;Stade I - Rotenburg II
033575408018;Gyhum;030;Stade I - Rotenburg II
033575408021;Heeslingen;030;Stade I - Rotenburg II
033575408057;Zeven, Stadt;030;Stade I - Rotenburg II
033580002002;Bispingen;035;Rotenburg I - Heidekreis
033580008008;Bad Fallingbostel, Stadt;035;Rotenburg I - Heidekreis
033580016016;Munster, Stadt;035;Rotenburg I - Heidekreis
033580017017;Neuenkirchen;035;Rotenburg I - Heidekreis
033580019019;Schneverdingen, Stadt;035;Rotenburg I - Heidekreis
033580021021;Soltau, Stadt;035;Rotenburg I - Heidekreis
033580023023;Wietzendorf;035;Rotenburg I - Heidekreis
033580024024;Walsrode, Stadt;035;Rotenburg I - Heidekreis
033585401001;Ahlden (Aller), Flecken;035;Rotenburg I - Heidekreis
033585401006;Eickeloh;035;Rotenburg I - Heidekreis
033585401011;Grethem;035;Rotenburg I - Heidekreis
033585401012;Hademstorf;035;Rotenburg I - Heidekreis
033585401014;Hodenhagen;035;Rotenburg I - Heidekreis
033585402003;Böhme;035;Rotenburg I - Heidekreis
033585402009;Frankenfeld;035;Rotenburg I - Heidekreis
033585402013;Häuslingen;035;Rotenburg I - Heidekreis
033585402018;Rethem (Aller), Stadt;035;Rotenburg I - Heidekreis
033585403005;Buchholz (Aller);035;Rotenburg I - Heidekreis
033585403007;Essel;035;Rotenburg I - Heidekreis
033585403010;Gilten;035;Rotenburg I - Heidekreis
033585403015;Lindwedel;035;Rotenburg I - Heidekreis
033585403020;Schwarmstedt;035;Rotenburg I - Heidekreis
033589501501;Osterheide, gemfr. Bezirk;035;Rotenburg I - Heidekreis
033590010010;Buxtehude, Hansestadt;030;Stade I - Rotenburg II
033590013013;Drochtersen;029;Cuxhaven - Stade II
033590028028;Jork;030;Stade I - Rotenburg II
033590038038;Stade, Hansestadt;030;Stade I - Rotenburg II
033595401003;Apensen;030;Stade I - Rotenburg II
033595401006;Beckdorf;030;Stade I - Rotenburg II
033595401037;Sauensiek;030;Stade I - Rotenburg II
033595402011;Deinste;030;Stade I - Rotenburg II
033595402017;Fredenbeck;030;Stade I - Rotenburg II
033595402031;Kutenholz;030;Stade I - Rotenburg II
033595403002;Ahlerstedt;030;Stade I - Rotenburg II
033595403005;Bargstedt;030;Stade I - Rotenburg II
033595403008;Brest;030;Stade I - Rotenburg II
033595403023;Harsefeld, Flecken;030;Stade I - Rotenburg II
033595405001;Agathenburg;030;Stade I - Rotenburg II
033595405007;Bliedersdorf;030;Stade I - Rotenburg II
033595405012;Dollern;030;Stade I - Rotenburg II
033595405027;Horneburg, Flecken;030;Stade I - Rotenburg II
033595405034;Nottensdorf;030;Stade I - Rotenburg II
033595406020;Grünendeich;030;Stade I - Rotenburg II
033595406021;Guderhandviertel;030;Stade I - Rotenburg II
033595406026;Hollern-Twielenfleth;030;Stade I - Rotenburg II
033595406032;Mittelnkirchen;030;Stade I - Rotenburg II
033595406033;Neuenkirchen;030;Stade I - Rotenburg II
033595406039;Steinkirchen;030;Stade I - Rotenburg II
033595407004;Balje;029;Cuxhaven - Stade II
033595407018;Freiburg (Elbe), Flecken;029;Cuxhaven - Stade II
033595407030;Krummendeich;029;Cuxhaven - Stade II
033595407035;Oederquart;029;Cuxhaven - Stade II
033595407040;Wischhafen;029;Cuxhaven - Stade II
033595409009;Burweg;029;Cuxhaven - Stade II
033595409014;Düdenbüttel;029;Cuxhaven - Stade II
033595409015;Engelschoff;029;Cuxhaven - Stade II
033595409016;Estorf;029;Cuxhaven - Stade II
033595409019;Großenwörden;029;Cuxhaven - Stade II
033595409022;Hammah;029;Cuxhaven - Stade II
033595409024;Heinbockel;029;Cuxhaven - Stade II
033595409025;Himmelpforten;029;Cuxhaven - Stade II
033595409029;Kranenburg;029;Cuxhaven - Stade II
033595409036;Oldendorf;029;Cuxhaven - Stade II
033600004004;Bienenbüttel;044;Celle - Uelzen
033600025025;Uelzen, Hansestadt;044;Celle - Uelzen
033605404015;Oetzen;044;Celle - Uelzen
033605404016;Rätzlingen;044;Celle - Uelzen
033605404018;Rosche;044;Celle - Uelzen
033605404022;Stoetze;044;Celle - Uelzen
033605404024;Suhlendorf;044;Celle - Uelzen
033605405007;Eimke;044;Celle - Uelzen
033605405009;Gerdau;044;Celle - Uelzen
033605405023;Suderburg;044;Celle - Uelzen
033605407001;Altenmedingen;044;Celle - Uelzen
033605407002;Bad Bevensen, Stadt;044;Celle - Uelzen
033605407003;Barum;044;Celle - Uelzen
033605407006;Ebstorf,Klosterflecken;044;Celle - Uelzen
033605407008;Emmendorf;044;Celle - Uelzen
033605407010;Hanstedt;044;Celle - Uelzen
033605407011;Himbergen;044;Celle - Uelzen
033605407012;Jelmstorf;044;Celle - Uelzen
033605407014;Natendorf;044;Celle - Uelzen
033605407017;Römstedt;044;Celle - Uelzen
033605407019;Schwienau;044;Celle - Uelzen
033605407026;Weste;044;Celle - Uelzen
033605407029;Wriedel;044;Celle - Uelzen
033605408005;Bad Bodenteich, Flecken;044;Celle - Uelzen
033605408013;Lüder;044;Celle - Uelzen
033605408020;Soltendieck;044;Celle - Uelzen
033605408030;Wrestedt;044;Celle - Uelzen
033610001001;Achim, Stadt;034;Osterholz - Verden
033610003003;Dörverden;034;Osterholz - Verden
033610005005;Kirchlinteln;034;Osterholz - Verden
033610006006;Langwedel, Flecken;034;Osterholz - Verden
033610008008;Ottersberg, Flecken;034;Osterholz - Verden
033610009009;Oyten;034;Osterholz - Verden
033610012012;Verden (Aller), Stadt;034;Osterholz - Verden
033615401002;Blender;034;Osterholz - Verden
033615401004;Emtinghausen;034;Osterholz - Verden
033615401010;Riede;034;Osterholz - Verden
033615401013;Thedinghausen;034;Osterholz - Verden
034010000000;Delmenhorst, Stadt;028;Delmenhorst - Wesermarsch - Oldenburg-Land
034020000000;Emden, Stadt;024;Aurich - Emden
034030000000;Oldenburg (Oldenburg), Stadt;027;Oldenburg - Ammerland
034040000000;Osnabrück, Stadt;039;Stadt Osnabrück
034050000000;Wilhelmshaven, Stadt;026;Friesland - Wilhelmshaven - Wittmund
034510001001;Apen;027;Oldenburg - Ammerland
034510002002;Bad Zwischenahn;027;Oldenburg - Ammerland
034510004004;Edewecht;027;Oldenburg - Ammerland
034510005005;Rastede;027;Oldenburg - Ammerland
034510007007;Westerstede, Stadt;027;Oldenburg - Ammerland
034510008008;Wiefelstede;027;Oldenburg - Ammerland
034520001001;Aurich, Stadt;024;Aurich - Emden
034520002002;Baltrum;024;Aurich - Emden
034520006006;Großefehn;024;Aurich - Emden
034520007007;Großheide;024;Aurich - Emden
034520011011;Hinte;024;Aurich - Emden
034520012012;Ihlow;024;Aurich - Emden
034520013013;Juist, Inselgemeinde;024;Aurich - Emden
034520014014;Krummhörn;024;Aurich - Emden
034520019019;Norden, Stadt;024;Aurich - Emden
034520020020;Norderney, Stadt;024;Aurich - Emden
034520023023;Südbrookmerland;024;Aurich - Emden
034520025025;Wiesmoor, Stadt;024;Aurich - Emden
034520027027;Dornum;024;Aurich - Emden
034525401015;Leezdorf;024;Aurich - Emden
034525401017;Marienhafe, Flecken;024;Aurich - Emden
034525401021;Osteel;024;Aurich - Emden
034525401022;Rechtsupweg;024;Aurich - Emden
034525401024;Upgant-Schott;024;Aurich - Emden
034525401026;Wirdum;024;Aurich - Emden
034525403003;Berumbur;024;Aurich - Emden
034525403008;Hage, Flecken;024;Aurich - Emden
034525403009;Hagermarsch;024;Aurich - Emden
034525403010;Halbemond;024;Aurich - Emden
034525403016;Lütetsburg;024;Aurich - Emden
034529501501;Nordseeinsel Memmert, gemfr. Gebiet;024;Aurich - Emden
034530001001;Barßel;032;Cloppenburg - Vechta
034530002002;Bösel;032;Cloppenburg - Vechta
034530003003;Cappeln (Oldenburg);032;Cloppenburg - Vechta
034530004004;Cloppenburg, Stadt;032;Cloppenburg - Vechta
034530005005;Emstek;032;Cloppenburg - Vechta
034530006006;Essen (Oldenburg);032;Cloppenburg - Vechta
034530007007;Friesoythe, Stadt;032;Cloppenburg - Vechta
034530008008;Garrel;032;Cloppenburg - Vechta
034530009009;Lastrup;032;Cloppenburg - Vechta
034530010010;Lindern (Oldenburg);032;Cloppenburg - Vechta
034530011011;Löningen, Stadt;032;Cloppenburg - Vechta
034530012012;Molbergen;032;Cloppenburg - Vechta
034530013013;Saterland;032;Cloppenburg - Vechta
034540010010;Emsbüren;031;Mittelems
034540014014;Geeste;031;Mittelems
034540018018;Haren (Ems), Stadt;025;Unterems
034540019019;Haselünne, Stadt;031;Mittelems
034540032032;Lingen (Ems), Stadt;031;Mittelems
034540035035;Meppen, Stadt;031;Mittelems
034540041041;Papenburg, Stadt;025;Unterems
034540044044;Rhede (Ems);025;Unterems
034540045045;Salzbergen;031;Mittelems
034540054054;Twist;025;Unterems
034545401007;Dersum;025;Unterems
034545401008;Dörpen;025;Unterems
034545401020;Heede;025;Unterems
034545401025;Kluse;025;Unterems
034545401030;Lehe;025;Unterems
034545401037;Neubörger;025;Unterems
034545401038;Neulehe;025;Unterems
034545401056;Walchum;025;Unterems
034545401060;Wippingen;025;Unterems
034545402001;Andervenne;031;Mittelems
034545402003;Beesten;031;Mittelems
034545402012;Freren, Stadt;031;Mittelems
034545402036;Messingen;031;Mittelems
034545402053;Thuine;031;Mittelems
034545403009;Dohren;031;Mittelems
034545403021;Herzlake;031;Mittelems
034545403026;Lähden;031;Mittelems
034545404013;Fresenburg;025;Unterems
034545404029;Lathen;025;Unterems
034545404039;Niederlangen;025;Unterems
034545404040;Oberlangen;025;Unterems
034545404043;Renkenberge;025;Unterems
034545404052;Sustrum;025;Unterems
034545405002;Bawinkel;031;Mittelems
034545405015;Gersten;031;Mittelems
034545405017;Handrup;031;Mittelems
034545405028;Langen;031;Mittelems
034545405031;Lengerich;031;Mittelems
034545405059;Wettrup;031;Mittelems
034545406004;Bockhorst;025;Unterems
034545406006;Breddenberg;025;Unterems
034545406011;Esterwegen;025;Unterems
034545406022;Hilkenbrook;025;Unterems
034545406051;Surwold;025;Unterems
034545407005;Börger;025;Unterems
034545407016;Groß Berßen;025;Unterems
034545407023;Hüven;025;Unterems
034545407024;Klein Berßen;025;Unterems
034545407047;Sögel;025;Unterems
034545407048;Spahnharrenstätte;025;Unterems
034545407050;Stavern;025;Unterems
034545407058;Werpeloh;025;Unterems
034545408034;Lünne;031;Mittelems
034545408046;Schapen;031;Mittelems
034545408049;Spelle;031;Mittelems
034545409027;Lahn;025;Unterems
034545409033;Lorup;025;Unterems
034545409042;Rastdorf;025;Unterems
034545409055;Vrees;025;Unterems
034545409057;Werlte, Stadt;025;Unterems
034550007007;Jever, Stadt;026;Friesland - Wilhelmshaven - Wittmund
034550014014;Sande;026;Friesland - Wilhelmshaven - Wittmund
034550015015;Schortens, Stadt;026;Friesland - Wilhelmshaven - Wittmund
034550020020;Wangerland;026;Friesland - Wilhelmshaven - Wittmund
034550021021;Wangerooge, Nordseebad;026;Friesland - Wilhelmshaven - Wittmund
034550025025;Bockhorn;026;Friesland - Wilhelmshaven - Wittmund
034550026026;Varel, Stadt;026;Friesland - Wilhelmshaven - Wittmund
034550027027;Zetel;026;Friesland - Wilhelmshaven - Wittmund
034560001001;Bad Bentheim, Stadt;031;Mittelems
034560015015;Nordhorn, Stadt;031;Mittelems
034560025025;Wietmarschen;031;Mittelems
034565401002;Emlichheim;031;Mittelems
034565401009;Hoogstede;031;Mittelems
034565401012;Laar;031;Mittelems
034565401019;Ringe;031;Mittelems
034565402004;Esche;031;Mittelems
034565402005;Georgsdorf;031;Mittelems
034565402013;Lage;031;Mittelems
034565402014;Neuenhaus, Stadt;031;Mittelems
034565402017;Osterwald;031;Mittelems
034565403003;Engden;031;Mittelems
034565403010;Isterberg;031;Mittelems
034565403016;Ohne;031;Mittelems
034565403018;Quendorf;031;Mittelems
034565403020;Samern;031;Mittelems
034565403027;Schüttorf, Stadt;031;Mittelems
034565404006;Getelo;031;Mittelems
034565404007;Gölenkamp;031;Mittelems
034565404008;Halle;031;Mittelems
034565404011;Itterbeck;031;Mittelems
034565404023;Uelsen;031;Mittelems
034565404024;Wielen;031;Mittelems
034565404026;Wilsum;031;Mittelems
034570002002;Borkum, Stadt;025;Unterems
034570012012;Jemgum;025;Unterems
034570013013;Leer (Ostfriesland), Stadt;025;Unterems
034570014014;Moormerland;025;Unterems
034570017017;Ostrhauderfehn;025;Unterems
034570018018;Rhauderfehn;025;Unterems
034570020020;Uplengen;025;Unterems
034570021021;Weener, Stadt;025;Unterems
034570022022;Westoverledingen;025;Unterems
034570024024;Bunde;025;Unterems
034575402003;Brinkum;025;Unterems
034575402009;Firrel;025;Unterems
034575402010;Hesel;025;Unterems
034575402011;Holtland;025;Unterems
034575402015;Neukamperfehn;025;Unterems
034575402019;Schwerinsdorf;025;Unterems
034575403006;Detern, Flecken;025;Unterems
034575403008;Filsum;025;Unterems
034575403016;Nortmoor;025;Unterems
034579501501;Insel Lütje Hörn, gemfr. Gebiet;025;Unterems
034580003003;Dötlingen;028;Delmenhorst - Wesermarsch - Oldenburg-Land
034580005005;Ganderkesee;028;Delmenhorst - Wesermarsch - Oldenburg-Land
034580007007;Großenkneten;028;Delmenhorst - Wesermarsch - Oldenburg-Land
034580009009;Hatten;028;Delmenhorst - Wesermarsch - Oldenburg-Land
034580010010;Hude (Oldb);028;Delmenhorst - Wesermarsch - Oldenburg-Land
034580013013;Wardenburg;028;Delmenhorst - Wesermarsch - Oldenburg-Land
034580014014;Wildeshausen, Stadt;028;Delmenhorst - Wesermarsch - Oldenburg-Land
034585401001;Beckeln;028;Delmenhorst - Wesermarsch - Oldenburg-Land
034585401002;Colnrade;028;Delmenhorst - Wesermarsch - Oldenburg-Land
034585401004;Dünsen;028;Delmenhorst - Wesermarsch - Oldenburg-Land
034585401006;Groß Ippener;028;Delmenhorst - Wesermarsch - Oldenburg-Land
034585401008;Harpstedt, Flecken;028;Delmenhorst - Wesermarsch - Oldenburg-Land
034585401011;Kirchseelte;028;Delmenhorst - Wesermarsch - Oldenburg-Land
034585401012;Prinzhöfte;028;Delmenhorst - Wesermarsch - Oldenburg-Land
034585401015;Winkelsett;028;Delmenhorst - Wesermarsch - Oldenburg-Land
034590003003;Bad Essen;038;Osnabrück-Land
034590004004;Bad Iburg, Stadt;038;Osnabrück-Land
034590005005;Bad Laer;038;Osnabrück-Land
034590006006;Bad Rothenfelde;038;Osnabrück-Land
034590008008;Belm;039;Stadt Osnabrück
034590012012;Bissendorf;038;Osnabrück-Land
034590013013;Bohmte;038;Osnabrück-Land
034590014014;Bramsche, Stadt;038;Osnabrück-Land
034590015015;Dissen am Teutoburger Wald, Stadt;038;Osnabrück-Land
034590019019;Georgsmarienhütte, Stadt;039;Stadt Osnabrück
034590020020;Hagen am Teutoburger Wald;039;Stadt Osnabrück
034590021021;Hasbergen;039;Stadt Osnabrück
034590022022;Hilter am Teutoburger Wald;038;Osnabrück-Land
034590024024;Melle, Stadt;038;Osnabrück-Land
034590029029;Ostercappeln;038;Osnabrück-Land
034590033033;Wallenhorst;039;Stadt Osnabrück
034590034034;Glandorf;038;Osnabrück-Land
034595401007;Badbergen;038;Osnabrück-Land
034595401025;Menslage;038;Osnabrück-Land
034595401028;Nortrup;038;Osnabrück-Land
034595401030;Quakenbrück, Stadt;038;Osnabrück-Land
034595402001;Alfhausen;038;Osnabrück-Land
034595402002;Ankum;038;Osnabrück-Land
034595402010;Bersenbrück, Stadt;038;Osnabrück-Land
034595402016;Eggermühlen;038;Osnabrück-Land
034595402018;Gehrde;038;Osnabrück-Land
034595402023;Kettenkamp;038;Osnabrück-Land
034595402031;Rieste;038;Osnabrück-Land
034595403009;Berge;038;Osnabrück-Land
034595403011;Bippen;038;Osnabrück-Land
034595403017;Fürstenau, Stadt;038;Osnabrück-Land
034595404026;Merzen;038;Osnabrück-Land
034595404027;Neuenkirchen;038;Osnabrück-Land
034595404032;Voltlage;038;Osnabrück-Land
034600001001;Bakum;032;Cloppenburg - Vechta
034600002002;Damme, Stadt;032;Cloppenburg - Vechta
034600003003;Dinklage, Stadt;032;Cloppenburg - Vechta
034600004004;Goldenstedt;032;Cloppenburg - Vechta
034600005005;Holdorf;032;Cloppenburg - Vechta
034600006006;Lohne (Oldenburg), Stadt;032;Cloppenburg - Vechta
034600007007;Neuenkirchen-Vörden;032;Cloppenburg - Vechta
034600008008;Steinfeld (Oldenburg);032;Cloppenburg - Vechta
034600009009;Vechta, Stadt;032;Cloppenburg - Vechta
034600010010;Visbek;032;Cloppenburg - Vechta
034610001001;Berne;028;Delmenhorst - Wesermarsch - Oldenburg-Land
034610002002;Brake (Unterweser), Stadt;028;Delmenhorst - Wesermarsch - Oldenburg-Land
034610003003;Butjadingen;028;Delmenhorst - Wesermarsch - Oldenburg-Land
034610004004;Elsfleth, Stadt;028;Delmenhorst - Wesermarsch - Oldenburg-Land
034610005005;Jade;028;Delmenhorst - Wesermarsch - Oldenburg-Land
034610006006;Lemwerder;028;Delmenhorst - Wesermarsch - Oldenburg-Land
034610007007;Nordenham, Stadt;028;Delmenhorst - Wesermarsch - Oldenburg-Land
034610008008;Ovelgönne;028;Delmenhorst - Wesermarsch - Oldenburg-Land
034610009009;Stadland;028;Delmenhorst - Wesermarsch - Oldenburg-Land
034620005005;Friedeburg;026;Friesland - Wilhelmshaven - Wittmund
034620007007;Langeoog;026;Friesland - Wilhelmshaven - Wittmund
034620014014;Spiekeroog;026;Friesland - Wilhelmshaven - Wittmund
034620019019;Wittmund, Stadt;026;Friesland - Wilhelmshaven - Wittmund
034625401002;Dunum;026;Friesland - Wilhelmshaven - Wittmund
034625401003;Esens, Stadt;026;Friesland - Wilhelmshaven - Wittmund
034625401006;Holtgast;026;Friesland - Wilhelmshaven - Wittmund
034625401008;Moorweg;026;Friesland - Wilhelmshaven - Wittmund
034625401010;Neuharlingersiel;026;Friesland - Wilhelmshaven - Wittmund
034625401015;Stedesdorf;026;Friesland - Wilhelmshaven - Wittmund
034625401017;Werdum;026;Friesland - Wilhelmshaven - Wittmund
034625402001;Blomberg;026;Friesland - Wilhelmshaven - Wittmund
034625402004;Eversmeer;026;Friesland - Wilhelmshaven - Wittmund
034625402009;Nenndorf;026;Friesland - Wilhelmshaven - Wittmund
034625402011;Neuschoo;026;Friesland - Wilhelmshaven - Wittmund
034625402012;Ochtersum;026;Friesland - Wilhelmshaven - Wittmund
034625402013;Schweindorf;026;Friesland - Wilhelmshaven - Wittmund
034625402016;Utarp;026;Friesland - Wilhelmshaven - Wittmund
034625402018;Westerholt;026;Friesland - Wilhelmshaven - Wittmund
040110000000;Bremen, Stadt;055;Bremen II - Bremerhaven
040110000000;Bremen, Stadt;054;Bremen I
040120000000;Bremerhaven, Stadt;055;Bremen II - Bremerhaven
051110000000;Düsseldorf, Stadt;107;Düsseldorf II
051110000000;Düsseldorf, Stadt;106;Düsseldorf I
051120000000;Duisburg, Stadt;115;Duisburg I
051120000000;Duisburg, Stadt;116;Duisburg II
051130000000;Essen, Stadt;120;Essen III
051130000000;Essen, Stadt;119;Essen II
051130000000;Essen, Stadt;118;Mülheim - Essen I
051140000000;Krefeld, Stadt;110;Krefeld I - Neuss II
051140000000;Krefeld, Stadt;114;Krefeld II - Wesel II
051160000000;Mönchengladbach, Stadt;109;Mönchengladbach
051170000000;Mülheim an der Ruhr, Stadt;118;Mülheim - Essen I
051190000000;Oberhausen, Stadt;117;Oberhausen - Wesel III
051200000000;Remscheid, Stadt;103;Solingen - Remscheid - Wuppertal II
051220000000;Solingen, Klingenstadt;103;Solingen - Remscheid - Wuppertal II
051240000000;Wuppertal, Stadt;102;Wuppertal I
051240000000;Wuppertal, Stadt;103;Solingen - Remscheid - Wuppertal II
051540004004;Bedburg-Hau;112;Kleve
051540008008;Emmerich am Rhein, Stadt;112;Kleve
051540012012;Geldern, Stadt;112;Kleve
051540016016;Goch, Stadt;112;Kleve
051540020020;Issum;112;Kleve
051540024024;Kalkar, Stadt;112;Kleve
051540028028;Kerken;112;Kleve
051540032032;Kevelaer, Stadt;112;Kleve
051540036036;Kleve, Stadt;112;Kleve
051540040040;Kranenburg;112;Kleve
051540044044;Rees, Stadt;112;Kleve
051540048048;Rheurdt;112;Kleve
051540052052;Straelen, Stadt;112;Kleve
051540056056;Uedem;112;Kleve
051540060060;Wachtendonk;112;Kleve
051540064064;Weeze;112;Kleve
051580004004;Erkrath, Fundort des Neanderthalers, Stadt;104;Mettmann I
051580008008;Haan, Stadt;104;Mettmann I
051580012012;Heiligenhaus, Stadt;105;Mettmann II
051580016016;Hilden, Stadt;104;Mettmann I
051580020020;Langenfeld (Rheinland), Stadt;104;Mettmann I
051580024024;Mettmann, Stadt;104;Mettmann I
051580026026;Monheim am Rhein, Stadt;104;Mettmann I
051580028028;Ratingen, Stadt;105;Mettmann II
051580032032;Velbert, Stadt;105;Mettmann II
051580036036;Wülfrath, Stadt;105;Mettmann II
051620004004;Dormagen, Stadt;108;Neuss I
051620008008;Grevenbroich, Stadt;108;Neuss I
051620012012;Jüchen, Stadt;110;Krefeld I - Neuss II
051620016016;Kaarst, Stadt;110;Krefeld I - Neuss II
051620020020;Korschenbroich, Stadt;110;Krefeld I - Neuss II
051620022022;Meerbusch, Stadt;110;Krefeld I - Neuss II
051620024024;Neuss, Stadt;108;Neuss I
051620028028;Rommerskirchen;108;Neuss I
051660004004;Brüggen, Burggemeinde;111;Viersen
051660008008;Grefrath, Sport- und Freizeitgemeinde;111;Viersen
051660012012;Kempen, Stadt;111;Viersen
051660016016;Nettetal, Stadt;111;Viersen
051660020020;Niederkrüchten;111;Viersen
051660024024;Schwalmtal;111;Viersen
051660028028;Tönisvorst, Stadt;111;Viersen
051660032032;Viersen, Stadt;111;Viersen
051660036036;Willich, Stadt;111;Viersen
051700004004;Alpen;113;Wesel I
051700008008;Dinslaken, Stadt;117;Oberhausen - Wesel III
051700012012;Hamminkeln, Stadt;113;Wesel I
051700016016;Hünxe;113;Wesel I
051700020020;Kamp-Lintfort, Stadt;113;Wesel I
051700024024;Moers, Stadt;114;Krefeld II - Wesel II
051700028028;Neukirchen-Vluyn, Stadt;114;Krefeld II - Wesel II
051700032032;Rheinberg, Stadt;113;Wesel I
051700036036;Schermbeck;113;Wesel I
051700040040;Sonsbeck;113;Wesel I
051700044044;Voerde (Niederrhein), Stadt;113;Wesel I
051700048048;Wesel, Stadt;113;Wesel I
051700052052;Xanten, Stadt;113;Wesel I
053140000000;Bonn, Stadt;096;Bonn
053150000000;Köln, Stadt;101;Leverkusen - Köln IV
053150000000;Köln, Stadt;094;Köln II
053150000000;Köln, Stadt;095;Köln III
053150000000;Köln, Stadt;093;Köln I
053160000000;Leverkusen, Stadt;101;Leverkusen - Köln IV
053340002002;Aachen, Stadt;087;Aachen I
053340004004;Alsdorf, Stadt;088;Aachen II
053340008008;Baesweiler, Stadt;088;Aachen II
053340012012;Eschweiler, Stadt;088;Aachen II
053340016016;Herzogenrath, Stadt;088;Aachen II
053340020020;Monschau, Stadt;088;Aachen II
053340024024;Roetgen, Tor zur Eifel;088;Aachen II
053340028028;Simmerath;088;Aachen II
053340032032;Stolberg (Rhld.), Kupferstadt;088;Aachen II
053340036036;Würselen, Stadt;088;Aachen II
053580004004;Aldenhoven;090;Düren
053580008008;Düren, Stadt;090;Düren
053580012012;Heimbach, Stadt;090;Düren
053580016016;Hürtgenwald;090;Düren
053580020020;Inden;090;Düren
053580024024;Jülich, Stadt;090;Düren
053580028028;Kreuzau;090;Düren
053580032032;Langerwehe;090;Düren
053580036036;Linnich, Stadt;090;Düren
053580040040;Merzenich;090;Düren
053580044044;Nideggen, Stadt;090;Düren
053580048048;Niederzier;090;Düren
053580052052;Nörvenich;090;Düren
053580056056;Titz;090;Düren
053580060060;Vettweiß;090;Düren
053620004004;Bedburg, Stadt;091;Rhein-Erft-Kreis I
053620008008;Bergheim, Stadt;091;Rhein-Erft-Kreis I
053620012012;Brühl, Stadt;092;Euskirchen - Rhein-Erft-Kreis II
053620016016;Elsdorf, Stadt;091;Rhein-Erft-Kreis I
053620020020;Erftstadt, Stadt;092;Euskirchen - Rhein-Erft-Kreis II
053620024024;Frechen, Stadt;091;Rhein-Erft-Kreis I
053620028028;Hürth, Stadt;091;Rhein-Erft-Kreis I
053620032032;Kerpen, Kolpingstadt;091;Rhein-Erft-Kreis I
053620036036;Pulheim, Stadt;091;Rhein-Erft-Kreis I
053620040040;Wesseling, Stadt;092;Euskirchen - Rhein-Erft-Kreis II
053660004004;Bad Münstereifel, Stadt;092;Euskirchen - Rhein-Erft-Kreis II
053660008008;Blankenheim;092;Euskirchen - Rhein-Erft-Kreis II
053660012012;Dahlem;092;Euskirchen - Rhein-Erft-Kreis II
053660016016;Euskirchen, Stadt;092;Euskirchen - Rhein-Erft-Kreis II
053660020020;Hellenthal;092;Euskirchen - Rhein-Erft-Kreis II
053660024024;Kall;092;Euskirchen - Rhein-Erft-Kreis II
053660028028;Mechernich, Stadt;092;Euskirchen - Rhein-Erft-Kreis II
053660032032;Nettersheim;092;Euskirchen - Rhein-Erft-Kreis II
053660036036;Schleiden, Stadt;092;Euskirchen - Rhein-Erft-Kreis II
053660040040;Weilerswist;092;Euskirchen - Rhein-Erft-Kreis II
053660044044;Zülpich, Stadt;092;Euskirchen - Rhein-Erft-Kreis II
053700004004;Erkelenz, Stadt;089;Heinsberg
053700008008;Gangelt;089;Heinsberg
053700012012;Geilenkirchen, Stadt;089;Heinsberg
053700016016;Heinsberg, Stadt;089;Heinsberg
053700020020;Hückelhoven, Stadt;089;Heinsberg
053700024024;Selfkant;089;Heinsberg
053700028028;Übach-Palenberg, Stadt;089;Heinsberg
053700032032;Waldfeucht;089;Heinsberg
053700036036;Wassenberg, Stadt;089;Heinsberg
053700040040;Wegberg, Stadt;089;Heinsberg
053740004004;Bergneustadt, Stadt;099;Oberbergischer Kreis
053740008008;Engelskirchen;099;Oberbergischer Kreis
053740012012;Gummersbach, Stadt;099;Oberbergischer Kreis
053740016016;Hückeswagen, Schloss-Stadt;099;Oberbergischer Kreis
053740020020;Lindlar;099;Oberbergischer Kreis
053740024024;Marienheide;099;Oberbergischer Kreis
053740028028;Morsbach;099;Oberbergischer Kreis
053740032032;Nümbrecht;099;Oberbergischer Kreis
053740036036;Radevormwald, Stadt auf der Höhe;099;Oberbergischer Kreis
053740040040;Reichshof;099;Oberbergischer Kreis
053740044044;Waldbröl, Stadt;099;Oberbergischer Kreis
053740048048;Wiehl, Stadt;099;Oberbergischer Kreis
053740052052;Wipperfürth, Hansestadt;099;Oberbergischer Kreis
053780004004;Bergisch Gladbach, Stadt;100;Rheinisch-Bergischer Kreis
053780008008;Burscheid, Stadt;100;Rheinisch-Bergischer Kreis
053780012012;Kürten;100;Rheinisch-Bergischer Kreis
053780016016;Leichlingen (Rheinland), Blütenstadt;100;Rheinisch-Bergischer Kreis
053780020020;Odenthal;100;Rheinisch-Bergischer Kreis
053780024024;Overath, Stadt;100;Rheinisch-Bergischer Kreis
053780028028;Rösrath, Stadt;100;Rheinisch-Bergischer Kreis
053780032032;Wermelskirchen, Stadt;100;Rheinisch-Bergischer Kreis
053820004004;Alfter;098;Rhein-Sieg-Kreis II
053820008008;Bad Honnef, Stadt;098;Rhein-Sieg-Kreis II
053820012012;Bornheim, Stadt;098;Rhein-Sieg-Kreis II
053820016016;Eitorf;097;Rhein-Sieg-Kreis I
053820020020;Hennef (Sieg), Stadt;097;Rhein-Sieg-Kreis I
053820024024;Königswinter, Stadt;098;Rhein-Sieg-Kreis II
053820028028;Lohmar, Stadt;097;Rhein-Sieg-Kreis I
053820032032;Meckenheim, Stadt;098;Rhein-Sieg-Kreis II
053820036036;Much;097;Rhein-Sieg-Kreis I
053820040040;Neunkirchen-Seelscheid;097;Rhein-Sieg-Kreis I
053820044044;Niederkassel, Stadt;097;Rhein-Sieg-Kreis I
053820048048;Rheinbach, Stadt;098;Rhein-Sieg-Kreis II
053820052052;Ruppichteroth;097;Rhein-Sieg-Kreis I
053820056056;Sankt Augustin, Stadt;098;Rhein-Sieg-Kreis II
053820060060;Siegburg, Stadt;097;Rhein-Sieg-Kreis I
053820064064;Swisttal;098;Rhein-Sieg-Kreis II
053820068068;Troisdorf, Stadt;097;Rhein-Sieg-Kreis I
053820072072;Wachtberg;098;Rhein-Sieg-Kreis II
053820076076;Windeck;097;Rhein-Sieg-Kreis I
055120000000;Bottrop, Stadt;125;Bottrop - Recklinghausen III
055130000000;Gelsenkirchen, Stadt;123;Gelsenkirchen
055150000000;Münster, Stadt;129;Münster
055540004004;Ahaus, Stadt;124;Steinfurt I - Borken I
055540008008;Bocholt, Stadt;126;Borken II
055540012012;Borken, Stadt;126;Borken II
055540016016;Gescher, Glockenstadt;126;Borken II
055540020020;Gronau (Westf.), Stadt;124;Steinfurt I - Borken I
055540024024;Heek;124;Steinfurt I - Borken I
055540028028;Heiden;126;Borken II
055540032032;Isselburg, Stadt;126;Borken II
055540036036;Legden;124;Steinfurt I - Borken I
055540040040;Raesfeld;126;Borken II
055540044044;Reken;126;Borken II
055540048048;Rhede, Stadt;126;Borken II
055540052052;Schöppingen;124;Steinfurt I - Borken I
055540056056;Stadtlohn, Stadt;126;Borken II
055540060060;Südlohn;126;Borken II
055540064064;Velen, Stadt;126;Borken II
055540068068;Vreden, Stadt;126;Borken II
055580004004;Ascheberg;127;Coesfeld - Steinfurt II
055580008008;Billerbeck, Stadt;127;Coesfeld - Steinfurt II
055580012012;Coesfeld, Stadt;127;Coesfeld - Steinfurt II
055580016016;Dülmen, Stadt;127;Coesfeld - Steinfurt II
055580020020;Havixbeck;127;Coesfeld - Steinfurt II
055580024024;Lüdinghausen, Stadt;127;Coesfeld - Steinfurt II
055580028028;Nordkirchen;127;Coesfeld - Steinfurt II
055580032032;Nottuln;127;Coesfeld - Steinfurt II
055580036036;Olfen, Stadt;127;Coesfeld - Steinfurt II
055580040040;Rosendahl;127;Coesfeld - Steinfurt II
055580044044;Senden;127;Coesfeld - Steinfurt II
055620004004;Castrop-Rauxel, Stadt;121;Recklinghausen I
055620008008;Datteln, Stadt;122;Recklinghausen II
055620012012;Dorsten, Stadt;125;Bottrop - Recklinghausen III
055620014014;Gladbeck, Stadt;125;Bottrop - Recklinghausen III
055620016016;Haltern am See, Stadt;122;Recklinghausen II
055620020020;Herten, Stadt;122;Recklinghausen II
055620024024;Marl, Stadt;122;Recklinghausen II
055620028028;Oer-Erkenschwick, Stadt;122;Recklinghausen II
055620032032;Recklinghausen, Stadt;121;Recklinghausen I
055620036036;Waltrop, Stadt;121;Recklinghausen I
055660004004;Altenberge;127;Coesfeld - Steinfurt II
055660008008;Emsdetten, Stadt;128;Steinfurt III
055660012012;Greven, Stadt;128;Steinfurt III
055660016016;Hörstel, Stadt;128;Steinfurt III
055660020020;Hopsten;128;Steinfurt III
055660024024;Horstmar, Stadt der Burgmannshöfe;124;Steinfurt I - Borken I
055660028028;Ibbenbüren, Stadt;128;Steinfurt III
055660032032;Ladbergen;128;Steinfurt III
055660036036;Laer;127;Coesfeld - Steinfurt II
055660040040;Lengerich, Stadt;128;Steinfurt III
055660044044;Lienen;128;Steinfurt III
055660048048;Lotte;128;Steinfurt III
055660052052;Metelen;124;Steinfurt I - Borken I
055660056056;Mettingen;128;Steinfurt III
055660060060;Neuenkirchen;124;Steinfurt I - Borken I
055660064064;Nordwalde;127;Coesfeld - Steinfurt II
055660068068;Ochtrup, Stadt;124;Steinfurt I - Borken I
055660072072;Recke;128;Steinfurt III
055660076076;Rheine, Stadt;124;Steinfurt I - Borken I
055660080080;Saerbeck, NRW-Klimakommune;128;Steinfurt III
055660084084;Steinfurt, Stadt;124;Steinfurt I - Borken I
055660088088;Tecklenburg, Stadt;128;Steinfurt III
055660092092;Westerkappeln;128;Steinfurt III
055660096096;Wettringen;124;Steinfurt I - Borken I
055700004004;Ahlen, Stadt;130;Warendorf
055700008008;Beckum, Stadt;130;Warendorf
055700012012;Beelen;130;Warendorf
055700016016;Drensteinfurt, Stadt;130;Warendorf
055700020020;Ennigerloh, Stadt;130;Warendorf
055700024024;Everswinkel;130;Warendorf
055700028028;Oelde, Stadt;130;Warendorf
055700032032;Ostbevern;130;Warendorf
055700036036;Sassenberg, Stadt;130;Warendorf
055700040040;Sendenhorst, Stadt;130;Warendorf
055700044044;Telgte, Stadt;130;Warendorf
055700048048;Wadersloh;130;Warendorf
055700052052;Warendorf, Stadt;130;Warendorf
057110000000;Bielefeld, Stadt;132;Bielefeld - Gütersloh II
057540004004;Borgholzhausen, Stadt;131;Gütersloh I
057540008008;Gütersloh, Stadt;131;Gütersloh I
057540012012;Halle (Westf.), Stadt;131;Gütersloh I
057540016016;Harsewinkel, Die Mähdrescherstadt;131;Gütersloh I
057540020020;Herzebrock-Clarholz;131;Gütersloh I
057540024024;Langenberg;131;Gütersloh I
057540028028;Rheda-Wiedenbrück, Stadt;131;Gütersloh I
057540032032;Rietberg, Stadt;131;Gütersloh I
057540036036;Schloß Holte-Stukenbrock, Stadt;136;Höxter - Gütersloh III - Lippe II
057540040040;Steinhagen;131;Gütersloh I
057540044044;Verl, Stadt;131;Gütersloh I
057540048048;Versmold, Stadt;131;Gütersloh I
057540052052;Werther (Westf.), Stadt;132;Bielefeld - Gütersloh II
057580004004;Bünde, Stadt;133;Herford - Minden-Lübbecke II
057580008008;Enger, Widukindstadt;133;Herford - Minden-Lübbecke II
057580012012;Herford, Hansestadt;133;Herford - Minden-Lübbecke II
057580016016;Hiddenhausen;133;Herford - Minden-Lübbecke II
057580020020;Kirchlengern;133;Herford - Minden-Lübbecke II
057580024024;Löhne, Stadt;133;Herford - Minden-Lübbecke II
057580028028;Rödinghausen;133;Herford - Minden-Lübbecke II
057580032032;Spenge, Stadt;133;Herford - Minden-Lübbecke II
057580036036;Vlotho, Stadt;133;Herford - Minden-Lübbecke II
057620004004;Bad Driburg, Stadt;136;Höxter - Gütersloh III - Lippe II
057620008008;Beverungen, Stadt;136;Höxter - Gütersloh III - Lippe II
057620012012;Borgentreich, Orgelstadt;136;Höxter - Gütersloh III - Lippe II
057620016016;Brakel, Stadt;136;Höxter - Gütersloh III - Lippe II
057620020020;Höxter, Stadt;136;Höxter - Gütersloh III - Lippe II
057620024024;Marienmünster, Stadt;136;Höxter - Gütersloh III - Lippe II
057620028028;Nieheim, Stadt;136;Höxter - Gütersloh III - Lippe II
057620032032;Steinheim, Stadt;136;Höxter - Gütersloh III - Lippe II
057620036036;Warburg, Hansestadt;136;Höxter - Gütersloh III - Lippe II
057620040040;Willebadessen, Stadt;136;Höxter - Gütersloh III - Lippe II
057660004004;Augustdorf;136;Höxter - Gütersloh III - Lippe II
057660008008;Bad Salzuflen, Stadt;135;Lippe I
057660012012;Barntrup, Stadt;135;Lippe I
057660016016;Blomberg, Stadt;135;Lippe I
057660020020;Detmold, Stadt;135;Lippe I
057660024024;Dörentrup;135;Lippe I
057660028028;Extertal;135;Lippe I
057660032032;Horn-Bad Meinberg, Stadt;136;Höxter - Gütersloh III - Lippe II
057660036036;Kalletal;135;Lippe I
057660040040;Lage, Stadt;135;Lippe I
057660044044;Lemgo, Stadt;135;Lippe I
057660048048;Leopoldshöhe;135;Lippe I
057660052052;Lügde, Stadt der Osterräder;136;Höxter - Gütersloh III - Lippe II
057660056056;Oerlinghausen, Stadt;135;Lippe I
057660060060;Schieder-Schwalenberg, Stadt;136;Höxter - Gütersloh III - Lippe II
057660064064;Schlangen;136;Höxter - Gütersloh III - Lippe II
057700004004;Bad Oeynhausen, Stadt;133;Herford - Minden-Lübbecke II
057700008008;Espelkamp, Stadt;134;Minden-Lübbecke I
057700012012;Hille;134;Minden-Lübbecke I
057700016016;Hüllhorst;134;Minden-Lübbecke I
057700020020;Lübbecke, Stadt;134;Minden-Lübbecke I
057700024024;Minden, Stadt;134;Minden-Lübbecke I
057700028028;Petershagen, Stadt;134;Minden-Lübbecke I
057700032032;Porta Westfalica, Stadt;134;Minden-Lübbecke I
057700036036;Preußisch Oldendorf, Stadt;134;Minden-Lübbecke I
057700040040;Rahden, Stadt;134;Minden-Lübbecke I
057700044044;Stemwede;134;Minden-Lübbecke I
057740004004;Altenbeken;137;Paderborn
057740008008;Bad Lippspringe, Stadt;137;Paderborn
057740012012;Borchen;137;Paderborn
057740016016;Büren, Stadt;137;Paderborn
057740020020;Delbrück, Stadt;137;Paderborn
057740024024;Hövelhof, Sennegemeinde;137;Paderborn
057740028028;Lichtenau, Stadt;137;Paderborn
057740032032;Paderborn, Stadt;137;Paderborn
057740036036;Salzkotten, Stadt;137;Paderborn
057740040040;Bad Wünnenberg, Stadt;137;Paderborn
059110000000;Bochum, Stadt;141;Herne - Bochum II
059110000000;Bochum, Stadt;140;Bochum I
059130000000;Dortmund, Stadt;142;Dortmund I
059130000000;Dortmund, Stadt;143;Dortmund II
059140000000;Hagen, Stadt der FernUniversität;138;Hagen - Ennepe-Ruhr-Kreis I
059150000000;Hamm, Stadt;145;Hamm - Unna II
059160000000;Herne, Stadt;141;Herne - Bochum II
059540004004;Breckerfeld, Hansestadt;138;Hagen - Ennepe-Ruhr-Kreis I
059540008008;Ennepetal, Stadt der Kluterthöhle;138;Hagen - Ennepe-Ruhr-Kreis I
059540012012;Gevelsberg, Stadt;138;Hagen - Ennepe-Ruhr-Kreis I
059540016016;Hattingen, Stadt;139;Ennepe-Ruhr-Kreis II
059540020020;Herdecke, Stadt;139;Ennepe-Ruhr-Kreis II
059540024024;Schwelm, Stadt;138;Hagen - Ennepe-Ruhr-Kreis I
059540028028;Sprockhövel, Stadt;139;Ennepe-Ruhr-Kreis II
059540032032;Wetter (Ruhr), Stadt;139;Ennepe-Ruhr-Kreis II
059540036036;Witten, Stadt;139;Ennepe-Ruhr-Kreis II
059580004004;Arnsberg, Stadt;147;Hochsauerlandkreis
059580008008;Bestwig;147;Hochsauerlandkreis
059580012012;Brilon, Stadt;147;Hochsauerlandkreis
059580016016;Eslohe (Sauerland);147;Hochsauerlandkreis
059580020020;Hallenberg, Stadt;147;Hochsauerlandkreis
059580024024;Marsberg, Stadt;147;Hochsauerlandkreis
059580028028;Medebach, Hansestadt;147;Hochsauerlandkreis
059580032032;Meschede, Kreis- und  Hochschulstadt;147;Hochsauerlandkreis
059580036036;Olsberg, Stadt;147;Hochsauerlandkreis
059580040040;Schmallenberg, Stadt;147;Hochsauerlandkreis
059580044044;Sundern (Sauerland), Stadt;147;Hochsauerlandkreis
059580048048;Winterberg, Stadt;147;Hochsauerlandkreis
059620004004;Altena, Stadt;150;Märkischer Kreis II
059620008008;Balve, Stadt;150;Märkischer Kreis II
059620012012;Halver, Stadt;149;Olpe - Märkischer Kreis I
059620016016;Hemer, Stadt;150;Märkischer Kreis II
059620020020;Herscheid;149;Olpe - Märkischer Kreis I
059620024024;Iserlohn, Stadt;150;Märkischer Kreis II
059620028028;Kierspe, Stadt;149;Olpe - Märkischer Kreis I
059620032032;Lüdenscheid, Stadt;149;Olpe - Märkischer Kreis I
059620036036;Meinerzhagen, Stadt;149;Olpe - Märkischer Kreis I
059620040040;Menden (Sauerland), Stadt;150;Märkischer Kreis II
059620044044;Nachrodt-Wiblingwerde;150;Märkischer Kreis II
059620048048;Neuenrade, Stadt;150;Märkischer Kreis II
059620052052;Plettenberg, Stadt;150;Märkischer Kreis II
059620056056;Schalksmühle;149;Olpe - Märkischer Kreis I
059620060060;Werdohl, Stadt;150;Märkischer Kreis II
059660004004;Attendorn, Hansestadt;149;Olpe - Märkischer Kreis I
059660008008;Drolshagen, Stadt;149;Olpe - Märkischer Kreis I
059660012012;Finnentrop;149;Olpe - Märkischer Kreis I
059660016016;Kirchhundem;149;Olpe - Märkischer Kreis I
059660020020;Lennestadt, Stadt;149;Olpe - Märkischer Kreis I
059660024024;Olpe, Stadt;149;Olpe - Märkischer Kreis I
059660028028;Wenden;149;Olpe - Märkischer Kreis I
059700004004;Bad Berleburg, Stadt;148;Siegen-Wittgenstein
059700008008;Burbach;148;Siegen-Wittgenstein
059700012012;Erndtebrück;148;Siegen-Wittgenstein
059700016016;Freudenberg, Stadt;148;Siegen-Wittgenstein
059700020020;Hilchenbach, Stadt;148;Siegen-Wittgenstein
059700024024;Kreuztal, Stadt;148;Siegen-Wittgenstein
059700028028;Bad Laasphe, Stadt;148;Siegen-Wittgenstein
059700032032;Netphen, Stadt;148;Siegen-Wittgenstein
059700036036;Neunkirchen;148;Siegen-Wittgenstein
059700040040;Siegen, Universitätsstadt;148;Siegen-Wittgenstein
059700044044;Wilnsdorf;148;Siegen-Wittgenstein
059740004004;Anröchte;146;Soest
059740008008;Bad Sassendorf;146;Soest
059740012012;Ense;146;Soest
059740016016;Erwitte, Stadt;146;Soest
059740020020;Geseke, Stadt;146;Soest
059740024024;Lippetal;146;Soest
059740028028;Lippstadt, Stadt;146;Soest
059740032032;Möhnesee;146;Soest
059740036036;Rüthen, Stadt;146;Soest
059740040040;Soest, Stadt;146;Soest
059740044044;Warstein, Stadt;146;Soest
059740048048;Welver;146;Soest
059740052052;Werl, Stadt;146;Soest
059740056056;Wickede (Ruhr);146;Soest
059780004004;Bergkamen, Stadt;144;Unna I
059780008008;Bönen;144;Unna I
059780012012;Fröndenberg/Ruhr, Stadt;144;Unna I
059780016016;Holzwickede;144;Unna I
059780020020;Kamen, Stadt;144;Unna I
059780024024;Lünen, Stadt;145;Hamm - Unna II
059780028028;Schwerte, Hansestadt an der Ruhr;144;Unna I
059780032032;Selm, Stadt;145;Hamm - Unna II
059780036036;Unna, Stadt;144;Unna I
059780040040;Werne, Stadt;145;Hamm - Unna II
064110000000;Darmstadt, Wissenschaftsstadt;186;Darmstadt
064120000000;Frankfurt am Main, Stadt;183;Frankfurt am Main II
064120000000;Frankfurt am Main, Stadt;182;Frankfurt am Main I
064130000000;Offenbach am Main, Stadt;185;Offenbach
064140000000;Wiesbaden, Landeshauptstadt;179;Wiesbaden
064310001001;Abtsteinach;188;Bergstraße
064310002002;Bensheim, Stadt;188;Bergstraße
064310003003;Biblis;188;Bergstraße
064310004004;Birkenau;188;Bergstraße
064310005005;Bürstadt, Stadt;188;Bergstraße
064310006006;Einhausen;188;Bergstraße
064310007007;Fürth;188;Bergstraße
064310008008;Gorxheimertal;188;Bergstraße
064310009009;Grasellenbach;188;Bergstraße
064310010010;Groß-Rohrheim;188;Bergstraße
064310011011;Heppenheim (Bergstraße), Kreisstadt;188;Bergstraße
064310012012;Hirschhorn (Neckar), Stadt;188;Bergstraße
064310013013;Lampertheim, Stadt;188;Bergstraße
064310014014;Lautertal (Odenwald);188;Bergstraße
064310015015;Lindenfels, Stadt;188;Bergstraße
064310016016;Lorsch, Karolingerstadt;188;Bergstraße
064310017017;Mörlenbach;188;Bergstraße
064310018018;Neckarsteinach, Stadt;188;Bergstraße
064310019019;Rimbach;188;Bergstraße
064310020020;Viernheim, Stadt;188;Bergstraße
064310021021;Wald-Michelbach;188;Bergstraße
064310022022;Zwingenberg, Stadt;188;Bergstraße
064319200200;Michelbuch, gemfr. Gebiet;188;Bergstraße
064320001001;Alsbach-Hähnlein;186;Darmstadt
064320002002;Babenhausen, Stadt;187;Odenwald
064320003003;Bickenbach;186;Darmstadt
064320004004;Dieburg, Stadt;187;Odenwald
064320005005;Eppertshausen;186;Darmstadt
064320006006;Erzhausen;186;Darmstadt
064320007007;Fischbachtal;187;Odenwald
064320008008;Griesheim, Stadt;186;Darmstadt
064320009009;Groß-Bieberau, Stadt;187;Odenwald
064320010010;Groß-Umstadt, Stadt;187;Odenwald
064320011011;Groß-Zimmern;187;Odenwald
064320012012;Messel;186;Darmstadt
064320013013;Modautal;186;Darmstadt
064320014014;Mühltal;186;Darmstadt
064320015015;Münster (Hessen);186;Darmstadt
064320016016;Ober-Ramstadt, Stadt;186;Darmstadt
064320017017;Otzberg;187;Odenwald
064320018018;Pfungstadt, Stadt;186;Darmstadt
064320019019;Reinheim, Stadt;187;Odenwald
064320020020;Roßdorf;186;Darmstadt
064320021021;Schaafheim;187;Odenwald
064320022022;Seeheim-Jugenheim;186;Darmstadt
064320023023;Weiterstadt, Stadt;186;Darmstadt
064330001001;Biebesheim am Rhein;184;Groß-Gerau
064330002002;Bischofsheim;184;Groß-Gerau
064330003003;Büttelborn;184;Groß-Gerau
064330004004;Gernsheim, Schöfferstadt;184;Groß-Gerau
064330005005;Ginsheim-Gustavsburg, Stadt;184;Groß-Gerau
064330006006;Groß-Gerau, Stadt;184;Groß-Gerau
064330007007;Kelsterbach, Stadt;184;Groß-Gerau
064330008008;Mörfelden-Walldorf, Stadt;184;Groß-Gerau
064330009009;Nauheim;184;Groß-Gerau
064330010010;Raunheim, Stadt;184;Groß-Gerau
064330011011;Riedstadt, Büchnerstadt;184;Groß-Gerau
064330012012;Rüsselsheim am Main, Stadt;184;Groß-Gerau
064330013013;Stockstadt am Rhein;184;Groß-Gerau
064330014014;Trebur;184;Groß-Gerau
064340001001;Bad Homburg v. d. Höhe, Stadt;176;Hochtaunus
064340002002;Friedrichsdorf, Stadt;176;Hochtaunus
064340003003;Glashütten;176;Hochtaunus
064340004004;Grävenwiesbach;176;Hochtaunus
064340005005;Königstein im Taunus, Stadt;181;Main-Taunus
064340006006;Kronberg im Taunus, Stadt;181;Main-Taunus
064340007007;Neu-Anspach, Stadt;176;Hochtaunus
064340008008;Oberursel (Taunus), Stadt;176;Hochtaunus
064340009009;Schmitten;176;Hochtaunus
064340010010;Steinbach (Taunus), Stadt;181;Main-Taunus
064340011011;Usingen, Stadt;176;Hochtaunus
064340012012;Wehrheim;176;Hochtaunus
064340013013;Weilrod;176;Hochtaunus
064350001001;Bad Orb, Stadt;175;Main-Kinzig - Wetterau II - Schotten
064350002002;Bad Soden-Salmünster, Stadt;175;Main-Kinzig - Wetterau II - Schotten
064350003003;Biebergemünd;175;Main-Kinzig - Wetterau II - Schotten
064350004004;Birstein;175;Main-Kinzig - Wetterau II - Schotten
064350005005;Brachttal;175;Main-Kinzig - Wetterau II - Schotten
064350006006;Bruchköbel, Stadt;180;Hanau
064350007007;Erlensee, Stadt;180;Hanau
064350008008;Flörsbachtal;175;Main-Kinzig - Wetterau II - Schotten
064350009009;Freigericht;175;Main-Kinzig - Wetterau II - Schotten
064350010010;Gelnhausen, Barbarossast., Krst.;175;Main-Kinzig - Wetterau II - Schotten
064350011011;Großkrotzenburg;180;Hanau
064350012012;Gründau;175;Main-Kinzig - Wetterau II - Schotten
064350013013;Hammersbach;180;Hanau
064350014014;Hanau, Brüder-Grimm-Stadt;180;Hanau
064350015015;Hasselroth;180;Hanau
064350016016;Jossgrund;175;Main-Kinzig - Wetterau II - Schotten
064350017017;Langenselbold, Stadt;180;Hanau
064350018018;Linsengericht;175;Main-Kinzig - Wetterau II - Schotten
064350019019;Maintal, Stadt;180;Hanau
064350020020;Neuberg;180;Hanau
064350021021;Nidderau, Stadt;180;Hanau
064350022022;Niederdorfelden;180;Hanau
064350023023;Rodenbach;180;Hanau
064350024024;Ronneburg;180;Hanau
064350025025;Schlüchtern, Stadt;175;Main-Kinzig - Wetterau II - Schotten
064350026026;Schöneck;180;Hanau
064350027027;Sinntal;175;Main-Kinzig - Wetterau II - Schotten
064350028028;Steinau an der Straße, Brüder-Grimm-Stadt;175;Main-Kinzig - Wetterau II - Schotten
064350029029;Wächtersbach, Stadt;175;Main-Kinzig - Wetterau II - Schotten
064359200200;Gutsbezirk Spessart, gemfr. Gebiet;175;Main-Kinzig - Wetterau II - Schotten
064360001001;Bad Soden am Taunus, Stadt;181;Main-Taunus
064360002002;Eppstein, Stadt;181;Main-Taunus
064360003003;Eschborn, Stadt;181;Main-Taunus
064360004004;Flörsheim am Main, Stadt;181;Main-Taunus
064360005005;Hattersheim am Main, Stadt;181;Main-Taunus
064360006006;Hochheim am Main, Stadt;181;Main-Taunus
064360007007;Hofheim am Taunus, Kreisstadt;181;Main-Taunus
064360008008;Kelkheim (Taunus), Stadt;181;Main-Taunus
064360009009;Kriftel;181;Main-Taunus
064360010010;Liederbach am Taunus;181;Main-Taunus
064360011011;Schwalbach am Taunus, Stadt;181;Main-Taunus
064360012012;Sulzbach (Taunus);181;Main-Taunus
064370001001;Bad König, Stadt;187;Odenwald
064370003003;Brensbach;187;Odenwald
064370004004;Breuberg, Stadt;187;Odenwald
064370005005;Brombachtal;187;Odenwald
064370006006;Erbach, Kreisstadt;187;Odenwald
064370007007;Fränkisch-Crumbach;187;Odenwald
064370009009;Höchst i. Odw.;187;Odenwald
064370010010;Lützelbach;187;Odenwald
064370011011;Michelstadt, Stadt;187;Odenwald
064370012012;Mossautal;187;Odenwald
064370013013;Reichelsheim (Odenwald);187;Odenwald
064370016016;Oberzent, Stadt;187;Odenwald
064380001001;Dietzenbach, Kreisstadt;185;Offenbach
064380002002;Dreieich, Stadt;185;Offenbach
064380003003;Egelsbach;185;Offenbach
064380004004;Hainburg;187;Odenwald
064380005005;Heusenstamm, Stadt;185;Offenbach
064380006006;Langen (Hessen), Stadt;185;Offenbach
064380007007;Mainhausen;187;Odenwald
064380008008;Mühlheim am Main, Stadt;185;Offenbach
064380009009;Neu-Isenburg, Stadt;185;Offenbach
064380010010;Obertshausen, Stadt;185;Offenbach
064380011011;Rodgau, Stadt;187;Odenwald
064380012012;Rödermark, Stadt;187;Odenwald
064380013013;Seligenstadt, Einhardstadt;187;Odenwald
064390001001;Aarbergen;178;Rheingau-Taunus - Limburg
064390002002;Bad Schwalbach, Kreisstadt;178;Rheingau-Taunus - Limburg
064390003003;Eltville am Rhein, Stadt;178;Rheingau-Taunus - Limburg
064390004004;Geisenheim, Hochschulstadt;178;Rheingau-Taunus - Limburg
064390005005;Heidenrod;178;Rheingau-Taunus - Limburg
064390006006;Hohenstein;178;Rheingau-Taunus - Limburg
064390007007;Hünstetten;178;Rheingau-Taunus - Limburg
064390008008;Idstein, Hochschulstadt;178;Rheingau-Taunus - Limburg
064390009009;Kiedrich;178;Rheingau-Taunus - Limburg
064390010010;Lorch, Stadt;178;Rheingau-Taunus - Limburg
064390011011;Niedernhausen;178;Rheingau-Taunus - Limburg
064390012012;Oestrich-Winkel, Stadt;178;Rheingau-Taunus - Limburg
064390013013;Rüdesheim am Rhein, Stadt;178;Rheingau-Taunus - Limburg
064390014014;Schlangenbad;178;Rheingau-Taunus - Limburg
064390015015;Taunusstein, Stadt;178;Rheingau-Taunus - Limburg
064390016016;Waldems;178;Rheingau-Taunus - Limburg
064390017017;Walluf;178;Rheingau-Taunus - Limburg
064400001001;Altenstadt;175;Main-Kinzig - Wetterau II - Schotten
064400002002;Bad Nauheim, Stadt;177;Wetterau I
064400003003;Bad Vilbel, Stadt;177;Wetterau I
064400004004;Büdingen, Stadt;175;Main-Kinzig - Wetterau II - Schotten
064400005005;Butzbach, Friedrich-Ludwig-Weidig-Stadt;177;Wetterau I
064400006006;Echzell;177;Wetterau I
064400007007;Florstadt, Stadt;177;Wetterau I
064400008008;Friedberg (Hessen), Kreisstadt;177;Wetterau I
064400009009;Gedern, Stadt;175;Main-Kinzig - Wetterau II - Schotten
064400010010;Glauburg;175;Main-Kinzig - Wetterau II - Schotten
064400011011;Hirzenhain;175;Main-Kinzig - Wetterau II - Schotten
064400012012;Karben, Stadt;177;Wetterau I
064400013013;Kefenrod;175;Main-Kinzig - Wetterau II - Schotten
064400014014;Limeshain;175;Main-Kinzig - Wetterau II - Schotten
064400015015;Münzenberg, Stadt;177;Wetterau I
064400016016;Nidda, Stadt;177;Wetterau I
064400017017;Niddatal, Stadt;177;Wetterau I
064400018018;Ober-Mörlen;177;Wetterau I
064400019019;Ortenberg, Stadt;175;Main-Kinzig - Wetterau II - Schotten
064400020020;Ranstadt;177;Wetterau I
064400021021;Reichelsheim (Wetterau), Stadt;177;Wetterau I
064400022022;Rockenberg;177;Wetterau I
064400023023;Rosbach v. d. Höhe, Stadt;177;Wetterau I
064400024024;Wölfersheim;177;Wetterau I
064400025025;Wöllstadt;177;Wetterau I
065310001001;Allendorf (Lumda), Stadt;173;Gießen
065310002002;Biebertal;172;Lahn-Dill
065310003003;Buseck;173;Gießen
065310004004;Fernwald;173;Gießen
065310005005;Gießen, Universitätsstadt;173;Gießen
065310006006;Grünberg, Stadt;173;Gießen
065310007007;Heuchelheim a. d. Lahn;173;Gießen
065310008008;Hungen, Stadt;173;Gießen
065310009009;Langgöns;173;Gießen
065310010010;Laubach, Stadt;173;Gießen
065310011011;Lich, Stadt;173;Gießen
065310012012;Linden, Stadt;173;Gießen
065310013013;Lollar, Stadt;173;Gießen
065310014014;Pohlheim, Stadt;173;Gießen
065310015015;Rabenau;173;Gießen
065310016016;Reiskirchen;173;Gießen
065310017017;Staufenberg, Stadt;173;Gießen
065310018018;Wettenberg;172;Lahn-Dill
065320001001;Aßlar, Stadt;172;Lahn-Dill
065320002002;Bischoffen;172;Lahn-Dill
065320003003;Braunfels, Stadt;172;Lahn-Dill
065320004004;Breitscheid;172;Lahn-Dill
065320005005;Dietzhölztal;172;Lahn-Dill
065320006006;Dillenburg, Oranienstadt;172;Lahn-Dill
065320007007;Driedorf;172;Lahn-Dill
065320008008;Ehringshausen;172;Lahn-Dill
065320009009;Eschenburg;172;Lahn-Dill
065320010010;Greifenstein;172;Lahn-Dill
065320011011;Haiger, Stadt;172;Lahn-Dill
065320012012;Herborn, Stadt;172;Lahn-Dill
065320013013;Hohenahr;172;Lahn-Dill
065320014014;Hüttenberg;172;Lahn-Dill
065320015015;Lahnau;172;Lahn-Dill
065320016016;Leun, Stadt;172;Lahn-Dill
065320017017;Mittenaar;172;Lahn-Dill
065320018018;Schöffengrund;172;Lahn-Dill
065320019019;Siegbach;172;Lahn-Dill
065320020020;Sinn;172;Lahn-Dill
065320021021;Solms, Stadt;172;Lahn-Dill
065320022022;Waldsolms;172;Lahn-Dill
065320023023;Wetzlar, Stadt;172;Lahn-Dill
065330001001;Beselich;176;Hochtaunus
065330002002;Brechen;178;Rheingau-Taunus - Limburg
065330003003;Bad Camberg, Stadt;178;Rheingau-Taunus - Limburg
065330004004;Dornburg;178;Rheingau-Taunus - Limburg
065330005005;Elbtal;178;Rheingau-Taunus - Limburg
065330006006;Elz;178;Rheingau-Taunus - Limburg
065330007007;Hadamar, Stadt;178;Rheingau-Taunus - Limburg
065330008008;Hünfelden;178;Rheingau-Taunus - Limburg
065330009009;Limburg a.d. Lahn, Kreisstadt;178;Rheingau-Taunus - Limburg
065330010010;Löhnberg;176;Hochtaunus
065330011011;Mengerskirchen, Marktflecken;176;Hochtaunus
065330012012;Merenberg, Marktflecken;176;Hochtaunus
065330013013;Runkel, Stadt;176;Hochtaunus
065330014014;Selters (Taunus);178;Rheingau-Taunus - Limburg
065330015015;Villmar, Marktflecken;176;Hochtaunus
065330016016;Waldbrunn (Westerwald);178;Rheingau-Taunus - Limburg
065330017017;Weilburg, Stadt;176;Hochtaunus
065330018018;Weilmünster, Marktflecken;176;Hochtaunus
065330019019;Weinbach;176;Hochtaunus
065340001001;Amöneburg, Stadt;171;Marburg
065340002002;Angelburg;171;Marburg
065340003003;Bad Endbach;171;Marburg
065340004004;Biedenkopf, Stadt;171;Marburg
065340005005;Breidenbach;171;Marburg
065340006006;Cölbe;171;Marburg
065340007007;Dautphetal;171;Marburg
065340008008;Ebsdorfergrund;171;Marburg
065340009009;Fronhausen;171;Marburg
065340010010;Gladenbach, Stadt;171;Marburg
065340011011;Kirchhain, Stadt;171;Marburg
065340012012;Lahntal;171;Marburg
065340013013;Lohra;171;Marburg
065340014014;Marburg, Universitätsstadt;171;Marburg
065340015015;Münchhausen;171;Marburg
065340016016;Neustadt (Hessen), Stadt;171;Marburg
065340017017;Rauschenberg, Stadt;171;Marburg
065340018018;Stadtallendorf, Stadt;171;Marburg
065340019019;Steffenberg;171;Marburg
065340020020;Weimar (Lahn);171;Marburg
065340021021;Wetter (Hessen), Stadt;171;Marburg
065340022022;Wohratal;171;Marburg
065350001001;Alsfeld, Stadt;173;Gießen
065350002002;Antrifttal;173;Gießen
065350003003;Feldatal;173;Gießen
065350004004;Freiensteinau;174;Fulda
065350005005;Gemünden (Felda);173;Gießen
065350006006;Grebenau, Stadt;174;Fulda
065350007007;Grebenhain;174;Fulda
065350008008;Herbstein, Stadt;174;Fulda
065350009009;Homberg (Ohm), Stadt;173;Gießen
065350010010;Kirtorf, Stadt;173;Gießen
065350011011;Lauterbach (Hessen), Kreisstadt;174;Fulda
065350012012;Lautertal (Vogelsberg);174;Fulda
065350013013;Mücke;173;Gießen
065350014014;Romrod, Stadt;173;Gießen
065350015015;Schlitz, Stadt;174;Fulda
065350016016;Schotten, Stadt;175;Main-Kinzig - Wetterau II - Schotten
065350017017;Schwalmtal;174;Fulda
065350018018;Ulrichstein, Stadt;174;Fulda
065350019019;Wartenberg;174;Fulda
066110000000;Kassel, documenta-Stadt;168;Kassel
066310001001;Bad Salzschlirf;174;Fulda
066310002002;Burghaun, Marktgemeinde;174;Fulda
066310003003;Dipperz;174;Fulda
066310004004;Ebersburg;174;Fulda
066310005005;Ehrenberg (Rhön);174;Fulda
066310006006;Eichenzell;174;Fulda
066310007007;Eiterfeld, Marktgemeinde;174;Fulda
066310008008;Flieden;174;Fulda
066310009009;Fulda, Stadt;174;Fulda
066310010010;Gersfeld (Rhön), Stadt;174;Fulda
066310011011;Großenlüder;174;Fulda
066310012012;Hilders, Marktgemeinde;174;Fulda
066310013013;Hofbieber;174;Fulda
066310014014;Hosenfeld;174;Fulda
066310015015;Hünfeld, Konrad-Zuse-Stadt;174;Fulda
066310016016;Kalbach;174;Fulda
066310017017;Künzell;174;Fulda
066310018018;Neuhof;174;Fulda
066310019019;Nüsttal;174;Fulda
066310020020;Petersberg;174;Fulda
066310021021;Poppenhausen (Wasserkuppe);174;Fulda
066310022022;Rasdorf, Point-Alpha-Gemeinde;174;Fulda
066310023023;Tann (Rhön), Stadt;174;Fulda
066320001001;Alheim;169;Werra-Meißner - Hersfeld-Rotenburg
066320002002;Bad Hersfeld, Kreisstadt;169;Werra-Meißner - Hersfeld-Rotenburg
066320003003;Bebra, Stadt;169;Werra-Meißner - Hersfeld-Rotenburg
066320004004;Breitenbach a. Herzberg;169;Werra-Meißner - Hersfeld-Rotenburg
066320005005;Cornberg;169;Werra-Meißner - Hersfeld-Rotenburg
066320006006;Friedewald;169;Werra-Meißner - Hersfeld-Rotenburg
066320007007;Hauneck;169;Werra-Meißner - Hersfeld-Rotenburg
066320008008;Haunetal;169;Werra-Meißner - Hersfeld-Rotenburg
066320009009;Heringen (Werra), Stadt;169;Werra-Meißner - Hersfeld-Rotenburg
066320010010;Hohenroda;169;Werra-Meißner - Hersfeld-Rotenburg
066320011011;Kirchheim;169;Werra-Meißner - Hersfeld-Rotenburg
066320012012;Ludwigsau;169;Werra-Meißner - Hersfeld-Rotenburg
066320013013;Nentershausen;169;Werra-Meißner - Hersfeld-Rotenburg
066320014014;Neuenstein;169;Werra-Meißner - Hersfeld-Rotenburg
066320015015;Niederaula, Marktgemeinde;169;Werra-Meißner - Hersfeld-Rotenburg
066320016016;Philippsthal (Werra), Marktgemeinde;169;Werra-Meißner - Hersfeld-Rotenburg
066320017017;Ronshausen;169;Werra-Meißner - Hersfeld-Rotenburg
066320018018;Rotenburg a. d. Fulda, Stadt;169;Werra-Meißner - Hersfeld-Rotenburg
066320019019;Schenklengsfeld;169;Werra-Meißner - Hersfeld-Rotenburg
066320020020;Wildeck;169;Werra-Meißner - Hersfeld-Rotenburg
066330001001;Ahnatal;168;Kassel
066330002002;Bad Karlshafen, Stadt;167;Waldeck
066330003003;Baunatal, Stadt;167;Waldeck
066330004004;Breuna;167;Waldeck
066330005005;Calden;167;Waldeck
066330006006;Bad Emstal;167;Waldeck
066330007007;Espenau;168;Kassel
066330008008;Fuldabrück;168;Kassel
066330009009;Fuldatal;168;Kassel
066330010010;Grebenstein, Stadt;167;Waldeck
066330011011;Habichtswald;167;Waldeck
066330012012;Helsa;168;Kassel
066330013013;Hofgeismar, Stadt;167;Waldeck
066330014014;Immenhausen, Stadt;167;Waldeck
066330015015;Kaufungen;168;Kassel
066330016016;Liebenau, Stadt;167;Waldeck
066330017017;Lohfelden;168;Kassel
066330018018;Naumburg, Stadt;167;Waldeck
066330019019;Nieste;168;Kassel
066330020020;Niestetal;168;Kassel
066330022022;Reinhardshagen;167;Waldeck
066330023023;Schauenburg;167;Waldeck
066330024024;Söhrewald;168;Kassel
066330025025;Trendelburg, Stadt;167;Waldeck
066330026026;Vellmar, Stadt;168;Kassel
066330028028;Wolfhagen, Hans-Staden-Stadt;167;Waldeck
066330029029;Zierenberg, Stadt;167;Waldeck
066330030030;Wesertal;167;Waldeck
066339200200;Gutsbezirk Reinhardswald, gemfr. Gebiet;167;Waldeck
066340001001;Borken (Hessen), Stadt;170;Schwalm-Eder
066340002002;Edermünde;170;Schwalm-Eder
066340003003;Felsberg, Stadt;170;Schwalm-Eder
066340004004;Frielendorf, Marktflecken;170;Schwalm-Eder
066340005005;Fritzlar, Dom- und Kaiserstadt;170;Schwalm-Eder
066340006006;Gilserberg;170;Schwalm-Eder
066340007007;Gudensberg, Stadt;170;Schwalm-Eder
066340008008;Guxhagen;170;Schwalm-Eder
066340009009;Homberg (Efze), Reformationsstadt, Kreisstadt;170;Schwalm-Eder
066340010010;Jesberg;170;Schwalm-Eder
066340011011;Knüllwald;170;Schwalm-Eder
066340012012;Körle;170;Schwalm-Eder
066340013013;Malsfeld;170;Schwalm-Eder
066340014014;Melsungen, Stadt;170;Schwalm-Eder
066340015015;Morschen;170;Schwalm-Eder
066340016016;Neuental;170;Schwalm-Eder
066340017017;Neukirchen, Stadt;170;Schwalm-Eder
066340018018;Niedenstein, Stadt;170;Schwalm-Eder
066340019019;Oberaula;170;Schwalm-Eder
066340020020;Ottrau;170;Schwalm-Eder
066340021021;Schrecksbach;170;Schwalm-Eder
066340022022;Schwalmstadt, Konfirmationsstadt;170;Schwalm-Eder
066340023023;Schwarzenborn, Stadt;170;Schwalm-Eder
066340024024;Spangenberg, Liebenbachstadt;170;Schwalm-Eder
066340025025;Wabern;170;Schwalm-Eder
066340026026;Willingshausen;170;Schwalm-Eder
066340027027;Bad Zwesten;170;Schwalm-Eder
066350001001;Allendorf (Eder);170;Schwalm-Eder
066350002002;Bad Arolsen, Stadt;167;Waldeck
066350003003;Bad Wildungen, Stadt;167;Waldeck
066350004004;Battenberg (Eder), Stadt;170;Schwalm-Eder
066350005005;Bromskirchen;170;Schwalm-Eder
066350006006;Burgwald;170;Schwalm-Eder
066350007007;Diemelsee;167;Waldeck
066350008008;Diemelstadt, Stadt;167;Waldeck
066350009009;Edertal, Nationalparkgemeinde;167;Waldeck
066350010010;Frankenau, Nationalparkstadt;170;Schwalm-Eder
066350011011;Frankenberg (Eder), Philipp-Soldan-Stadt;170;Schwalm-Eder
066350012012;Gemünden (Wohra), Stadt;170;Schwalm-Eder
066350013013;Haina (Kloster);170;Schwalm-Eder
066350014014;Hatzfeld (Eder), Stadt;170;Schwalm-Eder
066350015015;Korbach, Hansestadt, Kreisstadt;167;Waldeck
066350016016;Lichtenfels, Stadt;167;Waldeck
066350017017;Rosenthal, Stadt;170;Schwalm-Eder
066350018018;Twistetal;167;Waldeck
066350019019;Vöhl, Nationalparkgemeinde;170;Schwalm-Eder
066350020020;Volkmarsen, Stadt;167;Waldeck
066350021021;Waldeck, Stadt;167;Waldeck
066350022022;Willingen (Upland);167;Waldeck
066360001001;Bad Sooden-Allendorf, Stadt;169;Werra-Meißner - Hersfeld-Rotenburg
066360002002;Berkatal;169;Werra-Meißner - Hersfeld-Rotenburg
066360003003;Eschwege, Kreisstadt;169;Werra-Meißner - Hersfeld-Rotenburg
066360004004;Großalmerode, Stadt;169;Werra-Meißner - Hersfeld-Rotenburg
066360005005;Herleshausen;169;Werra-Meißner - Hersfeld-Rotenburg
066360006006;Hessisch Lichtenau, Stadt;169;Werra-Meißner - Hersfeld-Rotenburg
066360007007;Meinhard;169;Werra-Meißner - Hersfeld-Rotenburg
066360008008;Meißner;169;Werra-Meißner - Hersfeld-Rotenburg
066360009009;Neu-Eichenberg;169;Werra-Meißner - Hersfeld-Rotenburg
066360010010;Ringgau;169;Werra-Meißner - Hersfeld-Rotenburg
066360011011;Sontra, Stadt;169;Werra-Meißner - Hersfeld-Rotenburg
066360012012;Waldkappel, Stadt;169;Werra-Meißner - Hersfeld-Rotenburg
066360013013;Wanfried, Stadt;169;Werra-Meißner - Hersfeld-Rotenburg
066360014014;Wehretal;169;Werra-Meißner - Hersfeld-Rotenburg
066360015015;Weißenborn;169;Werra-Meißner - Hersfeld-Rotenburg
066360016016;Witzenhausen, Stadt;169;Werra-Meißner - Hersfeld-Rotenburg
066369200200;Gutsbezirk Kaufunger Wald, gemfr. Gebiet;169;Werra-Meißner - Hersfeld-Rotenburg
070009999999;Gemeinsames deutsch-luxemburgisches Hoheitsgebiet;;
071110000000;Koblenz, Stadt;199;Koblenz
071310007007;Bad Neuenahr-Ahrweiler, Stadt;198;Ahrweiler
071310070070;Remagen, Stadt;198;Ahrweiler
071310077077;Sinzig, Stadt;198;Ahrweiler
071310090090;Grafschaft;198;Ahrweiler
071315001001;Adenau, Stadt;198;Ahrweiler
071315001004;Antweiler;198;Ahrweiler
071315001005;Aremberg;198;Ahrweiler
071315001008;Barweiler;198;Ahrweiler
071315001009;Bauler;198;Ahrweiler
071315001015;Dankerath;198;Ahrweiler
071315001018;Dorsel;198;Ahrweiler
071315001021;Eichenbach;198;Ahrweiler
071315001022;Fuchshofen;198;Ahrweiler
071315001026;Harscheid;198;Ahrweiler
071315001028;Herschbroich;198;Ahrweiler
071315001030;Hoffeld;198;Ahrweiler
071315001032;Honerath;198;Ahrweiler
071315001033;Hümmel;198;Ahrweiler
071315001034;Insul;198;Ahrweiler
071315001037;Kaltenborn;198;Ahrweiler
071315001042;Kottenborn;198;Ahrweiler
071315001044;Leimbach;198;Ahrweiler
071315001050;Meuspath;198;Ahrweiler
071315001051;Müllenbach;198;Ahrweiler
071315001052;Müsch;198;Ahrweiler
071315001058;Nürburg;198;Ahrweiler
071315001062;Ohlenhard;198;Ahrweiler
071315001065;Pomster;198;Ahrweiler
071315001066;Quiddelbach;198;Ahrweiler
071315001069;Reifferscheid;198;Ahrweiler
071315001072;Rodder;198;Ahrweiler
071315001074;Schuld;198;Ahrweiler
071315001075;Senscheid;198;Ahrweiler
071315001076;Sierscheid;198;Ahrweiler
071315001079;Trierscheid;198;Ahrweiler
071315001082;Wershofen;198;Ahrweiler
071315001083;Wiesemscheid;198;Ahrweiler
071315001084;Wimbach;198;Ahrweiler
071315001085;Winnerath;198;Ahrweiler
071315001086;Wirft;198;Ahrweiler
071315001501;Dümpelfeld;198;Ahrweiler
071315002002;Ahrbrück;198;Ahrweiler
071315002003;Altenahr;198;Ahrweiler
071315002011;Berg;198;Ahrweiler
071315002017;Dernau;198;Ahrweiler
071315002027;Heckenbach;198;Ahrweiler
071315002029;Hönningen;198;Ahrweiler
071315002036;Kalenborn;198;Ahrweiler
071315002039;Kesseling;198;Ahrweiler
071315002040;Kirchsahr;198;Ahrweiler
071315002047;Lind;198;Ahrweiler
071315002049;Mayschoß;198;Ahrweiler
071315002068;Rech;198;Ahrweiler
071315003006;Bad Breisig, Stadt;198;Ahrweiler
071315003014;Brohl-Lützing;198;Ahrweiler
071315003025;Gönnersdorf;198;Ahrweiler
071315003081;Waldorf;198;Ahrweiler
071315004016;Dedenbach;198;Ahrweiler
071315004041;Königsfeld;198;Ahrweiler
071315004054;Niederdürenbach;198;Ahrweiler
071315004055;Niederzissen;198;Ahrweiler
071315004059;Oberdürenbach;198;Ahrweiler
071315004060;Oberzissen;198;Ahrweiler
071315004073;Schalkenbach;198;Ahrweiler
071315004201;Brenk;198;Ahrweiler
071315004202;Burgbrohl;198;Ahrweiler
071315004204;Galenberg;198;Ahrweiler
071315004205;Glees;198;Ahrweiler
071315004206;Hohenleimbach;198;Ahrweiler
071315004208;Spessart;198;Ahrweiler
071315004209;Wassenach;198;Ahrweiler
071315004210;Wehr;198;Ahrweiler
071315004211;Weibern;198;Ahrweiler
071315004502;Kempenich;198;Ahrweiler
071325003018;Daaden, Stadt;197;Neuwied
071325003019;Derschen;197;Neuwied
071325003026;Emmerzhausen;197;Neuwied
071325003036;Friedewald;197;Neuwied
071325003050;Herdorf, Stadt;197;Neuwied
071325003068;Mauden;197;Neuwied
071325003075;Niederdreisbach;197;Neuwied
071325003079;Nisterberg;197;Neuwied
071325003101;Schutzbach;197;Neuwied
071325003113;Weitefeld;197;Neuwied
071325006007;Birkenbeul;197;Neuwied
071325006010;Bitzen;197;Neuwied
071325006013;Breitscheidt;197;Neuwied
071325006014;Bruchertseifen;197;Neuwied
071325006028;Etzbach;197;Neuwied
071325006034;Forst;197;Neuwied
071325006038;Fürthen;197;Neuwied
071325006044;Hamm (Sieg);197;Neuwied
071325006077;Niederirsen;197;Neuwied
071325006091;Pracht;197;Neuwied
071325006096;Roth;197;Neuwied
071325006102;Seelbach bei Hamm (Sieg);197;Neuwied
071325007012;Brachbach;197;Neuwied
071325007037;Friesenhagen;197;Neuwied
071325007045;Harbach;197;Neuwied
071325007063;Kirchen (Sieg), Stadt;197;Neuwied
071325007072;Mudersbach;197;Neuwied
071325007076;Niederfischbach;197;Neuwied
071325008008;Birken-Honigsessen;197;Neuwied
071325008011;Mittelhof;197;Neuwied
071325008054;Hövels;197;Neuwied
071325008080;Katzwinkel (Sieg);197;Neuwied
071325008105;Selbach (Sieg);197;Neuwied
071325008117;Wissen, Stadt;197;Neuwied
071325009002;Alsdorf;197;Neuwied
071325009006;Betzdorf, Stadt;197;Neuwied
071325009020;Dickendorf;197;Neuwied
071325009024;Elben;197;Neuwied
071325009025;Elkenroth;197;Neuwied
071325009030;Fensdorf;197;Neuwied
071325009039;Gebhardshain;197;Neuwied
071325009042;Grünebach;197;Neuwied
071325009059;Kausen;197;Neuwied
071325009066;Malberg;197;Neuwied
071325009071;Molzhain;197;Neuwied
071325009073;Nauroth;197;Neuwied
071325009095;Rosenheim (Landkreis Altenkirchen);197;Neuwied
071325009098;Scheuerfeld;197;Neuwied
071325009107;Steinebach/ Sieg;197;Neuwied
071325009108;Steineroth;197;Neuwied
071325009111;Wallmenroth;197;Neuwied
071325010001;Almersbach;197;Neuwied
071325010004;Bachenberg;197;Neuwied
071325010005;Berzhausen;197;Neuwied
071325010009;Birnbach;197;Neuwied
071325010015;Bürdenbach;197;Neuwied
071325010016;Burglahr;197;Neuwied
071325010017;Busenhausen;197;Neuwied
071325010022;Eichelhardt;197;Neuwied
071325010023;Eichen;197;Neuwied
071325010027;Ersfeld;197;Neuwied
071325010029;Eulenberg;197;Neuwied
071325010031;Fiersbach;197;Neuwied
071325010032;Flammersfeld;197;Neuwied
071325010033;Fluterschen;197;Neuwied
071325010035;Forstmehren;197;Neuwied
071325010040;Gieleroth;197;Neuwied
071325010041;Giershausen;197;Neuwied
071325010043;Güllesheim;197;Neuwied
071325010046;Hasselbach;197;Neuwied
071325010047;Helmenzen;197;Neuwied
071325010048;Helmeroth;197;Neuwied
071325010049;Hemmelzen;197;Neuwied
071325010051;Heupelzen;197;Neuwied
071325010052;Hilgenroth;197;Neuwied
071325010053;Hirz-Maulsbach;197;Neuwied
071325010055;Horhausen (Westerwald);197;Neuwied
071325010056;Idelberg;197;Neuwied
071325010057;Ingelbach;197;Neuwied
071325010058;Isert;197;Neuwied
071325010060;Kescheid;197;Neuwied
071325010061;Kettenhausen;197;Neuwied
071325010062;Kircheib;197;Neuwied
071325010064;Kraam;197;Neuwied
071325010065;Krunkel;197;Neuwied
071325010067;Mammelzen;197;Neuwied
071325010069;Mehren;197;Neuwied
071325010070;Michelbach (Westerwald);197;Neuwied
071325010074;Neitersen;197;Neuwied
071325010078;Niedersteinebach;197;Neuwied
071325010081;Obererbach (Westerwald);197;Neuwied
071325010082;Oberirsen;197;Neuwied
071325010083;Oberlahr;197;Neuwied
071325010084;Obernau;197;Neuwied
071325010085;Obersteinebach;197;Neuwied
071325010086;Oberwambach;197;Neuwied
071325010087;Ölsen;197;Neuwied
071325010088;Orfgen;197;Neuwied
071325010089;Peterslahr;197;Neuwied
071325010090;Pleckhausen;197;Neuwied
071325010092;Racksen;197;Neuwied
071325010093;Reiferscheid;197;Neuwied
071325010094;Rettersen;197;Neuwied
071325010097;Rott;197;Neuwied
071325010099;Schöneberg;197;Neuwied
071325010100;Schürdt;197;Neuwied
071325010103;Seelbach (Westerwald);197;Neuwied
071325010104;Seifen;197;Neuwied
071325010106;Sörth;197;Neuwied
071325010109;Stürzelbach;197;Neuwied
071325010110;Volkerzen;197;Neuwied
071325010112;Walterschen;197;Neuwied
071325010114;Werkhausen;197;Neuwied
071325010115;Weyerbusch;197;Neuwied
071325010116;Willroth;197;Neuwied
071325010118;Wölmersen;197;Neuwied
071325010119;Ziegenhain;197;Neuwied
071325010201;Berod bei Hachenburg;197;Neuwied
071325010501;Altenkirchen (Westerwald), Stadt;197;Neuwied
071330006006;Bad Kreuznach, Stadt;201;Kreuznach
071335001003;Altenbamberg;201;Kreuznach
071335001012;Biebelsheim;201;Kreuznach
071335001030;Feilbingert;201;Kreuznach
071335001031;Frei-Laubersheim;201;Kreuznach
071335001032;Fürfeld;201;Kreuznach
071335001037;Hackenheim;201;Kreuznach
071335001039;Hallgarten;201;Kreuznach
071335001045;Hochstätten;201;Kreuznach
071335001069;Neu-Bamberg;201;Kreuznach
071335001078;Pfaffen-Schwabenheim;201;Kreuznach
071335001080;Pleitersheim;201;Kreuznach
071335001104;Tiefenthal;201;Kreuznach
071335001106;Volxheim;201;Kreuznach
071335006002;Allenfeld;201;Kreuznach
071335006004;Argenschwang;201;Kreuznach
071335006013;Bockenau;201;Kreuznach
071335006014;Boos;201;Kreuznach
071335006015;Braunweiler;201;Kreuznach
071335006019;Burgsponheim;201;Kreuznach
071335006021;Dalberg;201;Kreuznach
071335006027;Duchroth;201;Kreuznach
071335006033;Gebroth;201;Kreuznach
071335006036;Gutenberg;201;Kreuznach
071335006040;Hargesheim;201;Kreuznach
071335006044;Hergenfeld;201;Kreuznach
071335006048;Hüffelsheim;201;Kreuznach
071335006061;Mandel;201;Kreuznach
071335006068;Münchwald;201;Kreuznach
071335006070;Niederhausen;201;Kreuznach
071335006071;Norheim;201;Kreuznach
071335006074;Oberhausen an der Nahe;201;Kreuznach
071335006075;Oberstreit;201;Kreuznach
071335006086;Roxheim;201;Kreuznach
071335006088;Sankt Katharinen;201;Kreuznach
071335006089;Schloßböckelheim;201;Kreuznach
071335006098;Sommerloch;201;Kreuznach
071335006099;Spabrücken;201;Kreuznach
071335006100;Spall;201;Kreuznach
071335006101;Sponheim;201;Kreuznach
071335006105;Traisen;201;Kreuznach
071335006107;Waldböckelheim;201;Kreuznach
071335006109;Wallhausen;201;Kreuznach
071335006112;Weinsheim;201;Kreuznach
071335006115;Winterbach;201;Kreuznach
071335006117;Rüdesheim;201;Kreuznach
071335009008;Bärenbach;201;Kreuznach
071335009010;Becherbach bei Kirn;201;Kreuznach
071335009016;Brauweiler;201;Kreuznach
071335009038;Hahnenbach;201;Kreuznach
071335009041;Heimweiler;201;Kreuznach
071335009042;Heinzenberg;201;Kreuznach
071335009043;Hennweiler;201;Kreuznach
071335009046;Hochstetten-Dhaun;201;Kreuznach
071335009047;Horbach;201;Kreuznach
071335009052;Kirn, Stadt;201;Kreuznach
071335009059;Limbach;201;Kreuznach
071335009063;Meckenbach;201;Kreuznach
071335009073;Oberhausen bei Kirn;201;Kreuznach
071335009077;Otzweiler;201;Kreuznach
071335009096;Simmertal;201;Kreuznach
071335009113;Weitersborn;201;Kreuznach
071335009201;Bruschied;201;Kreuznach
071335009202;Kellenbach;201;Kreuznach
071335009203;Königsau;201;Kreuznach
071335009204;Schneppenbach;201;Kreuznach
071335009205;Schwarzerden;201;Kreuznach
071335010001;Abtweiler;201;Kreuznach
071335010005;Auen;201;Kreuznach
071335010009;Bärweiler;201;Kreuznach
071335010011;Becherbach;201;Kreuznach
071335010017;Breitenheim;201;Kreuznach
071335010020;Callbach;201;Kreuznach
071335010022;Daubach;201;Kreuznach
071335010024;Desloch;201;Kreuznach
071335010049;Hundsbach;201;Kreuznach
071335010050;Ippenschied;201;Kreuznach
071335010051;Jeckenbach;201;Kreuznach
071335010053;Kirschroth;201;Kreuznach
071335010055;Langenthal;201;Kreuznach
071335010057;Lauschied;201;Kreuznach
071335010058;Lettweiler;201;Kreuznach
071335010060;Löllbach;201;Kreuznach
071335010062;Martinstein;201;Kreuznach
071335010064;Meddersheim;201;Kreuznach
071335010065;Meisenheim, Stadt;201;Kreuznach
071335010066;Merxheim;201;Kreuznach
071335010067;Monzingen;201;Kreuznach
071335010072;Nußbaum;201;Kreuznach
071335010076;Odernheim am Glan;201;Kreuznach
071335010081;Raumbach;201;Kreuznach
071335010082;Rehbach;201;Kreuznach
071335010083;Rehborn;201;Kreuznach
071335010084;Reiffelbach;201;Kreuznach
071335010090;Schmittweiler;201;Kreuznach
071335010092;Schweinschied;201;Kreuznach
071335010094;Seesbach;201;Kreuznach
071335010102;Staudernheim;201;Kreuznach
071335010111;Weiler bei Monzingen;201;Kreuznach
071335010116;Winterburg;201;Kreuznach
071335010501;Bad Sobernheim, Stadt;201;Kreuznach
071335011018;Bretzenheim;201;Kreuznach
071335011023;Daxweiler;201;Kreuznach
071335011025;Dörrebach;201;Kreuznach
071335011026;Dorsheim;201;Kreuznach
071335011028;Eckenroth;201;Kreuznach
071335011035;Guldental;201;Kreuznach
071335011054;Langenlonsheim;201;Kreuznach
071335011056;Laubenheim;201;Kreuznach
071335011085;Roth;201;Kreuznach
071335011087;Rümmelsheim;201;Kreuznach
071335011091;Schöneberg;201;Kreuznach
071335011093;Schweppenhausen;201;Kreuznach
071335011095;Seibersbach;201;Kreuznach
071335011103;Stromberg, Stadt;201;Kreuznach
071335011108;Waldlaubersheim;201;Kreuznach
071335011110;Warmsroth;201;Kreuznach
071335011114;Windesheim;201;Kreuznach
071340045045;Idar-Oberstein, Stadt;201;Kreuznach
071345001005;Baumholder, Stadt;201;Kreuznach
071345001007;Berglangenbach;201;Kreuznach
071345001008;Berschweiler bei Baumholder;201;Kreuznach
071345001021;Eckersweiler;201;Kreuznach
071345001026;Fohren-Linden;201;Kreuznach
071345001027;Frauenberg;201;Kreuznach
071345001033;Hahnweiler;201;Kreuznach
071345001036;Heimbach;201;Kreuznach
071345001051;Leitzweiler;201;Kreuznach
071345001054;Mettweiler;201;Kreuznach
071345001068;Reichenbach;201;Kreuznach
071345001073;Rohrbach;201;Kreuznach
071345001074;Rückweiler;201;Kreuznach
071345001075;Ruschberg;201;Kreuznach
071345002001;Abentheuer;201;Kreuznach
071345002002;Achtelsbach;201;Kreuznach
071345002010;Birkenfeld, Stadt;201;Kreuznach
071345002011;Börfink;201;Kreuznach
071345002015;Brücken;201;Kreuznach
071345002016;Buhlenberg;201;Kreuznach
071345002018;Dambach;201;Kreuznach
071345002020;Dienstweiler;201;Kreuznach
071345002022;Elchweiler;201;Kreuznach
071345002023;Ellenberg;201;Kreuznach
071345002024;Ellweiler;201;Kreuznach
071345002029;Gimbweiler;201;Kreuznach
071345002031;Gollenberg;201;Kreuznach
071345002034;Hattgenstein;201;Kreuznach
071345002042;Hoppstädten-Weiersbach;201;Kreuznach
071345002048;Kronweiler;201;Kreuznach
071345002050;Leisel;201;Kreuznach
071345002053;Meckenbach;201;Kreuznach
071345002057;Niederbrombach;201;Kreuznach
071345002058;Niederhambach;201;Kreuznach
071345002061;Nohen;201;Kreuznach
071345002062;Oberbrombach;201;Kreuznach
071345002063;Oberhambach;201;Kreuznach
071345002070;Rimsberg;201;Kreuznach
071345002071;Rinzenberg;201;Kreuznach
071345002072;Rötsweiler-Nockenthal;201;Kreuznach
071345002078;Schmißberg;201;Kreuznach
071345002080;Schwollen;201;Kreuznach
071345002084;Siesbach;201;Kreuznach
071345002085;Sonnenberg-Winnenberg;201;Kreuznach
071345002094;Wilzenberg-Hußweiler;201;Kreuznach
071345005003;Allenbach;201;Kreuznach
071345005004;Asbach;201;Kreuznach
071345005006;Bergen;201;Kreuznach
071345005009;Berschweiler bei Kirn;201;Kreuznach
071345005012;Bollenbach;201;Kreuznach
071345005013;Breitenthal;201;Kreuznach
071345005014;Bruchweiler;201;Kreuznach
071345005017;Bundenbach;201;Kreuznach
071345005019;Dickesbach;201;Kreuznach
071345005025;Fischbach;201;Kreuznach
071345005028;Gerach;201;Kreuznach
071345005030;Gösenroth;201;Kreuznach
071345005032;Griebelschied;201;Kreuznach
071345005035;Hausen;201;Kreuznach
071345005037;Hellertshausen;201;Kreuznach
071345005038;Herborn;201;Kreuznach
071345005039;Herrstein;201;Kreuznach
071345005040;Hettenrodt;201;Kreuznach
071345005041;Hintertiefenbach;201;Kreuznach
071345005043;Horbruch;201;Kreuznach
071345005044;Hottenbach;201;Kreuznach
071345005046;Kempfeld;201;Kreuznach
071345005047;Kirschweiler;201;Kreuznach
071345005049;Krummenau;201;Kreuznach
071345005052;Mackenrodt;201;Kreuznach
071345005055;Mittelreidenbach;201;Kreuznach
071345005056;Mörschied;201;Kreuznach
071345005059;Niederhosenbach;201;Kreuznach
071345005060;Niederwörresbach;201;Kreuznach
071345005064;Oberhosenbach;201;Kreuznach
071345005065;Oberkirn;201;Kreuznach
071345005066;Oberreidenbach;201;Kreuznach
071345005067;Oberwörresbach;201;Kreuznach
071345005069;Rhaunen;201;Kreuznach
071345005076;Schauren;201;Kreuznach
071345005077;Schmidthachenbach;201;Kreuznach
071345005079;Schwerbach;201;Kreuznach
071345005081;Sensweiler;201;Kreuznach
071345005082;Sien;201;Kreuznach
071345005083;Sienhachenbach;201;Kreuznach
071345005086;Sonnschied;201;Kreuznach
071345005087;Stipshausen;201;Kreuznach
071345005088;Sulzbach;201;Kreuznach
071345005089;Veitsrodt;201;Kreuznach
071345005090;Vollmersbach;201;Kreuznach
071345005091;Weiden;201;Kreuznach
071345005092;Weitersbach;201;Kreuznach
071345005093;Wickenrodt;201;Kreuznach
071345005095;Wirschweiler;201;Kreuznach
071345005502;Langweiler;201;Kreuznach
071355001007;Beilstein;200;Mosel/Rhein-Hunsrück
071355001012;Bremm;200;Mosel/Rhein-Hunsrück
071355001015;Briedern;200;Mosel/Rhein-Hunsrück
071355001017;Bruttig-Fankel;200;Mosel/Rhein-Hunsrück
071355001020;Cochem, Stadt;200;Mosel/Rhein-Hunsrück
071355001021;Dohr;200;Mosel/Rhein-Hunsrück
071355001024;Ediger-Eller;200;Mosel/Rhein-Hunsrück
071355001025;Ellenz-Poltersdorf;200;Mosel/Rhein-Hunsrück
071355001027;Ernst;200;Mosel/Rhein-Hunsrück
071355001029;Faid;200;Mosel/Rhein-Hunsrück
071355001036;Greimersburg;200;Mosel/Rhein-Hunsrück
071355001049;Klotten;200;Mosel/Rhein-Hunsrück
071355001053;Lieg;200;Mosel/Rhein-Hunsrück
071355001056;Lütz;200;Mosel/Rhein-Hunsrück
071355001060;Mesenich;200;Mosel/Rhein-Hunsrück
071355001065;Moselkern;200;Mosel/Rhein-Hunsrück
071355001066;Müden (Mosel);200;Mosel/Rhein-Hunsrück
071355001069;Nehren;200;Mosel/Rhein-Hunsrück
071355001072;Pommern;200;Mosel/Rhein-Hunsrück
071355001079;Senheim;200;Mosel/Rhein-Hunsrück
071355001082;Treis-Karden;200;Mosel/Rhein-Hunsrück
071355001086;Valwig;200;Mosel/Rhein-Hunsrück
071355001090;Wirfus;200;Mosel/Rhein-Hunsrück
071355002009;Binningen;200;Mosel/Rhein-Hunsrück
071355002011;Brachtendorf;200;Mosel/Rhein-Hunsrück
071355002014;Brieden;200;Mosel/Rhein-Hunsrück
071355002016;Brohl;200;Mosel/Rhein-Hunsrück
071355002022;Dünfus;200;Mosel/Rhein-Hunsrück
071355002023;Düngenheim;200;Mosel/Rhein-Hunsrück
071355002026;Eppenberg;200;Mosel/Rhein-Hunsrück
071355002028;Eulgem;200;Mosel/Rhein-Hunsrück
071355002031;Forst (Eifel);200;Mosel/Rhein-Hunsrück
071355002033;Gamlen;200;Mosel/Rhein-Hunsrück
071355002038;Hambuch;200;Mosel/Rhein-Hunsrück
071355002040;Hauroth;200;Mosel/Rhein-Hunsrück
071355002042;Illerich;200;Mosel/Rhein-Hunsrück
071355002043;Kaifenheim;200;Mosel/Rhein-Hunsrück
071355002044;Kail;200;Mosel/Rhein-Hunsrück
071355002045;Kaisersesch, Stadt;200;Mosel/Rhein-Hunsrück
071355002046;Kalenborn;200;Mosel/Rhein-Hunsrück
071355002051;Landkern;200;Mosel/Rhein-Hunsrück
071355002052;Laubach;200;Mosel/Rhein-Hunsrück
071355002058;Masburg;200;Mosel/Rhein-Hunsrück
071355002062;Möntenich;200;Mosel/Rhein-Hunsrück
071355002067;Müllenbach;200;Mosel/Rhein-Hunsrück
071355002075;Roes;200;Mosel/Rhein-Hunsrück
071355002084;Urmersbach;200;Mosel/Rhein-Hunsrück
071355002093;Zettingen;200;Mosel/Rhein-Hunsrück
071355002502;Leienkaul;200;Mosel/Rhein-Hunsrück
071355003002;Alflen;200;Mosel/Rhein-Hunsrück
071355003005;Auderath;200;Mosel/Rhein-Hunsrück
071355003008;Beuren;200;Mosel/Rhein-Hunsrück
071355003018;Büchel;200;Mosel/Rhein-Hunsrück
071355003030;Filz;200;Mosel/Rhein-Hunsrück
071355003034;Gevenich;200;Mosel/Rhein-Hunsrück
071355003035;Gillenbeuren;200;Mosel/Rhein-Hunsrück
071355003048;Kliding;200;Mosel/Rhein-Hunsrück
071355003057;Lutzerath;200;Mosel/Rhein-Hunsrück
071355003078;Schmitt;200;Mosel/Rhein-Hunsrück
071355003083;Ulmen, Stadt;200;Mosel/Rhein-Hunsrück
071355003085;Urschmitt;200;Mosel/Rhein-Hunsrück
071355003087;Wagenhausen;200;Mosel/Rhein-Hunsrück
071355003089;Weiler;200;Mosel/Rhein-Hunsrück
071355003091;Wollmerath;200;Mosel/Rhein-Hunsrück
071355003501;Bad Bertrich;200;Mosel/Rhein-Hunsrück
071355005001;Alf;200;Mosel/Rhein-Hunsrück
071355005003;Altlay;200;Mosel/Rhein-Hunsrück
071355005004;Altstrimmig;200;Mosel/Rhein-Hunsrück
071355005010;Blankenrath;200;Mosel/Rhein-Hunsrück
071355005013;Briedel;200;Mosel/Rhein-Hunsrück
071355005019;Bullay;200;Mosel/Rhein-Hunsrück
071355005032;Forst (Hunsrück);200;Mosel/Rhein-Hunsrück
071355005037;Grenderich;200;Mosel/Rhein-Hunsrück
071355005039;Haserich;200;Mosel/Rhein-Hunsrück
071355005041;Hesweiler;200;Mosel/Rhein-Hunsrück
071355005054;Liesenich;200;Mosel/Rhein-Hunsrück
071355005061;Mittelstrimmig;200;Mosel/Rhein-Hunsrück
071355005064;Moritzheim;200;Mosel/Rhein-Hunsrück
071355005068;Neef;200;Mosel/Rhein-Hunsrück
071355005070;Panzweiler;200;Mosel/Rhein-Hunsrück
071355005071;Peterswald-Löffelscheid;200;Mosel/Rhein-Hunsrück
071355005073;Pünderich;200;Mosel/Rhein-Hunsrück
071355005074;Reidenhausen;200;Mosel/Rhein-Hunsrück
071355005076;Sankt Aldegund;200;Mosel/Rhein-Hunsrück
071355005077;Schauren;200;Mosel/Rhein-Hunsrück
071355005080;Sosberg;200;Mosel/Rhein-Hunsrück
071355005081;Tellig;200;Mosel/Rhein-Hunsrück
071355005088;Walhausen;200;Mosel/Rhein-Hunsrück
071355005092;Zell (Mosel), Stadt;200;Mosel/Rhein-Hunsrück
071370003003;Andernach, Stadt;198;Ahrweiler
071370068068;Mayen, Stadt;198;Ahrweiler
071370203203;Bendorf, Stadt;199;Koblenz
071375001056;Kretz;198;Ahrweiler
071375001057;Kruft;198;Ahrweiler
071375001081;Nickenich;198;Ahrweiler
071375001088;Plaidt;198;Ahrweiler
071375001096;Saffig;198;Ahrweiler
071375002023;Einig;198;Ahrweiler
071375002027;Gappenach;198;Ahrweiler
071375002029;Gering;198;Ahrweiler
071375002030;Gierschnach;198;Ahrweiler
071375002041;Kalt;198;Ahrweiler
071375002048;Kerben;198;Ahrweiler
071375002053;Kollig;198;Ahrweiler
071375002065;Lonnig;198;Ahrweiler
071375002070;Mertloch;198;Ahrweiler
071375002080;Naunheim;198;Ahrweiler
071375002086;Ochtendung;198;Ahrweiler
071375002087;Pillig;198;Ahrweiler
071375002089;Polch, Stadt;198;Ahrweiler
071375002095;Rüber;198;Ahrweiler
071375002102;Trimbs;198;Ahrweiler
071375002112;Welling;198;Ahrweiler
071375002114;Wierschem;198;Ahrweiler
071375002501;Münstermaifeld, Stadt;198;Ahrweiler
071375003001;Acht;198;Ahrweiler
071375003004;Anschau;198;Ahrweiler
071375003006;Arft;198;Ahrweiler
071375003007;Baar;198;Ahrweiler
071375003011;Bermel;198;Ahrweiler
071375003014;Boos;198;Ahrweiler
071375003019;Ditscheid;198;Ahrweiler
071375003025;Ettringen;198;Ahrweiler
071375003034;Hausten;198;Ahrweiler
071375003035;Herresbach;198;Ahrweiler
071375003036;Hirten;198;Ahrweiler
071375003043;Kehrig;198;Ahrweiler
071375003049;Kirchwald;198;Ahrweiler
071375003055;Kottenheim;198;Ahrweiler
071375003060;Langenfeld;198;Ahrweiler
071375003061;Langscheid;198;Ahrweiler
071375003063;Lind;198;Ahrweiler
071375003066;Luxem;198;Ahrweiler
071375003074;Monreal;198;Ahrweiler
071375003077;Münk;198;Ahrweiler
071375003079;Nachtsheim;198;Ahrweiler
071375003092;Reudelsterz;198;Ahrweiler
071375003097;Sankt Johann;198;Ahrweiler
071375003099;Siebenbach;198;Ahrweiler
071375003105;Virneburg;198;Ahrweiler
071375003110;Weiler;198;Ahrweiler
071375003113;Welschenbach;198;Ahrweiler
071375004008;Bell;198;Ahrweiler
071375004069;Mendig, Stadt;198;Ahrweiler
071375004093;Rieden;198;Ahrweiler
071375004101;Thür;198;Ahrweiler
071375004106;Volkesfeld;198;Ahrweiler
071375007218;Niederwerth;199;Koblenz
071375007224;Urbar;199;Koblenz
071375007226;Vallendar, Stadt;199;Koblenz
071375007229;Weitersburg;199;Koblenz
071375008202;Bassenheim;199;Koblenz
071375008209;Kaltenengers;199;Koblenz
071375008211;Kettig;199;Koblenz
071375008216;Mülheim-Kärlich, Stadt;199;Koblenz
071375008222;Sankt Sebastian;199;Koblenz
071375008225;Urmitz;199;Koblenz
071375008228;Weißenthurm, Stadt;199;Koblenz
071375009201;Alken;199;Koblenz
071375009204;Brey;199;Koblenz
071375009205;Brodenbach;199;Koblenz
071375009206;Burgen;199;Koblenz
071375009207;Dieblich;199;Koblenz
071375009208;Hatzenport;199;Koblenz
071375009212;Kobern-Gondorf;199;Koblenz
071375009214;Löf;199;Koblenz
071375009215;Macken;199;Koblenz
071375009217;Niederfell;199;Koblenz
071375009219;Nörtershausen;199;Koblenz
071375009220;Oberfell;199;Koblenz
071375009221;Rhens, Stadt;199;Koblenz
071375009223;Spay;199;Koblenz
071375009227;Waldesch;199;Koblenz
071375009230;Winningen;199;Koblenz
071375009231;Wolken;199;Koblenz
071375009504;Lehmen;199;Koblenz
071380045045;Neuwied, Stadt;197;Neuwied
071385001003;Asbach;197;Neuwied
071385001044;Neustadt (Wied);197;Neuwied
071385001077;Windhagen;197;Neuwied
071385001080;Buchholz (Westerwald);197;Neuwied
071385002004;Bad Hönningen, Stadt;197;Neuwied
071385002024;Hammerstein;197;Neuwied
071385002038;Leutesdorf;197;Neuwied
071385002063;Rheinbrohl;197;Neuwied
071385003012;Dierdorf, Stadt;197;Neuwied
071385003023;Großmaischeid;197;Neuwied
071385003031;Isenburg;197;Neuwied
071385003034;Kleinmaischeid;197;Neuwied
071385003069;Stebach;197;Neuwied
071385003201;Marienhausen;197;Neuwied
071385004009;Dattenberg;197;Neuwied
071385004037;Leubsdorf;197;Neuwied
071385004041;Linz am Rhein, Stadt;197;Neuwied
071385004055;Ockenfels;197;Neuwied
071385004068;Sankt Katharinen (Landkreis Neuwied);197;Neuwied
071385004075;Vettelschoß;197;Neuwied
071385004501;Kasbach-Ohlenberg;197;Neuwied
071385005011;Dernbach;197;Neuwied
071385005013;Döttesfeld;197;Neuwied
071385005014;Dürrholz;197;Neuwied
071385005025;Hanroth;197;Neuwied
071385005027;Harschbach;197;Neuwied
071385005040;Linkenbach;197;Neuwied
071385005048;Niederhofen;197;Neuwied
071385005050;Niederwambach;197;Neuwied
071385005052;Oberdreis;197;Neuwied
071385005057;Puderbach;197;Neuwied
071385005058;Ratzert;197;Neuwied
071385005059;Raubach;197;Neuwied
071385005064;Rodenbach bei Puderbach;197;Neuwied
071385005070;Steimel;197;Neuwied
071385005074;Urbach;197;Neuwied
071385005078;Woldert;197;Neuwied
071385007008;Bruchhausen;197;Neuwied
071385007019;Erpel;197;Neuwied
071385007062;Rheinbreitbach;197;Neuwied
071385007073;Unkel, Stadt;197;Neuwied
071385009002;Anhausen;197;Neuwied
071385009005;Bonefeld;197;Neuwied
071385009006;Breitscheid;197;Neuwied
071385009007;Hausen (Wied);197;Neuwied
071385009010;Datzeroth;197;Neuwied
071385009015;Ehlscheid;197;Neuwied
071385009026;Hardert;197;Neuwied
071385009030;Hümmerich;197;Neuwied
071385009036;Kurtscheid;197;Neuwied
071385009042;Meinborn;197;Neuwied
071385009043;Melsbach;197;Neuwied
071385009047;Niederbreitbach;197;Neuwied
071385009053;Oberhonnefeld-Gierend;197;Neuwied
071385009054;Oberraden;197;Neuwied
071385009061;Rengsdorf;197;Neuwied
071385009065;Roßbach;197;Neuwied
071385009066;Rüscheid;197;Neuwied
071385009071;Straßenhaus;197;Neuwied
071385009072;Thalhausen;197;Neuwied
071385009076;Waldbreitbach;197;Neuwied
071400501501;Boppard, Stadt;200;Mosel/Rhein-Hunsrück
071405003001;Alterkülz;200;Mosel/Rhein-Hunsrück
071405003009;Bell (Hunsrück);200;Mosel/Rhein-Hunsrück
071405003010;Beltheim;200;Mosel/Rhein-Hunsrück
071405003018;Braunshorn;200;Mosel/Rhein-Hunsrück
071405003021;Buch;200;Mosel/Rhein-Hunsrück
071405003042;Gödenroth;200;Mosel/Rhein-Hunsrück
071405003046;Hasselbach;200;Mosel/Rhein-Hunsrück
071405003055;Hollnich;200;Mosel/Rhein-Hunsrück
071405003064;Kastellaun, Stadt;200;Mosel/Rhein-Hunsrück
071405003073;Korweiler;200;Mosel/Rhein-Hunsrück
071405003095;Michelbach;200;Mosel/Rhein-Hunsrück
071405003131;Roth;200;Mosel/Rhein-Hunsrück
071405003147;Spesenroth;200;Mosel/Rhein-Hunsrück
071405003153;Uhler;200;Mosel/Rhein-Hunsrück
071405003202;Dommershausen;200;Mosel/Rhein-Hunsrück
071405003204;Mastershausen;200;Mosel/Rhein-Hunsrück
071405003502;Lahr;200;Mosel/Rhein-Hunsrück
071405003503;Mörsdorf;200;Mosel/Rhein-Hunsrück
071405003504;Zilshausen;200;Mosel/Rhein-Hunsrück
071405004006;Bärenbach;200;Mosel/Rhein-Hunsrück
071405004007;Belg;200;Mosel/Rhein-Hunsrück
071405004024;Büchenbeuren;200;Mosel/Rhein-Hunsrück
071405004028;Dickenschied;200;Mosel/Rhein-Hunsrück
071405004029;Dill;200;Mosel/Rhein-Hunsrück
071405004030;Dillendorf;200;Mosel/Rhein-Hunsrück
071405004040;Gehlweiler;200;Mosel/Rhein-Hunsrück
071405004041;Gemünden;200;Mosel/Rhein-Hunsrück
071405004044;Hahn;200;Mosel/Rhein-Hunsrück
071405004048;Hecken;200;Mosel/Rhein-Hunsrück
071405004049;Heinzenbach;200;Mosel/Rhein-Hunsrück
071405004050;Henau;200;Mosel/Rhein-Hunsrück
071405004053;Hirschfeld (Hunsrück);200;Mosel/Rhein-Hunsrück
071405004062;Kappel;200;Mosel/Rhein-Hunsrück
071405004067;Kirchberg (Hunsrück), Stadt;200;Mosel/Rhein-Hunsrück
071405004071;Kludenbach;200;Mosel/Rhein-Hunsrück
071405004081;Laufersweiler;200;Mosel/Rhein-Hunsrück
071405004082;Lautzenhausen;200;Mosel/Rhein-Hunsrück
071405004086;Lindenschied;200;Mosel/Rhein-Hunsrück
071405004090;Maitzborn;200;Mosel/Rhein-Hunsrück
071405004094;Metzenhausen;200;Mosel/Rhein-Hunsrück
071405004105;Nieder Kostenz;200;Mosel/Rhein-Hunsrück
071405004107;Niedersohren;200;Mosel/Rhein-Hunsrück
071405004109;Niederweiler;200;Mosel/Rhein-Hunsrück
071405004111;Ober Kostenz;200;Mosel/Rhein-Hunsrück
071405004120;Raversbeuren;200;Mosel/Rhein-Hunsrück
071405004122;Reckershausen;200;Mosel/Rhein-Hunsrück
071405004128;Rödelhausen;200;Mosel/Rhein-Hunsrück
071405004129;Rödern;200;Mosel/Rhein-Hunsrück
071405004130;Rohrbach;200;Mosel/Rhein-Hunsrück
071405004135;Schlierschied;200;Mosel/Rhein-Hunsrück
071405004141;Schwarzen;200;Mosel/Rhein-Hunsrück
071405004145;Sohren;200;Mosel/Rhein-Hunsrück
071405004146;Sohrschied;200;Mosel/Rhein-Hunsrück
071405004151;Todenroth;200;Mosel/Rhein-Hunsrück
071405004154;Unzenberg;200;Mosel/Rhein-Hunsrück
071405004159;Wahlenau;200;Mosel/Rhein-Hunsrück
071405004163;Womrath;200;Mosel/Rhein-Hunsrück
071405004164;Woppenroth;200;Mosel/Rhein-Hunsrück
071405004165;Würrich;200;Mosel/Rhein-Hunsrück
071405008002;Altweidelbach;200;Mosel/Rhein-Hunsrück
071405008003;Argenthal;200;Mosel/Rhein-Hunsrück
071405008008;Belgweiler;200;Mosel/Rhein-Hunsrück
071405008011;Benzweiler;200;Mosel/Rhein-Hunsrück
071405008012;Bergenhausen;200;Mosel/Rhein-Hunsrück
071405008015;Biebern;200;Mosel/Rhein-Hunsrück
071405008020;Bubach;200;Mosel/Rhein-Hunsrück
071405008023;Budenbach;200;Mosel/Rhein-Hunsrück
071405008027;Dichtelbach;200;Mosel/Rhein-Hunsrück
071405008035;Ellern (Hunsrück);200;Mosel/Rhein-Hunsrück
071405008037;Erbach;200;Mosel/Rhein-Hunsrück
071405008039;Fronhofen;200;Mosel/Rhein-Hunsrück
071405008056;Holzbach;200;Mosel/Rhein-Hunsrück
071405008058;Horn;200;Mosel/Rhein-Hunsrück
071405008065;Keidelheim;200;Mosel/Rhein-Hunsrück
071405008068;Kisselbach;200;Mosel/Rhein-Hunsrück
071405008070;Klosterkumbd;200;Mosel/Rhein-Hunsrück
071405008076;Külz (Hunsrück);200;Mosel/Rhein-Hunsrück
071405008077;Kümbdchen;200;Mosel/Rhein-Hunsrück
071405008079;Laubach;200;Mosel/Rhein-Hunsrück
071405008085;Liebshausen;200;Mosel/Rhein-Hunsrück
071405008092;Mengerschied;200;Mosel/Rhein-Hunsrück
071405008096;Mörschbach;200;Mosel/Rhein-Hunsrück
071405008099;Mutterschied;200;Mosel/Rhein-Hunsrück
071405008100;Nannhausen;200;Mosel/Rhein-Hunsrück
071405008101;Neuerkirch;200;Mosel/Rhein-Hunsrück
071405008106;Niederkumbd;200;Mosel/Rhein-Hunsrück
071405008113;Ohlweiler;200;Mosel/Rhein-Hunsrück
071405008115;Oppertshausen;200;Mosel/Rhein-Hunsrück
071405008118;Pleizenhausen;200;Mosel/Rhein-Hunsrück
071405008119;Ravengiersburg;200;Mosel/Rhein-Hunsrück
071405008121;Rayerschied;200;Mosel/Rhein-Hunsrück
071405008123;Reich;200;Mosel/Rhein-Hunsrück
071405008125;Rheinböllen, Stadt;200;Mosel/Rhein-Hunsrück
071405008126;Riegenroth;200;Mosel/Rhein-Hunsrück
071405008127;Riesweiler;200;Mosel/Rhein-Hunsrück
071405008134;Sargenroth;200;Mosel/Rhein-Hunsrück
071405008138;Schnorbach;200;Mosel/Rhein-Hunsrück
071405008139;Schönborn;200;Mosel/Rhein-Hunsrück
071405008144;Simmern/ Hunsrück, Stadt;200;Mosel/Rhein-Hunsrück
071405008148;Steinbach;200;Mosel/Rhein-Hunsrück
071405008150;Tiefenbach;200;Mosel/Rhein-Hunsrück
071405008158;Wahlbach;200;Mosel/Rhein-Hunsrück
071405008166;Wüschheim;200;Mosel/Rhein-Hunsrück
071405009005;Badenhard;200;Mosel/Rhein-Hunsrück
071405009014;Bickenbach;200;Mosel/Rhein-Hunsrück
071405009016;Birkheim;200;Mosel/Rhein-Hunsrück
071405009025;Damscheid;200;Mosel/Rhein-Hunsrück
071405009031;Dörth;200;Mosel/Rhein-Hunsrück
071405009036;Emmelshausen, Stadt;200;Mosel/Rhein-Hunsrück
071405009043;Gondershausen;200;Mosel/Rhein-Hunsrück
071405009045;Halsenbach;200;Mosel/Rhein-Hunsrück
071405009047;Hausbay;200;Mosel/Rhein-Hunsrück
071405009060;Hungenroth;200;Mosel/Rhein-Hunsrück
071405009063;Karbach;200;Mosel/Rhein-Hunsrück
071405009075;Kratzenburg;200;Mosel/Rhein-Hunsrück
071405009080;Laudert;200;Mosel/Rhein-Hunsrück
071405009084;Leiningen;200;Mosel/Rhein-Hunsrück
071405009087;Lingerhahn;200;Mosel/Rhein-Hunsrück
071405009089;Maisborn;200;Mosel/Rhein-Hunsrück
071405009093;Mermuth;200;Mosel/Rhein-Hunsrück
071405009098;Mühlpfad;200;Mosel/Rhein-Hunsrück
071405009102;Ney;200;Mosel/Rhein-Hunsrück
071405009104;Niederburg;200;Mosel/Rhein-Hunsrück
071405009108;Niedert;200;Mosel/Rhein-Hunsrück
071405009110;Norath;200;Mosel/Rhein-Hunsrück
071405009112;Oberwesel, Stadt;200;Mosel/Rhein-Hunsrück
071405009116;Perscheid;200;Mosel/Rhein-Hunsrück
071405009117;Pfalzfeld;200;Mosel/Rhein-Hunsrück
071405009133;Sankt Goar, Stadt;200;Mosel/Rhein-Hunsrück
071405009140;Schwall;200;Mosel/Rhein-Hunsrück
071405009149;Thörlingen;200;Mosel/Rhein-Hunsrück
071405009155;Urbar;200;Mosel/Rhein-Hunsrück
071405009156;Utzenhain;200;Mosel/Rhein-Hunsrück
071405009161;Wiebelsheim;200;Mosel/Rhein-Hunsrück
071405009201;Beulich;200;Mosel/Rhein-Hunsrück
071405009205;Morshausen;200;Mosel/Rhein-Hunsrück
071410075075;Lahnstein, Stadt;199;Koblenz
071415003002;Altendiez;204;Montabaur
071415003005;Aull;204;Montabaur
071415003014;Birlenbach;204;Montabaur
071415003021;Charlottenberg;204;Montabaur
071415003022;Cramberg;204;Montabaur
071415003029;Diez, Stadt;204;Montabaur
071415003030;Dörnberg;204;Montabaur
071415003038;Eppenrod;204;Montabaur
071415003045;Geilnau;204;Montabaur
071415003049;Gückingen;204;Montabaur
071415003052;Hambach;204;Montabaur
071415003053;Heistenbach;204;Montabaur
071415003057;Hirschberg;204;Montabaur
071415003059;Holzappel;204;Montabaur
071415003061;Holzheim;204;Montabaur
071415003062;Horhausen;204;Montabaur
071415003064;Isselbach;204;Montabaur
071415003076;Langenscheid;204;Montabaur
071415003077;Laurenburg;204;Montabaur
071415003124;Scheidt;204;Montabaur
071415003130;Steinsberg;204;Montabaur
071415003133;Wasenbach;204;Montabaur
071415003503;Balduinstein;204;Montabaur
071415007009;Berg;204;Montabaur
071415007012;Bettendorf;204;Montabaur
071415007015;Bogel;204;Montabaur
071415007019;Buch;204;Montabaur
071415007035;Ehr;204;Montabaur
071415007037;Endlichhofen;204;Montabaur
071415007040;Eschbach;204;Montabaur
071415007047;Gemmerich;204;Montabaur
071415007055;Himmighofen;204;Montabaur
071415007060;Holzhausen an der Haide;204;Montabaur
071415007063;Hunzel;204;Montabaur
071415007067;Kasdorf;204;Montabaur
071415007070;Kehlbach;204;Montabaur
071415007078;Lautert;204;Montabaur
071415007080;Lipporn;204;Montabaur
071415007084;Marienfels;204;Montabaur
071415007085;Miehlen;204;Montabaur
071415007092;Nastätten, Stadt;204;Montabaur
071415007094;Niederbachheim;204;Montabaur
071415007097;Niederwallmenach;204;Montabaur
071415007100;Oberbachheim;204;Montabaur
071415007104;Obertiefenbach;204;Montabaur
071415007105;Oberwallmenach;204;Montabaur
071415007107;Oelsberg;204;Montabaur
071415007110;Hainau;204;Montabaur
071415007116;Rettershain;204;Montabaur
071415007120;Ruppertshofen;204;Montabaur
071415007131;Strüth;204;Montabaur
071415007134;Weidenbach;204;Montabaur
071415007137;Welterod;204;Montabaur
071415007140;Winterwerb;204;Montabaur
071415007502;Diethardt;204;Montabaur
071415009004;Auel;199;Koblenz
071415009016;Bornich;199;Koblenz
071415009023;Dachsenhausen;199;Koblenz
071415009024;Dahlheim;199;Koblenz
071415009031;Dörscheid;199;Koblenz
071415009042;Filsen;199;Koblenz
071415009066;Kamp-Bornhofen;199;Koblenz
071415009069;Kaub, Stadt;199;Koblenz
071415009072;Kestert;199;Koblenz
071415009079;Lierschied;199;Koblenz
071415009083;Lykershausen;199;Koblenz
071415009099;Nochern;199;Koblenz
071415009108;Osterspai;199;Koblenz
071415009109;Patersberg;199;Koblenz
071415009112;Prath;199;Koblenz
071415009114;Reichenberg;199;Koblenz
071415009115;Reitzenhain;199;Koblenz
071415009121;Sankt Goarshausen, Loreleystadt, Stadt;199;Koblenz
071415009122;Sauerthal;199;Koblenz
071415009136;Weisel;199;Koblenz
071415009138;Weyer;199;Koblenz
071415009501;Braubach, Stadt;199;Koblenz
071415010003;Attenhausen;204;Montabaur
071415010006;Bad Ems, Stadt;199;Koblenz
071415010008;Becheln;199;Koblenz
071415010025;Dausenau;199;Koblenz
071415010026;Dessighofen;204;Montabaur
071415010027;Dienethal;204;Montabaur
071415010033;Dornholzhausen;204;Montabaur
071415010041;Fachbach;199;Koblenz
071415010044;Frücht;199;Koblenz
071415010046;Geisig;204;Montabaur
071415010058;Hömberg;204;Montabaur
071415010071;Kemmenau;199;Koblenz
071415010082;Lollschied;204;Montabaur
071415010086;Miellen;199;Koblenz
071415010087;Misselberg;204;Montabaur
071415010091;Nassau, Stadt;204;Montabaur
071415010098;Nievern;199;Koblenz
071415010103;Obernhof;204;Montabaur
071415010106;Oberwies;204;Montabaur
071415010111;Pohl;204;Montabaur
071415010127;Schweighausen;204;Montabaur
071415010128;Seelbach;204;Montabaur
071415010129;Singhofen;204;Montabaur
071415010132;Sulzbach;204;Montabaur
071415010135;Weinähr;204;Montabaur
071415010139;Winden;204;Montabaur
071415010141;Zimmerschied;204;Montabaur
071415010201;Arzbach;199;Koblenz
071415011001;Allendorf;204;Montabaur
071415011010;Berghausen;204;Montabaur
071415011011;Berndroth;204;Montabaur
071415011013;Biebrich;204;Montabaur
071415011018;Bremberg;204;Montabaur
071415011020;Burgschwalbach;204;Montabaur
071415011032;Dörsdorf;204;Montabaur
071415011034;Ebertshausen;204;Montabaur
071415011036;Eisighofen;204;Montabaur
071415011039;Ergeshausen;204;Montabaur
071415011043;Flacht;204;Montabaur
071415011050;Gutenacker;204;Montabaur
071415011051;Hahnstätten;204;Montabaur
071415011054;Herold;204;Montabaur
071415011065;Kaltenholzhausen;204;Montabaur
071415011068;Katzenelnbogen, Stadt;204;Montabaur
071415011073;Klingelbach;204;Montabaur
071415011074;Kördorf;204;Montabaur
071415011081;Lohrheim;204;Montabaur
071415011088;Mittelfischbach;204;Montabaur
071415011089;Mudershausen;204;Montabaur
071415011093;Netzbach;204;Montabaur
071415011095;Niederneisen;204;Montabaur
071415011096;Niedertiefenbach;204;Montabaur
071415011101;Oberfischbach;204;Montabaur
071415011102;Oberneisen;204;Montabaur
071415011113;Reckenroth;204;Montabaur
071415011117;Rettert;204;Montabaur
071415011118;Roth;204;Montabaur
071415011125;Schiesheim;204;Montabaur
071415011126;Schönborn;204;Montabaur
071435001206;Bad Marienberg (Westerwald), Stadt;204;Montabaur
071435001211;Bölsberg;204;Montabaur
071435001216;Dreisbach;204;Montabaur
071435001222;Fehl-Ritzhausen;204;Montabaur
071435001227;Großseifen;204;Montabaur
071435001231;Hahn bei Marienberg;204;Montabaur
071435001234;Hardt;204;Montabaur
071435001243;Hof;204;Montabaur
071435001248;Kirburg;204;Montabaur
071435001253;Langenbach bei Kirburg;204;Montabaur
071435001255;Lautzenbrücken;204;Montabaur
071435001264;Mörlen;204;Montabaur
071435001270;Neunkhausen;204;Montabaur
071435001277;Nisterau;204;Montabaur
071435001279;Nistertal;204;Montabaur
071435001280;Norken;204;Montabaur
071435001297;Stockhausen-Illfurth;204;Montabaur
071435001300;Unnau;204;Montabaur
071435002202;Alpenrod;204;Montabaur
071435002204;Astert;204;Montabaur
071435002205;Atzelgift;204;Montabaur
071435002212;Borod;204;Montabaur
071435002215;Dreifelden;204;Montabaur
071435002223;Gehlert;204;Montabaur
071435002225;Giesenhausen;204;Montabaur
071435002229;Hachenburg, Stadt;204;Montabaur
071435002235;Hattert;204;Montabaur
071435002236;Heimborn;204;Montabaur
071435002240;Heuzert;204;Montabaur
071435002241;Höchstenbach;204;Montabaur
071435002250;Kroppach;204;Montabaur
071435002252;Kundert;204;Montabaur
071435002257;Limbach;204;Montabaur
071435002258;Linden;204;Montabaur
071435002259;Lochum;204;Montabaur
071435002260;Luckenbach;204;Montabaur
071435002261;Marzhausen;204;Montabaur
071435002262;Merkelbach;204;Montabaur
071435002265;Mörsbach;204;Montabaur
071435002267;Mudenbach;204;Montabaur
071435002268;Mündersbach;204;Montabaur
071435002269;Müschenbach;204;Montabaur
071435002276;Nister;204;Montabaur
071435002287;Roßbach;204;Montabaur
071435002294;Steinebach an der Wied;204;Montabaur
071435002296;Stein-Wingert;204;Montabaur
071435002299;Streithausen;204;Montabaur
071435002301;Wahlrod;204;Montabaur
071435002306;Welkenbach;204;Montabaur
071435002310;Wied;204;Montabaur
071435002313;Winkelbach;204;Montabaur
071435003030;Hilgert;204;Montabaur
071435003031;Hillscheid;204;Montabaur
071435003032;Höhr-Grenzhausen, Stadt;204;Montabaur
071435003040;Kammerforst;204;Montabaur
071435004005;Boden;204;Montabaur
071435004008;Daubach;204;Montabaur
071435004013;Eitelborn;204;Montabaur
071435004020;Gackenbach;204;Montabaur
071435004021;Girod;204;Montabaur
071435004023;Görgeshausen;204;Montabaur
071435004024;Großholbach;204;Montabaur
071435004026;Heilberscheid;204;Montabaur
071435004027;Heiligenroth;204;Montabaur
071435004033;Holler;204;Montabaur
071435004034;Horbach;204;Montabaur
071435004036;Hübingen;204;Montabaur
071435004039;Kadenbach;204;Montabaur
071435004048;Montabaur, Stadt;204;Montabaur
071435004051;Nentershausen;204;Montabaur
071435004052;Neuhäusel;204;Montabaur
071435004053;Niederelbert;204;Montabaur
071435004054;Niedererbach;204;Montabaur
071435004055;Nomborn;204;Montabaur
071435004057;Oberelbert;204;Montabaur
071435004065;Ruppach-Goldhausen;204;Montabaur
071435004071;Simmern;204;Montabaur
071435004072;Stahlhofen;204;Montabaur
071435004077;Untershausen;204;Montabaur
071435004079;Welschneudorf;204;Montabaur
071435005001;Alsbach;204;Montabaur
071435005006;Breitenau;204;Montabaur
071435005007;Caan;204;Montabaur
071435005009;Deesen;204;Montabaur
071435005038;Hundsdorf;204;Montabaur
071435005050;Nauort;204;Montabaur
071435005059;Oberhaid;204;Montabaur
071435005062;Ransbach-Baumbach, Stadt;204;Montabaur
071435005068;Sessenbach;204;Montabaur
071435005082;Wirscheid;204;Montabaur
071435005084;Wittgert;204;Montabaur
071435006214;Bretthausen;204;Montabaur
071435006218;Elsoff (Westerwald);204;Montabaur
071435006237;Hellenhahn-Schellenberg;204;Montabaur
071435006244;Homberg;204;Montabaur
071435006245;Hüblingen;204;Montabaur
071435006246;Irmtraut;204;Montabaur
071435006256;Liebenscheid;204;Montabaur
071435006271;Neunkirchen;204;Montabaur
071435006272;Neustadt/ Westerwald;204;Montabaur
071435006274;Niederroßbach;204;Montabaur
071435006278;Nister-Möhrendorf;204;Montabaur
071435006282;Oberrod;204;Montabaur
071435006283;Oberroßbach;204;Montabaur
071435006285;Rehe;204;Montabaur
071435006286;Rennerod, Stadt;204;Montabaur
071435006291;Salzburg;204;Montabaur
071435006292;Seck;204;Montabaur
071435006295;Stein-Neukirch;204;Montabaur
071435006302;Waigandshain;204;Montabaur
071435006303;Waldmühlen;204;Montabaur
071435006309;Westernohe;204;Montabaur
071435006311;Willingen;204;Montabaur
071435006315;Zehnhausen bei Rennerod;204;Montabaur
071435007015;Ellenhausen;204;Montabaur
071435007018;Freilingen;204;Montabaur
071435007019;Freirachdorf;204;Montabaur
071435007022;Goddert;204;Montabaur
071435007025;Hartenfels;204;Montabaur
071435007029;Herschbach;204;Montabaur
071435007041;Krümmel;204;Montabaur
071435007044;Marienrachdorf;204;Montabaur
071435007045;Maroth;204;Montabaur
071435007046;Maxsain;204;Montabaur
071435007056;Nordhofen;204;Montabaur
071435007061;Quirnbach;204;Montabaur
071435007064;Rückeroth;204;Montabaur
071435007066;Schenkelberg;204;Montabaur
071435007067;Selters (Westerwald), Stadt;204;Montabaur
071435007069;Sessenhausen;204;Montabaur
071435007075;Steinen;204;Montabaur
071435007078;Vielbach;204;Montabaur
071435007085;Wölferlingen;204;Montabaur
071435007221;Ewighausen;204;Montabaur
071435007305;Weidenhahn;204;Montabaur
071435008011;Dreikirchen;204;Montabaur
071435008037;Hundsangen;204;Montabaur
071435008058;Obererbach;204;Montabaur
071435008074;Steinefrenz;204;Montabaur
071435008080;Weroth;204;Montabaur
071435008203;Arnshöfen;204;Montabaur
071435008208;Berod bei Wallmerod;204;Montabaur
071435008210;Bilkheim;204;Montabaur
071435008220;Ettinghausen;204;Montabaur
071435008232;Hahn am See;204;Montabaur
071435008239;Herschbach (Oberwesterwald);204;Montabaur
071435008251;Kuhnhöfen;204;Montabaur
071435008263;Meudt;204;Montabaur
071435008266;Molsberg;204;Montabaur
071435008273;Niederahr;204;Montabaur
071435008281;Oberahr;204;Montabaur
071435008290;Salz;204;Montabaur
071435008304;Wallmerod;204;Montabaur
071435008316;Zehnhausen bei Wallmerod;204;Montabaur
071435008501;Elbingen;204;Montabaur
071435008502;Mähren;204;Montabaur
071435009200;Ailertchen;204;Montabaur
071435009207;Bellingen;204;Montabaur
071435009209;Berzhahn;204;Montabaur
071435009213;Brandscheid;204;Montabaur
071435009219;Enspel;204;Montabaur
071435009224;Gemünden;204;Montabaur
071435009226;Girkenroth;204;Montabaur
071435009228;Guckheim;204;Montabaur
071435009230;Härtlingen;204;Montabaur
071435009233;Halbs;204;Montabaur
071435009238;Hergenroth;204;Montabaur
071435009242;Höhn;204;Montabaur
071435009247;Kaden;204;Montabaur
071435009249;Kölbingen;204;Montabaur
071435009254;Langenhahn;204;Montabaur
071435009284;Pottum;204;Montabaur
071435009288;Rotenhain;204;Montabaur
071435009289;Rothenbach;204;Montabaur
071435009293;Stahlhofen am Wiesensee;204;Montabaur
071435009298;Stockum-Püschen;204;Montabaur
071435009307;Weltersburg;204;Montabaur
071435009308;Westerburg, Stadt;204;Montabaur
071435009312;Willmenrod;204;Montabaur
071435009314;Winnen;204;Montabaur
071435010003;Bannberscheid;204;Montabaur
071435010010;Dernbach (Westerwald);204;Montabaur
071435010012;Ebernhahn;204;Montabaur
071435010028;Helferskirchen;204;Montabaur
071435010042;Leuterod;204;Montabaur
071435010047;Mogendorf;204;Montabaur
071435010049;Moschheim;204;Montabaur
071435010060;Ötzingen;204;Montabaur
071435010070;Siershahn;204;Montabaur
071435010073;Staudt;204;Montabaur
071435010081;Wirges, Stadt;204;Montabaur
071435010275;Niedersayn;204;Montabaur
072110000000;Trier, Stadt;203;Trier
072310134134;Wittlich, Stadt;202;Bitburg
072310502502;Morbach;200;Mosel/Rhein-Hunsrück
072315001008;Bernkastel-Kues, Stadt;200;Mosel/Rhein-Hunsrück
072315001012;Brauneberg;200;Mosel/Rhein-Hunsrück
072315001016;Burgen;200;Mosel/Rhein-Hunsrück
072315001030;Erden;200;Mosel/Rhein-Hunsrück
072315001040;Gornhausen;200;Mosel/Rhein-Hunsrück
072315001041;Graach an der Mosel;200;Mosel/Rhein-Hunsrück
072315001056;Hochscheid;200;Mosel/Rhein-Hunsrück
072315001066;Kesten;200;Mosel/Rhein-Hunsrück
072315001070;Kleinich;200;Mosel/Rhein-Hunsrück
072315001071;Kommen;200;Mosel/Rhein-Hunsrück
072315001075;Lieser;200;Mosel/Rhein-Hunsrück
072315001076;Lösnich;200;Mosel/Rhein-Hunsrück
072315001077;Longkamp;200;Mosel/Rhein-Hunsrück
072315001081;Maring-Noviand;200;Mosel/Rhein-Hunsrück
072315001086;Minheim;200;Mosel/Rhein-Hunsrück
072315001087;Monzelfeld;200;Mosel/Rhein-Hunsrück
072315001090;Mülheim an der Mosel;200;Mosel/Rhein-Hunsrück
072315001092;Neumagen-Dhron;200;Mosel/Rhein-Hunsrück
072315001105;Piesport;200;Mosel/Rhein-Hunsrück
072315001125;Ürzig;200;Mosel/Rhein-Hunsrück
072315001126;Veldenz;200;Mosel/Rhein-Hunsrück
072315001133;Wintrich;200;Mosel/Rhein-Hunsrück
072315001136;Zeltingen-Rachtig;200;Mosel/Rhein-Hunsrück
072315006006;Berglicht;200;Mosel/Rhein-Hunsrück
072315006017;Burtscheid;200;Mosel/Rhein-Hunsrück
072315006018;Deuselbach;200;Mosel/Rhein-Hunsrück
072315006019;Dhronecken;200;Mosel/Rhein-Hunsrück
072315006032;Etgert;200;Mosel/Rhein-Hunsrück
072315006035;Gielert;200;Mosel/Rhein-Hunsrück
072315006042;Gräfendhron;200;Mosel/Rhein-Hunsrück
072315006054;Hilscheid;200;Mosel/Rhein-Hunsrück
072315006058;Horath;200;Mosel/Rhein-Hunsrück
072315006064;Immert;200;Mosel/Rhein-Hunsrück
072315006078;Lückenburg;200;Mosel/Rhein-Hunsrück
072315006079;Malborn;200;Mosel/Rhein-Hunsrück
072315006083;Merschbach;200;Mosel/Rhein-Hunsrück
072315006093;Neunkirchen;200;Mosel/Rhein-Hunsrück
072315006112;Rorodt;200;Mosel/Rhein-Hunsrück
072315006115;Schönberg;200;Mosel/Rhein-Hunsrück
072315006122;Talling;200;Mosel/Rhein-Hunsrück
072315006123;Thalfang;200;Mosel/Rhein-Hunsrück
072315006202;Breit;200;Mosel/Rhein-Hunsrück
072315006203;Büdlich;200;Mosel/Rhein-Hunsrück
072315006204;Heidenburg;200;Mosel/Rhein-Hunsrück
072315008001;Altrich;202;Bitburg
072315008003;Arenrath;202;Bitburg
072315008007;Bergweiler;202;Bitburg
072315008009;Bettenfeld;202;Bitburg
072315008010;Binsfeld;202;Bitburg
072315008013;Bruch;202;Bitburg
072315008021;Dierfeld;202;Bitburg
072315008022;Dierscheid;202;Bitburg
072315008023;Dodenburg;202;Bitburg
072315008024;Dreis;202;Bitburg
072315008025;Eckfeld;202;Bitburg
072315008026;Eisenschmitt;202;Bitburg
072315008031;Esch;202;Bitburg
072315008036;Gipperath;202;Bitburg
072315008037;Gladbach;202;Bitburg
072315008044;Greimerath;202;Bitburg
072315008046;Großlittgen;202;Bitburg
072315008049;Hasborn;202;Bitburg
072315008050;Heckenmünster;202;Bitburg
072315008051;Heidweiler;202;Bitburg
072315008053;Hetzerath;202;Bitburg
072315008062;Hupperath;202;Bitburg
072315008065;Karl;202;Bitburg
072315008069;Klausen;202;Bitburg
072315008074;Laufeld;202;Bitburg
072315008080;Manderscheid, Stadt;202;Bitburg
072315008082;Meerfeld;202;Bitburg
072315008085;Minderlittgen;202;Bitburg
072315008091;Musweiler;202;Bitburg
072315008095;Niederöfflingen;202;Bitburg
072315008096;Niederscheidweiler;202;Bitburg
072315008100;Oberöfflingen;202;Bitburg
072315008101;Oberscheidweiler;202;Bitburg
072315008103;Osann-Monzel;202;Bitburg
072315008104;Pantenburg;202;Bitburg
072315008107;Platten;202;Bitburg
072315008108;Plein;202;Bitburg
072315008111;Rivenich;202;Bitburg
072315008113;Salmtal;202;Bitburg
072315008114;Schladt;202;Bitburg
072315008116;Schwarzenborn;202;Bitburg
072315008117;Sehlem;202;Bitburg
072315008127;Wallscheid;202;Bitburg
072315008503;Landscheid;202;Bitburg
072315008504;Niersbach;202;Bitburg
072315009004;Bausendorf;202;Bitburg
072315009005;Bengel;202;Bitburg
072315009014;Burg (Mosel);200;Mosel/Rhein-Hunsrück
072315009020;Diefenbach;202;Bitburg
072315009029;Enkirch;200;Mosel/Rhein-Hunsrück
072315009033;Flußbach;202;Bitburg
072315009057;Hontheim;202;Bitburg
072315009067;Kinderbeuern;202;Bitburg
072315009068;Kinheim;202;Bitburg
072315009072;Kröv;202;Bitburg
072315009110;Reil;202;Bitburg
072315009120;Starkenburg;200;Mosel/Rhein-Hunsrück
072315009124;Traben-Trarbach, Stadt;200;Mosel/Rhein-Hunsrück
072315009132;Willwerscheid;202;Bitburg
072315009206;Lötzbeuren;200;Mosel/Rhein-Hunsrück
072315009501;Irmenach;200;Mosel/Rhein-Hunsrück
072320018018;Bitburg, Stadt;202;Bitburg
072325001201;Arzfeld;202;Bitburg
072325001211;Dackscheid;202;Bitburg
072325001212;Dahnen;202;Bitburg
072325001213;Daleiden;202;Bitburg
072325001214;Dasburg;202;Bitburg
072325001217;Eilscheid;202;Bitburg
072325001220;Eschfeld;202;Bitburg
072325001221;Euscheid;202;Bitburg
072325001229;Großkampenberg;202;Bitburg
072325001233;Hargarten;202;Bitburg
072325001234;Harspelt;202;Bitburg
072325001240;Herzfeld;202;Bitburg
072325001245;Irrhausen;202;Bitburg
072325001246;Jucken;202;Bitburg
072325001247;Kesfeld;202;Bitburg
072325001248;Kickeshausen;202;Bitburg
072325001249;Kinzenburg;202;Bitburg
072325001253;Krautscheid;202;Bitburg
072325001254;Lambertsberg;202;Bitburg
072325001255;Lascheid;202;Bitburg
072325001258;Lauperath;202;Bitburg
072325001259;Leidenborn;202;Bitburg
072325001260;Lichtenborn;202;Bitburg
072325001261;Lierfeld;202;Bitburg
072325001262;Lünebach;202;Bitburg
072325001263;Lützkampen;202;Bitburg
072325001264;Manderscheid;202;Bitburg
072325001267;Mauel;202;Bitburg
072325001270;Merlscheid;202;Bitburg
072325001277;Niederpierscheid;202;Bitburg
072325001285;Oberpierscheid;202;Bitburg
072325001287;Olmscheid;202;Bitburg
072325001291;Pintesfeld;202;Bitburg
072325001293;Plütscheid;202;Bitburg
072325001294;Preischeid;202;Bitburg
072325001297;Reiff;202;Bitburg
072325001298;Reipeldingen;202;Bitburg
072325001301;Roscheid;202;Bitburg
072325001309;Sengerich;202;Bitburg
072325001310;Sevenig (Our);202;Bitburg
072325001315;Strickscheid;202;Bitburg
072325001322;Waxweiler;202;Bitburg
072325001333;Üttfeld;202;Bitburg
072325005001;Affler;202;Bitburg
072325005002;Alsdorf;202;Bitburg
072325005003;Altscheid;202;Bitburg
072325005004;Ammeldingen an der Our;202;Bitburg
072325005005;Ammeldingen bei Neuerburg;202;Bitburg
072325005008;Bauler;202;Bitburg
072325005011;Berkoth;202;Bitburg
072325005012;Berscheid;202;Bitburg
072325005016;Biesdorf;202;Bitburg
072325005019;Bollendorf;202;Bitburg
072325005022;Burg;202;Bitburg
072325005025;Dauwelshausen;202;Bitburg
072325005028;Echternacherbrück;202;Bitburg
072325005031;Emmelbaum;202;Bitburg
072325005033;Ernzen;202;Bitburg
072325005037;Ferschweiler;202;Bitburg
072325005038;Fischbach-Oberraden;202;Bitburg
072325005040;Geichlingen;202;Bitburg
072325005041;Gemünd;202;Bitburg
072325005042;Gentingen;202;Bitburg
072325005047;Heilbach;202;Bitburg
072325005049;Herbstmühle;202;Bitburg
072325005053;Holsthum;202;Bitburg
072325005054;Hommerdingen;202;Bitburg
072325005056;Hütten;202;Bitburg
072325005059;Hüttingen bei Lahr;202;Bitburg
072325005063;Irrel;202;Bitburg
072325005064;Karlshausen;202;Bitburg
072325005065;Kaschenbach;202;Bitburg
072325005066;Keppeshausen;202;Bitburg
072325005067;Körperich;202;Bitburg
072325005068;Koxhausen;202;Bitburg
072325005069;Kruchten;202;Bitburg
072325005072;Lahr;202;Bitburg
072325005073;Leimbach;202;Bitburg
072325005078;Menningen;202;Bitburg
072325005080;Mettendorf;202;Bitburg
072325005082;Minden;202;Bitburg
072325005084;Muxerath;202;Bitburg
072325005085;Nasingen;202;Bitburg
072325005088;Neuerburg, Stadt;202;Bitburg
072325005089;Niedergeckler;202;Bitburg
072325005090;Niederraden;202;Bitburg
072325005093;Niederweis;202;Bitburg
072325005094;Niehl;202;Bitburg
072325005095;Nusbaum;202;Bitburg
072325005096;Obergeckler;202;Bitburg
072325005102;Utscheid;202;Bitburg
072325005103;Peffingen;202;Bitburg
072325005106;Plascheid;202;Bitburg
072325005108;Prümzurlay;202;Bitburg
072325005110;Rodershausen;202;Bitburg
072325005112;Roth an der Our;202;Bitburg
072325005114;Schankweiler;202;Bitburg
072325005116;Scheitenkorb;202;Bitburg
072325005117;Scheuern;202;Bitburg
072325005121;Sevenig bei Neuerburg;202;Bitburg
072325005122;Sinspelt;202;Bitburg
072325005127;Übereisenbach;202;Bitburg
072325005128;Uppershausen;202;Bitburg
072325005130;Waldhof-Falkenstein;202;Bitburg
072325005131;Wallendorf;202;Bitburg
072325005132;Weidingen;202;Bitburg
072325005138;Zweifelscheid;202;Bitburg
072325005218;Eisenach;202;Bitburg
072325005225;Gilzem;202;Bitburg
072325006202;Auw bei Prüm;202;Bitburg
072325006206;Bleialf;202;Bitburg
072325006207;Brandscheid;202;Bitburg
072325006208;Buchet;202;Bitburg
072325006209;Büdesheim;202;Bitburg
072325006216;Dingdorf;202;Bitburg
072325006222;Feuerscheid;202;Bitburg
072325006223;Fleringen;202;Bitburg
072325006224;Giesdorf;202;Bitburg
072325006226;Weinsheim;202;Bitburg
072325006227;Gondenbrett;202;Bitburg
072325006230;Großlangenfeld;202;Bitburg
072325006231;Habscheid;202;Bitburg
072325006236;Heckhuscheid;202;Bitburg
072325006238;Heisdorf;202;Bitburg
072325006250;Kleinlangenfeld;202;Bitburg
072325006256;Lasel;202;Bitburg
072325006265;Masthorn;202;Bitburg
072325006266;Matzerath;202;Bitburg
072325006271;Mützenich;202;Bitburg
072325006272;Neuendorf;202;Bitburg
072325006276;Niederlauch;202;Bitburg
072325006279;Nimshuscheid;202;Bitburg
072325006280;Nimsreuland;202;Bitburg
072325006283;Oberlascheid;202;Bitburg
072325006284;Oberlauch;202;Bitburg
072325006288;Olzheim;202;Bitburg
072325006290;Orlenbach;202;Bitburg
072325006292;Pittenbach;202;Bitburg
072325006295;Pronsfeld;202;Bitburg
072325006296;Prüm, Stadt;202;Bitburg
072325006300;Rommersheim;202;Bitburg
072325006302;Roth bei Prüm;202;Bitburg
072325006304;Schönecken;202;Bitburg
072325006305;Schwirzheim;202;Bitburg
072325006307;Seiwerath;202;Bitburg
072325006308;Sellerich;202;Bitburg
072325006318;Wallersheim;202;Bitburg
072325006320;Watzerath;202;Bitburg
072325006321;Wawern;202;Bitburg
072325006327;Winringen;202;Bitburg
072325006328;Winterscheid;202;Bitburg
072325006329;Winterspelt;202;Bitburg
072325006332;Hersdorf;202;Bitburg
072325007006;Auw an der Kyll;202;Bitburg
072325007010;Beilingen;202;Bitburg
072325007050;Herforst;202;Bitburg
072325007055;Hosten;202;Bitburg
072325007104;Philippsheim;202;Bitburg
072325007107;Preist;202;Bitburg
072325007123;Speicher, Stadt;202;Bitburg
072325007289;Orenhofen;202;Bitburg
072325007311;Spangdahlem;202;Bitburg
072325008007;Badem;202;Bitburg
072325008009;Baustert;202;Bitburg
072325008013;Bettingen;202;Bitburg
072325008014;Bickendorf;202;Bitburg
072325008015;Biersdorf am See;202;Bitburg
072325008017;Birtlingen;202;Bitburg
072325008020;Brecht;202;Bitburg
072325008024;Dahlem;202;Bitburg
072325008026;Dockendorf;202;Bitburg
072325008027;Dudeldorf;202;Bitburg
072325008029;Echtershausen;202;Bitburg
072325008030;Ehlenz;202;Bitburg
072325008032;Enzen;202;Bitburg
072325008034;Eßlingen;202;Bitburg
072325008035;Etteldorf;202;Bitburg
072325008036;Feilsdorf;202;Bitburg
072325008039;Fließem;202;Bitburg
072325008043;Gindorf;202;Bitburg
072325008044;Gondorf;202;Bitburg
072325008045;Halsdorf;202;Bitburg
072325008046;Hamm;202;Bitburg
072325008048;Heilenbach;202;Bitburg
072325008057;Hütterscheid;202;Bitburg
072325008058;Hüttingen an der Kyll;202;Bitburg
072325008060;Idenheim;202;Bitburg
072325008061;Idesheim;202;Bitburg
072325008062;Ingendorf;202;Bitburg
072325008070;Kyllburg, Stadt;202;Bitburg
072325008071;Kyllburgweiler;202;Bitburg
072325008074;Ließem;202;Bitburg
072325008075;Malberg;202;Bitburg
072325008076;Malbergweich;202;Bitburg
072325008077;Meckel;202;Bitburg
072325008079;Messerich;202;Bitburg
072325008081;Metterich;202;Bitburg
072325008083;Mülbach;202;Bitburg
072325008086;Nattenheim;202;Bitburg
072325008087;Neidenbach;202;Bitburg
072325008091;Niederstedem;202;Bitburg
072325008092;Niederweiler;202;Bitburg
072325008097;Oberstedem;202;Bitburg
072325008098;Oberweiler;202;Bitburg
072325008099;Oberweis;202;Bitburg
072325008100;Olsdorf;202;Bitburg
072325008101;Orsfeld;202;Bitburg
072325008105;Pickließem;202;Bitburg
072325008109;Rittersdorf;202;Bitburg
072325008111;Röhl;202;Bitburg
072325008113;Sankt Thomas;202;Bitburg
072325008115;Scharfbillig;202;Bitburg
072325008118;Schleid;202;Bitburg
072325008119;Seffern;202;Bitburg
072325008120;Sefferweich;202;Bitburg
072325008124;Stockem;202;Bitburg
072325008125;Sülm;202;Bitburg
072325008126;Trimport;202;Bitburg
072325008129;Usch;202;Bitburg
072325008133;Wettlingen;202;Bitburg
072325008134;Wiersdorf;202;Bitburg
072325008135;Wilsecker;202;Bitburg
072325008137;Wolsfeld;202;Bitburg
072325008203;Balesfeld;202;Bitburg
072325008210;Burbach;202;Bitburg
072325008228;Gransdorf;202;Bitburg
072325008273;Neuheilenbach;202;Bitburg
072325008282;Oberkail;202;Bitburg
072325008306;Seinsfeld;202;Bitburg
072325008313;Steinborn;202;Bitburg
072325008331;Zendscheid;202;Bitburg
072325008501;Wißmannsdorf;202;Bitburg
072325008502;Brimingen;202;Bitburg
072335001006;Betteldorf;202;Bitburg
072335001008;Bleckhausen;202;Bitburg
072335001011;Brockscheid;202;Bitburg
072335001014;Darscheid;202;Bitburg
072335001016;Demerath;202;Bitburg
072335001017;Deudesfeld;202;Bitburg
072335001018;Dockweiler;202;Bitburg
072335001020;Dreis-Brück;202;Bitburg
072335001021;Ellscheid;202;Bitburg
072335001025;Gefell;202;Bitburg
072335001027;Gillenfeld;202;Bitburg
072335001030;Hinterweiler;202;Bitburg
072335001031;Hörscheid;202;Bitburg
072335001034;Immerath;202;Bitburg
072335001039;Kirchweiler;202;Bitburg
072335001040;Kradenbach;202;Bitburg
072335001042;Mehren;202;Bitburg
072335001043;Meisburg;202;Bitburg
072335001046;Mückeln;202;Bitburg
072335001049;Nerdlen;202;Bitburg
072335001052;Niederstadtfeld;202;Bitburg
072335001055;Oberstadtfeld;202;Bitburg
072335001061;Sarmersbach;202;Bitburg
072335001062;Saxler;202;Bitburg
072335001063;Schalkenmehren;202;Bitburg
072335001064;Schönbach;202;Bitburg
072335001065;Schutz;202;Bitburg
072335001067;Steineberg;202;Bitburg
072335001068;Steiningen;202;Bitburg
072335001070;Strohn;202;Bitburg
072335001071;Strotzbüsch;202;Bitburg
072335001074;Udler;202;Bitburg
072335001075;Üdersdorf;202;Bitburg
072335001077;Utzerath;202;Bitburg
072335001079;Wallenborn;202;Bitburg
072335001081;Weidenbach;202;Bitburg
072335001084;Winkel (Eifel);202;Bitburg
072335001501;Daun, Stadt;202;Bitburg
072335004003;Beinhausen;202;Bitburg
072335004010;Boxberg;202;Bitburg
072335004032;Hörschhausen;202;Bitburg
072335004037;Katzwinkel;202;Bitburg
072335004048;Neichen;202;Bitburg
072335004201;Arbach;202;Bitburg
072335004202;Bereborn;202;Bitburg
072335004203;Berenbach;202;Bitburg
072335004205;Bodenbach;202;Bitburg
072335004206;Bongard;202;Bitburg
072335004207;Borler;202;Bitburg
072335004208;Brücktal;202;Bitburg
072335004210;Drees;202;Bitburg
072335004212;Gelenberg;202;Bitburg
072335004213;Gunderath;202;Bitburg
072335004215;Höchstberg;202;Bitburg
072335004216;Horperath;202;Bitburg
072335004217;Kaperich;202;Bitburg
072335004218;Kelberg;202;Bitburg
072335004220;Kirsbach;202;Bitburg
072335004221;Kötterichen;202;Bitburg
072335004222;Kolverath;202;Bitburg
072335004224;Lirstal;202;Bitburg
072335004225;Mannebach;202;Bitburg
072335004226;Mosbruch;202;Bitburg
072335004228;Nitz;202;Bitburg
072335004230;Oberelz;202;Bitburg
072335004233;Reimerath;202;Bitburg
072335004234;Retterath;202;Bitburg
072335004236;Sassen;202;Bitburg
072335004242;Uersfeld;202;Bitburg
072335004243;Ueß;202;Bitburg
072335004244;Welcherath;202;Bitburg
072335006002;Basberg;202;Bitburg
072335006004;Berlingen;202;Bitburg
072335006005;Berndorf;202;Bitburg
072335006007;Birgel;202;Bitburg
072335006019;Dohm-Lammersdorf;202;Bitburg
072335006022;Esch;202;Bitburg
072335006023;Feusdorf;202;Bitburg
072335006026;Gerolstein, Stadt;202;Bitburg
072335006028;Gönnersdorf;202;Bitburg
072335006029;Hillesheim, Stadt;202;Bitburg
072335006033;Hohenfels-Essingen;202;Bitburg
072335006035;Jünkerath;202;Bitburg
072335006036;Kalenborn-Scheuern;202;Bitburg
072335006038;Kerpen (Eifel);202;Bitburg
072335006041;Lissendorf;202;Bitburg
072335006050;Neroth;202;Bitburg
072335006053;Oberbettingen;202;Bitburg
072335006054;Oberehe-Stroheich;202;Bitburg
072335006056;Pelm;202;Bitburg
072335006058;Rockeskyll;202;Bitburg
072335006060;Salm;202;Bitburg
072335006076;Üxheim;202;Bitburg
072335006080;Walsdorf;202;Bitburg
072335006083;Wiesbaum;202;Bitburg
072335006204;Birresborn;202;Bitburg
072335006209;Densborn;202;Bitburg
072335006211;Duppach;202;Bitburg
072335006214;Hallschlag;202;Bitburg
072335006219;Kerschenbach;202;Bitburg
072335006223;Kopp;202;Bitburg
072335006227;Mürlenbach;202;Bitburg
072335006229;Nohn;202;Bitburg
072335006232;Ormont;202;Bitburg
072335006235;Reuth;202;Bitburg
072335006237;Scheid;202;Bitburg
072335006239;Schüller;202;Bitburg
072335006240;Stadtkyll;202;Bitburg
072335006241;Steffeln;202;Bitburg
072355001005;Bescheid;203;Trier
072355001008;Beuren (Hochwald);203;Trier
072355001014;Damflos;203;Trier
072355001030;Geisfeld;203;Trier
072355001035;Grimburg;203;Trier
072355001036;Gusenburg;203;Trier
072355001045;Hermeskeil, Stadt;203;Trier
072355001047;Hinzert-Pölert;203;Trier
072355001092;Naurath (Wald);203;Trier
072355001093;Neuhütten;203;Trier
072355001112;Rascheid;203;Trier
072355001114;Reinsfeld;203;Trier
072355001153;Züsch;203;Trier
072355003055;Kanzem;203;Trier
072355003068;Konz, Stadt;203;Trier
072355003095;Nittel;203;Trier
072355003096;Oberbillig;203;Trier
072355003101;Onsdorf;203;Trier
072355003106;Pellingen;203;Trier
072355003132;Tawern;203;Trier
072355003133;Temmels;203;Trier
072355003143;Wasserliesch;203;Trier
072355003144;Wawern;203;Trier
072355003146;Wellen;203;Trier
072355003148;Wiltingen;203;Trier
072355004010;Bonerath;203;Trier
072355004021;Farschweiler;203;Trier
072355004037;Gusterath;203;Trier
072355004038;Gutweiler;203;Trier
072355004044;Herl;203;Trier
072355004046;Hinzenburg;203;Trier
072355004050;Holzerath;203;Trier
072355004056;Kasel;203;Trier
072355004070;Korlingen;203;Trier
072355004080;Lorscheid;203;Trier
072355004085;Mertesdorf;203;Trier
072355004090;Morscheid;203;Trier
072355004100;Ollmuth;203;Trier
072355004103;Osburg;203;Trier
072355004107;Pluwig;203;Trier
072355004116;Riveris;203;Trier
072355004124;Schöndorf;203;Trier
072355004129;Sommerau;203;Trier
072355004135;Thomm;203;Trier
072355004141;Waldrach;203;Trier
072355006004;Bekond;203;Trier
072355006015;Detzem;203;Trier
072355006019;Ensch;203;Trier
072355006022;Fell;203;Trier
072355006026;Föhren;203;Trier
072355006060;Kenn;203;Trier
072355006063;Klüsserath;203;Trier
072355006067;Köwerich;203;Trier
072355006074;Leiwen;203;Trier
072355006077;Longen;203;Trier
072355006078;Longuich;203;Trier
072355006083;Mehring;203;Trier
072355006091;Naurath (Eifel);203;Trier
072355006108;Pölich;203;Trier
072355006115;Riol;203;Trier
072355006120;Schleich;203;Trier
072355006125;Schweich, Stadt;203;Trier
072355006134;Thörnich;203;Trier
072355006207;Trittenheim;203;Trier
072355007001;Aach;203;Trier
072355007027;Franzenheim;203;Trier
072355007048;Hockweiler;203;Trier
072355007051;Igel;203;Trier
072355007069;Kordel;203;Trier
072355007073;Langsur;203;Trier
072355007094;Newel;203;Trier
072355007111;Ralingen;203;Trier
072355007137;Trierweiler;203;Trier
072355007151;Zemmer;203;Trier
072355007501;Welschbillig;203;Trier
072355008002;Ayl;203;Trier
072355008003;Baldringen;203;Trier
072355008025;Fisch;203;Trier
072355008028;Freudenburg;203;Trier
072355008033;Greimerath;203;Trier
072355008040;Heddert;203;Trier
072355008043;Hentern;203;Trier
072355008052;Irsch;203;Trier
072355008057;Kastel-Staadt;203;Trier
072355008058;Kell am See;203;Trier
072355008062;Kirf;203;Trier
072355008072;Lampaden;203;Trier
072355008081;Mandern;203;Trier
072355008082;Mannebach;203;Trier
072355008098;Ockfen;203;Trier
072355008104;Palzem;203;Trier
072355008105;Paschel;203;Trier
072355008118;Saarburg, Stadt;203;Trier
072355008119;Schillingen;203;Trier
072355008122;Schoden;203;Trier
072355008123;Schömerich;203;Trier
072355008126;Serrig;203;Trier
072355008131;Taben-Rodt;203;Trier
072355008136;Trassem;203;Trier
072355008140;Vierherrenborn;203;Trier
072355008142;Waldweiler;203;Trier
072355008149;Wincheringen;203;Trier
072355008152;Zerf;203;Trier
072355008154;Merzkirchen;203;Trier
073110000000;Frankenthal (Pfalz), Stadt;207;Ludwigshafen/Frankenthal
073120000000;Kaiserslautern, Stadt;209;Kaiserslautern
073130000000;Landau in der Pfalz, Stadt;211;Südpfalz
073140000000;Ludwigshafen am Rhein, Stadt;207;Ludwigshafen/Frankenthal
073150000000;Mainz, Stadt;205;Mainz
073160000000;Neustadt an der Weinstraße, Stadt;208;Neustadt - Speyer
073170000000;Pirmasens, Stadt;210;Pirmasens
073180000000;Speyer, Stadt;208;Neustadt - Speyer
073190000000;Worms, Stadt;206;Worms
073200000000;Zweibrücken, Stadt;210;Pirmasens
073310003003;Alzey, Stadt;206;Worms
073315001001;Albig;206;Worms
073315001005;Bechenheim;206;Worms
073315001007;Bechtolsheim;206;Worms
073315001008;Bermersheim vor der Höhe;206;Worms
073315001010;Biebelnheim;206;Worms
073315001012;Bornheim;206;Worms
073315001014;Dintesheim;206;Worms
073315001020;Eppelsheim;206;Worms
073315001021;Erbes-Büdesheim;206;Worms
073315001022;Esselborn;206;Worms
073315001024;Flomborn;206;Worms
073315001025;Flonheim;206;Worms
073315001026;Framersheim;206;Worms
073315001027;Freimersheim;206;Worms
073315001031;Gau-Heppenheim;206;Worms
073315001032;Gau-Odernheim;206;Worms
073315001042;Kettenheim;206;Worms
073315001043;Lonsheim;206;Worms
073315001044;Mauchenheim;206;Worms
073315001050;Nack;206;Worms
073315001051;Nieder-Wiesen;206;Worms
073315001052;Ober-Flörsheim;206;Worms
073315001053;Offenheim;206;Worms
073315001067;Wahlheim;206;Worms
073315002002;Alsheim;206;Worms
073315002018;Eich;206;Worms
073315002034;Gimbsheim;206;Worms
073315002038;Hamm am Rhein;206;Worms
073315002045;Mettenheim;206;Worms
073315003023;Flörsheim-Dalsheim;206;Worms
073315003041;Hohen-Sülzen;206;Worms
073315003046;Mölsheim;206;Worms
073315003047;Mörstadt;206;Worms
073315003048;Monsheim;206;Worms
073315003054;Offstein;206;Worms
073315003066;Wachenheim;206;Worms
073315005017;Eckelsheim;206;Worms
073315005030;Gau-Bickelheim;206;Worms
073315005035;Gumbsheim;206;Worms
073315005060;Siefersheim;206;Worms
073315005062;Stein-Bockenheim;206;Worms
073315005070;Wendelsheim;206;Worms
073315005072;Wöllstein;206;Worms
073315005075;Wonsheim;206;Worms
073315006004;Armsheim;206;Worms
073315006019;Ensheim;206;Worms
073315006029;Gabsheim;206;Worms
073315006033;Gau-Weinheim;206;Worms
073315006056;Partenheim;206;Worms
073315006058;Saulheim;206;Worms
073315006059;Schornsheim;206;Worms
073315006061;Spiesheim;206;Worms
073315006063;Sulzheim;206;Worms
073315006064;Udenheim;206;Worms
073315006065;Vendersheim;206;Worms
073315006068;Wallertheim;206;Worms
073315006073;Wörrstadt, Stadt;206;Worms
073315007006;Bechtheim;206;Worms
073315007009;Bermersheim;206;Worms
073315007011;Hochborn;206;Worms
073315007015;Dittelsheim-Heßloch;206;Worms
073315007028;Frettenheim;206;Worms
073315007036;Gundersheim;206;Worms
073315007037;Gundheim;206;Worms
073315007039;Hangen-Weisheim;206;Worms
073315007049;Monzernheim;206;Worms
073315007055;Osthofen, Stadt;206;Worms
073315007071;Westhofen;206;Worms
073320002002;Bad Dürkheim, Stadt;208;Neustadt - Speyer
073320024024;Grünstadt, Stadt;208;Neustadt - Speyer
073320025025;Haßloch;208;Neustadt - Speyer
073325001009;Deidesheim, Stadt;208;Neustadt - Speyer
073325001017;Forst an der Weinstraße;208;Neustadt - Speyer
073325001035;Meckenheim;208;Neustadt - Speyer
073325001039;Niederkirchen bei Deidesheim;208;Neustadt - Speyer
073325001043;Ruppertsberg;208;Neustadt - Speyer
073325002005;Bobenheim am Berg;208;Neustadt - Speyer
073325002008;Dackenheim;208;Neustadt - Speyer
073325002015;Erpolzheim;208;Neustadt - Speyer
073325002019;Freinsheim, Stadt;208;Neustadt - Speyer
073325002026;Herxheim am Berg;208;Neustadt - Speyer
073325002028;Kallstadt;208;Neustadt - Speyer
073325002049;Weisenheim am Berg;208;Neustadt - Speyer
073325002050;Weisenheim am Sand;208;Neustadt - Speyer
073325005014;Elmstein;208;Neustadt - Speyer
073325005016;Esthal;208;Neustadt - Speyer
073325005018;Frankeneck;208;Neustadt - Speyer
073325005032;Lambrecht (Pfalz), Stadt;208;Neustadt - Speyer
073325005034;Lindenberg;208;Neustadt - Speyer
073325005037;Neidenfels;208;Neustadt - Speyer
073325005048;Weidenthal;208;Neustadt - Speyer
073325006013;Ellerstadt;208;Neustadt - Speyer
073325006020;Friedelsheim;208;Neustadt - Speyer
073325006022;Gönnheim;208;Neustadt - Speyer
073325006046;Wachenheim an der Weinstraße, Stadt;208;Neustadt - Speyer
073325007001;Altleiningen;208;Neustadt - Speyer
073325007003;Battenberg (Pfalz);208;Neustadt - Speyer
073325007004;Bissersheim;208;Neustadt - Speyer
073325007006;Bockenheim an der Weinstraße;208;Neustadt - Speyer
073325007007;Carlsberg;208;Neustadt - Speyer
073325007010;Dirmstein;208;Neustadt - Speyer
073325007012;Ebertsheim;208;Neustadt - Speyer
073325007021;Gerolsheim;208;Neustadt - Speyer
073325007023;Großkarlbach;208;Neustadt - Speyer
073325007027;Hettenleidelheim;208;Neustadt - Speyer
073325007029;Kindenheim;208;Neustadt - Speyer
073325007030;Kirchheim an der Weinstraße;208;Neustadt - Speyer
073325007031;Kleinkarlbach;208;Neustadt - Speyer
073325007033;Laumersheim;208;Neustadt - Speyer
073325007036;Mertesheim;208;Neustadt - Speyer
073325007038;Neuleiningen;208;Neustadt - Speyer
073325007040;Obersülzen;208;Neustadt - Speyer
073325007041;Obrigheim (Pfalz);208;Neustadt - Speyer
073325007042;Quirnheim;208;Neustadt - Speyer
073325007044;Tiefenthal;208;Neustadt - Speyer
073325007047;Wattenheim;208;Neustadt - Speyer
073335002019;Eisenberg (Pfalz), Stadt;209;Kaiserslautern
073335002038;Kerzenheim;209;Kaiserslautern
073335002060;Ramsen;209;Kaiserslautern
073335003001;Albisheim (Pfrimm);209;Kaiserslautern
073335003006;Biedesheim;209;Kaiserslautern
073335003012;Bubenheim;209;Kaiserslautern
073335003017;Dreisen;209;Kaiserslautern
073335003018;Einselthum;209;Kaiserslautern
073335003026;Göllheim;209;Kaiserslautern
073335003032;Immesheim;209;Kaiserslautern
073335003041;Lautersheim;209;Kaiserslautern
073335003058;Ottersheim;209;Kaiserslautern
073335003064;Rüssingen;209;Kaiserslautern
073335003074;Standenbühl;209;Kaiserslautern
073335003081;Weitersweiler;209;Kaiserslautern
073335003501;Zellertal;209;Kaiserslautern
073335004005;Bennhausen;209;Kaiserslautern
073335004007;Bischheim;209;Kaiserslautern
073335004010;Bolanden;209;Kaiserslautern
073335004013;Dannenfels;209;Kaiserslautern
073335004022;Gauersheim;209;Kaiserslautern
073335004031;Ilbesheim;209;Kaiserslautern
073335004035;Jakobsweiler;209;Kaiserslautern
073335004039;Kirchheimbolanden, Stadt;209;Kaiserslautern
073335004040;Kriegsfeld;209;Kaiserslautern
073335004045;Marnheim;209;Kaiserslautern
073335004046;Mörsfeld;209;Kaiserslautern
073335004047;Morschheim;209;Kaiserslautern
073335004056;Oberwiesen;209;Kaiserslautern
073335004057;Orbis;209;Kaiserslautern
073335004062;Rittersheim;209;Kaiserslautern
073335004076;Stetten;209;Kaiserslautern
073335006009;Börrstadt;209;Kaiserslautern
073335006011;Breunigweiler;209;Kaiserslautern
073335006020;Falkenstein;209;Kaiserslautern
073335006027;Gonbach;209;Kaiserslautern
073335006030;Höringen;209;Kaiserslautern
073335006033;Imsbach;209;Kaiserslautern
073335006042;Lohnsfeld;209;Kaiserslautern
073335006048;Münchweiler an der Alsenz;209;Kaiserslautern
073335006069;Schweisweiler;209;Kaiserslautern
073335006071;Sippersfeld;209;Kaiserslautern
073335006075;Steinbach am Donnersberg;209;Kaiserslautern
073335006080;Wartenberg-Rohrbach;209;Kaiserslautern
073335006503;Winnweiler;209;Kaiserslautern
073335007003;Alsenz;209;Kaiserslautern
073335007004;Bayerfeld-Steckweiler;209;Kaiserslautern
073335007008;Bisterschied;209;Kaiserslautern
073335007014;Dielkirchen;209;Kaiserslautern
073335007016;Dörrmoschel;209;Kaiserslautern
073335007021;Finkenbach-Gersweiler;209;Kaiserslautern
073335007023;Gaugrehweiler;209;Kaiserslautern
073335007024;Gehrweiler;209;Kaiserslautern
073335007025;Gerbach;209;Kaiserslautern
073335007028;Gundersweiler;209;Kaiserslautern
073335007034;Imsweiler;209;Kaiserslautern
073335007036;Kalkofen;209;Kaiserslautern
073335007037;Katzenbach;209;Kaiserslautern
073335007043;Mannweiler-Cölln;209;Kaiserslautern
073335007049;Münsterappel;209;Kaiserslautern
073335007050;Niederhausen an der Appel;209;Kaiserslautern
073335007051;Niedermoschel;209;Kaiserslautern
073335007053;Oberhausen an der Appel;209;Kaiserslautern
073335007054;Obermoschel, Stadt;209;Kaiserslautern
073335007055;Oberndorf;209;Kaiserslautern
073335007061;Ransweiler;209;Kaiserslautern
073335007065;Ruppertsecken;209;Kaiserslautern
073335007066;Sankt Alban;209;Kaiserslautern
073335007067;Schiersfeld;209;Kaiserslautern
073335007068;Schönborn;209;Kaiserslautern
073335007072;Sitters;209;Kaiserslautern
073335007073;Stahlberg;209;Kaiserslautern
073335007077;Teschenmoschel;209;Kaiserslautern
073335007078;Unkenbach;209;Kaiserslautern
073335007079;Waldgrehweiler;209;Kaiserslautern
073335007083;Winterborn;209;Kaiserslautern
073335007084;Würzweiler;209;Kaiserslautern
073335007201;Rathskirchen;209;Kaiserslautern
073335007202;Reichsthal;209;Kaiserslautern
073335007203;Seelen;209;Kaiserslautern
073335007502;Rockenhausen, Stadt;209;Kaiserslautern
073340007007;Germersheim, Stadt;211;Südpfalz
073340501501;Wörth am Rhein, Stadt;211;Südpfalz
073345001001;Bellheim;211;Südpfalz
073345001014;Knittelsheim;211;Südpfalz
073345001023;Ottersheim bei Landau;211;Südpfalz
073345001036;Zeiskam;211;Südpfalz
073345002002;Berg (Pfalz);211;Südpfalz
073345002008;Hagenbach, Stadt;211;Südpfalz
073345002021;Neuburg am Rhein;211;Südpfalz
073345002027;Scheibenhardt;211;Südpfalz
073345003009;Hatzenbühl;211;Südpfalz
073345003012;Jockgrim;211;Südpfalz
073345003022;Neupotz;211;Südpfalz
073345003024;Rheinzabern;211;Südpfalz
073345004004;Erlenbach bei Kandel;211;Südpfalz
073345004005;Freckenfeld;211;Südpfalz
073345004013;Kandel, Stadt;211;Südpfalz
073345004020;Minfeld;211;Südpfalz
073345004030;Steinweiler;211;Südpfalz
073345004031;Vollmersweiler;211;Südpfalz
073345004034;Winden;211;Südpfalz
073345005006;Freisbach;211;Südpfalz
073345005017;Lingenfeld;211;Südpfalz
073345005018;Lustadt;211;Südpfalz
073345005028;Schwegenheim;211;Südpfalz
073345005032;Weingarten (Pfalz);211;Südpfalz
073345005033;Westheim (Pfalz);211;Südpfalz
073345006011;Hördt;211;Südpfalz
073345006015;Kuhardt;211;Südpfalz
073345006016;Leimersheim;211;Südpfalz
073345006025;Rülzheim;211;Südpfalz
073355001003;Bruchmühlbach-Miesau;210;Pirmasens
073355001011;Gerhardsbrunn;210;Pirmasens
073355001201;Lambsborn;210;Pirmasens
073355001202;Langwieden;210;Pirmasens
073355001203;Martinshöhe;210;Pirmasens
073355002004;Enkenbach-Alsenborn;209;Kaiserslautern
073355002007;Fischbach;209;Kaiserslautern
073355002010;Frankenstein;209;Kaiserslautern
073355002015;Hochspeyer;209;Kaiserslautern
073355002026;Mehlingen;209;Kaiserslautern
073355002028;Neuhemsbach;209;Kaiserslautern
073355002048;Waldleiningen;209;Kaiserslautern
073355002205;Sembach;209;Kaiserslautern
073355008016;Hütschenhausen;210;Pirmasens
073355008020;Kottweiler-Schwanden;210;Pirmasens
073355008030;Niedermohr;210;Pirmasens
073355008038;Ramstein-Miesenbach, Stadt;210;Pirmasens
073355008044;Steinwenden;210;Pirmasens
073355009005;Erzenhausen;209;Kaiserslautern
073355009006;Eulenbis;209;Kaiserslautern
073355009019;Kollweiler;209;Kaiserslautern
073355009024;Mackenbach;209;Kaiserslautern
073355009040;Rodenbach;209;Kaiserslautern
073355009043;Schwedelbach;209;Kaiserslautern
073355009049;Weilerbach;209;Kaiserslautern
073355009501;Reichenbach-Steegen;209;Kaiserslautern
073355010009;Frankelbach;209;Kaiserslautern
073355010013;Heiligenmoschel;209;Kaiserslautern
073355010014;Hirschhorn/ Pfalz;209;Kaiserslautern
073355010017;Katzweiler;209;Kaiserslautern
073355010025;Mehlbach;209;Kaiserslautern
073355010029;Niederkirchen;209;Kaiserslautern
073355010033;Olsbrücken;209;Kaiserslautern
073355010034;Otterbach;209;Kaiserslautern
073355010035;Otterberg, Stadt;209;Kaiserslautern
073355010041;Schallodenbach;209;Kaiserslautern
073355010042;Schneckenhausen;209;Kaiserslautern
073355010046;Sulzbachtal;209;Kaiserslautern
073355011002;Bann;210;Pirmasens
073355011012;Hauptstuhl;210;Pirmasens
073355011018;Kindsbach;210;Pirmasens
073355011021;Krickenbach;210;Pirmasens
073355011022;Landstuhl, Sickingenstadt, Stadt;210;Pirmasens
073355011023;Linden;210;Pirmasens
073355011027;Mittelbrunn;210;Pirmasens
073355011031;Oberarnbach;210;Pirmasens
073355011037;Queidersbach;210;Pirmasens
073355011045;Stelzenberg;210;Pirmasens
073355011047;Trippstadt;210;Pirmasens
073355011204;Schopp;210;Pirmasens
073365008001;Adenbach;209;Kaiserslautern
073365008005;Aschbach;209;Kaiserslautern
073365008012;Buborn;209;Kaiserslautern
073365008013;Cronenberg;209;Kaiserslautern
073365008014;Deimberg;209;Kaiserslautern
073365008019;Einöllen;209;Kaiserslautern
073365008023;Eßweiler;209;Kaiserslautern
073365008029;Ginsweiler;209;Kaiserslautern
073365008030;Glanbrücken;209;Kaiserslautern
073365008033;Grumbach;209;Kaiserslautern
073365008035;Hausweiler;209;Kaiserslautern
073365008036;Hefersweiler;209;Kaiserslautern
073365008038;Heinzenhausen;209;Kaiserslautern
073365008040;Herren-Sulzbach;209;Kaiserslautern
073365008042;Hinzweiler;209;Kaiserslautern
073365008043;Hohenöllen;209;Kaiserslautern
073365008044;Homberg;209;Kaiserslautern
073365008045;Hoppstädten;209;Kaiserslautern
073365008048;Jettenbach;209;Kaiserslautern
073365008049;Kappeln;209;Kaiserslautern
073365008050;Kirrweiler;209;Kaiserslautern
073365008053;Kreimbach-Kaulbach;209;Kaiserslautern
073365008057;Langweiler;209;Kaiserslautern
073365008058;Lauterecken, Stadt;209;Kaiserslautern
073365008060;Lohnweiler;209;Kaiserslautern
073365008061;Medard;209;Kaiserslautern
073365008062;Merzweiler;209;Kaiserslautern
073365008065;Nerzweiler;209;Kaiserslautern
073365008069;Nußbach;209;Kaiserslautern
073365008072;Oberweiler im Tal;209;Kaiserslautern
073365008073;Oberweiler-Tiefenbach;209;Kaiserslautern
073365008074;Odenbach;209;Kaiserslautern
073365008075;Offenbach-Hundheim;209;Kaiserslautern
073365008085;Reipoltskirchen;209;Kaiserslautern
073365008086;Relsberg;209;Kaiserslautern
073365008087;Rothselberg;209;Kaiserslautern
073365008090;Rutsweiler an der Lauter;209;Kaiserslautern
073365008095;Sankt Julian;209;Kaiserslautern
073365008100;Unterjeckenbach;209;Kaiserslautern
073365008104;Wiesweiler;209;Kaiserslautern
073365008105;Wolfstein, Stadt;209;Kaiserslautern
073365009004;Altenkirchen;209;Kaiserslautern
073365009008;Börsborn;209;Kaiserslautern
073365009010;Breitenbach;209;Kaiserslautern
073365009011;Brücken (Pfalz);209;Kaiserslautern
073365009016;Dittweiler;209;Kaiserslautern
073365009017;Dunzweiler;209;Kaiserslautern
073365009027;Frohnhofen;209;Kaiserslautern
073365009031;Glan-Münchweiler;209;Kaiserslautern
073365009032;Gries;209;Kaiserslautern
073365009037;Henschtal;209;Kaiserslautern
073365009041;Herschweiler-Pettersheim;209;Kaiserslautern
073365009047;Hüffler;209;Kaiserslautern
073365009054;Krottelbach;209;Kaiserslautern
073365009056;Langenbach;209;Kaiserslautern
073365009064;Nanzdietschweiler;209;Kaiserslautern
073365009076;Ohmbach;209;Kaiserslautern
073365009082;Rehweiler;209;Kaiserslautern
073365009092;Schönenberg-Kübelberg;209;Kaiserslautern
073365009096;Steinbach am Glan;209;Kaiserslautern
073365009101;Wahnwegen;209;Kaiserslautern
073365009102;Waldmohr;209;Kaiserslautern
073365009107;Matzenbach;209;Kaiserslautern
073365009501;Quirnbach/ Pfalz;209;Kaiserslautern
073365010002;Albessen;209;Kaiserslautern
073365010003;Altenglan;209;Kaiserslautern
073365010006;Blaubach;209;Kaiserslautern
073365010009;Bosenbach;209;Kaiserslautern
073365010015;Dennweiler-Frohnbach;209;Kaiserslautern
073365010018;Ehweiler;209;Kaiserslautern
073365010021;Elzweiler;209;Kaiserslautern
073365010022;Erdesbach;209;Kaiserslautern
073365010024;Etschberg;209;Kaiserslautern
073365010025;Föckelberg;209;Kaiserslautern
073365010034;Haschbach am Remigiusberg;209;Kaiserslautern
073365010039;Herchweiler;209;Kaiserslautern
073365010046;Horschbach;209;Kaiserslautern
073365010051;Körborn;209;Kaiserslautern
073365010052;Konken;209;Kaiserslautern
073365010055;Kusel, Stadt;209;Kaiserslautern
073365010066;Neunkirchen am Potzberg;209;Kaiserslautern
073365010067;Niederalben;209;Kaiserslautern
073365010068;Niederstaufenbach;209;Kaiserslautern
073365010070;Oberalben;209;Kaiserslautern
073365010071;Oberstaufenbach;209;Kaiserslautern
073365010077;Pfeffelbach;209;Kaiserslautern
073365010079;Rammelsbach;209;Kaiserslautern
073365010081;Rathsweiler;209;Kaiserslautern
073365010084;Reichweiler;209;Kaiserslautern
073365010088;Ruthweiler;209;Kaiserslautern
073365010089;Rutsweiler am Glan;209;Kaiserslautern
073365010091;Schellweiler;209;Kaiserslautern
073365010094;Selchenbach;209;Kaiserslautern
073365010097;Thallichtenberg;209;Kaiserslautern
073365010098;Theisbergstegen;209;Kaiserslautern
073365010099;Ulmet;209;Kaiserslautern
073365010103;Welchweiler;209;Kaiserslautern
073365010106;Bedesbach;209;Kaiserslautern
073375001001;Albersweiler;211;Südpfalz
073375001017;Dernbach;211;Südpfalz
073375001024;Eußerthal;211;Südpfalz
073375001033;Gossersweiler-Stein;211;Südpfalz
073375001054;Münchweiler am Klingbach;211;Südpfalz
073375001064;Ramberg;211;Südpfalz
073375001067;Rinnthal;211;Südpfalz
073375001074;Silz;211;Südpfalz
073375001078;Völkersweiler;211;Südpfalz
073375001080;Waldhambach;211;Südpfalz
073375001081;Waldrohrbach;211;Südpfalz
073375001083;Wernersberg;211;Südpfalz
073375001501;Annweiler am Trifels, Stadt;211;Südpfalz
073375002005;Bad Bergzabern, Stadt;211;Südpfalz
073375002006;Barbelroth;211;Südpfalz
073375002008;Birkenhördt;211;Südpfalz
073375002013;Böllenborn;211;Südpfalz
073375002018;Dierbach;211;Südpfalz
073375002019;Dörrenbach;211;Südpfalz
073375002029;Gleiszellen-Gleishorbach;211;Südpfalz
073375002037;Hergersweiler;211;Südpfalz
073375002045;Kapellen-Drusweiler;211;Südpfalz
073375002046;Kapsweyer;211;Südpfalz
073375002049;Klingenmünster;211;Südpfalz
073375002055;Niederhorbach;211;Südpfalz
073375002056;Niederotterbach;211;Südpfalz
073375002058;Oberhausen;211;Südpfalz
073375002059;Oberotterbach;211;Südpfalz
073375002060;Oberschlettenbach;211;Südpfalz
073375002062;Pleisweiler-Oberhofen;211;Südpfalz
073375002071;Schweigen-Rechtenbach;211;Südpfalz
073375002072;Schweighofen;211;Südpfalz
073375002076;Steinfeld;211;Südpfalz
073375002079;Vorderweidenthal;211;Südpfalz
073375003002;Altdorf;211;Südpfalz
073375003011;Böbingen;211;Südpfalz
073375003015;Burrweiler;211;Südpfalz
073375003020;Edenkoben, Stadt;211;Südpfalz
073375003021;Edesheim;211;Südpfalz
073375003025;Flemlingen;211;Südpfalz
073375003027;Freimersheim (Pfalz);211;Südpfalz
073375003028;Gleisweiler;211;Südpfalz
073375003032;Gommersheim;211;Südpfalz
073375003035;Großfischlingen;211;Südpfalz
073375003036;Hainfeld;211;Südpfalz
073375003048;Kleinfischlingen;211;Südpfalz
073375003066;Rhodt unter Rietburg;211;Südpfalz
073375003069;Roschbach;211;Südpfalz
073375003077;Venningen;211;Südpfalz
073375003084;Weyher in der Pfalz;211;Südpfalz
073375004038;Herxheim bei Landau/ Pfalz;211;Südpfalz
073375004039;Herxheimweyher;211;Südpfalz
073375004044;Insheim;211;Südpfalz
073375004068;Rohrbach;211;Südpfalz
073375005007;Billigheim-Ingenheim;211;Südpfalz
073375005009;Birkweiler;211;Südpfalz
073375005012;Böchingen;211;Südpfalz
073375005022;Eschbach;211;Südpfalz
073375005026;Frankweiler;211;Südpfalz
073375005031;Göcklingen;211;Südpfalz
073375005040;Heuchelheim-Klingen;211;Südpfalz
073375005042;Ilbesheim bei Landau in der Pfalz;211;Südpfalz
073375005043;Impflingen;211;Südpfalz
073375005050;Knöringen;211;Südpfalz
073375005051;Leinsweiler;211;Südpfalz
073375005065;Ranschbach;211;Südpfalz
073375005073;Siebeldingen;211;Südpfalz
073375005082;Walsheim;211;Südpfalz
073375006047;Kirrweiler (Pfalz);211;Südpfalz
073375006052;Maikammer;211;Südpfalz
073375006070;Sankt Martin;211;Südpfalz
073375007014;Bornheim;211;Südpfalz
073375007023;Essingen;211;Südpfalz
073375007041;Hochstadt (Pfalz);211;Südpfalz
073375007061;Offenbach an der Queich;211;Südpfalz
073380004004;Bobenheim-Roxheim;207;Ludwigshafen/Frankenthal
073380005005;Böhl-Iggelheim;207;Ludwigshafen/Frankenthal
073380017017;Limburgerhof;207;Ludwigshafen/Frankenthal
073380019019;Mutterstadt;207;Ludwigshafen/Frankenthal
073380025025;Schifferstadt, Stadt;208;Neustadt - Speyer
073385001006;Dannstadt-Schauernheim;207;Ludwigshafen/Frankenthal
073385001014;Hochdorf-Assenheim;207;Ludwigshafen/Frankenthal
073385001022;Rödersheim-Gronau;207;Ludwigshafen/Frankenthal
073385004003;Birkenheide;207;Ludwigshafen/Frankenthal
073385004008;Fußgönheim;207;Ludwigshafen/Frankenthal
073385004018;Maxdorf;207;Ludwigshafen/Frankenthal
073385006002;Beindersheim;207;Ludwigshafen/Frankenthal
073385006009;Großniedesheim;207;Ludwigshafen/Frankenthal
073385006012;Heßheim;207;Ludwigshafen/Frankenthal
073385006013;Heuchelheim bei Frankenthal;207;Ludwigshafen/Frankenthal
073385006015;Kleinniedesheim;207;Ludwigshafen/Frankenthal
073385006016;Lambsheim;207;Ludwigshafen/Frankenthal
073385007007;Dudenhofen;208;Neustadt - Speyer
073385007010;Hanhofen;208;Neustadt - Speyer
073385007011;Harthausen;208;Neustadt - Speyer
073385007023;Römerberg;208;Neustadt - Speyer
073385008001;Altrip;207;Ludwigshafen/Frankenthal
073385008020;Neuhofen;207;Ludwigshafen/Frankenthal
073385008021;Otterstadt;208;Neustadt - Speyer
073385008026;Waldsee;208;Neustadt - Speyer
073390005005;Bingen am Rhein, Stadt;205;Mainz
073390009009;Budenheim;205;Mainz
073390030030;Ingelheim am Rhein, Stadt;205;Mainz
073395001003;Bacharach, Stadt;205;Mainz
073395001007;Breitscheid;205;Mainz
073395001036;Manubach;205;Mainz
073395001038;Münster-Sarmsheim;205;Mainz
073395001040;Niederheimbach;205;Mainz
073395001044;Oberdiebach;205;Mainz
073395001045;Oberheimbach;205;Mainz
073395001058;Trechtingshausen;205;Mainz
073395001062;Waldalgesheim;205;Mainz
073395001063;Weiler bei Bingen;205;Mainz
073395002006;Bodenheim;206;Worms
073395002020;Gau-Bischofsheim;206;Worms
073395002026;Harxheim;206;Worms
073395002034;Lörzweiler;206;Worms
073395002039;Nackenheim;206;Worms
073395003001;Appenheim;205;Mainz
073395003008;Bubenheim;205;Mainz
073395003016;Engelstadt;205;Mainz
073395003019;Gau-Algesheim, Stadt;205;Mainz
073395003041;Nieder-Hilbersheim;205;Mainz
073395003046;Ober-Hilbersheim;205;Mainz
073395003048;Ockenheim;205;Mainz
073395003051;Schwabenheim an der Selz;205;Mainz
073395006017;Essenheim;205;Mainz
073395006031;Jugenheim in Rheinhessen;205;Mainz
073395006032;Klein-Winternheim;205;Mainz
073395006042;Nieder-Olm, Stadt;205;Mainz
073395006047;Ober-Olm;205;Mainz
073395006054;Sörgenloch;205;Mainz
073395006057;Stadecken-Elsheim;205;Mainz
073395006067;Zornheim;205;Mainz
073395007010;Dalheim;206;Worms
073395007011;Dexheim;206;Worms
073395007012;Dienheim;206;Worms
073395007013;Dolgesheim;206;Worms
073395007015;Eimsheim;206;Worms
073395007018;Friesenheim;206;Worms
073395007024;Guntersblum;206;Worms
073395007025;Hahnheim;206;Worms
073395007028;Hillesheim;206;Worms
073395007033;Köngernheim;206;Worms
073395007035;Ludwigshöhe;206;Worms
073395007037;Mommenheim;206;Worms
073395007043;Nierstein, Stadt;206;Worms
073395007049;Oppenheim, Stadt;206;Worms
073395007053;Selzen;206;Worms
073395007059;Uelversheim;206;Worms
073395007060;Undenheim;206;Worms
073395007064;Weinolsheim;206;Worms
073395007066;Wintersheim;206;Worms
073395007201;Dorn-Dürkheim;206;Worms
073395008002;Aspisheim;206;Worms
073395008004;Badenheim;206;Worms
073395008021;Gensingen;206;Worms
073395008022;Grolsheim;206;Worms
073395008029;Horrweiler;206;Worms
073395008050;Sankt Johann;206;Worms
073395008056;Sprendlingen;206;Worms
073395008065;Welgesheim;206;Worms
073395008068;Zotzenheim;206;Worms
073395008202;Wolfsheim;206;Worms
073405001001;Bobenthal;210;Pirmasens
073405001002;Busenberg;210;Pirmasens
073405001004;Dahn, Stadt;210;Pirmasens
073405001009;Erfweiler;210;Pirmasens
073405001010;Erlenbach bei Dahn;210;Pirmasens
073405001011;Fischbach bei Dahn;210;Pirmasens
073405001021;Hirschthal;210;Pirmasens
073405001029;Ludwigswinkel;210;Pirmasens
073405001033;Niederschlettenbach;210;Pirmasens
073405001034;Nothweiler;210;Pirmasens
073405001039;Rumbach;210;Pirmasens
073405001043;Schindhard;210;Pirmasens
073405001045;Schönau (Pfalz);210;Pirmasens
073405001501;Bruchweiler-Bärenbach;210;Pirmasens
073405001502;Bundenthal;210;Pirmasens
073405002005;Darstein;210;Pirmasens
073405002006;Dimbach;210;Pirmasens
073405002014;Hauenstein;210;Pirmasens
073405002020;Hinterweidenthal;210;Pirmasens
073405002030;Lug;210;Pirmasens
073405002047;Schwanheim;210;Pirmasens
073405002049;Spirkelbach;210;Pirmasens
073405002057;Wilgartswiesen;210;Pirmasens
073405003008;Eppenbrunn;210;Pirmasens
073405003019;Hilst;210;Pirmasens
073405003026;Kröppen;210;Pirmasens
073405003028;Lemberg;210;Pirmasens
073405003036;Obersimten;210;Pirmasens
073405003040;Ruppertsweiler;210;Pirmasens
073405003048;Schweix;210;Pirmasens
073405003052;Trulben;210;Pirmasens
073405003053;Vinningen;210;Pirmasens
073405003205;Bottenbach;210;Pirmasens
073405004003;Clausen;210;Pirmasens
073405004007;Donsieders;210;Pirmasens
073405004027;Leimen;210;Pirmasens
073405004031;Merzalben;210;Pirmasens
073405004032;Münchweiler an der Rodalb;210;Pirmasens
073405004038;Rodalben, Stadt;210;Pirmasens
073405006012;Geiselberg;210;Pirmasens
073405006015;Heltersberg;210;Pirmasens
073405006016;Hermersberg;210;Pirmasens
073405006022;Höheinöd;210;Pirmasens
073405006025;Horbach;210;Pirmasens
073405006044;Schmalenberg;210;Pirmasens
073405006050;Steinalben;210;Pirmasens
073405006054;Waldfischbach-Burgalben;210;Pirmasens
073405008201;Althornbach;210;Pirmasens
073405008202;Battweiler;210;Pirmasens
073405008203;Bechhofen;210;Pirmasens
073405008206;Contwig;210;Pirmasens
073405008207;Dellfeld;210;Pirmasens
073405008208;Dietrichingen;210;Pirmasens
073405008209;Großbundenbach;210;Pirmasens
073405008210;Großsteinhausen;210;Pirmasens
073405008211;Hornbach, Stadt;210;Pirmasens
073405008212;Käshofen;210;Pirmasens
073405008213;Kleinbundenbach;210;Pirmasens
073405008214;Kleinsteinhausen;210;Pirmasens
073405008218;Mauschbach;210;Pirmasens
073405008221;Riedelberg;210;Pirmasens
073405008223;Rosenkopf;210;Pirmasens
073405008226;Walshausen;210;Pirmasens
073405008227;Wiesbach;210;Pirmasens
073405009017;Herschberg;210;Pirmasens
073405009018;Hettenhausen;210;Pirmasens
073405009023;Höheischweiler;210;Pirmasens
073405009024;Höhfröschen;210;Pirmasens
073405009035;Nünschweiler;210;Pirmasens
073405009037;Petersberg;210;Pirmasens
073405009041;Saalstadt;210;Pirmasens
073405009042;Schauerberg;210;Pirmasens
073405009051;Thaleischweiler-Fröschen;210;Pirmasens
073405009055;Weselberg;210;Pirmasens
073405009204;Biedershausen;210;Pirmasens
073405009215;Knopp-Labach;210;Pirmasens
073405009216;Krähenberg;210;Pirmasens
073405009217;Maßweiler;210;Pirmasens
073405009219;Obernheim-Kirchenarnbach;210;Pirmasens
073405009220;Reifenberg;210;Pirmasens
073405009222;Rieschweiler-Mühlbach;210;Pirmasens
073405009224;Schmitshausen;210;Pirmasens
073405009225;Wallhalben;210;Pirmasens
073405009228;Winterbach (Pfalz);210;Pirmasens
081110000000;Stuttgart, Landeshauptstadt;258;Stuttgart I
081110000000;Stuttgart, Landeshauptstadt;259;Stuttgart II
081150003003;Böblingen, Stadt;260;Böblingen
081150028028;Leonberg, Stadt;260;Böblingen
081150029029;Magstadt;260;Böblingen
081150041041;Renningen, Stadt;260;Böblingen
081150042042;Rutesheim, Stadt;260;Böblingen
081150044044;Schönaich;260;Böblingen
081150045045;Sindelfingen, Stadt;260;Böblingen
081150050050;Weil der Stadt, Stadt;260;Böblingen
081150051051;Weil im Schönbuch;260;Böblingen
081150052052;Weissach;265;Ludwigsburg
081155001001;Aidlingen;260;Böblingen
081155001054;Grafenau;260;Böblingen
081155002013;Ehningen;260;Böblingen
081155002015;Gärtringen;260;Böblingen
081155003010;Deckenpfronn;260;Böblingen
081155003021;Herrenberg, Stadt;260;Böblingen
081155003037;Nufringen;260;Böblingen
081155004002;Altdorf;260;Böblingen
081155004022;Hildrizhausen;260;Böblingen
081155004024;Holzgerlingen, Stadt;260;Böblingen
081155005004;Bondorf;260;Böblingen
081155005016;Gäufelden;260;Böblingen
081155005034;Mötzingen;260;Böblingen
081155005053;Jettingen;260;Böblingen
081155006046;Steinenbronn;262;Nürtingen
081155006048;Waldenbuch, Stadt;262;Nürtingen
081160015015;Denkendorf;261;Esslingen
081160019019;Esslingen am Neckar, Stadt;261;Esslingen
081160047047;Neuhausen auf den Fildern;261;Esslingen
081160072072;Wernau (Neckar), Stadt;261;Esslingen
081160076076;Aichwald;261;Esslingen
081160077077;Filderstadt, Stadt;262;Nürtingen
081160078078;Leinfelden-Echterdingen, Stadt;262;Nürtingen
081160080080;Ostfildern, Stadt;261;Esslingen
081160081081;Aichtal, Stadt;262;Nürtingen
081165001016;Dettingen unter Teck;262;Nürtingen
081165001033;Kirchheim unter Teck, Stadt;262;Nürtingen
081165001048;Notzingen;262;Nürtingen
081165002018;Erkenbrechtsweiler;262;Nürtingen
081165002054;Owen, Stadt;262;Nürtingen
081165002079;Lenningen;262;Nürtingen
081165003005;Altdorf;262;Nürtingen
081165003006;Altenriet;262;Nürtingen
081165003008;Bempflingen;262;Nürtingen
081165003041;Neckartailfingen;262;Nürtingen
081165003042;Neckartenzlingen;262;Nürtingen
081165003063;Schlaitdorf;262;Nürtingen
081165004011;Beuren;262;Nürtingen
081165004036;Kohlberg;262;Nürtingen
081165004046;Neuffen, Stadt;262;Nürtingen
081165005020;Frickenhausen;262;Nürtingen
081165005022;Großbettlingen;262;Nürtingen
081165005049;Nürtingen, Stadt;262;Nürtingen
081165005050;Oberboihingen;262;Nürtingen
081165005068;Unterensingen;262;Nürtingen
081165005073;Wolfschlugen;262;Nürtingen
081165006004;Altbach;261;Esslingen
081165006014;Deizisau;261;Esslingen
081165006056;Plochingen, Stadt;261;Esslingen
081165007007;Baltmannsweiler;261;Esslingen
081165007027;Hochdorf;261;Esslingen
081165007037;Lichtenwald;261;Esslingen
081165007058;Reichenbach an der Fils;261;Esslingen
081165008012;Bissingen an der Teck;262;Nürtingen
081165008029;Holzmaden;262;Nürtingen
081165008043;Neidlingen;262;Nürtingen
081165008053;Ohmden;262;Nürtingen
081165008070;Weilheim an der Teck, Stadt;262;Nürtingen
081165009035;Köngen;261;Esslingen
081165009071;Wendlingen am Neckar, Stadt;261;Esslingen
081170010010;Böhmenkirch;263;Göppingen
081175001006;Bad Ditzenbach;263;Göppingen
081175001014;Deggingen;263;Göppingen
081175002018;Ebersbach an der Fils, Stadt;263;Göppingen
081175002044;Schlierbach;263;Göppingen
081175003019;Eislingen/Fils, Stadt;263;Göppingen
081175003037;Ottenbach;263;Göppingen
081175003042;Salach;263;Göppingen
081175004007;Bad Überkingen;263;Göppingen
081175004024;Geislingen an der Steige, Stadt;263;Göppingen
081175004033;Kuchen;263;Göppingen
081175005026;Göppingen, Stadt;263;Göppingen
081175005043;Schlat;263;Göppingen
081175005053;Wäschenbeuren;263;Göppingen
081175005055;Wangen;263;Göppingen
081175006015;Donzdorf, Stadt;263;Göppingen
081175006025;Gingen an der Fils;263;Göppingen
081175006049;Süßen, Stadt;263;Göppingen
081175006061;Lauterstein, Stadt;263;Göppingen
081175007016;Drackenstein;263;Göppingen
081175007028;Gruibingen;263;Göppingen
081175007031;Hohenstadt;263;Göppingen
081175007035;Mühlhausen im Täle;263;Göppingen
081175007058;Wiesensteig, Stadt;263;Göppingen
081175008001;Adelberg;263;Göppingen
081175008009;Birenbach;263;Göppingen
081175008011;Börtlingen;263;Göppingen
081175008038;Rechberghausen;263;Göppingen
081175009002;Aichelberg;263;Göppingen
081175009012;Bad Boll;263;Göppingen
081175009017;Dürnau;263;Göppingen
081175009023;Gammelshausen;263;Göppingen
081175009029;Hattenhofen;263;Göppingen
081175009060;Zell unter Aichelberg;263;Göppingen
081175010003;Albershausen;263;Göppingen
081175010051;Uhingen, Stadt;263;Göppingen
081175011020;Eschenbach;263;Göppingen
081175011030;Heiningen;263;Göppingen
081180003003;Asperg, Stadt;265;Ludwigsburg
081180011011;Ditzingen, Stadt;265;Ludwigsburg
081180019019;Gerlingen, Stadt;265;Ludwigsburg
081180021021;Großbottwar, Stadt;266;Neckar-Zaber
081180046046;Kornwestheim, Stadt;265;Ludwigsburg
081180048048;Ludwigsburg, Stadt;265;Ludwigsburg
081180050050;Markgröningen, Stadt;265;Ludwigsburg
081180051051;Möglingen;265;Ludwigsburg
081180060060;Oberstenfeld;266;Neckar-Zaber
081180076076;Sachsenheim, Stadt;266;Neckar-Zaber
081180080080;Korntal-Münchingen, Stadt;265;Ludwigsburg
081180081081;Remseck am Neckar, Stadt;265;Ludwigsburg
081185001007;Besigheim, Stadt;266;Neckar-Zaber
081185001016;Freudental;266;Neckar-Zaber
081185001018;Gemmrigheim;266;Neckar-Zaber
081185001028;Hessigheim;266;Neckar-Zaber
081185001047;Löchgau;266;Neckar-Zaber
081185001053;Mundelsheim;266;Neckar-Zaber
081185001074;Walheim;266;Neckar-Zaber
081185002071;Tamm;266;Neckar-Zaber
081185002077;Ingersheim;266;Neckar-Zaber
081185002079;Bietigheim-Bissingen, Stadt;266;Neckar-Zaber
081185003010;Bönnigheim, Stadt;266;Neckar-Zaber
081185003015;Erligheim;266;Neckar-Zaber
081185003040;Kirchheim am Neckar;266;Neckar-Zaber
081185004063;Pleidelsheim;266;Neckar-Zaber
081185004078;Freiberg am Neckar, Stadt;266;Neckar-Zaber
081185005001;Affalterbach;266;Neckar-Zaber
081185005006;Benningen am Neckar;266;Neckar-Zaber
081185005014;Erdmannhausen;266;Neckar-Zaber
081185005049;Marbach am Neckar, Stadt;266;Neckar-Zaber
081185006027;Hemmingen;265;Ludwigsburg
081185006067;Schwieberdingen;265;Ludwigsburg
081185007054;Murr;266;Neckar-Zaber
081185007070;Steinheim an der Murr, Stadt;266;Neckar-Zaber
081185008012;Eberdingen;265;Ludwigsburg
081185008059;Oberriexingen, Stadt;265;Ludwigsburg
081185008068;Sersheim;265;Ludwigsburg
081185008073;Vaihingen an der Enz, Stadt;265;Ludwigsburg
081190001001;Alfdorf;264;Waiblingen
081190020020;Fellbach, Stadt;264;Waiblingen
081190041041;Korb;264;Waiblingen
081190044044;Murrhardt, Stadt;269;Backnang - Schwäbisch Gmünd
081190061061;Rudersberg;264;Waiblingen
081190079079;Waiblingen, Stadt;264;Waiblingen
081190089089;Berglen;264;Waiblingen
081190090090;Remshalden;264;Waiblingen
081190091091;Weinstadt, Stadt;264;Waiblingen
081190093093;Kernen im Remstal;264;Waiblingen
081195001003;Allmersbach im Tal;269;Backnang - Schwäbisch Gmünd
081195001004;Althütte;269;Backnang - Schwäbisch Gmünd
081195001006;Auenwald;269;Backnang - Schwäbisch Gmünd
081195001008;Backnang, Stadt;269;Backnang - Schwäbisch Gmünd
081195001018;Burgstetten;269;Backnang - Schwäbisch Gmünd
081195001038;Kirchberg an der Murr;269;Backnang - Schwäbisch Gmünd
081195001053;Oppenweiler;269;Backnang - Schwäbisch Gmünd
081195001083;Weissach im Tal;269;Backnang - Schwäbisch Gmünd
081195001087;Aspach;269;Backnang - Schwäbisch Gmünd
081195002055;Plüderhausen;264;Waiblingen
081195002076;Urbach;264;Waiblingen
081195003067;Schorndorf, Stadt;264;Waiblingen
081195003086;Winterbach;264;Waiblingen
081195004024;Großerlach;269;Backnang - Schwäbisch Gmünd
081195004069;Spiegelberg;269;Backnang - Schwäbisch Gmünd
081195004075;Sulzbach an der Murr;269;Backnang - Schwäbisch Gmünd
081195005037;Kaisersbach;264;Waiblingen
081195005084;Welzheim, Stadt;264;Waiblingen
081195006042;Leutenbach;264;Waiblingen
081195006068;Schwaikheim;264;Waiblingen
081195006085;Winnenden, Stadt;264;Waiblingen
081210000000;Heilbronn, Universitätsstadt;267;Heilbronn
081250007007;Bad Wimpfen, Stadt;267;Heilbronn
081250039039;Gundelsheim, Stadt;267;Heilbronn
081250058058;Leingarten, Stadt;266;Neckar-Zaber
081250068068;Neudenau, Stadt;267;Heilbronn
081250107107;Wüstenrot;267;Heilbronn
081255001005;Bad Friedrichshall, Stadt;267;Heilbronn
081255001078;Oedheim;267;Heilbronn
081255001079;Offenau;267;Heilbronn
081255002006;Bad Rappenau, Stadt;267;Heilbronn
081255002049;Kirchardt;267;Heilbronn
081255002087;Siegelsbach;267;Heilbronn
081255003013;Brackenheim, Stadt;266;Neckar-Zaber
081255003017;Cleebronn;266;Neckar-Zaber
081255004026;Eppingen, Stadt;267;Heilbronn
081255004034;Gemmingen;267;Heilbronn
081255004047;Ittlingen;267;Heilbronn
081255005030;Flein;266;Neckar-Zaber
081255005094;Talheim;266;Neckar-Zaber
081255006056;Lauffen am Neckar, Stadt;266;Neckar-Zaber
081255006066;Neckarwestheim;266;Neckar-Zaber
081255006074;Nordheim;266;Neckar-Zaber
081255007048;Jagsthausen;267;Heilbronn
081255007063;Möckmühl, Stadt;267;Heilbronn
081255007084;Roigheim;267;Heilbronn
081255007103;Widdern, Stadt;267;Heilbronn
081255008027;Erlenbach;267;Heilbronn
081255008065;Neckarsulm, Stadt;267;Heilbronn
081255008096;Untereisesheim;267;Heilbronn
081255009069;Neuenstadt am Kocher, Stadt;267;Heilbronn
081255009111;Hardthausen am Kocher;267;Heilbronn
081255009113;Langenbrettach;267;Heilbronn
081255010038;Güglingen, Stadt;266;Neckar-Zaber
081255010081;Pfaffenhofen;266;Neckar-Zaber
081255010108;Zaberfeld;266;Neckar-Zaber
081255011059;Löwenstein, Stadt;267;Heilbronn
081255011110;Obersulm;267;Heilbronn
081255012001;Abstatt;266;Neckar-Zaber
081255012008;Beilstein, Stadt;266;Neckar-Zaber
081255012046;Ilsfeld;266;Neckar-Zaber
081255012098;Untergruppenbach;266;Neckar-Zaber
081255013061;Massenbachhausen;267;Heilbronn
081255013086;Schwaigern, Stadt;267;Heilbronn
081255014021;Eberstadt;267;Heilbronn
081255014024;Ellhofen;267;Heilbronn
081255014057;Lehrensteinsfeld;267;Heilbronn
081255014102;Weinsberg, Stadt;267;Heilbronn
081260011011;Bretzfeld;268;Schwäbisch Hall - Hohenlohe
081260072072;Schöntal;268;Schwäbisch Hall - Hohenlohe
081265001047;Kupferzell;268;Schwäbisch Hall - Hohenlohe
081265001058;Neuenstein, Stadt;268;Schwäbisch Hall - Hohenlohe
081265001085;Waldenburg, Stadt;268;Schwäbisch Hall - Hohenlohe
081265002020;Dörzbach;268;Schwäbisch Hall - Hohenlohe
081265002045;Krautheim, Stadt;268;Schwäbisch Hall - Hohenlohe
081265002056;Mulfingen;268;Schwäbisch Hall - Hohenlohe
081265003039;Ingelfingen, Stadt;268;Schwäbisch Hall - Hohenlohe
081265003046;Künzelsau, Stadt;268;Schwäbisch Hall - Hohenlohe
081265004028;Forchtenberg, Stadt;268;Schwäbisch Hall - Hohenlohe
081265004060;Niedernhall, Stadt;268;Schwäbisch Hall - Hohenlohe
081265004086;Weißbach;268;Schwäbisch Hall - Hohenlohe
081265005066;Öhringen, Stadt;268;Schwäbisch Hall - Hohenlohe
081265005069;Pfedelbach;268;Schwäbisch Hall - Hohenlohe
081265005094;Zweiflingen;268;Schwäbisch Hall - Hohenlohe
081270008008;Blaufelden;268;Schwäbisch Hall - Hohenlohe
081270052052;Mainhardt;268;Schwäbisch Hall - Hohenlohe
081270075075;Schrozberg, Stadt;268;Schwäbisch Hall - Hohenlohe
081275001009;Braunsbach;268;Schwäbisch Hall - Hohenlohe
081275001086;Untermünkheim;268;Schwäbisch Hall - Hohenlohe
081275002014;Crailsheim, Stadt;268;Schwäbisch Hall - Hohenlohe
081275002073;Satteldorf;268;Schwäbisch Hall - Hohenlohe
081275002103;Frankenhardt;268;Schwäbisch Hall - Hohenlohe
081275002104;Stimpfach;268;Schwäbisch Hall - Hohenlohe
081275003101;Kreßberg;268;Schwäbisch Hall - Hohenlohe
081275003102;Fichtenau;268;Schwäbisch Hall - Hohenlohe
081275004032;Gerabronn, Stadt;268;Schwäbisch Hall - Hohenlohe
081275004047;Langenburg, Stadt;268;Schwäbisch Hall - Hohenlohe
081275005043;Ilshofen, Stadt;268;Schwäbisch Hall - Hohenlohe
081275005089;Vellberg, Stadt;268;Schwäbisch Hall - Hohenlohe
081275005099;Wolpertshausen;268;Schwäbisch Hall - Hohenlohe
081275006023;Fichtenberg;268;Schwäbisch Hall - Hohenlohe
081275006025;Gaildorf, Stadt;268;Schwäbisch Hall - Hohenlohe
081275006062;Oberrot;268;Schwäbisch Hall - Hohenlohe
081275006079;Sulzbach-Laufen;268;Schwäbisch Hall - Hohenlohe
081275007012;Bühlertann;268;Schwäbisch Hall - Hohenlohe
081275007013;Bühlerzell;268;Schwäbisch Hall - Hohenlohe
081275007063;Obersontheim;268;Schwäbisch Hall - Hohenlohe
081275008046;Kirchberg an der Jagst, Stadt;268;Schwäbisch Hall - Hohenlohe
081275008071;Rot am See;268;Schwäbisch Hall - Hohenlohe
081275008091;Wallhausen;268;Schwäbisch Hall - Hohenlohe
081275009056;Michelbach an der Bilz;268;Schwäbisch Hall - Hohenlohe
081275009059;Michelfeld;268;Schwäbisch Hall - Hohenlohe
081275009076;Schwäbisch Hall, Stadt;268;Schwäbisch Hall - Hohenlohe
081275009100;Rosengarten;268;Schwäbisch Hall - Hohenlohe
081280020020;Creglingen, Stadt;276;Odenwald - Tauber
081280039039;Freudenberg, Stadt;276;Odenwald - Tauber
081280064064;Külsheim, Stadt;276;Odenwald - Tauber
081280082082;Niederstetten, Stadt;276;Odenwald - Tauber
081280126126;Weikersheim, Stadt;276;Odenwald - Tauber
081280131131;Wertheim, Stadt;276;Odenwald - Tauber
081280139139;Lauda-Königshofen, Stadt;276;Odenwald - Tauber
081285001006;Assamstadt;276;Odenwald - Tauber
081285001007;Bad Mergentheim, Stadt;276;Odenwald - Tauber
081285001058;Igersheim;276;Odenwald - Tauber
081285002014;Boxberg, Stadt;276;Odenwald - Tauber
081285002138;Ahorn;276;Odenwald - Tauber
081285003047;Grünsfeld, Stadt;276;Odenwald - Tauber
081285003137;Wittighausen;276;Odenwald - Tauber
081285004045;Großrinderfeld;276;Odenwald - Tauber
081285004061;Königheim;276;Odenwald - Tauber
081285004115;Tauberbischofsheim, Stadt;276;Odenwald - Tauber
081285004128;Werbach;276;Odenwald - Tauber
081350010010;Dischingen;270;Aalen - Heidenheim
081350015015;Gerstetten;270;Aalen - Heidenheim
081350020020;Herbrechtingen, Stadt;270;Aalen - Heidenheim
081350025025;Königsbronn;270;Aalen - Heidenheim
081350032032;Steinheim am Albuch;270;Aalen - Heidenheim
081355001016;Giengen an der Brenz, Stadt;270;Aalen - Heidenheim
081355001021;Hermaringen;270;Aalen - Heidenheim
081355002019;Heidenheim an der Brenz, Stadt;270;Aalen - Heidenheim
081355002026;Nattheim;270;Aalen - Heidenheim
081355003027;Niederstotzingen, Stadt;270;Aalen - Heidenheim
081355003031;Sontheim an der Brenz;270;Aalen - Heidenheim
081360002002;Abtsgmünd;269;Backnang - Schwäbisch Gmünd
081360027027;Gschwend;269;Backnang - Schwäbisch Gmünd
081360042042;Lorch, Stadt;269;Backnang - Schwäbisch Gmünd
081360045045;Neresheim, Stadt;270;Aalen - Heidenheim
081360050050;Oberkochen, Stadt;270;Aalen - Heidenheim
081365001021;Essingen;270;Aalen - Heidenheim
081365001033;Hüttlingen;270;Aalen - Heidenheim
081365001088;Aalen, Stadt;270;Aalen - Heidenheim
081365002010;Bopfingen, Stadt;270;Aalen - Heidenheim
081365002037;Kirchheim am Ries;270;Aalen - Heidenheim
081365002087;Riesbürg;270;Aalen - Heidenheim
081365003003;Adelmannsfelden;270;Aalen - Heidenheim
081365003018;Ellenberg;270;Aalen - Heidenheim
081365003019;Ellwangen (Jagst), Stadt;270;Aalen - Heidenheim
081365003035;Jagstzell;270;Aalen - Heidenheim
081365003046;Neuler;270;Aalen - Heidenheim
081365003060;Rosenberg;270;Aalen - Heidenheim
081365003084;Wört;270;Aalen - Heidenheim
081365003089;Rainau;270;Aalen - Heidenheim
081365004038;Lauchheim, Stadt;270;Aalen - Heidenheim
081365004082;Westhausen;270;Aalen - Heidenheim
081365005020;Eschach;269;Backnang - Schwäbisch Gmünd
081365005024;Göggingen;269;Backnang - Schwäbisch Gmünd
081365005034;Iggingen;269;Backnang - Schwäbisch Gmünd
081365005040;Leinzell;269;Backnang - Schwäbisch Gmünd
081365005049;Obergröningen;269;Backnang - Schwäbisch Gmünd
081365005062;Schechingen;269;Backnang - Schwäbisch Gmünd
081365006007;Bartholomä;269;Backnang - Schwäbisch Gmünd
081365006009;Böbingen an der Rems;269;Backnang - Schwäbisch Gmünd
081365006028;Heubach, Stadt;269;Backnang - Schwäbisch Gmünd
081365006029;Heuchlingen;269;Backnang - Schwäbisch Gmünd
081365006043;Mögglingen;269;Backnang - Schwäbisch Gmünd
081365007065;Schwäbisch Gmünd, Stadt;269;Backnang - Schwäbisch Gmünd
081365007079;Waldstetten;269;Backnang - Schwäbisch Gmünd
081365008015;Durlangen;269;Backnang - Schwäbisch Gmünd
081365008044;Mutlangen;269;Backnang - Schwäbisch Gmünd
081365008061;Ruppertshofen;269;Backnang - Schwäbisch Gmünd
081365008066;Spraitbach;269;Backnang - Schwäbisch Gmünd
081365008070;Täferrot;269;Backnang - Schwäbisch Gmünd
081365009068;Stödtlen;270;Aalen - Heidenheim
081365009071;Tannhausen;270;Aalen - Heidenheim
081365009075;Unterschneidheim;270;Aalen - Heidenheim
082110000000;Baden-Baden, Stadt;273;Rastatt
082120000000;Karlsruhe, Stadt;271;Karlsruhe-Stadt
082150017017;Ettlingen, Stadt;272;Karlsruhe-Land
082150046046;Malsch;272;Karlsruhe-Land
082150047047;Marxzell;272;Karlsruhe-Land
082150064064;Östringen, Stadt;278;Bruchsal - Schwetzingen
082150084084;Ubstadt-Weiher;278;Bruchsal - Schwetzingen
082150089089;Walzbachtal;272;Karlsruhe-Land
082150090090;Weingarten (Baden);272;Karlsruhe-Land
082150096096;Karlsbad;272;Karlsruhe-Land
082150097097;Kraichtal, Stadt;272;Karlsruhe-Land
082150101101;Pfinztal;272;Karlsruhe-Land
082150102102;Eggenstein-Leopoldshafen;272;Karlsruhe-Land
082150105105;Linkenheim-Hochstetten;272;Karlsruhe-Land
082150106106;Waghäusel, Stadt;278;Bruchsal - Schwetzingen
082150108108;Rheinstetten, Stadt;272;Karlsruhe-Land
082150109109;Stutensee, Stadt;272;Karlsruhe-Land
082150110110;Waldbronn;272;Karlsruhe-Land
082155001039;Kronau;278;Bruchsal - Schwetzingen
082155001100;Bad Schönborn;278;Bruchsal - Schwetzingen
082155002007;Bretten, Stadt;272;Karlsruhe-Land
082155002025;Gondelsheim;272;Karlsruhe-Land
082155003009;Bruchsal, Stadt;278;Bruchsal - Schwetzingen
082155003021;Forst;278;Bruchsal - Schwetzingen
082155003029;Hambrücken;278;Bruchsal - Schwetzingen
082155003103;Karlsdorf-Neuthard;278;Bruchsal - Schwetzingen
082155004099;Graben-Neudorf;272;Karlsruhe-Land
082155004111;Dettenheim;272;Karlsruhe-Land
082155005040;Kürnbach;272;Karlsruhe-Land
082155005059;Oberderdingen;272;Karlsruhe-Land
082155006066;Philippsburg, Stadt;278;Bruchsal - Schwetzingen
082155006107;Oberhausen-Rheinhausen;278;Bruchsal - Schwetzingen
082155007082;Sulzfeld;272;Karlsruhe-Land
082155007094;Zaisenhausen;272;Karlsruhe-Land
082160008008;Bühlertal;273;Rastatt
082160013013;Forbach;273;Rastatt
082160015015;Gaggenau, Stadt;273;Rastatt
082165001006;Bischweier;273;Rastatt
082165001024;Kuppenheim, Stadt;273;Rastatt
082165002007;Bühl, Stadt;273;Rastatt
082165002041;Ottersweier;273;Rastatt
082165003002;Au am Rhein;273;Rastatt
082165003005;Bietigheim;273;Rastatt
082165003009;Durmersheim;273;Rastatt
082165003012;Elchesheim-Illingen;273;Rastatt
082165004017;Gernsbach, Stadt;273;Rastatt
082165004029;Loffenau;273;Rastatt
082165004059;Weisenbach;273;Rastatt
082165005023;Iffezheim;273;Rastatt
082165005033;Muggensturm;273;Rastatt
082165005039;Ötigheim;273;Rastatt
082165005043;Rastatt, Stadt;273;Rastatt
082165005052;Steinmauern;273;Rastatt
082165006028;Lichtenau, Stadt;273;Rastatt
082165006063;Rheinmünster;273;Rastatt
082165007022;Hügelsheim;273;Rastatt
082165007049;Sinzheim;273;Rastatt
082210000000;Heidelberg, Stadt;274;Heidelberg
082220000000;Mannheim, Universitätsstadt;275;Mannheim
082250014014;Buchen (Odenwald), Stadt;276;Odenwald - Tauber
082250060060;Mudau;276;Odenwald - Tauber
082255001032;Hardheim;276;Odenwald - Tauber
082255001039;Höpfingen;276;Odenwald - Tauber
082255001109;Walldürn, Stadt;276;Odenwald - Tauber
082255002033;Haßmersheim;276;Odenwald - Tauber
082255002042;Hüffenhardt;276;Odenwald - Tauber
082255003002;Aglasterhausen;276;Odenwald - Tauber
082255003068;Neunkirchen;276;Odenwald - Tauber
082255003116;Schwarzach;276;Odenwald - Tauber
082255004024;Fahrenbach;276;Odenwald - Tauber
082255004052;Limbach;276;Odenwald - Tauber
082255005058;Mosbach, Stadt;276;Odenwald - Tauber
082255005067;Neckarzimmern;276;Odenwald - Tauber
082255005074;Obrigheim;276;Odenwald - Tauber
082255005117;Elztal;276;Odenwald - Tauber
082255006010;Binau;276;Odenwald - Tauber
082255006064;Neckargerach;276;Odenwald - Tauber
082255006113;Zwingenberg;276;Odenwald - Tauber
082255006118;Waldbrunn;276;Odenwald - Tauber
082255007075;Osterburken, Stadt;276;Odenwald - Tauber
082255007082;Rosenberg;276;Odenwald - Tauber
082255007114;Ravenstein, Stadt;276;Odenwald - Tauber
082255008009;Billigheim;276;Odenwald - Tauber
082255008115;Schefflenz;276;Odenwald - Tauber
082255009001;Adelsheim, Stadt;276;Odenwald - Tauber
082255009091;Seckach;276;Odenwald - Tauber
082260009009;Brühl;278;Bruchsal - Schwetzingen
082260012012;Dossenheim;274;Heidelberg
082260018018;Eppelheim, Stadt;274;Heidelberg
082260028028;Heddesheim;274;Heidelberg
082260036036;Ilvesheim;274;Heidelberg
082260037037;Ketsch;278;Bruchsal - Schwetzingen
082260038038;Ladenburg, Stadt;274;Heidelberg
082260041041;Leimen, Stadt;277;Rhein-Neckar
082260060060;Nußloch;277;Rhein-Neckar
082260062062;Oftersheim;278;Bruchsal - Schwetzingen
082260063063;Plankstadt;278;Bruchsal - Schwetzingen
082260076076;Sandhausen;277;Rhein-Neckar
082260082082;Schriesheim, Stadt;274;Heidelberg
082260084084;Schwetzingen, Stadt;278;Bruchsal - Schwetzingen
082260095095;Walldorf, Stadt;277;Rhein-Neckar
082260096096;Weinheim, Stadt;274;Heidelberg
082260103103;St. Leon-Rot;277;Rhein-Neckar
082260105105;Edingen-Neckarhausen;274;Heidelberg
082260107107;Hirschberg an der Bergstraße;274;Heidelberg
082265001013;Eberbach, Stadt;277;Rhein-Neckar
082265001081;Schönbrunn;277;Rhein-Neckar
082265002020;Eschelbronn;277;Rhein-Neckar
082265002048;Mauer;277;Rhein-Neckar
082265002049;Meckesheim;277;Rhein-Neckar
082265002086;Spechbach;277;Rhein-Neckar
082265002104;Lobbach;277;Rhein-Neckar
082265003031;Hemsbach, Stadt;274;Heidelberg
082265003040;Laudenbach;274;Heidelberg
082265004003;Altlußheim;278;Bruchsal - Schwetzingen
082265004032;Hockenheim, Stadt;278;Bruchsal - Schwetzingen
082265004059;Neulußheim;278;Bruchsal - Schwetzingen
082265004068;Reilingen;278;Bruchsal - Schwetzingen
082265005006;Bammental;277;Rhein-Neckar
082265005022;Gaiberg;277;Rhein-Neckar
082265005056;Neckargemünd, Stadt;277;Rhein-Neckar
082265005097;Wiesenbach;277;Rhein-Neckar
082265006046;Malsch;277;Rhein-Neckar
082265006054;Mühlhausen;277;Rhein-Neckar
082265006065;Rauenberg, Stadt;277;Rhein-Neckar
082265007027;Heddesbach;277;Rhein-Neckar
082265007029;Heiligkreuzsteinach;277;Rhein-Neckar
082265007080;Schönau, Stadt;277;Rhein-Neckar
082265007099;Wilhelmsfeld;277;Rhein-Neckar
082265008085;Sinsheim, Stadt;277;Rhein-Neckar
082265008101;Zuzenhausen;277;Rhein-Neckar
082265008102;Angelbachtal;277;Rhein-Neckar
082265009017;Epfenbach;277;Rhein-Neckar
082265009055;Neckarbischofsheim, Stadt;277;Rhein-Neckar
082265009058;Neidenstein;277;Rhein-Neckar
082265009066;Reichartshausen;277;Rhein-Neckar
082265009091;Waibstadt, Stadt;277;Rhein-Neckar
082265009106;Helmstadt-Bargen;277;Rhein-Neckar
082265010010;Dielheim;277;Rhein-Neckar
082265010098;Wiesloch, Stadt;277;Rhein-Neckar
082310000000;Pforzheim, Stadt;279;Pforzheim
082350065065;Schömberg;280;Calw
082350080080;Wildberg, Stadt;280;Calw
082355001006;Altensteig, Stadt;280;Calw
082355001022;Egenhausen;280;Calw
082355001066;Simmersfeld;280;Calw
082355002007;Althengstett;280;Calw
082355002029;Gechingen;280;Calw
082355002057;Ostelsheim;280;Calw
082355002067;Simmozheim;280;Calw
082355003018;Dobel;280;Calw
082355003033;Bad Herrenalb, Stadt;280;Calw
082355004008;Bad Liebenzell, Stadt;280;Calw
082355004073;Unterreichenbach;280;Calw
082355005047;Neubulach, Stadt;280;Calw
082355005050;Neuweiler;280;Calw
082355005084;Bad Teinach-Zavelstein, Stadt;280;Calw
082355006055;Oberreichenbach;280;Calw
082355006085;Calw, Stadt;280;Calw
082355007020;Ebhausen;280;Calw
082355007032;Haiterbach, Stadt;280;Calw
082355007046;Nagold, Stadt;280;Calw
082355007060;Rohrdorf;280;Calw
082355008025;Enzklösterle;280;Calw
082355008035;Höfen an der Enz;280;Calw
082355008079;Bad Wildbad, Stadt;280;Calw
082360004004;Birkenfeld;279;Pforzheim
082360028028;Illingen;279;Pforzheim
082360030030;Ispringen;279;Pforzheim
082360033033;Knittlingen, Stadt;279;Pforzheim
082360046046;Niefern-Öschelbronn;279;Pforzheim
082360070070;Keltern;279;Pforzheim
082360071071;Remchingen;279;Pforzheim
082360072072;Straubenhardt;279;Pforzheim
082365001019;Friolzheim;279;Pforzheim
082365001025;Heimsheim, Stadt;279;Pforzheim
082365001039;Mönsheim;279;Pforzheim
082365001065;Wiernsheim;279;Pforzheim
082365001067;Wimsheim;279;Pforzheim
082365001068;Wurmberg;279;Pforzheim
082365002011;Eisingen;279;Pforzheim
082365002074;Kämpfelbach;279;Pforzheim
082365002076;Königsbach-Stein;279;Pforzheim
082365003038;Maulbronn, Stadt;279;Pforzheim
082365003061;Sternenfels;279;Pforzheim
082365004040;Mühlacker, Stadt;279;Pforzheim
082365004050;Ötisheim;279;Pforzheim
082365005013;Engelsbrand;279;Pforzheim
082365005043;Neuenbürg, Stadt;279;Pforzheim
082365006031;Kieselbronn;279;Pforzheim
082365006073;Neulingen;279;Pforzheim
082365006075;Ölbronn-Dürrn;279;Pforzheim
082365007044;Neuhausen;279;Pforzheim
082365007062;Tiefenbronn;279;Pforzheim
082370002002;Alpirsbach, Stadt;280;Calw
082370004004;Baiersbronn;280;Calw
082370045045;Loßburg;280;Calw
082375001019;Dornstetten, Stadt;280;Calw
082375001030;Glatten;280;Calw
082375001061;Schopfloch;280;Calw
082375001074;Waldachtal;280;Calw
082375002028;Freudenstadt, Stadt;280;Calw
082375002073;Seewald;280;Calw
082375002075;Bad Rippoldsau-Schapbach;280;Calw
082375003024;Empfingen;280;Calw
082375003027;Eutingen im Gäu;280;Calw
082375003040;Horb am Neckar, Stadt;280;Calw
082375005032;Grömbach;280;Calw
082375005054;Pfalzgrafenweiler;280;Calw
082375005072;Wörnersberg;280;Calw
083110000000;Freiburg im Breisgau, Stadt;281;Freiburg
083150068068;Lenzkirch;288;Waldshut
083150076076;Neuenburg am Rhein, Stadt;282;Lörrach - Müllheim
083150133133;Vogtsburg im Kaiserstuhl, Stadt;281;Freiburg
083155001006;Bad Krozingen, Stadt;282;Lörrach - Müllheim
083155001048;Hartheim am Rhein;282;Lörrach - Müllheim
083155002015;Breisach am Rhein, Stadt;281;Freiburg
083155002059;Ihringen;281;Freiburg
083155002072;Merdingen;281;Freiburg
083155003020;Buchenbach;288;Waldshut
083155003064;Kirchzarten;288;Waldshut
083155003084;Oberried;288;Waldshut
083155003109;Stegen;288;Waldshut
083155004014;Bollschweil;281;Freiburg
083155004131;Ehrenkirchen;281;Freiburg
083155005047;Gundelfingen;288;Waldshut
083155005051;Heuweiler;288;Waldshut
083155006008;Ballrechten-Dottingen;282;Lörrach - Müllheim
083155006033;Eschbach;282;Lörrach - Müllheim
083155006050;Heitersheim, Stadt;282;Lörrach - Müllheim
083155007003;Au;281;Freiburg
083155007056;Horben;281;Freiburg
083155007073;Merzhausen;281;Freiburg
083155007107;Sölden;281;Freiburg
083155007125;Wittnau;281;Freiburg
083155008016;Breitnau;288;Waldshut
083155008052;Hinterzarten;288;Waldshut
083155009013;Bötzingen;281;Freiburg
083155009030;Eichstetten am Kaiserstuhl;281;Freiburg
083155009043;Gottenheim;281;Freiburg
083155010039;Friedenweiler;288;Waldshut
083155010070;Löffingen, Stadt;288;Waldshut
083155011115;Umkirch;281;Freiburg
083155011132;March;281;Freiburg
083155012004;Auggen;282;Lörrach - Müllheim
083155012007;Badenweiler;282;Lörrach - Müllheim
083155012022;Buggingen;282;Lörrach - Müllheim
083155012074;Müllheim, Stadt;282;Lörrach - Müllheim
083155012111;Sulzburg, Stadt;282;Lörrach - Müllheim
083155013041;Glottertal;288;Waldshut
083155013094;St. Märgen;288;Waldshut
083155013095;St. Peter;288;Waldshut
083155014028;Ebringen;281;Freiburg
083155014089;Pfaffenweiler;281;Freiburg
083155014098;Schallstadt;281;Freiburg
083155015037;Feldberg (Schwarzwald);288;Waldshut
083155015102;Schluchsee;288;Waldshut
083155016108;Staufen im Breisgau, Stadt;282;Lörrach - Müllheim
083155016130;Münstertal/Schwarzwald;282;Lörrach - Müllheim
083155017031;Eisenbach (Hochschwarzwald);288;Waldshut
083155017113;Titisee-Neustadt, Stadt;288;Waldshut
083165001009;Denzlingen;283;Emmendingen - Lahr
083165001036;Reute;283;Emmendingen - Lahr
083165001045;Vörstetten;283;Emmendingen - Lahr
083165002003;Biederbach;283;Emmendingen - Lahr
083165002010;Elzach, Stadt;283;Emmendingen - Lahr
083165002055;Winden im Elztal;283;Emmendingen - Lahr
083165003011;Emmendingen, Stadt;283;Emmendingen - Lahr
083165003024;Malterdingen;283;Emmendingen - Lahr
083165003039;Sexau;283;Emmendingen - Lahr
083165003043;Teningen;283;Emmendingen - Lahr
083165003054;Freiamt;283;Emmendingen - Lahr
083165004017;Herbolzheim, Stadt;283;Emmendingen - Lahr
083165004020;Kenzingen, Stadt;283;Emmendingen - Lahr
083165004049;Weisweil;283;Emmendingen - Lahr
083165004053;Rheinhausen;283;Emmendingen - Lahr
083165005002;Bahlingen am Kaiserstuhl;283;Emmendingen - Lahr
083165005012;Endingen am Kaiserstuhl, Stadt;283;Emmendingen - Lahr
083165005013;Forchheim;283;Emmendingen - Lahr
083165005037;Riegel am Kaiserstuhl;283;Emmendingen - Lahr
083165005038;Sasbach am Kaiserstuhl;283;Emmendingen - Lahr
083165005051;Wyhl am Kaiserstuhl;283;Emmendingen - Lahr
083165006014;Gutach im Breisgau;283;Emmendingen - Lahr
083165006042;Simonswald;283;Emmendingen - Lahr
083165006056;Waldkirch, Stadt;283;Emmendingen - Lahr
083170005005;Appenweier;284;Offenburg
083170031031;Friesenheim;283;Emmendingen - Lahr
083170051051;Hornberg, Stadt;286;Schwarzwald-Baar
083170057057;Kehl, Stadt;284;Offenburg
083170141141;Willstätt;284;Offenburg
083170151151;Neuried;284;Offenburg
083170153153;Rheinau, Stadt;284;Offenburg
083175001001;Achern, Stadt;284;Offenburg
083175001068;Lauf;284;Offenburg
083175001116;Sasbach;284;Offenburg
083175001118;Sasbachwalden;284;Offenburg
083175002026;Ettenheim, Stadt;283;Emmendingen - Lahr
083175002073;Mahlberg, Stadt;283;Emmendingen - Lahr
083175002113;Ringsheim;283;Emmendingen - Lahr
083175002114;Rust;283;Emmendingen - Lahr
083175002152;Kappel-Grafenhausen;283;Emmendingen - Lahr
083175003009;Berghaupten;284;Offenburg
083175003034;Gengenbach, Stadt;284;Offenburg
083175003097;Ohlsbach;284;Offenburg
083175004029;Fischerbach;283;Emmendingen - Lahr
083175004040;Haslach im Kinzigtal, Stadt;283;Emmendingen - Lahr
083175004046;Hofstetten;283;Emmendingen - Lahr
083175004078;Mühlenbach;283;Emmendingen - Lahr
083175004129;Steinach;283;Emmendingen - Lahr
083175005039;Gutach (Schwarzwaldbahn);286;Schwarzwald-Baar
083175005041;Hausach, Stadt;286;Schwarzwald-Baar
083175006056;Kappelrodeck;284;Offenburg
083175006102;Ottenhöfen im Schwarzwald;284;Offenburg
083175006126;Seebach;284;Offenburg
083175007059;Kippenheim;283;Emmendingen - Lahr
083175007065;Lahr/Schwarzwald, Stadt;283;Emmendingen - Lahr
083175008008;Bad Peterstal-Griesbach;284;Offenburg
083175008098;Oppenau, Stadt;284;Offenburg
083175009067;Lautenbach;284;Offenburg
083175009089;Oberkirch, Stadt;284;Offenburg
083175009110;Renchen, Stadt;284;Offenburg
083175010021;Durbach;284;Offenburg
083175010047;Hohberg;284;Offenburg
083175010096;Offenburg, Stadt;284;Offenburg
083175010100;Ortenberg;284;Offenburg
083175010122;Schutterwald;284;Offenburg
083175011121;Schuttertal;283;Emmendingen - Lahr
083175011127;Seelbach;283;Emmendingen - Lahr
083175012075;Meißenheim;283;Emmendingen - Lahr
083175012150;Schwanau;283;Emmendingen - Lahr
083175013093;Oberwolfach;286;Schwarzwald-Baar
083175013145;Wolfach, Stadt;286;Schwarzwald-Baar
083175014011;Biberach;284;Offenburg
083175014085;Nordrach;284;Offenburg
083175014088;Oberharmersbach;284;Offenburg
083175014146;Zell am Harmersbach, Stadt;284;Offenburg
083179971971;Rheinau, gemeindefreies Gebiet;283;Emmendingen - Lahr
083250012012;Dornhan, Stadt;285;Rottweil - Tuttlingen
083255001014;Dunningen;285;Rottweil - Tuttlingen
083255001071;Eschbronn;285;Rottweil - Tuttlingen
083255002015;Epfendorf;285;Rottweil - Tuttlingen
083255002045;Oberndorf am Neckar, Stadt;285;Rottweil - Tuttlingen
083255002070;Fluorn-Winzeln;285;Rottweil - Tuttlingen
083255003011;Dietingen;285;Rottweil - Tuttlingen
083255003049;Rottweil, Stadt;285;Rottweil - Tuttlingen
083255003064;Wellendingen;285;Rottweil - Tuttlingen
083255003069;Zimmern ob Rottweil;285;Rottweil - Tuttlingen
083255003072;Deißlingen;285;Rottweil - Tuttlingen
083255004050;Schenkenzell;285;Rottweil - Tuttlingen
083255004051;Schiltach, Stadt;285;Rottweil - Tuttlingen
083255005001;Aichhalden;285;Rottweil - Tuttlingen
083255005024;Hardt;285;Rottweil - Tuttlingen
083255005036;Lauterbach;285;Rottweil - Tuttlingen
083255005053;Schramberg, Stadt;285;Rottweil - Tuttlingen
083255006057;Sulz am Neckar, Stadt;285;Rottweil - Tuttlingen
083255006061;Vöhringen;285;Rottweil - Tuttlingen
083255007009;Bösingen;285;Rottweil - Tuttlingen
083255007060;Villingendorf;285;Rottweil - Tuttlingen
083260003003;Bad Dürrheim, Stadt;286;Schwarzwald-Baar
083260005005;Blumberg, Stadt;286;Schwarzwald-Baar
083260031031;Königsfeld im Schwarzwald;286;Schwarzwald-Baar
083260052052;St. Georgen im Schwarzwald, Stadt;286;Schwarzwald-Baar
083260068068;Vöhrenbach, Stadt;286;Schwarzwald-Baar
083265001006;Bräunlingen, Stadt;286;Schwarzwald-Baar
083265001012;Donaueschingen, Stadt;286;Schwarzwald-Baar
083265001027;Hüfingen, Stadt;286;Schwarzwald-Baar
083265002017;Furtwangen im Schwarzwald, Stadt;286;Schwarzwald-Baar
083265002020;Gütenbach;286;Schwarzwald-Baar
083265003054;Schönwald im Schwarzwald;286;Schwarzwald-Baar
083265003055;Schonach im Schwarzwald;286;Schwarzwald-Baar
083265003060;Triberg im Schwarzwald, Stadt;286;Schwarzwald-Baar
083265004010;Dauchingen;286;Schwarzwald-Baar
083265004037;Mönchweiler;286;Schwarzwald-Baar
083265004041;Niedereschach;286;Schwarzwald-Baar
083265004061;Tuningen;286;Schwarzwald-Baar
083265004065;Unterkirnach;286;Schwarzwald-Baar
083265004074;Villingen-Schwenningen, Stadt;286;Schwarzwald-Baar
083265004075;Brigachtal;286;Schwarzwald-Baar
083275001004;Bärenthal;285;Rottweil - Tuttlingen
083275001008;Buchheim;285;Rottweil - Tuttlingen
083275001016;Fridingen an der Donau, Stadt;285;Rottweil - Tuttlingen
083275001027;Irndorf;285;Rottweil - Tuttlingen
083275001030;Kolbingen;285;Rottweil - Tuttlingen
083275001036;Mühlheim an der Donau, Stadt;285;Rottweil - Tuttlingen
083275001041;Renquishausen;285;Rottweil - Tuttlingen
083275002007;Bubsheim;285;Rottweil - Tuttlingen
083275002009;Deilingen;285;Rottweil - Tuttlingen
083275002013;Egesheim;285;Rottweil - Tuttlingen
083275002019;Gosheim;285;Rottweil - Tuttlingen
083275002029;Königsheim;285;Rottweil - Tuttlingen
083275002040;Reichenbach am Heuberg;285;Rottweil - Tuttlingen
083275002051;Wehingen;285;Rottweil - Tuttlingen
083275003018;Geisingen, Stadt;285;Rottweil - Tuttlingen
083275003025;Immendingen;285;Rottweil - Tuttlingen
083275004002;Aldingen;285;Rottweil - Tuttlingen
083275004005;Balgheim;285;Rottweil - Tuttlingen
083275004006;Böttingen;285;Rottweil - Tuttlingen
083275004010;Denkingen;285;Rottweil - Tuttlingen
083275004011;Dürbheim;285;Rottweil - Tuttlingen
083275004017;Frittlingen;285;Rottweil - Tuttlingen
083275004023;Hausen ob Verena;285;Rottweil - Tuttlingen
083275004033;Mahlstetten;285;Rottweil - Tuttlingen
083275004046;Spaichingen, Stadt;285;Rottweil - Tuttlingen
083275005012;Durchhausen;285;Rottweil - Tuttlingen
083275005020;Gunningen;285;Rottweil - Tuttlingen
083275005048;Talheim;285;Rottweil - Tuttlingen
083275005049;Trossingen, Stadt;285;Rottweil - Tuttlingen
083275006038;Neuhausen ob Eck;285;Rottweil - Tuttlingen
083275006050;Tuttlingen, Stadt;285;Rottweil - Tuttlingen
083275006054;Wurmlingen;285;Rottweil - Tuttlingen
083275006055;Seitingen-Oberflacht;285;Rottweil - Tuttlingen
083275006056;Rietheim-Weilheim;285;Rottweil - Tuttlingen
083275006057;Emmingen-Liptingen;285;Rottweil - Tuttlingen
083350035035;Hilzingen;287;Konstanz
083350063063;Radolfzell am Bodensee, Stadt;287;Konstanz
083350080080;Tengen, Stadt;287;Konstanz
083355001001;Aach, Stadt;287;Konstanz
083355001022;Engen, Stadt;287;Konstanz
083355001097;Mühlhausen-Ehingen;287;Konstanz
083355002015;Büsingen am Hochrhein;287;Konstanz
083355002026;Gailingen am Hochrhein;287;Konstanz
083355002028;Gottmadingen;287;Konstanz
083355003025;Gaienhofen;287;Konstanz
083355003055;Moos;287;Konstanz
083355003061;Öhningen;287;Konstanz
083355004002;Allensbach;287;Konstanz
083355004043;Konstanz, Universitätsstadt;287;Konstanz
083355004066;Reichenau;287;Konstanz
083355005075;Singen (Hohentwiel), Stadt;287;Konstanz
083355005077;Steißlingen;287;Konstanz
083355005081;Volkertshausen;287;Konstanz
083355005100;Rielasingen-Worblingen;287;Konstanz
083355006021;Eigeltingen;287;Konstanz
083355006057;Mühlingen;287;Konstanz
083355006079;Stockach, Stadt;287;Konstanz
083355006096;Hohenfels;287;Konstanz
083355006098;Bodman-Ludwigshafen;287;Konstanz
083355006099;Orsingen-Nenzingen;287;Konstanz
083360014014;Efringen-Kirchen;282;Lörrach - Müllheim
083360084084;Steinen;282;Lörrach - Müllheim
083360087087;Todtnau, Stadt;282;Lörrach - Müllheim
083360091091;Weil am Rhein, Stadt;282;Lörrach - Müllheim
083360105105;Grenzach-Wyhlen;282;Lörrach - Müllheim
083360107107;Kleines Wiesental;282;Lörrach - Müllheim
083365001045;Kandern, Stadt;282;Lörrach - Müllheim
083365001104;Malsburg-Marzell;282;Lörrach - Müllheim
083365003043;Inzlingen;282;Lörrach - Müllheim
083365003050;Lörrach, Stadt;282;Lörrach - Müllheim
083365004069;Rheinfelden (Baden), Stadt;282;Lörrach - Müllheim
083365004082;Schwörstadt;282;Lörrach - Müllheim
083365005006;Bad Bellingen;282;Lörrach - Müllheim
083365005078;Schliengen;282;Lörrach - Müllheim
083365006004;Aitern;282;Lörrach - Müllheim
083365006010;Böllen;282;Lörrach - Müllheim
083365006025;Fröhnd;282;Lörrach - Müllheim
083365006079;Schönau im Schwarzwald, Stadt;282;Lörrach - Müllheim
083365006080;Schönenberg;282;Lörrach - Müllheim
083365006089;Tunau;282;Lörrach - Müllheim
083365006090;Utzenfeld;282;Lörrach - Müllheim
083365006094;Wembach;282;Lörrach - Müllheim
083365006096;Wieden;282;Lörrach - Müllheim
083365007034;Hasel;282;Lörrach - Müllheim
083365007036;Hausen im Wiesental;282;Lörrach - Müllheim
083365007057;Maulburg;282;Lörrach - Müllheim
083365007081;Schopfheim, Stadt;282;Lörrach - Müllheim
083365008008;Binzen;282;Lörrach - Müllheim
083365008019;Eimeldingen;282;Lörrach - Müllheim
083365008024;Fischingen;282;Lörrach - Müllheim
083365008073;Rümmingen;282;Lörrach - Müllheim
083365008075;Schallbach;282;Lörrach - Müllheim
083365008100;Wittlingen;282;Lörrach - Müllheim
083365009103;Zell im Wiesental, Stadt;282;Lörrach - Müllheim
083365009106;Häg-Ehrsberg;282;Lörrach - Müllheim
083370002002;Albbruck;288;Waldshut
083370038038;Görwihl;288;Waldshut
083370062062;Klettgau;288;Waldshut
083370066066;Laufenburg (Baden), Stadt;288;Waldshut
083370106106;Stühlingen, Stadt;288;Waldshut
083370116116;Wehr, Stadt;288;Waldshut
083375001022;Bonndorf im Schwarzwald, Stadt;288;Waldshut
083375001127;Wutach;288;Waldshut
083375002030;Dettighofen;288;Waldshut
083375002060;Jestetten;288;Waldshut
083375002070;Lottstetten;288;Waldshut
083375003053;Hohentengen am Hochrhein;288;Waldshut
083375003125;Küssaberg;288;Waldshut
083375004039;Grafenhausen;288;Waldshut
083375004128;Ühlingen-Birkendorf;288;Waldshut
083375005049;Herrischried;288;Waldshut
083375005076;Murg;288;Waldshut
083375005090;Rickenbach;288;Waldshut
083375005096;Bad Säckingen, Stadt;288;Waldshut
083375006013;Bernau im Schwarzwald;288;Waldshut
083375006027;Dachsberg (Südschwarzwald);288;Waldshut
083375006045;Häusern;288;Waldshut
083375006051;Höchenschwand;288;Waldshut
083375006059;Ibach;288;Waldshut
083375006097;St. Blasien, Stadt;288;Waldshut
083375006108;Todtmoos;288;Waldshut
083375007032;Dogern;288;Waldshut
083375007065;Lauchringen;288;Waldshut
083375007118;Weilheim;288;Waldshut
083375007126;Waldshut-Tiengen, Stadt;288;Waldshut
083375008123;Wutöschingen;288;Waldshut
083375008124;Eggingen;288;Waldshut
084150014014;Dettingen an der Erms;289;Reutlingen
084150019019;Eningen unter Achalm;289;Reutlingen
084150059059;Pfullingen, Stadt;289;Reutlingen
084150061061;Reutlingen, Stadt;289;Reutlingen
084150073073;Trochtelfingen, Stadt;289;Reutlingen
084150080080;Wannweil;289;Reutlingen
084150091091;Sonnenbühl;289;Reutlingen
084150092092;Lichtenstein;289;Reutlingen
084150093093;St. Johann;289;Reutlingen
084155001089;Engstingen;289;Reutlingen
084155001090;Hohenstein;289;Reutlingen
084155002029;Grafenberg;289;Reutlingen
084155002050;Metzingen, Stadt;289;Reutlingen
084155002062;Riederich;289;Reutlingen
084155003027;Gomadingen;289;Reutlingen
084155003048;Mehrstetten;289;Reutlingen
084155003053;Münsingen, Stadt;289;Reutlingen
084155004060;Pliezhausen;289;Reutlingen
084155004087;Walddorfhäslach;289;Reutlingen
084155005028;Grabenstetten;289;Reutlingen
084155005039;Hülben;289;Reutlingen
084155005078;Bad Urach, Stadt;289;Reutlingen
084155005088;Römerstein;289;Reutlingen
084155006034;Hayingen, Stadt;289;Reutlingen
084155006058;Pfronstetten;289;Reutlingen
084155006085;Zwiefalten;289;Reutlingen
084159971971;Gutsbezirk Münsingen, gemeindefreies Gebiet;289;Reutlingen
084160009009;Dettenhausen;290;Tübingen
084160022022;Kirchentellinsfurt;290;Tübingen
084160023023;Kusterdingen;290;Tübingen
084160041041;Tübingen, Universitätsstadt;290;Tübingen
084160048048;Ammerbuch;290;Tübingen
084165001011;Dußlingen;290;Tübingen
084165001015;Gomaringen;290;Tübingen
084165001026;Nehren;290;Tübingen
084165002006;Bodelshausen;290;Tübingen
084165002025;Mössingen, Stadt;290;Tübingen
084165002031;Ofterdingen;290;Tübingen
084165003018;Hirrlingen;290;Tübingen
084165003036;Rottenburg am Neckar, Stadt;290;Tübingen
084165003049;Neustetten;290;Tübingen
084165003050;Starzach;290;Tübingen
084170013013;Burladingen, Stadt;290;Tübingen
084170025025;Haigerloch, Stadt;295;Zollernalb - Sigmaringen
084170054054;Rosenfeld, Stadt;295;Zollernalb - Sigmaringen
084175001010;Bitz;295;Zollernalb - Sigmaringen
084175001079;Albstadt, Stadt;295;Zollernalb - Sigmaringen
084175002002;Balingen, Stadt;295;Zollernalb - Sigmaringen
084175002022;Geislingen, Stadt;295;Zollernalb - Sigmaringen
084175003008;Bisingen;290;Tübingen
084175003023;Grosselfingen;290;Tübingen
084175004031;Hechingen, Stadt;290;Tübingen
084175004036;Jungingen;290;Tübingen
084175004051;Rangendingen;290;Tübingen
084175005044;Meßstetten, Stadt;295;Zollernalb - Sigmaringen
084175005045;Nusplingen;295;Zollernalb - Sigmaringen
084175005047;Obernheim;295;Zollernalb - Sigmaringen
084175006014;Dautmergen;295;Zollernalb - Sigmaringen
084175006015;Dormettingen;295;Zollernalb - Sigmaringen
084175006016;Dotternhausen;295;Zollernalb - Sigmaringen
084175006029;Hausen am Tann;295;Zollernalb - Sigmaringen
084175006052;Ratshausen;295;Zollernalb - Sigmaringen
084175006057;Schömberg, Stadt;295;Zollernalb - Sigmaringen
084175006071;Weilen unter den Rinnen;295;Zollernalb - Sigmaringen
084175006078;Zimmern unter der Burg;295;Zollernalb - Sigmaringen
084175007063;Straßberg;295;Zollernalb - Sigmaringen
084175007075;Winterlingen;295;Zollernalb - Sigmaringen
084210000000;Ulm, Universitätsstadt;291;Ulm
084250039039;Erbach, Stadt;291;Ulm
084250108108;Schelklingen, Stadt;291;Ulm
084250141141;Blaustein, Stadt;291;Ulm
084255001002;Allmendingen;291;Ulm
084255001004;Altheim;291;Ulm
084255002017;Berghülen;291;Ulm
084255002020;Blaubeuren, Stadt;291;Ulm
084255003028;Dietenheim, Stadt;291;Ulm
084255003066;Illerrieden;291;Ulm
084255003140;Balzheim;291;Ulm
084255004014;Beimerstetten;291;Ulm
084255004031;Dornstadt;291;Ulm
084255004135;Westerstetten;291;Ulm
084255005033;Ehingen (Donau), Stadt;291;Ulm
084255005050;Griesingen;291;Ulm
084255005088;Oberdischingen;291;Ulm
084255005093;Öpfingen;291;Ulm
084255006064;Hüttisheim;291;Ulm
084255006110;Schnürpflingen;291;Ulm
084255006137;Illerkirchberg;291;Ulm
084255006138;Staig;291;Ulm
084255007071;Laichingen, Stadt;291;Ulm
084255007079;Merklingen;291;Ulm
084255007084;Nellingen;291;Ulm
084255007134;Westerheim;291;Ulm
084255007139;Heroldstatt;291;Ulm
084255008005;Altheim (Alb);291;Ulm
084255008011;Asselfingen;291;Ulm
084255008013;Ballendorf;291;Ulm
084255008019;Bernstadt;291;Ulm
084255008022;Börslingen;291;Ulm
084255008024;Breitingen;291;Ulm
084255008062;Holzkirch;291;Ulm
084255008072;Langenau, Stadt;291;Ulm
084255008083;Neenstetten;291;Ulm
084255008085;Nerenstetten;291;Ulm
084255008092;Öllingen;291;Ulm
084255008097;Rammingen;291;Ulm
084255008112;Setzingen;291;Ulm
084255008130;Weidenstetten;291;Ulm
084255009008;Amstetten;291;Ulm
084255009075;Lonsee;291;Ulm
084255010035;Emeringen;291;Ulm
084255010036;Emerkingen;291;Ulm
084255010052;Grundsheim;291;Ulm
084255010055;Hausen am Bussen;291;Ulm
084255010073;Lauterach;291;Ulm
084255010081;Munderkingen, Stadt;291;Ulm
084255010090;Obermarchtal;291;Ulm
084255010091;Oberstadion;291;Ulm
084255010098;Rechtenstein;291;Ulm
084255010104;Rottenacker;291;Ulm
084255010123;Untermarchtal;291;Ulm
084255010124;Unterstadion;291;Ulm
084255010125;Unterwachingen;291;Ulm
084260134134;Schemmerhofen;292;Biberach
084265001005;Alleshausen;292;Biberach
084265001006;Allmannsweiler;292;Biberach
084265001013;Bad Buchau, Stadt;292;Biberach
084265001020;Betzenweiler;292;Biberach
084265001036;Dürnau;292;Biberach
084265001064;Kanzach;292;Biberach
084265001078;Moosburg;292;Biberach
084265001090;Oggelshausen;292;Biberach
084265001109;Seekirch;292;Biberach
084265001118;Tiefenbach;292;Biberach
084265002014;Bad Schussenried, Stadt;292;Biberach
084265002062;Ingoldingen;292;Biberach
084265003011;Attenweiler;292;Biberach
084265003021;Biberach an der Riß, Stadt;292;Biberach
084265003038;Eberhardzell;292;Biberach
084265003058;Hochdorf;292;Biberach
084265003071;Maselheim;292;Biberach
084265003074;Mittelbiberach;292;Biberach
084265003120;Ummendorf;292;Biberach
084265003128;Warthausen;292;Biberach
084265004019;Berkheim;292;Biberach
084265004031;Dettingen an der Iller;292;Biberach
084265004044;Erolzheim;292;Biberach
084265004065;Kirchberg an der Iller;292;Biberach
084265004066;Kirchdorf an der Iller;292;Biberach
084265005001;Achstetten;292;Biberach
084265005028;Burgrieden;292;Biberach
084265005070;Laupheim, Stadt;292;Biberach
084265005073;Mietingen;292;Biberach
084265006043;Erlenmoos;292;Biberach
084265006087;Ochsenhausen, Stadt;292;Biberach
084265006113;Steinhausen an der Rottum;292;Biberach
084265006135;Gutenzell-Hürbel;292;Biberach
084265007008;Altheim;292;Biberach
084265007035;Dürmentingen;292;Biberach
084265007045;Ertingen;292;Biberach
084265007067;Langenenslingen;292;Biberach
084265007097;Riedlingen, Stadt;292;Biberach
084265007121;Unlingen;292;Biberach
084265007124;Uttenweiler;292;Biberach
084265008100;Rot an der Rot;292;Biberach
084265008117;Tannheim;292;Biberach
084265009108;Schwendi;292;Biberach
084265009125;Wain;292;Biberach
084350035035;Meckenbeuren;293;Bodensee
084355001013;Eriskirch;293;Bodensee
084355001029;Kressbronn am Bodensee;293;Bodensee
084355001030;Langenargen;293;Bodensee
084355002016;Friedrichshafen, Stadt;293;Bodensee
084355002024;Immenstaad am Bodensee;293;Bodensee
084355003005;Bermatingen;293;Bodensee
084355003034;Markdorf, Stadt;293;Bodensee
084355003045;Oberteuringen;293;Bodensee
084355003067;Deggenhausertal;293;Bodensee
084355004010;Daisendorf;293;Bodensee
084355004018;Hagnau am Bodensee;293;Bodensee
084355004036;Meersburg, Stadt;293;Bodensee
084355004054;Stetten;293;Bodensee
084355004066;Uhldingen-Mühlhofen;293;Bodensee
084355005015;Frickingen;293;Bodensee
084355005020;Heiligenberg;293;Bodensee
084355005052;Salem;293;Bodensee
084355006042;Neukirch;293;Bodensee
084355006057;Tettnang, Stadt;293;Bodensee
084355007047;Owingen;293;Bodensee
084355007053;Sipplingen;293;Bodensee
084355007059;Überlingen, Stadt;293;Bodensee
084360008008;Aulendorf, Stadt;294;Ravensburg
084360010010;Bad Wurzach, Stadt;292;Biberach
084360049049;Isny im Allgäu, Stadt;294;Ravensburg
084360052052;Kißlegg;292;Biberach
084360094094;Argenbühl;294;Ravensburg
084365001005;Altshausen;294;Ravensburg
084365001019;Boms;294;Ravensburg
084365001024;Ebenweiler;294;Ravensburg
084365001027;Eichstegen;294;Ravensburg
084365001032;Fleischwangen;294;Ravensburg
084365001040;Guggenhausen;294;Ravensburg
084365001047;Hoßkirch;294;Ravensburg
084365001053;Königseggwald;294;Ravensburg
084365001067;Riedhausen;294;Ravensburg
084365001077;Unterwaldhausen;294;Ravensburg
084365001093;Ebersbach-Musbach;294;Ravensburg
084365002009;Bad Waldsee, Stadt;294;Ravensburg
084365002014;Bergatreute;294;Ravensburg
084365003018;Bodnegg;294;Ravensburg
084365003039;Grünkraut;294;Ravensburg
084365003069;Schlier;294;Ravensburg
084365003079;Waldburg;294;Ravensburg
084365004003;Aichstetten;292;Biberach
084365004004;Aitrach;292;Biberach
084365004055;Leutkirch im Allgäu, Stadt;294;Ravensburg
084365005011;Baienfurt;294;Ravensburg
084365005012;Baindt;294;Ravensburg
084365005013;Berg;294;Ravensburg
084365005064;Ravensburg, Stadt;294;Ravensburg
084365005082;Weingarten, Stadt;294;Ravensburg
084365006078;Vogt;294;Ravensburg
084365006085;Wolfegg;294;Ravensburg
084365007001;Achberg;294;Ravensburg
084365007006;Amtzell;294;Ravensburg
084365007081;Wangen im Allgäu, Stadt;294;Ravensburg
084365008083;Wilhelmsdorf;294;Ravensburg
084365008095;Horgenzell;294;Ravensburg
084365009087;Wolpertswende;294;Ravensburg
084365009096;Fronreute;294;Ravensburg
084370086086;Ostrach;295;Zollernalb - Sigmaringen
084375001031;Gammertingen, Stadt;295;Zollernalb - Sigmaringen
084375001047;Hettingen, Stadt;295;Zollernalb - Sigmaringen
084375001082;Neufra;295;Zollernalb - Sigmaringen
084375001114;Veringenstadt, Stadt;295;Zollernalb - Sigmaringen
084375002053;Hohentengen;295;Zollernalb - Sigmaringen
084375002076;Mengen, Stadt;295;Zollernalb - Sigmaringen
084375002101;Scheer, Stadt;295;Zollernalb - Sigmaringen
084375003072;Leibertingen;295;Zollernalb - Sigmaringen
084375003078;Meßkirch, Stadt;295;Zollernalb - Sigmaringen
084375003123;Sauldorf;295;Zollernalb - Sigmaringen
084375004056;Illmensee;293;Bodensee
084375004088;Pfullendorf, Stadt;293;Bodensee
084375004118;Wald;293;Bodensee
084375004124;Herdwangen-Schönach;293;Bodensee
084375005044;Herbertingen;295;Zollernalb - Sigmaringen
084375005100;Bad Saulgau, Stadt;295;Zollernalb - Sigmaringen
084375006005;Beuron;295;Zollernalb - Sigmaringen
084375006008;Bingen;295;Zollernalb - Sigmaringen
084375006059;Inzigkofen;295;Zollernalb - Sigmaringen
084375006065;Krauchenwies;295;Zollernalb - Sigmaringen
084375006104;Sigmaringen, Stadt;295;Zollernalb - Sigmaringen
084375006105;Sigmaringendorf;295;Zollernalb - Sigmaringen
084375007102;Schwenningen;295;Zollernalb - Sigmaringen
084375007107;Stetten am kalten Markt;295;Zollernalb - Sigmaringen
091610000000;Ingolstadt;216;Ingolstadt
091620000000;München, Landeshauptstadt;218;München-Ost
091620000000;München, Landeshauptstadt;220;München-West/Mitte
091620000000;München, Landeshauptstadt;217;München-Nord
091620000000;München, Landeshauptstadt;219;München-Süd
091630000000;Rosenheim;222;Rosenheim
091710111111;Altötting, St;212;Altötting
091710112112;Burghausen, St;212;Altötting
091710113113;Burgkirchen a.d.Alz;212;Altötting
091710117117;Garching a.d.Alz;212;Altötting
091710118118;Haiming;212;Altötting
091710125125;Neuötting, St;212;Altötting
091710127127;Pleiskirchen;212;Altötting
091710131131;Teising;212;Altötting
091710132132;Töging a.Inn, St;212;Altötting
091710133133;Tüßling, M;212;Altötting
091710137137;Winhöring;212;Altötting
091715101114;Emmerting;212;Altötting
091715101124;Mehring;212;Altötting
091715102116;Feichten a.d.Alz;212;Altötting
091715102119;Halsbach;212;Altötting
091715102122;Kirchweidach;212;Altötting
091715102134;Tyrlaching;212;Altötting
091715103123;Marktl, M;212;Altötting
091715103130;Stammham;212;Altötting
091715104115;Erlbach;212;Altötting
091715104126;Perach;212;Altötting
091715104129;Reischach;212;Altötting
091715106121;Kastl;212;Altötting
091715106135;Unterneukirchen;212;Altötting
091720111111;Ainring;225;Traunstein
091720112112;Anger;225;Traunstein
091720114114;Bad Reichenhall, GKSt;225;Traunstein
091720115115;Bayerisch Gmain;225;Traunstein
091720116116;Berchtesgaden, M;225;Traunstein
091720117117;Bischofswiesen;225;Traunstein
091720118118;Freilassing, St;225;Traunstein
091720122122;Laufen, St;225;Traunstein
091720124124;Marktschellenberg, M;225;Traunstein
091720128128;Piding;225;Traunstein
091720129129;Ramsau b.Berchtesgaden;225;Traunstein
091720130130;Saaldorf-Surheim;225;Traunstein
091720131131;Schneizlreuth;225;Traunstein
091720132132;Schönau a.Königssee;225;Traunstein
091720134134;Teisendorf, M;225;Traunstein
091729452452;Eck;225;Traunstein
091729454454;Schellenberger Forst;225;Traunstein
091730111111;Bad Heilbrunn;223;Bad Tölz-Wolfratshausen - Miesbach
091730112112;Bad Tölz, St;223;Bad Tölz-Wolfratshausen - Miesbach
091730118118;Dietramszell;223;Bad Tölz-Wolfratshausen - Miesbach
091730120120;Egling;223;Bad Tölz-Wolfratshausen - Miesbach
091730123123;Eurasburg;223;Bad Tölz-Wolfratshausen - Miesbach
091730124124;Gaißach;223;Bad Tölz-Wolfratshausen - Miesbach
091730126126;Geretsried, St;223;Bad Tölz-Wolfratshausen - Miesbach
091730130130;Icking;223;Bad Tölz-Wolfratshausen - Miesbach
091730131131;Jachenau;223;Bad Tölz-Wolfratshausen - Miesbach
091730134134;Königsdorf;223;Bad Tölz-Wolfratshausen - Miesbach
091730135135;Lenggries;223;Bad Tölz-Wolfratshausen - Miesbach
091730137137;Münsing;223;Bad Tölz-Wolfratshausen - Miesbach
091730145145;Wackersberg;223;Bad Tölz-Wolfratshausen - Miesbach
091730147147;Wolfratshausen, St;223;Bad Tölz-Wolfratshausen - Miesbach
091735107113;Benediktbeuern;223;Bad Tölz-Wolfratshausen - Miesbach
091735107115;Bichl;223;Bad Tölz-Wolfratshausen - Miesbach
091735108133;Kochel a.See;223;Bad Tölz-Wolfratshausen - Miesbach
091735108142;Schlehdorf;223;Bad Tölz-Wolfratshausen - Miesbach
091735109127;Greiling;223;Bad Tölz-Wolfratshausen - Miesbach
091735109140;Reichersbeuern;223;Bad Tölz-Wolfratshausen - Miesbach
091735109141;Sachsenkam;223;Bad Tölz-Wolfratshausen - Miesbach
091739451451;Pupplinger Au;223;Bad Tölz-Wolfratshausen - Miesbach
091739452452;Wolfratshauser Forst;223;Bad Tölz-Wolfratshausen - Miesbach
091740111111;Altomünster, M;215;Fürstenfeldbruck
091740113113;Bergkirchen;215;Fürstenfeldbruck
091740115115;Dachau, GKSt;215;Fürstenfeldbruck
091740118118;Erdweg;215;Fürstenfeldbruck
091740121121;Haimhausen;215;Fürstenfeldbruck
091740122122;Hebertshausen;215;Fürstenfeldbruck
091740126126;Karlsfeld;215;Fürstenfeldbruck
091740131131;Markt Indersdorf, M;215;Fürstenfeldbruck
091740135135;Odelzhausen;215;Fürstenfeldbruck
091740136136;Petershausen;215;Fürstenfeldbruck
091740137137;Pfaffenhofen a.d.Glonn;215;Fürstenfeldbruck
091740141141;Röhrmoos;215;Fürstenfeldbruck
091740143143;Schwabhausen;215;Fürstenfeldbruck
091740146146;Sulzemoos;215;Fürstenfeldbruck
091740147147;Hilgertshausen-Tandern;215;Fürstenfeldbruck
091740150150;Vierkirchen;215;Fürstenfeldbruck
091740151151;Weichs;215;Fürstenfeldbruck
091750111111;Anzing;213;Erding - Ebersberg
091750115115;Ebersberg, St;213;Erding - Ebersberg
091750118118;Forstinning;213;Erding - Ebersberg
091750122122;Grafing b.München, St;213;Erding - Ebersberg
091750123123;Hohenlinden;213;Erding - Ebersberg
091750124124;Kirchseeon, M;213;Erding - Ebersberg
091750127127;Markt Schwaben, M;213;Erding - Ebersberg
091750132132;Vaterstetten;213;Erding - Ebersberg
091750133133;Pliening;213;Erding - Ebersberg
091750135135;Poing;213;Erding - Ebersberg
091750137137;Steinhöring;213;Erding - Ebersberg
091750139139;Zorneding;213;Erding - Ebersberg
091755112112;Aßling;213;Erding - Ebersberg
091755112119;Frauenneuharting;213;Erding - Ebersberg
091755112136;Emmering;213;Erding - Ebersberg
091755114113;Baiern;213;Erding - Ebersberg
091755114114;Bruck;213;Erding - Ebersberg
091755114116;Egmating;213;Erding - Ebersberg
091755114121;Glonn, M;213;Erding - Ebersberg
091755114128;Moosach;213;Erding - Ebersberg
091755114131;Oberpframmern;213;Erding - Ebersberg
091759451451;Anzinger Forst;213;Erding - Ebersberg
091759452452;Ebersberger Forst;213;Erding - Ebersberg
091759453453;Eglhartinger Forst;213;Erding - Ebersberg
091760112112;Altmannstein, M;216;Ingolstadt
091760114114;Beilngries, St;216;Ingolstadt
091760118118;Buxheim;216;Ingolstadt
091760120120;Denkendorf;216;Ingolstadt
091760121121;Dollnstein, M;216;Ingolstadt
091760123123;Eichstätt, GKSt;216;Ingolstadt
091760126126;Gaimersheim, M;216;Ingolstadt
091760129129;Großmehring;216;Ingolstadt
091760131131;Hepberg;216;Ingolstadt
091760132132;Hitzhofen;216;Ingolstadt
091760137137;Kinding, M;216;Ingolstadt
091760138138;Kipfenberg, M;216;Ingolstadt
091760139139;Kösching, M;216;Ingolstadt
091760143143;Lenting;216;Ingolstadt
091760148148;Mörnsheim, M;216;Ingolstadt
091760161161;Stammham;216;Ingolstadt
091760164164;Titting, M;216;Ingolstadt
091760166166;Wellheim, M;216;Ingolstadt
091760167167;Wettstetten;216;Ingolstadt
091765115155;Pollenfeld;216;Ingolstadt
091765115160;Schernfeld;216;Ingolstadt
091765115165;Walting;216;Ingolstadt
091765116116;Böhmfeld;216;Ingolstadt
091765116124;Eitensheim;216;Ingolstadt
091765118111;Adelschlag;216;Ingolstadt
091765118122;Egweil;216;Ingolstadt
091765118149;Nassenfels, M;216;Ingolstadt
091765119147;Mindelstetten;216;Ingolstadt
091765119150;Oberdolling;216;Ingolstadt
091765119153;Pförring, M;216;Ingolstadt
091769451451;Haunstetter Forst;216;Ingolstadt
091770113113;Bockhorn;213;Erding - Ebersberg
091770115115;Dorfen, St;213;Erding - Ebersberg
091770117117;Erding, GKSt;213;Erding - Ebersberg
091770118118;Finsing;213;Erding - Ebersberg
091770119119;Forstern;213;Erding - Ebersberg
091770120120;Fraunberg;213;Erding - Ebersberg
091770123123;Isen, M;213;Erding - Ebersberg
091770127127;Lengdorf;213;Erding - Ebersberg
091770130130;Moosinning;213;Erding - Ebersberg
091770137137;Sankt Wolfgang;213;Erding - Ebersberg
091770139139;Taufkirchen (Vils);213;Erding - Ebersberg
091775120114;Buch a.Buchrain;213;Erding - Ebersberg
091775120135;Pastetten;213;Erding - Ebersberg
091775121142;Walpertskirchen;213;Erding - Ebersberg
091775121144;Wörth;213;Erding - Ebersberg
091775123116;Eitting;213;Erding - Ebersberg
091775123133;Oberding;213;Erding - Ebersberg
091775124131;Neuching;213;Erding - Ebersberg
091775124134;Ottenhofen;213;Erding - Ebersberg
091775125121;Hohenpolding;213;Erding - Ebersberg
091775125122;Inning a.Holz;213;Erding - Ebersberg
091775125124;Kirchberg;213;Erding - Ebersberg
091775125138;Steinkirchen;213;Erding - Ebersberg
091775126112;Berglern;213;Erding - Ebersberg
091775126126;Langenpreising;213;Erding - Ebersberg
091775126143;Wartenberg, M;213;Erding - Ebersberg
091780116116;Au i.d.Hallertau, M;214;Freising
091780120120;Eching;214;Freising
091780122122;Rudelzhausen;214;Freising
091780123123;Fahrenzhausen;214;Freising
091780124124;Freising, GKSt;214;Freising
091780130130;Hallbergmoos;214;Freising
091780133133;Hohenkammer;214;Freising
091780136136;Kirchdorf a.d.Amper;214;Freising
091780137137;Kranzberg;214;Freising
091780138138;Langenbach;214;Freising
091780140140;Marzling;214;Freising
091780143143;Moosburg a.d.Isar, St;214;Freising
091780144144;Nandlstadt, M;214;Freising
091780145145;Neufahrn b.Freising;214;Freising
091785127113;Allershausen;214;Freising
091785127150;Paunzhausen;214;Freising
091785129125;Gammelsdorf;214;Freising
091785129132;Hörgertshausen;214;Freising
091785129142;Mauern;214;Freising
091785129155;Wang;214;Freising
091785130115;Attenkirchen;214;Freising
091785130129;Haag a.d.Amper;214;Freising
091785130156;Wolfersdorf;214;Freising
091785130157;Zolling;214;Freising
091790113113;Alling;215;Fürstenfeldbruck
091790117117;Egenhofen;215;Fürstenfeldbruck
091790118118;Eichenau;215;Fürstenfeldbruck
091790119119;Emmering;215;Fürstenfeldbruck
091790121121;Fürstenfeldbruck, GKSt;215;Fürstenfeldbruck
091790123123;Germering, GKSt;224;Starnberg - Landsberg am Lech
091790126126;Gröbenzell;215;Fürstenfeldbruck
091790134134;Maisach;215;Fürstenfeldbruck
091790138138;Moorenweis;215;Fürstenfeldbruck
091790142142;Olching, St;215;Fürstenfeldbruck
091790145145;Puchheim, St;215;Fürstenfeldbruck
091790149149;Türkenfeld;215;Fürstenfeldbruck
091795131111;Adelshofen;215;Fürstenfeldbruck
091795131114;Althegnenberg;215;Fürstenfeldbruck
091795131128;Hattenhofen;215;Fürstenfeldbruck
091795131130;Jesenwang;215;Fürstenfeldbruck
091795131132;Landsberied;215;Fürstenfeldbruck
091795131136;Mammendorf;215;Fürstenfeldbruck
091795131137;Mittelstetten;215;Fürstenfeldbruck
091795131140;Oberschweinbach;215;Fürstenfeldbruck
091795132125;Grafrath;215;Fürstenfeldbruck
091795132131;Kottgeisering;215;Fürstenfeldbruck
091795132147;Schöngeising;215;Fürstenfeldbruck
091800112112;Bad Kohlgrub;226;Weilheim
091800116116;Farchant;226;Weilheim
091800117117;Garmisch-Partenkirchen, M;226;Weilheim
091800118118;Grainau;226;Weilheim
091800122122;Krün;226;Weilheim
091800123123;Mittenwald, M;226;Weilheim
091800124124;Murnau a.Staffelsee, M;226;Weilheim
091800125125;Oberammergau;226;Weilheim
091800126126;Oberau;226;Weilheim
091800134134;Uffing a.Staffelsee;226;Weilheim
091800136136;Wallgau;226;Weilheim
091805133113;Bad Bayersoien;226;Weilheim
091805133129;Saulgrub;226;Weilheim
091805135115;Ettal;226;Weilheim
091805135135;Unterammergau;226;Weilheim
091805136114;Eschenlohe;226;Weilheim
091805136119;Großweil;226;Weilheim
091805136127;Ohlstadt;226;Weilheim
091805136131;Schwaigen;226;Weilheim
091805137128;Riegsee;226;Weilheim
091805137132;Seehausen a.Staffelsee;226;Weilheim
091805137133;Spatzenhausen;226;Weilheim
091809451451;Ettaler Forst;226;Weilheim
091810113113;Denklingen;224;Starnberg - Landsberg am Lech
091810114114;Dießen am Ammersee, M;224;Starnberg - Landsberg am Lech
091810116116;Egling a.d.Paar;224;Starnberg - Landsberg am Lech
091810122122;Geltendorf;224;Starnberg - Landsberg am Lech
091810128128;Kaufering, M;224;Starnberg - Landsberg am Lech
091810130130;Landsberg am Lech, GKSt;224;Starnberg - Landsberg am Lech
091810132132;Penzing;224;Starnberg - Landsberg am Lech
091810144144;Utting am Ammersee;224;Starnberg - Landsberg am Lech
091810145145;Weil;224;Starnberg - Landsberg am Lech
091815138121;Fuchstal;224;Starnberg - Landsberg am Lech
091815138143;Unterdießen;224;Starnberg - Landsberg am Lech
091815139126;Hurlach;224;Starnberg - Landsberg am Lech
091815139127;Igling;224;Starnberg - Landsberg am Lech
091815139131;Obermeitingen;224;Starnberg - Landsberg am Lech
091815140134;Prittriching;224;Starnberg - Landsberg am Lech
091815140138;Scheuring;224;Starnberg - Landsberg am Lech
091815141124;Hofstetten;224;Starnberg - Landsberg am Lech
091815141140;Schwifting;224;Starnberg - Landsberg am Lech
091815141141;Pürgen;224;Starnberg - Landsberg am Lech
091815142111;Apfeldorf;224;Starnberg - Landsberg am Lech
091815142129;Kinsau;224;Starnberg - Landsberg am Lech
091815142133;Vilgertshofen;224;Starnberg - Landsberg am Lech
091815142135;Reichling;224;Starnberg - Landsberg am Lech
091815142137;Rott;224;Starnberg - Landsberg am Lech
091815142142;Thaining;224;Starnberg - Landsberg am Lech
091815143115;Eching am Ammersee;224;Starnberg - Landsberg am Lech
091815143123;Greifenberg;224;Starnberg - Landsberg am Lech
091815143139;Schondorf am Ammersee;224;Starnberg - Landsberg am Lech
091815144118;Eresing;224;Starnberg - Landsberg am Lech
091815144120;Finning;224;Starnberg - Landsberg am Lech
091815144146;Windach;224;Starnberg - Landsberg am Lech
091819451451;Ammersee;224;Starnberg - Landsberg am Lech
091820111111;Bad Wiessee;223;Bad Tölz-Wolfratshausen - Miesbach
091820112112;Bayrischzell;223;Bad Tölz-Wolfratshausen - Miesbach
091820114114;Fischbachau;223;Bad Tölz-Wolfratshausen - Miesbach
091820116116;Gmund a.Tegernsee;223;Bad Tölz-Wolfratshausen - Miesbach
091820119119;Hausham;223;Bad Tölz-Wolfratshausen - Miesbach
091820120120;Holzkirchen, M;223;Bad Tölz-Wolfratshausen - Miesbach
091820123123;Irschenberg;223;Bad Tölz-Wolfratshausen - Miesbach
091820124124;Kreuth;223;Bad Tölz-Wolfratshausen - Miesbach
091820125125;Miesbach, St;223;Bad Tölz-Wolfratshausen - Miesbach
091820127127;Otterfing;223;Bad Tölz-Wolfratshausen - Miesbach
091820129129;Rottach-Egern;223;Bad Tölz-Wolfratshausen - Miesbach
091820131131;Schliersee, M;223;Bad Tölz-Wolfratshausen - Miesbach
091820132132;Tegernsee, St;223;Bad Tölz-Wolfratshausen - Miesbach
091820133133;Valley;223;Bad Tölz-Wolfratshausen - Miesbach
091820134134;Waakirchen;223;Bad Tölz-Wolfratshausen - Miesbach
091820136136;Warngau;223;Bad Tölz-Wolfratshausen - Miesbach
091820137137;Weyarn;223;Bad Tölz-Wolfratshausen - Miesbach
091830112112;Ampfing;212;Altötting
091830113113;Aschau a.Inn;212;Altötting
091830114114;Buchbach, M;212;Altötting
091830119119;Haag i.OB, M;212;Altötting
091830127127;Mettenheim;212;Altötting
091830128128;Mühldorf a.Inn, St;212;Altötting
091830135135;Obertaufkirchen;212;Altötting
091830144144;Schwindegg;212;Altötting
091830148148;Waldkraiburg, St;212;Altötting
091835145120;Heldenstein;212;Altötting
091835145138;Rattenkirchen;212;Altötting
091835146118;Gars a.Inn, M;212;Altötting
091835146147;Unterreit;212;Altötting
091835147123;Kirchdorf;212;Altötting
091835147140;Reichertsheim;212;Altötting
091835148122;Jettenbach;212;Altötting
091835148124;Kraiburg a.Inn, M;212;Altötting
091835148145;Taufkirchen;212;Altötting
091835149115;Egglkofen;212;Altötting
091835149129;Neumarkt-Sankt Veit, St;212;Altötting
091835150125;Lohkirchen;212;Altötting
091835150132;Oberbergkirchen;212;Altötting
091835150143;Schönberg;212;Altötting
091835150151;Zangberg;212;Altötting
091835151134;Oberneukirchen;212;Altötting
091835151136;Polling;212;Altötting
091835152116;Erharting;212;Altötting
091835152130;Niederbergkirchen;212;Altötting
091835152131;Niedertaufkirchen;212;Altötting
091835183126;Maitenbeth;212;Altötting
091835183139;Rechtmehring;212;Altötting
091839451451;Mühldorfer Hart;212;Altötting
091840112112;Aschheim;221;München-Land
091840113113;Baierbrunn;221;München-Land
091840114114;Brunnthal;221;München-Land
091840118118;Feldkirchen;221;München-Land
091840119119;Garching b.München, St;221;München-Land
091840120120;Gräfelfing;221;München-Land
091840121121;Grasbrunn;221;München-Land
091840122122;Grünwald;221;München-Land
091840123123;Haar;221;München-Land
091840127127;Höhenkirchen-Siegertsbrunn;221;München-Land
091840129129;Hohenbrunn;221;München-Land
091840130130;Ismaning;221;München-Land
091840131131;Kirchheim b.München;221;München-Land
091840132132;Neuried;221;München-Land
091840134134;Oberhaching;221;München-Land
091840135135;Oberschleißheim;221;München-Land
091840136136;Ottobrunn;221;München-Land
091840137137;Aying;221;München-Land
091840138138;Planegg;221;München-Land
091840139139;Pullach i.Isartal;221;München-Land
091840140140;Putzbrunn;221;München-Land
091840141141;Sauerlach;221;München-Land
091840142142;Schäftlarn;221;München-Land
091840144144;Straßlach-Dingharting;221;München-Land
091840145145;Taufkirchen;221;München-Land
091840146146;Neubiberg;221;München-Land
091840147147;Unterföhring;221;München-Land
091840148148;Unterhaching;221;München-Land
091840149149;Unterschleißheim, St;221;München-Land
091849452452;Forstenrieder Park;221;München-Land
091849454454;Grünwalder Forst;221;München-Land
091849457457;Perlacher Forst;221;München-Land
091850113113;Aresing;214;Freising
091850125125;Burgheim, M;216;Ingolstadt
091850127127;Ehekirchen;216;Ingolstadt
091850139139;Karlshuld;216;Ingolstadt
091850140140;Karlskron;216;Ingolstadt
091850149149;Neuburg a.d.Donau, GKSt;216;Ingolstadt
091850150150;Oberhausen;216;Ingolstadt
091850153153;Rennertshofen, M;216;Ingolstadt
091850158158;Schrobenhausen, St;214;Freising
091850163163;Königsmoos;216;Ingolstadt
091850168168;Weichering;216;Ingolstadt
091855154118;Bergheim;216;Ingolstadt
091855154157;Rohrenfels;216;Ingolstadt
091855155116;Berg im Gau;214;Freising
091855155123;Brunnen;214;Freising
091855155131;Gachenbach;214;Freising
091855155143;Langenmosen;214;Freising
091855155166;Waidhofen;214;Freising
091860113113;Baar-Ebenhausen;214;Freising
091860125125;Gerolsbach;214;Freising
091860128128;Hohenwart, M;214;Freising
091860132132;Jetzendorf;214;Freising
091860137137;Manching, M;214;Freising
091860139139;Münchsmünster;214;Freising
091860143143;Pfaffenhofen a.d.Ilm, St;214;Freising
091860146146;Reichertshausen;214;Freising
091860149149;Rohrbach;214;Freising
091860151151;Scheyern;214;Freising
091860152152;Schweitenkirchen;214;Freising
091860158158;Vohburg a.d.Donau, St;214;Freising
091860162162;Wolnzach, M;214;Freising
091865156116;Ernsgaden;214;Freising
091865156122;Geisenfeld, St;214;Freising
091865157126;Hettenshausen;214;Freising
091865157130;Ilmmünster;214;Freising
091865158144;Pörnbach;214;Freising
091865158147;Reichertshofen, M;214;Freising
091870113113;Amerang;222;Rosenheim
091870114114;Aschau i.Chiemgau;222;Rosenheim
091870116116;Babensham;222;Rosenheim
091870117117;Bad Aibling, St;222;Rosenheim
091870118118;Bernau a.Chiemsee;222;Rosenheim
091870120120;Brannenburg;222;Rosenheim
091870122122;Bruckmühl, M;222;Rosenheim
091870124124;Edling;222;Rosenheim
091870125125;Eggstätt;222;Rosenheim
091870126126;Eiselfing;222;Rosenheim
091870128128;Bad Endorf, M;222;Rosenheim
091870129129;Bad Feilnbach;222;Rosenheim
091870130130;Feldkirchen-Westerham;222;Rosenheim
091870131131;Flintsbach a.Inn;222;Rosenheim
091870132132;Frasdorf;222;Rosenheim
091870134134;Griesstätt;222;Rosenheim
091870137137;Großkarolinenfeld;222;Rosenheim
091870142142;Schechen;222;Rosenheim
091870148148;Kiefersfelden;222;Rosenheim
091870150150;Kolbermoor, St;222;Rosenheim
091870154154;Neubeuern, M;222;Rosenheim
091870156156;Nußdorf a.Inn;222;Rosenheim
091870157157;Oberaudorf;222;Rosenheim
091870162162;Prien a.Chiemsee, M;222;Rosenheim
091870163163;Prutting;222;Rosenheim
091870165165;Raubling;222;Rosenheim
091870167167;Riedering;222;Rosenheim
091870168168;Rimsting;222;Rosenheim
091870169169;Rohrdorf;222;Rosenheim
091870172172;Samerberg;222;Rosenheim
091870174174;Söchtenau;222;Rosenheim
091870176176;Soyen;222;Rosenheim
091870177177;Stephanskirchen;222;Rosenheim
091870179179;Tuntenhausen;222;Rosenheim
091870181181;Vogtareuth;222;Rosenheim
091870182182;Wasserburg a.Inn, St;222;Rosenheim
091875160121;Breitbrunn a.Chiemsee;222;Rosenheim
091875160123;Chiemsee;222;Rosenheim
091875160138;Gstadt a.Chiemsee;222;Rosenheim
091875162139;Halfing;222;Rosenheim
091875162145;Höslwang;222;Rosenheim
091875162173;Schonstett;222;Rosenheim
091875165164;Ramerberg;222;Rosenheim
091875165170;Rott a.Inn;222;Rosenheim
091875184159;Pfaffing;222;Rosenheim
091875184186;Albaching;222;Rosenheim
091879451451;Rotter Forst-Nord;222;Rosenheim
091879452452;Rotter Forst-Süd;222;Rosenheim
091880113113;Berg;224;Starnberg - Landsberg am Lech
091880117117;Andechs;224;Starnberg - Landsberg am Lech
091880118118;Feldafing;224;Starnberg - Landsberg am Lech
091880120120;Gauting;224;Starnberg - Landsberg am Lech
091880121121;Gilching;224;Starnberg - Landsberg am Lech
091880124124;Herrsching a.Ammersee;224;Starnberg - Landsberg am Lech
091880126126;Inning a.Ammersee;224;Starnberg - Landsberg am Lech
091880127127;Krailling;224;Starnberg - Landsberg am Lech
091880132132;Seefeld;224;Starnberg - Landsberg am Lech
091880137137;Pöcking;224;Starnberg - Landsberg am Lech
091880139139;Starnberg, St;224;Starnberg - Landsberg am Lech
091880141141;Tutzing;224;Starnberg - Landsberg am Lech
091880144144;Weßling;224;Starnberg - Landsberg am Lech
091880145145;Wörthsee;224;Starnberg - Landsberg am Lech
091889451451;Starnberger See;224;Starnberg - Landsberg am Lech
091890111111;Altenmarkt a.d.Alz;225;Traunstein
091890114114;Chieming;225;Traunstein
091890115115;Engelsberg;225;Traunstein
091890118118;Fridolfing;225;Traunstein
091890119119;Grabenstätt;225;Traunstein
091890120120;Grassau, M;225;Traunstein
091890124124;Inzell;225;Traunstein
091890127127;Kirchanschöring;225;Traunstein
091890130130;Nußdorf;225;Traunstein
091890134134;Palling;225;Traunstein
091890135135;Petting;225;Traunstein
091890139139;Reit im Winkl;225;Traunstein
091890140140;Ruhpolding;225;Traunstein
091890141141;Schleching;225;Traunstein
091890142142;Schnaitsee;225;Traunstein
091890143143;Seeon-Seebruck;225;Traunstein
091890145145;Siegsdorf;225;Traunstein
091890148148;Surberg;225;Traunstein
091890149149;Tacherting;225;Traunstein
091890152152;Tittmoning, St;225;Traunstein
091890154154;Traunreut, St;225;Traunstein
091890155155;Traunstein, GKSt;225;Traunstein
091890157157;Trostberg, St;225;Traunstein
091890159159;Übersee;225;Traunstein
091890160160;Unterwössen;225;Traunstein
091895166113;Bergen;225;Traunstein
091895166161;Vachendorf;225;Traunstein
091895169129;Marquartstein;225;Traunstein
091895169146;Staudach-Egerndach;225;Traunstein
091895170126;Kienberg;225;Traunstein
091895170133;Obing;225;Traunstein
091895170137;Pittenhart;225;Traunstein
091895173150;Taching a.See;225;Traunstein
091895173162;Waging a.See, M;225;Traunstein
091895173165;Wonneberg;225;Traunstein
091899451451;Chiemsee (See);225;Traunstein
091899452452;Waginger See;225;Traunstein
091900115115;Bernried am Starnberger See;226;Weilheim
091900130130;Hohenpeißenberg;226;Weilheim
091900138138;Pähl;226;Weilheim
091900139139;Peißenberg, M;226;Weilheim
091900140140;Peiting, M;226;Weilheim
091900141141;Penzberg, St;226;Weilheim
091900142142;Polling;226;Weilheim
091900144144;Raisting;226;Weilheim
091900148148;Schongau, St;226;Weilheim
091900157157;Weilheim i.OB, St;226;Weilheim
091900158158;Wessobrunn;226;Weilheim
091900159159;Wielenbach;226;Weilheim
091905174111;Altenstadt;226;Weilheim
091905174129;Hohenfurch;226;Weilheim
091905174133;Ingenried;226;Weilheim
091905174149;Schwabbruck;226;Weilheim
091905174151;Schwabsoien;226;Weilheim
091905175114;Bernbeuren;226;Weilheim
091905175118;Burggen;226;Weilheim
091905176113;Antdorf;226;Weilheim
091905176126;Habach;226;Weilheim
091905176136;Obersöchering;226;Weilheim
091905176153;Sindelsdorf;226;Weilheim
091905177120;Eberfing;226;Weilheim
091905177121;Eglfing;226;Weilheim
091905177131;Huglfing;226;Weilheim
091905177135;Oberhausen;226;Weilheim
091905178117;Böbing;226;Weilheim
091905178145;Rottenbuch;226;Weilheim
091905179132;Iffeldorf;226;Weilheim
091905179152;Seeshaupt;226;Weilheim
091905180143;Prem;226;Weilheim
091905180154;Steingaden;226;Weilheim
091905180160;Wildsteig;226;Weilheim
092610000000;Landshut;228;Landshut
092620000000;Passau;229;Passau
092630000000;Straubing;231;Straubing
092710111111;Aholming;227;Deggendorf
092710113113;Auerbach;227;Deggendorf
092710116116;Bernried;227;Deggendorf
092710119119;Deggendorf, GKSt;227;Deggendorf
092710122122;Grafling;227;Deggendorf
092710125125;Hengersberg, M;227;Deggendorf
092710127127;Iggensbach;227;Deggendorf
092710128128;Künzing;227;Deggendorf
092710132132;Metten, M;227;Deggendorf
092710138138;Niederalteich;227;Deggendorf
092710140140;Offenberg;227;Deggendorf
092710141141;Osterhofen, St;227;Deggendorf
092710146146;Plattling, St;227;Deggendorf
092710151151;Stephansposching;227;Deggendorf
092710153153;Winzer, M;227;Deggendorf
092715202123;Grattersdorf;227;Deggendorf
092715202126;Hunding;227;Deggendorf
092715202130;Lalling;227;Deggendorf
092715202148;Schaufling;227;Deggendorf
092715204139;Oberpöring;227;Deggendorf
092715204143;Otzing;227;Deggendorf
092715204152;Wallerfing;227;Deggendorf
092715205118;Buchhofen;227;Deggendorf
092715205135;Moos;227;Deggendorf
092715206114;Außernzell;227;Deggendorf
092715206149;Schöllnach, M;227;Deggendorf
092720118118;Freyung, St;227;Deggendorf
092720120120;Grafenau, St;227;Deggendorf
092720121121;Grainet;227;Deggendorf
092720122122;Haidmühle;227;Deggendorf
092720127127;Hohenau;227;Deggendorf
092720129129;Jandelsbrunn;227;Deggendorf
092720134134;Mauth;227;Deggendorf
092720136136;Neureichenau;227;Deggendorf
092720140140;Ringelai;227;Deggendorf
092720141141;Röhrnbach, M;227;Deggendorf
092720142142;Saldenburg;227;Deggendorf
092720143143;Sankt Oswald-Riedlhütte;227;Deggendorf
092720146146;Neuschönau;227;Deggendorf
092720149149;Spiegelau;227;Deggendorf
092720151151;Waldkirchen, St;227;Deggendorf
092725211116;Eppenschlag;227;Deggendorf
092725211128;Innernzell;227;Deggendorf
092725211145;Schöfweg;227;Deggendorf
092725211147;Schönberg, M;227;Deggendorf
092725212126;Hinterschmiding;227;Deggendorf
092725212139;Philippsreut;227;Deggendorf
092725213150;Thurmansbang;227;Deggendorf
092725213152;Zenting;227;Deggendorf
092725214119;Fürsteneck;227;Deggendorf
092725214138;Perlesreut, M;227;Deggendorf
092729451451;Annathaler Wald;227;Deggendorf
092729452452;Frauenberger u. Duschlberger Wald;227;Deggendorf
092729453453;Graineter Wald;227;Deggendorf
092729455455;Leopoldsreuter Wald;227;Deggendorf
092729456456;Mauther Forst;227;Deggendorf
092729457457;Philippsreuter Wald;227;Deggendorf
092729458458;Pleckensteiner Wald;227;Deggendorf
092729459459;Sankt Oswald;227;Deggendorf
092729460460;Schlichtenberger Wald;227;Deggendorf
092729461461;Schönbrunner Wald;227;Deggendorf
092729463463;Waldhäuserwald;227;Deggendorf
092730111111;Abensberg, St;228;Landshut
092730116116;Bad Abbach, M;228;Landshut
092730137137;Kelheim, St;228;Landshut
092730147147;Mainburg, St;228;Landshut
092730152152;Neustadt a.d.Donau, St;228;Landshut
092730159159;Painten, M;228;Landshut
092730164164;Riedenburg, St;228;Landshut
092730165165;Rohr i.NB, M;228;Landshut
092735215121;Essing, M;228;Landshut
092735215133;Ihrlerstein;228;Landshut
092735216166;Saal a.d.Donau;228;Landshut
092735216175;Teugn;228;Landshut
092735217125;Hausen;228;Landshut
092735217127;Herrngiersdorf;228;Landshut
092735217141;Langquaid, M;228;Landshut
092735218119;Biburg;228;Landshut
092735218139;Kirchdorf;228;Landshut
092735218172;Siegenburg, M;228;Landshut
092735218177;Train;228;Landshut
092735218181;Wildenberg;228;Landshut
092735219113;Aiglsbach;228;Landshut
092735219115;Attenhofen;228;Landshut
092735219163;Elsendorf;228;Landshut
092735219178;Volkenschwand;228;Landshut
092739451451;Dürnbucher Forst;228;Landshut
092739452452;Frauenforst;228;Landshut
092739453453;Hacklberg;228;Landshut
092739454454;Hienheimer Forst;228;Landshut
092740111111;Adlkofen;228;Landshut
092740113113;Altdorf, M;228;Landshut
092740120120;Bodenkirchen;228;Landshut
092740121121;Buch a.Erlbach;228;Landshut
092740124124;Eching;228;Landshut
092740126126;Ergolding, M;228;Landshut
092740128128;Essenbach, M;228;Landshut
092740134134;Geisenhausen, M;228;Landshut
092740141141;Hohenthann;228;Landshut
092740146146;Kumhausen;228;Landshut
092740153153;Neufahrn i.NB;228;Landshut
092740156156;Niederaichbach;228;Landshut
092740172172;Pfeffenhausen, M;228;Landshut
092740176176;Rottenburg a.d.Laaber, St;228;Landshut
092740182182;Tiefenbach;228;Landshut
092740184184;Vilsbiburg, St;228;Landshut
092740185185;Vilsheim;228;Landshut
092740194194;Bruckberg;228;Landshut
092745220119;Bayerbach b.Ergoldsbach;228;Landshut
092745220127;Ergoldsbach, M;228;Landshut
092745221132;Furth;228;Landshut
092745221165;Obersüßbach;228;Landshut
092745221187;Weihmichl;228;Landshut
092745222174;Postau;230;Rottal-Inn
092745222188;Weng;230;Rottal-Inn
092745222191;Wörth a.d.Isar;230;Rottal-Inn
092745223112;Aham;230;Rottal-Inn
092745223135;Gerzen;230;Rottal-Inn
092745223145;Kröning;230;Rottal-Inn
092745223179;Schalkham;230;Rottal-Inn
092745226114;Altfraunhofen;228;Landshut
092745226118;Baierbach;228;Landshut
092745227154;Neufraunhofen;228;Landshut
092745227183;Velden, M;228;Landshut
092745227193;Wurmsham;228;Landshut
092750111111;Aicha vorm Wald;227;Deggendorf
092750114114;Aldersbach;229;Passau
092750116116;Bad Füssing;229;Passau
092750118118;Breitenberg;229;Passau
092750119119;Büchlberg;229;Passau
092750120120;Eging a.See, M;227;Deggendorf
092750121121;Fürstenstein;227;Deggendorf
092750122122;Fürstenzell, M;229;Passau
092750124124;Bad Griesbach i.Rottal, St;229;Passau
092750125125;Haarbach;229;Passau
092750126126;Hauzenberg, St;229;Passau
092750127127;Hofkirchen, M;227;Deggendorf
092750128128;Hutthurm, M;229;Passau
092750130130;Kirchham;229;Passau
092750131131;Kößlarn, M;229;Passau
092750133133;Neuburg a.Inn;229;Passau
092750134134;Neuhaus a.Inn;229;Passau
092750135135;Neukirchen vorm Wald;229;Passau
092750137137;Obernzell, M;229;Passau
092750138138;Ortenburg, M;229;Passau
092750141141;Pocking, St;229;Passau
092750144144;Ruderting;229;Passau
092750145145;Ruhstorf a.d.Rott, M;229;Passau
092750146146;Salzweg;229;Passau
092750148148;Sonnen;229;Passau
092750149149;Tettenweis;229;Passau
092750150150;Thyrnau;229;Passau
092750151151;Tiefenbach;229;Passau
092750153153;Untergriesbach, M;229;Passau
092750154154;Vilshofen an der Donau, St;229;Passau
092750156156;Wegscheid, M;229;Passau
092750159159;Windorf, M;229;Passau
092755229152;Tittling, M;229;Passau
092755229160;Witzmannsberg;229;Passau
092755232112;Aidenbach, M;229;Passau
092755232117;Beutelsbach;229;Passau
092755234132;Malching;229;Passau
092755234143;Rotthalmünster, M;229;Passau
092760113113;Arnbruck;231;Straubing
092760115115;Bayerisch Eisenstein;231;Straubing
092760116116;Bischofsmais;231;Straubing
092760117117;Bodenmais, M;231;Straubing
092760118118;Böbrach;231;Straubing
092760120120;Drachselsried;231;Straubing
092760121121;Frauenau;231;Straubing
092760122122;Geiersthal;231;Straubing
092760126126;Kirchberg i.Wald;231;Straubing
092760127127;Kirchdorf i.Wald;231;Straubing
092760128128;Kollnburg;231;Straubing
092760129129;Langdorf;231;Straubing
092760130130;Lindberg;231;Straubing
092760134134;Patersdorf;231;Straubing
092760135135;Prackenbach;231;Straubing
092760138138;Regen, St;231;Straubing
092760139139;Rinchnach;231;Straubing
092760143143;Teisnach, M;231;Straubing
092760144144;Viechtach, St;231;Straubing
092760148148;Zwiesel, St;231;Straubing
092765238111;Achslach;231;Straubing
092765238123;Gotteszell;231;Straubing
092765238142;Ruhmannsfelden, M;231;Straubing
092765238146;Zachenberg;231;Straubing
092770111111;Arnstorf, M;230;Rottal-Inn
092770114114;Dietersburg;230;Rottal-Inn
092770116116;Eggenfelden, St;230;Rottal-Inn
092770117117;Egglham;230;Rottal-Inn
092770121121;Gangkofen, M;230;Rottal-Inn
092770124124;Hebertsfelden;230;Rottal-Inn
092770126126;Johanniskirchen;230;Rottal-Inn
092770127127;Julbach;230;Rottal-Inn
092770128128;Kirchdorf a.Inn;230;Rottal-Inn
092770134134;Mitterskirchen;230;Rottal-Inn
092770138138;Pfarrkirchen, St;230;Rottal-Inn
092770139139;Postmünster;230;Rottal-Inn
092770142142;Roßbach;230;Rottal-Inn
092770144144;Schönau;230;Rottal-Inn
092770145145;Simbach a.Inn, St;230;Rottal-Inn
092770149149;Triftern, M;230;Rottal-Inn
092770151151;Unterdietfurt;230;Rottal-Inn
092770152152;Wittibreut;230;Rottal-Inn
092770153153;Wurmannsquick, M;230;Rottal-Inn
092770154154;Zeilarn;230;Rottal-Inn
092775239119;Falkenberg;230;Rottal-Inn
092775239131;Malgersdorf;230;Rottal-Inn
092775239141;Rimbach;230;Rottal-Inn
092775240122;Geratskirchen;230;Rottal-Inn
092775240133;Massing, M;230;Rottal-Inn
092775241112;Bayerbach;230;Rottal-Inn
092775241113;Bad Birnbach, M;230;Rottal-Inn
092775243140;Reut;230;Rottal-Inn
092775243148;Tann, M;230;Rottal-Inn
092775244118;Ering;230;Rottal-Inn
092775244147;Stubenberg;230;Rottal-Inn
092780118118;Bogen, St;231;Straubing
092780121121;Feldkirchen;231;Straubing
092780123123;Geiselhöring, St;231;Straubing
092780129129;Haibach;231;Straubing
092780141141;Kirchroth;231;Straubing
092780143143;Konzell;231;Straubing
092780144144;Laberweinting;231;Straubing
092780146146;Leiblfing;231;Straubing
092780148148;Mallersdorf-Pfaffenberg, M;231;Straubing
092780167167;Oberschneiding;231;Straubing
092780170170;Parkstetten;231;Straubing
092780178178;Rattenberg;231;Straubing
092780184184;Sankt Englmar;231;Straubing
092780190190;Steinach;231;Straubing
092780197197;Wiesenfelden;231;Straubing
092785246147;Loitzendorf;231;Straubing
092785246179;Rattiszell;231;Straubing
092785246189;Stallwang;231;Straubing
092785248116;Ascha;231;Straubing
092785248120;Falkenfels;231;Straubing
092785248134;Haselbach;231;Straubing
092785248151;Mitterfels, M;231;Straubing
092785249139;Hunderdorf;231;Straubing
092785249154;Neukirchen;231;Straubing
092785249198;Windberg;231;Straubing
092785250112;Aholfing;231;Straubing
092785250117;Atting;231;Straubing
092785250172;Perkam;231;Straubing
092785250177;Rain;231;Straubing
092785252149;Mariaposching;231;Straubing
092785252159;Niederwinkling;231;Straubing
092785252171;Perasdorf;231;Straubing
092785252187;Schwarzach, M;231;Straubing
092785256113;Aiterhofen;231;Straubing
092785256182;Salching;231;Straubing
092785257140;Irlbach;231;Straubing
092785257192;Straßkirchen;231;Straubing
092790112112;Dingolfing, St;230;Rottal-Inn
092790113113;Eichendorf, M;230;Rottal-Inn
092790115115;Frontenhausen, M;230;Rottal-Inn
092790122122;Landau a.d.Isar, St;230;Rottal-Inn
092790124124;Loiching;230;Rottal-Inn
092790126126;Marklkofen;230;Rottal-Inn
092790127127;Mengkofen;230;Rottal-Inn
092790128128;Moosthenning;230;Rottal-Inn
092790130130;Niederviehbach;230;Rottal-Inn
092790132132;Pilsting, M;230;Rottal-Inn
092790134134;Reisbach, M;230;Rottal-Inn
092790135135;Simbach, M;230;Rottal-Inn
092790137137;Wallersdorf, M;230;Rottal-Inn
092795208116;Gottfrieding;230;Rottal-Inn
092795208125;Mamming;230;Rottal-Inn
093610000000;Amberg;232;Amberg
093620000000;Regensburg;233;Regensburg
093630000000;Weiden i.d.OPf.;235;Weiden
093710111111;Ammerthal;232;Amberg
093710113113;Auerbach i.d.OPf., St;232;Amberg
093710118118;Ebermannsdorf;232;Amberg
093710119119;Edelsfeld;232;Amberg
093710120120;Ensdorf;232;Amberg
093710121121;Freihung, M;232;Amberg
093710122122;Freudenberg;232;Amberg
093710127127;Hirschau, St;232;Amberg
093710129129;Hohenburg, M;232;Amberg
093710132132;Kastl, M;232;Amberg
093710136136;Kümmersbruck;232;Amberg
093710144144;Poppenricht;232;Amberg
093710146146;Rieden, M;232;Amberg
093710148148;Schmidmühlen, M;232;Amberg
093710150150;Schnaittenbach, St;232;Amberg
093710151151;Sulzbach-Rosenberg, St;232;Amberg
093710154154;Ursensollen;232;Amberg
093710156156;Vilseck, St;232;Amberg
093715301123;Gebenbach;232;Amberg
093715301126;Hahnbach, M;232;Amberg
093715302128;Hirschbach;232;Amberg
093715302135;Königstein, M;232;Amberg
093715303140;Etzelwang;232;Amberg
093715303141;Neukirchen b.Sulzbach-Rosenberg;232;Amberg
093715303157;Weigendorf;232;Amberg
093715304116;Birgland;232;Amberg
093715304131;Illschwang;232;Amberg
093719452452;Eichen;232;Amberg
093720112112;Arnschwang;234;Schwandorf
093720113113;Arrach;234;Schwandorf
093720115115;Blaibach;234;Schwandorf
093720116116;Cham, St;234;Schwandorf
093720117117;Chamerau;234;Schwandorf
093720124124;Eschlkam, M;234;Schwandorf
093720126126;Furth im Wald, St;234;Schwandorf
093720130130;Grafenwiesen;234;Schwandorf
093720135135;Hohenwarth;234;Schwandorf
093720137137;Bad Kötzting, St;234;Schwandorf
093720138138;Lam, M;234;Schwandorf
093720143143;Miltach;234;Schwandorf
093720144144;Neukirchen b.Hl.Blut, M;234;Schwandorf
093720146146;Pemfling;234;Schwandorf
093720151151;Rimbach;234;Schwandorf
093720153153;Roding, St;234;Schwandorf
093720154154;Rötz, St;234;Schwandorf
093720155155;Runding;234;Schwandorf
093720157157;Schönthal;234;Schwandorf
093720158158;Schorndorf;234;Schwandorf
093720164164;Traitsching;234;Schwandorf
093720168168;Waffenbrunn;234;Schwandorf
093720171171;Waldmünchen, St;234;Schwandorf
093720175175;Willmering;234;Schwandorf
093720177177;Zandt;234;Schwandorf
093720178178;Lohberg;234;Schwandorf
093725308163;Tiefenbach;234;Schwandorf
093725308165;Treffelstein;234;Schwandorf
093725310147;Pösing;234;Schwandorf
093725310161;Stamsried, M;234;Schwandorf
093725312128;Gleißenberg;234;Schwandorf
093725312174;Weiding;234;Schwandorf
093725313149;Reichenbach;234;Schwandorf
093725313170;Walderbach;234;Schwandorf
093725317167;Zell;234;Schwandorf
093725317169;Wald;234;Schwandorf
093725318125;Falkenstein, M;234;Schwandorf
093725318142;Michelsneukirchen;234;Schwandorf
093725318150;Rettenbach;234;Schwandorf
093730112112;Berching, St;232;Amberg
093730113113;Berg b.Neumarkt i.d.OPf.;232;Amberg
093730115115;Breitenbrunn, M;232;Amberg
093730119119;Deining;232;Amberg
093730121121;Dietfurt a.d.Altmühl, St;232;Amberg
093730126126;Freystadt, St;232;Amberg
093730134134;Hohenfels, M;232;Amberg
093730140140;Lauterhofen, M;232;Amberg
093730143143;Lupburg, M;232;Amberg
093730146146;Mühlhausen;232;Amberg
093730147147;Neumarkt i.d.OPf., GKSt;232;Amberg
093730151151;Parsberg, St;232;Amberg
093730155155;Postbauer-Heng, M;232;Amberg
093730156156;Pyrbaum, M;232;Amberg
093730160160;Seubersdorf i.d.OPf.;232;Amberg
093730167167;Velburg, St;232;Amberg
093735321114;Berngau;232;Amberg
093735321153;Pilsach;232;Amberg
093735321159;Sengenthal;232;Amberg
093740111111;Altenstadt a.d.Waldnaab;235;Weiden
093740118118;Eslarn, M;235;Weiden
093740121121;Floß, M;235;Weiden
093740122122;Flossenbürg;235;Weiden
093740124124;Grafenwöhr, St;235;Weiden
093740133133;Luhe-Wildenau, M;235;Weiden
093740134134;Mantel, M;235;Weiden
093740137137;Moosbach, M;235;Weiden
093740139139;Neustadt a.d.Waldnaab, St;235;Weiden
093740162162;Vohenstrauß, St;235;Weiden
093740164164;Waidhaus, M;235;Weiden
093740165165;Waldthurn, M;235;Weiden
093740168168;Windischeschenbach, St;235;Weiden
093745323128;Kirchendemenreuth;235;Weiden
093745323144;Parkstein, M;235;Weiden
093745323150;Püchersreuth;235;Weiden
093745323158;Störnstein;235;Weiden
093745323160;Theisseil;235;Weiden
093745324148;Trabitz;235;Weiden
093745324149;Pressath, St;235;Weiden
093745324156;Schwarzenbach;235;Weiden
093745325119;Etzenricht;235;Weiden
093745325131;Kohlberg, M;235;Weiden
093745325166;Weiherhammer;235;Weiden
093745326129;Kirchenthumbach, M;235;Weiden
093745326155;Schlammersdorf;235;Weiden
093745326163;Vorbach;235;Weiden
093745327117;Eschenbach i.d.OPf., St;235;Weiden
093745327140;Neustadt am Kulm, St;235;Weiden
093745327157;Speinshart;235;Weiden
093745329127;Irchenrieth;235;Weiden
093745329146;Pirk;235;Weiden
093745329154;Schirmitz;235;Weiden
093745329170;Bechtsrieth;235;Weiden
093745330132;Leuchtenberg, M;235;Weiden
093745330159;Tännesberg, M;235;Weiden
093745331123;Georgenberg;235;Weiden
093745331147;Pleystein, St;235;Weiden
093749451451;Heinersreuther Forst;235;Weiden
093749452452;Manteler Forst;235;Weiden
093749458458;Speinsharter Forst;235;Weiden
093750117117;Barbing;233;Regensburg
093750118118;Beratzhausen, M;233;Regensburg
093750119119;Bernhardswald;233;Regensburg
093750143143;Hagelstadt;233;Regensburg
093750148148;Hemau, St;233;Regensburg
093750161161;Köfering;233;Regensburg
093750165165;Lappersdorf, M;233;Regensburg
093750170170;Mintraching;233;Regensburg
093750174174;Neutraubling, St;233;Regensburg
093750175175;Nittendorf, M;233;Regensburg
093750179179;Obertraubling;233;Regensburg
093750180180;Pentling;233;Regensburg
093750181181;Pettendorf;233;Regensburg
093750183183;Pfatter;233;Regensburg
093750190190;Regenstauf, M;233;Regensburg
093750196196;Schierling, M;233;Regensburg
093750199199;Sinzing;233;Regensburg
093750204204;Tegernheim;233;Regensburg
093750205205;Thalmassing;233;Regensburg
093750208208;Wenzenbach;233;Regensburg
093750209209;Wiesent;233;Regensburg
093750213213;Zeitlarn;233;Regensburg
093755332131;Duggendorf;233;Regensburg
093755332153;Holzheim a.Forst;233;Regensburg
093755332156;Kallmünz, M;233;Regensburg
093755333122;Brunn;233;Regensburg
093755333127;Deuerling;233;Regensburg
093755333162;Laaber, M;233;Regensburg
093755334184;Pielenhofen;233;Regensburg
093755334211;Wolfsegg;233;Regensburg
093755335114;Altenthann;233;Regensburg
093755335116;Bach a.d.Donau;233;Regensburg
093755335130;Donaustauf, M;233;Regensburg
093755336120;Brennberg;234;Schwandorf
093755336210;Wörth a.d.Donau, St;234;Schwandorf
093755337113;Alteglofsheim;233;Regensburg
093755337182;Pfakofen;233;Regensburg
093755338115;Aufhausen;233;Regensburg
093755338171;Mötzing;233;Regensburg
093755338191;Riekofen;233;Regensburg
093755338201;Sünching;233;Regensburg
093759451451;Forstmühler Forst;233;Regensburg
093759452452;Kreuther Forst;233;Regensburg
093760116116;Bodenwöhr;234;Schwandorf
093760117117;Bruck i.d.OPf., M;234;Schwandorf
093760119119;Burglengenfeld, St;234;Schwandorf
093760125125;Fensterbach;234;Schwandorf
093760141141;Maxhütte-Haidhof, St;234;Schwandorf
093760147147;Neunburg vorm Wald, St;234;Schwandorf
093760149149;Nittenau, St;234;Schwandorf
093760150150;Wernberg-Köblitz, M;234;Schwandorf
093760151151;Oberviechtach, St;234;Schwandorf
093760159159;Schmidgaden;234;Schwandorf
093760161161;Schwandorf, GKSt;234;Schwandorf
093760170170;Teublitz, St;234;Schwandorf
093765339131;Gleiritsch;234;Schwandorf
093765339148;Niedermurach;234;Schwandorf
093765339171;Teunz;234;Schwandorf
093765339178;Winklarn, M;234;Schwandorf
093765341112;Altendorf;234;Schwandorf
093765341133;Guteneck;234;Schwandorf
093765341144;Nabburg, St;234;Schwandorf
093765342162;Schwarzach b.Nabburg;234;Schwandorf
093765342163;Schwarzenfeld, M;234;Schwandorf
093765342169;Stulln;234;Schwandorf
093765343153;Pfreimd, St;234;Schwandorf
093765343173;Trausnitz;234;Schwandorf
093765344160;Schönsee, St;234;Schwandorf
093765344167;Stadlern;234;Schwandorf
093765344176;Weiding;234;Schwandorf
093765345122;Dieterskirchen;234;Schwandorf
093765345146;Neukirchen-Balbini, M;234;Schwandorf
093765345164;Schwarzhofen, M;234;Schwandorf
093765345172;Thanstein;234;Schwandorf
093765346168;Steinberg am See;234;Schwandorf
093765346175;Wackersdorf;234;Schwandorf
093769455455;Wolferlohe;234;Schwandorf
093770112112;Bärnau, St;235;Weiden
093770116116;Erbendorf, St;235;Weiden
093770118118;Friedenfels;235;Weiden
093770119119;Fuchsmühl, M;235;Weiden
093770127127;Immenreuth;235;Weiden
093770131131;Konnersreuth, M;235;Weiden
093770133133;Kulmain;235;Weiden
093770139139;Mähring, M;235;Weiden
093770142142;Bad Neualbenreuth, M;235;Weiden
093770146146;Plößberg, M;235;Weiden
093770154154;Tirschenreuth, St;235;Weiden
093770157157;Waldershof, St;235;Weiden
093770158158;Waldsassen, St;235;Weiden
093775347137;Leonberg;235;Weiden
093775347141;Mitterteich, St;235;Weiden
093775347145;Pechbrunn;235;Weiden
093775348128;Kastl;235;Weiden
093775348129;Kemnath, St;235;Weiden
093775349113;Brand;235;Weiden
093775349115;Ebnath;235;Weiden
093775349143;Neusorg;235;Weiden
093775349148;Pullenreuth;235;Weiden
093775350132;Krummennaab;235;Weiden
093775350149;Reuth b.Erbendorf;235;Weiden
093775351117;Falkenberg, M;235;Weiden
093775351159;Wiesau, M;235;Weiden
094610000000;Bamberg;236;Bamberg
094620000000;Bayreuth;237;Bayreuth
094630000000;Coburg;238;Coburg
094640000000;Hof;239;Hof
094710111111;Altendorf;236;Bamberg
094710117117;Bischberg;240;Kulmbach
094710119119;Breitengüßbach;240;Kulmbach
094710123123;Buttenheim, M;236;Bamberg
094710131131;Frensdorf;236;Bamberg
094710137137;Gundelsheim;240;Kulmbach
094710140140;Hallstadt, St;236;Bamberg
094710142142;Heiligenstadt i.OFr., M;240;Kulmbach
094710145145;Hirschaid, M;236;Bamberg
094710150150;Kemmern;240;Kulmbach
094710155155;Litzendorf;240;Kulmbach
094710159159;Memmelsdorf;240;Kulmbach
094710165165;Oberhaid;240;Kulmbach
094710169169;Pettstadt;236;Bamberg
094710172172;Pommersfelden;236;Bamberg
094710174174;Rattelsdorf, M;240;Kulmbach
094710185185;Scheßlitz, St;240;Kulmbach
094710191191;Stegaurach;236;Bamberg
094710195195;Strullendorf;236;Bamberg
094710207207;Viereth-Trunstadt;240;Kulmbach
094710208208;Walsdorf;236;Bamberg
094710214214;Zapfendorf, M;240;Kulmbach
094710220220;Schlüsselfeld, St;236;Bamberg
094715401115;Baunach, St;240;Kulmbach
094715401133;Gerach;240;Kulmbach
094715401152;Lauter;240;Kulmbach
094715401175;Reckendorf;240;Kulmbach
094715403151;Königsfeld;240;Kulmbach
094715403189;Stadelhofen;240;Kulmbach
094715403209;Wattendorf;240;Kulmbach
094715407122;Burgwindheim, M;236;Bamberg
094715407128;Ebrach, M;236;Bamberg
094715408120;Burgebrach, M;236;Bamberg
094715408186;Schönbrunn i.Steigerwald;236;Bamberg
094715445154;Lisberg;236;Bamberg
094715445173;Priesendorf;236;Bamberg
094719452452;Ebracher Forst;236;Bamberg
094719453453;Eichwald;236;Bamberg
094719454454;Geisberger Forst;236;Bamberg
094719455455;Hauptsmoor;236;Bamberg
094719456456;Koppenwinder Forst;236;Bamberg
094719457457;Lindach;236;Bamberg
094719459459;Semberg;236;Bamberg
094719460460;Steinachsrangen;236;Bamberg
094719461461;Winkelhofer Forst;236;Bamberg
094719462462;Zückshuter Forst;236;Bamberg
094720111111;Ahorntal;237;Bayreuth
094720116116;Bad Berneck i.Fichtelgebirge, St;237;Bayreuth
094720119119;Bindlach;237;Bayreuth
094720121121;Bischofsgrün;237;Bayreuth
094720131131;Eckersdorf;237;Bayreuth
094720138138;Fichtelberg;237;Bayreuth
094720139139;Gefrees, St;237;Bayreuth
094720143143;Goldkronach, St;237;Bayreuth
094720150150;Heinersreuth;237;Bayreuth
094720164164;Mehlmeisel;237;Bayreuth
094720175175;Pegnitz, St;237;Bayreuth
094720179179;Pottenstein, St;237;Bayreuth
094720190190;Speichersdorf;237;Bayreuth
094720197197;Waischenfeld, St;237;Bayreuth
094720198198;Warmensteinach;237;Bayreuth
094725412115;Aufseß;237;Bayreuth
094725412154;Hollfeld, St;237;Bayreuth
094725412176;Plankenfels;237;Bayreuth
094725413141;Glashütten;237;Bayreuth
094725413167;Mistelgau;237;Bayreuth
094725414140;Gesees;237;Bayreuth
094725414155;Hummeltal;237;Bayreuth
094725414166;Mistelbach;237;Bayreuth
094725415133;Emtmannsberg;237;Bayreuth
094725415156;Kirchenpingarten;237;Bayreuth
094725415188;Seybothenreuth;237;Bayreuth
094725415199;Weidenberg, M;237;Bayreuth
094725416127;Creußen, St;237;Bayreuth
094725416146;Haag;237;Bayreuth
094725416180;Prebitz;237;Bayreuth
094725416184;Schnabelwaid, M;237;Bayreuth
094725417118;Betzenstein, St;237;Bayreuth
094725417177;Plech, M;237;Bayreuth
094729451451;Bischofsgrüner Forst;237;Bayreuth
094729453453;Fichtelberg;237;Bayreuth
094729454454;Forst Neustädtlein a.Forst;237;Bayreuth
094729456456;Glashüttener Forst;237;Bayreuth
094729458458;Heinersreuther Forst;237;Bayreuth
094729463463;Neubauer Forst-Nord;237;Bayreuth
094729464464;Prüll;237;Bayreuth
094729468468;Veldensteinerforst;237;Bayreuth
094729469469;Waidacher Forst;237;Bayreuth
094729470470;Warmensteinacher Forst-Nord;237;Bayreuth
094730112112;Ahorn;238;Coburg
094730120120;Dörfles-Esbach;238;Coburg
094730121121;Ebersdorf b.Coburg;238;Coburg
094730132132;Großheirath;238;Coburg
094730138138;Itzgrund;238;Coburg
094730141141;Lautertal;238;Coburg
094730144144;Meeder;238;Coburg
094730151151;Neustadt b.Coburg, GKSt;238;Coburg
094730158158;Bad Rodach, St;238;Coburg
094730159159;Rödental, St;238;Coburg
094730165165;Seßlach, St;238;Coburg
094730166166;Sonnefeld;238;Coburg
094730170170;Untersiemau;238;Coburg
094730174174;Weidhausen b.Coburg;238;Coburg
094730175175;Weitramsdorf;238;Coburg
094735418134;Grub a.Forst;238;Coburg
094735418153;Niederfüllbach;238;Coburg
094739452452;Callenberger Forst-West;238;Coburg
094739453453;Gellnhausen;238;Coburg
094739454454;Köllnholz;238;Coburg
094740123123;Eggolsheim, M;236;Bamberg
094740124124;Egloffstein, M;237;Bayreuth
094740126126;Forchheim, GKSt;236;Bamberg
094740129129;Gößweinstein, M;237;Bayreuth
094740133133;Hallerndorf;236;Bamberg
094740134134;Hausen;236;Bamberg
094740135135;Heroldsbach;236;Bamberg
094740140140;Igensdorf, M;236;Bamberg
094740146146;Langensendelbach;236;Bamberg
094740154154;Neunkirchen a.Brand, M;236;Bamberg
094740156156;Obertrubach;237;Bayreuth
094740161161;Pretzfeld, M;237;Bayreuth
094740176176;Wiesenttal, M;237;Bayreuth
094745420121;Ebermannstadt, St;237;Bayreuth
094745420168;Unterleinleiter;237;Bayreuth
094745422145;Kunreuth;236;Bamberg
094745422158;Pinzberg;236;Bamberg
094745422175;Wiesenthau;236;Bamberg
094745423143;Kirchehrenbach;236;Bamberg
094745423147;Leutenbach;236;Bamberg
094745423171;Weilersbach;236;Bamberg
094745425122;Effeltrich;236;Bamberg
094745425160;Poxdorf;236;Bamberg
094745426119;Dormitz;236;Bamberg
094745426137;Hetzles;236;Bamberg
094745426144;Kleinsendelbach;236;Bamberg
094745427132;Gräfenberg, St;237;Bayreuth
094745427138;Hiltpoltstein, M;237;Bayreuth
094745427173;Weißenohe;237;Bayreuth
094750112112;Bad Steben, M;239;Hof
094750113113;Berg;239;Hof
094750120120;Döhlau;239;Hof
094750128128;Geroldsgrün;238;Coburg
094750136136;Helmbrechts, St;239;Hof
094750141141;Köditz;239;Hof
094750142142;Konradsreuth;239;Hof
094750154154;Münchberg, St;239;Hof
094750156156;Naila, St;239;Hof
094750158158;Oberkotzau, M;239;Hof
094750161161;Regnitzlosau;239;Hof
094750162162;Rehau, St;239;Hof
094750168168;Schwarzenbach a.d.Saale, St;239;Hof
094750169169;Schwarzenbach a.Wald, St;239;Hof
094750171171;Selbitz, St;239;Hof
094750175175;Stammbach, M;239;Hof
094750189189;Zell im Fichtelgebirge, M;239;Hof
094755428137;Issigau;239;Hof
094755428146;Lichtenberg, St;239;Hof
094755430123;Feilitzsch;239;Hof
094755430127;Gattendorf;239;Hof
094755430181;Töpen;239;Hof
094755430182;Trogen;239;Hof
094755431145;Leupoldsgrün;239;Hof
094755431165;Schauenstein, St;239;Hof
094755432174;Sparneck, M;239;Hof
094755432184;Weißdorf;239;Hof
094759451451;Forst Schwarzenbach a.Wald;239;Hof
094759452452;Gerlaser Forst;239;Hof
094759453453;Geroldsgrüner Forst;239;Hof
094759454454;Martinlamitzer Forst-Nord;239;Hof
094760145145;Kronach, St;238;Coburg
094760146146;Küps, M;238;Coburg
094760152152;Ludwigsstadt, St;238;Coburg
094760159159;Nordhalben, M;238;Coburg
094760164164;Pressig, M;238;Coburg
094760175175;Steinbach a.Wald;238;Coburg
094760177177;Steinwiesen, M;238;Coburg
094760178178;Stockheim;238;Coburg
094760179179;Tettau, M;238;Coburg
094760183183;Marktrodach, M;238;Coburg
094760184184;Wallenfels, St;238;Coburg
094760185185;Weißenbrunn;238;Coburg
094760189189;Wilhelmsthal;238;Coburg
094765433166;Reichenbach;238;Coburg
094765433180;Teuschnitz, St;238;Coburg
094765433182;Tschirn;238;Coburg
094765434154;Mitwitz, M;238;Coburg
094765434171;Schneckenlohe;238;Coburg
094769451451;Birnbaum;238;Coburg
094769453453;Langenbacher Forst;238;Coburg
094770121121;Himmelkron;240;Kulmbach
094770128128;Kulmbach, GKSt;240;Kulmbach
094770136136;Mainleus, M;240;Kulmbach
094770139139;Marktschorgast, M;240;Kulmbach
094770142142;Neudrossenfeld;240;Kulmbach
094770143143;Neuenmarkt;240;Kulmbach
094770148148;Presseck, M;240;Kulmbach
094770157157;Thurnau, M;240;Kulmbach
094770163163;Wirsberg, M;240;Kulmbach
094775435151;Rugendorf;240;Kulmbach
094775435156;Stadtsteinach, St;240;Kulmbach
094775436117;Grafengehaig, M;240;Kulmbach
094775436138;Marktleugast, M;240;Kulmbach
094775437118;Guttenberg;240;Kulmbach
094775437129;Kupferberg, St;240;Kulmbach
094775437135;Ludwigschorgast, M;240;Kulmbach
094775437159;Untersteinach;240;Kulmbach
094775438124;Kasendorf, M;240;Kulmbach
094775438164;Wonsees, M;240;Kulmbach
094775439119;Harsdorf;240;Kulmbach
094775439127;Ködnitz;240;Kulmbach
094775439158;Trebgast;240;Kulmbach
094780111111;Altenkunstadt;240;Kulmbach
094780116116;Burgkunstadt, St;240;Kulmbach
094780120120;Ebensfeld, M;240;Kulmbach
094780139139;Lichtenfels, St;240;Kulmbach
094780145145;Michelau i.OFr.;240;Kulmbach
094780165165;Bad Staffelstein, St;240;Kulmbach
094780176176;Weismain, St;240;Kulmbach
094785441143;Marktgraitz, M;240;Kulmbach
094785441155;Redwitz a.d.Rodach;240;Kulmbach
094785446127;Hochstadt a.Main;240;Kulmbach
094785446144;Marktzeuln, M;240;Kulmbach
094789451451;Breitengüßbacher Forst;240;Kulmbach
094789453453;Neuensorger Forst;240;Kulmbach
094790112112;Arzberg, St;239;Hof
094790129129;Kirchenlamitz, St;239;Hof
094790135135;Marktleuthen, St;239;Hof
094790136136;Marktredwitz, GKSt;239;Hof
094790145145;Röslau;239;Hof
094790150150;Schönwald, St;239;Hof
094790152152;Selb, GKSt;239;Hof
094790166166;Weißenstadt, St;239;Hof
094790169169;Wunsiedel, St;239;Hof
094795442126;Höchstädt i.Fichtelgebirge;239;Hof
094795442158;Thiersheim, M;239;Hof
094795442159;Thierstein, M;239;Hof
094795443127;Hohenberg a.d.Eger, St;239;Hof
094795443147;Schirnding, M;239;Hof
094795444111;Bad Alexandersbad;239;Hof
094795444138;Nagel;239;Hof
094795444161;Tröstau;239;Hof
094799453453;Kaiserhammer Forst-Ost;239;Hof
094799455455;Martinlamitzer Forst-Süd;239;Hof
094799456456;Meierhöfer Seite;239;Hof
094799457457;Neubauer Forst-Süd;239;Hof
094799459459;Tröstauer Forst-Ost;239;Hof
094799460460;Tröstauer Forst-West;239;Hof
094799461461;Vordorfer Forst;239;Hof
094799462462;Weißenstadter Forst-Nord;239;Hof
094799463463;Weißenstadter Forst-Süd;239;Hof
095610000000;Ansbach;241;Ansbach
095620000000;Erlangen;242;Erlangen
095630000000;Fürth;243;Fürth
095640000000;Nürnberg;245;Nürnberg-Süd
095640000000;Nürnberg;244;Nürnberg-Nord
095650000000;Schwabach;245;Nürnberg-Süd
095710113113;Arberg, M;241;Ansbach
095710114114;Aurach;241;Ansbach
095710115115;Bechhofen, M;241;Ansbach
095710127127;Burgoberbach;241;Ansbach
095710130130;Colmberg, M;241;Ansbach
095710135135;Dietenhofen, M;241;Ansbach
095710136136;Dinkelsbühl, GKSt;241;Ansbach
095710139139;Dürrwangen, M;241;Ansbach
095710145145;Feuchtwangen, St;241;Ansbach
095710146146;Flachslanden, M;241;Ansbach
095710165165;Heilsbronn, St;241;Ansbach
095710166166;Herrieden, St;241;Ansbach
095710170170;Langfurth;241;Ansbach
095710171171;Lehrberg, M;241;Ansbach
095710174174;Leutershausen, St;241;Ansbach
095710175175;Lichtenau, M;241;Ansbach
095710177177;Merkendorf, St;241;Ansbach
095710180180;Neuendettelsau;241;Ansbach
095710183183;Oberdachstetten;241;Ansbach
095710190190;Petersaurach;241;Ansbach
095710193193;Rothenburg ob der Tauber, GKSt;241;Ansbach
095710196196;Sachsen b.Ansbach;241;Ansbach
095710199199;Schnelldorf;241;Ansbach
095710200200;Schopfloch, M;241;Ansbach
095710214214;Wassertrüdingen, St;241;Ansbach
095710226226;Windsbach, St;241;Ansbach
095715501111;Adelshofen;241;Ansbach
095715501152;Gebsattel;241;Ansbach
095715501155;Geslau;241;Ansbach
095715501169;Insingen;241;Ansbach
095715501181;Neusitz;241;Ansbach
095715501188;Ohrenbach;241;Ansbach
095715501205;Steinsfeld;241;Ansbach
095715501225;Windelsbach;241;Ansbach
095715502125;Buch a.Wald;241;Ansbach
095715502134;Diebach;241;Ansbach
095715502137;Dombühl, M;241;Ansbach
095715502198;Schillingsfürst, St;241;Ansbach
095715502222;Wettringen;241;Ansbach
095715502228;Wörnitz;241;Ansbach
095715504122;Bruckberg;241;Ansbach
095715504194;Rügland;241;Ansbach
095715504217;Weihenzell;241;Ansbach
095715506189;Ornbau, St;241;Ansbach
095715506216;Weidenbach, M;241;Ansbach
095715507128;Burk;241;Ansbach
095715507132;Dentlein a.Forst, M;241;Ansbach
095715507223;Wieseth;241;Ansbach
095715508179;Mönchsroth;241;Ansbach
095715508218;Weiltingen, M;241;Ansbach
095715508224;Wilburgstetten;241;Ansbach
095715509141;Ehingen;241;Ansbach
095715509154;Gerolfingen;241;Ansbach
095715509192;Röckingen;241;Ansbach
095715509208;Unterschwaningen;241;Ansbach
095715509227;Wittelshofen;241;Ansbach
095715538178;Mitteleschenbach;241;Ansbach
095715538229;Wolframs-Eschenbach, St;241;Ansbach
095719451451;Unterer Wald;241;Ansbach
095720111111;Adelsdorf;242;Erlangen
095720115115;Baiersdorf, St;242;Erlangen
095720119119;Bubenreuth;242;Erlangen
095720121121;Eckental, M;242;Erlangen
095720130130;Hemhofen;242;Erlangen
095720131131;Heroldsberg, M;242;Erlangen
095720132132;Herzogenaurach, St;242;Erlangen
095720135135;Höchstadt a.d.Aisch, St;242;Erlangen
095720137137;Kalchreuth;242;Erlangen
095720142142;Möhrendorf;242;Erlangen
095720149149;Röttenbach;242;Erlangen
095720160160;Wachenroth, M;242;Erlangen
095720164164;Weisendorf, M;242;Erlangen
095725510126;Gremsdorf;242;Erlangen
095725510139;Lonnerstadt, M;242;Erlangen
095725510143;Mühlhausen, M;242;Erlangen
095725510159;Vestenbergsgreuth, M;242;Erlangen
095725512114;Aurachtal;242;Erlangen
095725512147;Oberreichenbach;242;Erlangen
095725514120;Buckenhof;242;Erlangen
095725514141;Marloffstein;242;Erlangen
095725514154;Spardorf;242;Erlangen
095725514158;Uttenreuth;242;Erlangen
095725539127;Großenseebach;242;Erlangen
095725539133;Heßdorf;242;Erlangen
095729451451;Birkach;242;Erlangen
095729452452;Buckenhofer Forst;242;Erlangen
095729453453;Dormitzer Forst;242;Erlangen
095729454454;Erlenstegener Forst;242;Erlangen
095729455455;Forst Tennenlohe;242;Erlangen
095729456456;Geschaidt;242;Erlangen
095729457457;Kalchreuther Forst;242;Erlangen
095729458458;Kraftshofer Forst;242;Erlangen
095729459459;Mark;242;Erlangen
095729460460;Neunhofer Forst;242;Erlangen
095730111111;Ammerndorf, M;243;Fürth
095730114114;Cadolzburg, M;243;Fürth
095730115115;Großhabersdorf;243;Fürth
095730120120;Langenzenn, St;243;Fürth
095730122122;Oberasbach, St;243;Fürth
095730124124;Puschendorf;243;Fürth
095730125125;Roßtal, M;243;Fürth
095730127127;Stein, St;243;Fürth
095730133133;Wilhermsdorf, M;243;Fürth
095730134134;Zirndorf, St;243;Fürth
095735517126;Seukendorf;243;Fürth
095735517130;Veitsbronn;243;Fürth
095735540123;Obermichelbach;243;Fürth
095735540129;Tuchenbach;243;Fürth
095740112112;Altdorf b.Nürnberg, St;246;Roth
095740117117;Burgthann;246;Roth
095740123123;Feucht, M;246;Roth
095740132132;Hersbruck, St;246;Roth
095740135135;Kirchensittenbach;246;Roth
095740138138;Lauf a.d.Pegnitz, St;246;Roth
095740139139;Leinburg;246;Roth
095740140140;Neuhaus a.d.Pegnitz, M;246;Roth
095740141141;Neunkirchen a.Sand;246;Roth
095740146146;Ottensoos;246;Roth
095740147147;Pommelsbrunn;246;Roth
095740150150;Reichenschwand;246;Roth
095740152152;Röthenbach a.d.Pegnitz, St;246;Roth
095740154154;Rückersdorf;246;Roth
095740155155;Schnaittach, M;246;Roth
095740156156;Schwaig b.Nürnberg;246;Roth
095740157157;Schwarzenbruck;246;Roth
095740158158;Simmelsdorf;246;Roth
095740164164;Winkelhaid;246;Roth
095745527129;Hartenstein;246;Roth
095745527160;Velden, St;246;Roth
095745527161;Vorra;246;Roth
095745528111;Alfeld;246;Roth
095745528128;Happurg;246;Roth
095745529120;Engelthal;246;Roth
095745529131;Henfenfeld;246;Roth
095745529145;Offenhausen;246;Roth
095749451451;Behringersdorfer Forst;246;Roth
095749452452;Brunn;246;Roth
095749453453;Engelthaler Forst;246;Roth
095749454454;Feuchter Forst;246;Roth
095749455455;Fischbach;246;Roth
095749456456;Forsthof;246;Roth
095749457457;Günthersbühler Forst;246;Roth
095749458458;Haimendorfer Forst;246;Roth
095749460460;Laufamholzer Forst;246;Roth
095749461461;Leinburg;246;Roth
095749462462;Rückersdorfer Forst;246;Roth
095749463463;Schönberg;246;Roth
095749464464;Winkelhaid;246;Roth
095749465465;Zerzabelshofer Forst;246;Roth
095750112112;Bad Windsheim, St;243;Fürth
095750116116;Burghaslach, M;243;Fürth
095750119119;Dietersheim;243;Fürth
095750121121;Emskirchen, M;243;Fürth
095750135135;Ipsheim, M;243;Fürth
095750145145;Markt Erlbach, M;243;Fürth
095750153153;Neustadt a.d.Aisch, St;243;Fürth
095750156156;Obernzenn, M;243;Fürth
095755518138;Langenfeld;243;Fürth
095755518144;Markt Bibart, M;243;Fürth
095755518147;Markt Taschendorf, M;243;Fürth
095755518157;Oberscheinfeld, M;243;Fürth
095755518161;Scheinfeld, St;243;Fürth
095755518165;Sugenheim, M;243;Fürth
095755519122;Ergersheim;243;Fürth
095755519127;Gollhofen;243;Fürth
095755519130;Hemmersheim;243;Fürth
095755519134;Ippesheim, M;243;Fürth
095755519146;Markt Nordheim, M;243;Fürth
095755519155;Oberickelsheim;243;Fürth
095755519163;Simmershofen;243;Fürth
095755519168;Uffenheim, St;243;Fürth
095755519179;Weigenheim;243;Fürth
095755520129;Hagenbüchach;243;Fürth
095755520181;Wilhelmsdorf;243;Fürth
095755521113;Baudenbach, M;243;Fürth
095755521118;Diespeck;243;Fürth
095755521128;Gutenstetten;243;Fürth
095755521150;Münchsteinach;243;Fürth
095755522117;Dachsbach, M;242;Erlangen
095755522125;Gerhardshofen;242;Erlangen
095755522167;Uehlfeld, M;242;Erlangen
095755524115;Burgbernheim, St;243;Fürth
095755524124;Gallmersgarten;243;Fürth
095755524133;Illesheim;243;Fürth
095755524143;Marktbergel, M;243;Fürth
095755525152;Neuhof a.d.Zenn, M;243;Fürth
095755525166;Trautskirchen;243;Fürth
095759451451;Osing;243;Fürth
095760111111;Abenberg, St;246;Roth
095760113113;Allersberg, M;246;Roth
095760117117;Büchenbach;246;Roth
095760121121;Georgensgmünd;246;Roth
095760122122;Greding, St;246;Roth
095760126126;Heideck, St;246;Roth
095760127127;Hilpoltstein, St;246;Roth
095760128128;Kammerstein;246;Roth
095760132132;Schwanstetten, M;246;Roth
095760137137;Rednitzhembach;246;Roth
095760141141;Röttenbach;246;Roth
095760142142;Rohr;246;Roth
095760143143;Roth, St;246;Roth
095760147147;Spalt, St;246;Roth
095760148148;Thalmässing, M;246;Roth
095760151151;Wendelstein, M;246;Roth
095769451451;Abenberger Wald;246;Roth
095769452452;Dechenwald;246;Roth
095769453453;Forst Kleinschwarzenlohe;246;Roth
095769454454;Heidenberg;246;Roth
095769455455;Soos;246;Roth
095770114114;Muhr a.See;241;Ansbach
095770136136;Gunzenhausen, St;241;Ansbach
095770148148;Langenaltheim;241;Ansbach
095770158158;Pappenheim, St;241;Ansbach
095770161161;Pleinfeld, M;241;Ansbach
095770162162;Polsingen;241;Ansbach
095770168168;Solnhofen;241;Ansbach
095770173173;Treuchtlingen, St;241;Ansbach
095770177177;Weißenburg i.Bay., GKSt;241;Ansbach
095775532111;Absberg, M;241;Ansbach
095775532138;Haundorf;241;Ansbach
095775532159;Pfofeld;241;Ansbach
095775532172;Theilenhofen;241;Ansbach
095775533113;Alesheim;241;Ansbach
095775533122;Dittenheim;241;Ansbach
095775533149;Markt Berolzheim, M;241;Ansbach
095775533150;Meinheim;241;Ansbach
095775534125;Ellingen, St;241;Ansbach
095775534127;Ettenstatt;241;Ansbach
095775534141;Höttingen;241;Ansbach
095775535115;Bergen;241;Ansbach
095775535120;Burgsalach;241;Ansbach
095775535151;Nennslingen, M;241;Ansbach
095775535163;Raitenbuch;241;Ansbach
095775536133;Gnotzheim, M;241;Ansbach
095775536140;Heidenheim, M;241;Ansbach
095775536179;Westheim;241;Ansbach
096610000000;Aschaffenburg;247;Aschaffenburg
096620000000;Schweinfurt;250;Schweinfurt
096630000000;Würzburg;251;Würzburg
096710111111;Alzenau, St;247;Aschaffenburg
096710112112;Bessenbach;247;Aschaffenburg
096710114114;Karlstein a.Main;247;Aschaffenburg
096710119119;Geiselbach;247;Aschaffenburg
096710120120;Glattbach;247;Aschaffenburg
096710121121;Goldbach, M;247;Aschaffenburg
096710122122;Großostheim, M;247;Aschaffenburg
096710124124;Haibach;247;Aschaffenburg
096710130130;Hösbach, M;247;Aschaffenburg
096710133133;Johannesberg;247;Aschaffenburg
096710134134;Kahl a.Main;247;Aschaffenburg
096710136136;Kleinostheim;247;Aschaffenburg
096710139139;Laufach;247;Aschaffenburg
096710140140;Mainaschaff;247;Aschaffenburg
096710143143;Mömbris, M;247;Aschaffenburg
096710148148;Rothenbuch;247;Aschaffenburg
096710150150;Sailauf;247;Aschaffenburg
096710155155;Stockstadt a.Main, M;247;Aschaffenburg
096710156156;Waldaschaff;247;Aschaffenburg
096710157157;Weibersbrunn;247;Aschaffenburg
096715602126;Heigenbrücken;247;Aschaffenburg
096715602128;Heinrichsthal;247;Aschaffenburg
096715603127;Heimbuchenthal;247;Aschaffenburg
096715603141;Mespelbrunn;247;Aschaffenburg
096715603160;Dammbach;247;Aschaffenburg
096715604113;Blankenbach;247;Aschaffenburg
096715604135;Kleinkahl;247;Aschaffenburg
096715604138;Krombach;247;Aschaffenburg
096715604152;Schöllkrippen, M;247;Aschaffenburg
096715604153;Sommerkahl;247;Aschaffenburg
096715604159;Westerngrund;247;Aschaffenburg
096715604162;Wiesen;247;Aschaffenburg
096719451451;Forst Hain i.Spessart;247;Aschaffenburg
096719453453;Heinrichsthaler Forst;247;Aschaffenburg
096719456456;Rohrbrunner Forst;247;Aschaffenburg
096719457457;Rothenbucher Forst;247;Aschaffenburg
096719458458;Sailaufer Forst;247;Aschaffenburg
096719459459;Schöllkrippener Forst;247;Aschaffenburg
096719460460;Waldaschaffer Forst;247;Aschaffenburg
096719461461;Wiesener Forst;247;Aschaffenburg
096720112112;Bad Bocklet, M;248;Bad Kissingen
096720113113;Bad Brückenau, St;248;Bad Kissingen
096720114114;Bad Kissingen, GKSt;248;Bad Kissingen
096720117117;Burkardroth, M;248;Bad Kissingen
096720127127;Hammelburg, St;248;Bad Kissingen
096720134134;Motten;248;Bad Kissingen
096720135135;Münnerstadt, St;248;Bad Kissingen
096720136136;Nüdlingen;248;Bad Kissingen
096720139139;Oberthulba, M;248;Bad Kissingen
096720140140;Oerlenbach;248;Bad Kissingen
096720161161;Wartmannsroth;248;Bad Kissingen
096720163163;Wildflecken, M;248;Bad Kissingen
096720166166;Zeitlofs, M;248;Bad Kissingen
096725606126;Geroda, M;248;Bad Kissingen
096725606138;Oberleichtersbach;248;Bad Kissingen
096725606145;Riedenberg;248;Bad Kissingen
096725606149;Schondra, M;248;Bad Kissingen
096725607121;Elfershausen, M;248;Bad Kissingen
096725607124;Fuchsstadt;248;Bad Kissingen
096725608111;Aura a.d.Saale;248;Bad Kissingen
096725608122;Euerdorf, M;248;Bad Kissingen
096725608142;Ramsthal;248;Bad Kissingen
096725608155;Sulzthal, M;248;Bad Kissingen
096725609131;Maßbach, M;248;Bad Kissingen
096725609143;Rannungen;248;Bad Kissingen
096725609157;Thundorf i.UFr.;248;Bad Kissingen
096729451451;Dreistelzer Forst;248;Bad Kissingen
096729454454;Forst Detter-Süd;248;Bad Kissingen
096729455455;Geiersnest-Ost;248;Bad Kissingen
096729456456;Geiersnest-West;248;Bad Kissingen
096729457457;Großer Auersberg;248;Bad Kissingen
096729458458;Kälberberg;248;Bad Kissingen
096729461461;Mottener Forst-Süd;248;Bad Kissingen
096729462462;Neuwirtshauser Forst;248;Bad Kissingen
096729463463;Omerz u. Roter Berg;248;Bad Kissingen
096729464464;Römershager Forst-Nord;248;Bad Kissingen
096729465465;Römershager Forst-Ost;248;Bad Kissingen
096729466466;Roßbacher Forst;248;Bad Kissingen
096729468468;Waldfensterer Forst;248;Bad Kissingen
096730114114;Bad Neustadt a.d.Saale, St;248;Bad Kissingen
096730116116;Bastheim;248;Bad Kissingen
096730117117;Bischofsheim i.d.Rhön, St;248;Bad Kissingen
096730141141;Bad Königshofen i.Grabfeld, St;248;Bad Kissingen
096730149149;Oberelsbach, M;248;Bad Kissingen
096730162162;Sandberg;248;Bad Kissingen
096735633130;Hendungen;248;Bad Kissingen
096735633142;Mellrichstadt, St;248;Bad Kissingen
096735633151;Oberstreu;248;Bad Kissingen
096735633170;Stockheim;248;Bad Kissingen
096735634113;Aubstadt;248;Bad Kissingen
096735634126;Großbardorf;248;Bad Kissingen
096735634131;Herbstadt;248;Bad Kissingen
096735634134;Höchheim;248;Bad Kissingen
096735634172;Sulzdorf a.d.Lederhecke;248;Bad Kissingen
096735634173;Sulzfeld;248;Bad Kissingen
096735634174;Trappstadt, M;248;Bad Kissingen
096735635135;Hohenroth;248;Bad Kissingen
096735635146;Niederlauer;248;Bad Kissingen
096735635156;Rödelmaier;248;Bad Kissingen
096735635161;Salz;248;Bad Kissingen
096735635163;Schönau a.d.Brend;248;Bad Kissingen
096735635171;Strahlungen;248;Bad Kissingen
096735635186;Burglauer;248;Bad Kissingen
096735637123;Fladungen, St;248;Bad Kissingen
096735637129;Hausen;248;Bad Kissingen
096735637147;Nordheim v.d.Rhön;248;Bad Kissingen
096735638133;Heustreu;248;Bad Kissingen
096735638136;Hollstadt;248;Bad Kissingen
096735638175;Unsleben;248;Bad Kissingen
096735638183;Wollbach;248;Bad Kissingen
096735639153;Ostheim v.d.Rhön, St;248;Bad Kissingen
096735639167;Sondheim v.d.Rhön;248;Bad Kissingen
096735639182;Willmars;248;Bad Kissingen
096735640127;Großeibstadt;248;Bad Kissingen
096735640160;Saal a.d.Saale, M;248;Bad Kissingen
096735640184;Wülfershausen a.d.Saale;248;Bad Kissingen
096739451451;Bundorfer Forst;248;Bad Kissingen
096739452452;Burgwallbacher Forst;248;Bad Kissingen
096739453453;Forst Schmalwasser-Nord;248;Bad Kissingen
096739454454;Forst Schmalwasser-Süd;248;Bad Kissingen
096739455455;Mellrichstadter Forst;248;Bad Kissingen
096739456456;Steinacher Forst r.d.Saale;248;Bad Kissingen
096739457457;Sulzfelder Forst;248;Bad Kissingen
096739458458;Weigler;248;Bad Kissingen
096740133133;Eltmann, St;248;Bad Kissingen
096740147147;Haßfurt, St;248;Bad Kissingen
096740159159;Oberaurach;248;Bad Kissingen
096740163163;Knetzgau;248;Bad Kissingen
096740164164;Königsberg i.Bay., St;248;Bad Kissingen
096740171171;Maroldsweisach, M;248;Bad Kissingen
096740187187;Rauhenebrach;248;Bad Kissingen
096740195195;Sand a.Main;248;Bad Kissingen
096740210210;Untermerzbach;248;Bad Kissingen
096740221221;Zeil a.Main, St;248;Bad Kissingen
096745610118;Breitbrunn;248;Bad Kissingen
096745610129;Ebelsbach;248;Bad Kissingen
096745610160;Kirchlauter;248;Bad Kissingen
096745610201;Stettfeld;248;Bad Kissingen
096745611130;Ebern, St;248;Bad Kissingen
096745611184;Pfarrweisach;248;Bad Kissingen
096745611190;Rentweinsdorf, M;248;Bad Kissingen
096745612111;Aidhausen;248;Bad Kissingen
096745612120;Bundorf;248;Bad Kissingen
096745612121;Burgpreppach, M;248;Bad Kissingen
096745612149;Hofheim i.UFr., St;248;Bad Kissingen
096745612153;Riedbach;248;Bad Kissingen
096745612223;Ermershausen;248;Bad Kissingen
096745613139;Gädheim;248;Bad Kissingen
096745613180;Theres;248;Bad Kissingen
096745613219;Wonfurt;248;Bad Kissingen
096750117117;Dettelbach, St;250;Schweinfurt
096750127127;Geiselwind, M;250;Schweinfurt
096750141141;Kitzingen, GKSt;250;Schweinfurt
096750144144;Mainbernheim, St;250;Schweinfurt
096750158158;Prichsenstadt, St;250;Schweinfurt
096750165165;Schwarzach a.Main, M;250;Schweinfurt
096755614111;Abtswind, M;250;Schweinfurt
096755614116;Castell;250;Schweinfurt
096755614162;Rüdenhausen, M;250;Schweinfurt
096755614178;Wiesentheid, M;250;Schweinfurt
096755615131;Großlangheim, M;250;Schweinfurt
096755615142;Kleinlangheim, M;250;Schweinfurt
096755615177;Wiesenbronn;250;Schweinfurt
096755616139;Iphofen, St;250;Schweinfurt
096755616148;Markt Einersheim, M;250;Schweinfurt
096755616161;Rödelsee;250;Schweinfurt
096755616179;Willanzheim, M;250;Schweinfurt
096755617112;Albertshofen;250;Schweinfurt
096755617113;Biebelried;250;Schweinfurt
096755617114;Buchbrunn;250;Schweinfurt
096755617146;Mainstockheim;250;Schweinfurt
096755617170;Sulzfeld a.Main;250;Schweinfurt
096755618147;Marktbreit, St;250;Schweinfurt
096755618149;Marktsteft, St;250;Schweinfurt
096755618150;Martinsheim;250;Schweinfurt
096755618156;Obernbreit, M;250;Schweinfurt
096755618166;Segnitz;250;Schweinfurt
096755618167;Seinsheim, M;250;Schweinfurt
096755619155;Nordheim a.Main;250;Schweinfurt
096755619169;Sommerach;250;Schweinfurt
096755619174;Volkach, St;250;Schweinfurt
096760112112;Amorbach, St;249;Main-Spessart
096760117117;Collenberg;249;Main-Spessart
096760118118;Dorfprozelten;249;Main-Spessart
096760119119;Eichenbühl;249;Main-Spessart
096760121121;Elsenfeld, M;249;Main-Spessart
096760122122;Erlenbach a.Main, St;249;Main-Spessart
096760123123;Eschau, M;249;Main-Spessart
096760124124;Faulbach;249;Main-Spessart
096760125125;Großheubach, M;249;Main-Spessart
096760126126;Großwallstadt;249;Main-Spessart
096760131131;Kirchzell, M;249;Main-Spessart
096760134134;Klingenberg a.Main, St;249;Main-Spessart
096760136136;Leidersbach;249;Main-Spessart
096760139139;Miltenberg, St;249;Main-Spessart
096760140140;Mömlingen;249;Main-Spessart
096760144144;Niedernberg;249;Main-Spessart
096760145145;Obernburg a.Main, St;249;Main-Spessart
096760156156;Schneeberg, M;249;Main-Spessart
096760160160;Sulzbach a.Main, M;249;Main-Spessart
096760165165;Weilbach, M;249;Main-Spessart
096760169169;Wörth a.Main, St;249;Main-Spessart
096765626116;Bürgstadt, M;249;Main-Spessart
096765626143;Neunkirchen;249;Main-Spessart
096765627132;Kleinheubach, M;249;Main-Spessart
096765627135;Laudenbach;249;Main-Spessart
096765627153;Rüdenau;249;Main-Spessart
096765630128;Hausen;249;Main-Spessart
096765630133;Kleinwallstadt, M;249;Main-Spessart
096765631141;Mönchberg, M;249;Main-Spessart
096765631151;Röllbach;249;Main-Spessart
096765632111;Altenbuch;249;Main-Spessart
096765632158;Stadtprozelten, St;249;Main-Spessart
096769452452;Forstwald;249;Main-Spessart
096769455455;Hohe Wart;249;Main-Spessart
096770114114;Arnstein, St;249;Main-Spessart
096770127127;Eußenheim;249;Main-Spessart
096770129129;Frammersbach, M;249;Main-Spessart
096770131131;Gemünden a.Main, St;249;Main-Spessart
096770148148;Karlstadt, St;249;Main-Spessart
096770154154;Triefenstein, M;249;Main-Spessart
096770155155;Lohr a.Main, St;249;Main-Spessart
096770157157;Marktheidenfeld, St;249;Main-Spessart
096770177177;Rieneck, St;249;Main-Spessart
096775620137;Hasloch;249;Main-Spessart
096775620151;Kreuzwertheim, M;249;Main-Spessart
096775620182;Schollbrunn;249;Main-Spessart
096775621119;Birkenfeld;249;Main-Spessart
096775621120;Bischbrunn;249;Main-Spessart
096775621125;Erlenbach b.Marktheidenfeld;249;Main-Spessart
096775621126;Esselbach;249;Main-Spessart
096775621135;Hafenlohr;249;Main-Spessart
096775621146;Karbach, M;249;Main-Spessart
096775621178;Roden;249;Main-Spessart
096775621181;Rothenfels, St;249;Main-Spessart
096775621193;Urspringen;249;Main-Spessart
096775622116;Aura i.Sinngrund;249;Main-Spessart
096775622122;Burgsinn, M;249;Main-Spessart
096775622128;Fellen;249;Main-Spessart
096775622159;Mittelsinn;249;Main-Spessart
096775622169;Obersinn, M;249;Main-Spessart
096775623132;Gössenheim;249;Main-Spessart
096775623133;Gräfendorf;249;Main-Spessart
096775623149;Karsbach;249;Main-Spessart
096775624164;Neuendorf;249;Main-Spessart
096775624166;Neustadt a.Main;249;Main-Spessart
096775624172;Rechtenbach;249;Main-Spessart
096775624186;Steinfeld;249;Main-Spessart
096775625142;Himmelstadt;249;Main-Spessart
096775625175;Retzstadt;249;Main-Spessart
096775625189;Thüngen, M;249;Main-Spessart
096775625203;Zellingen, M;249;Main-Spessart
096775656165;Neuhütten;249;Main-Spessart
096775656170;Partenstein;249;Main-Spessart
096775656200;Wiesthal;249;Main-Spessart
096779452452;Burgjoß;249;Main-Spessart
096779453453;Forst Aura;249;Main-Spessart
096779454454;Forst Lohrerstraße;249;Main-Spessart
096779455455;Frammersbacher Forst;249;Main-Spessart
096779456456;Fürstl. Löwenstein'scher Park;249;Main-Spessart
096779457457;Haurain;249;Main-Spessart
096779458458;Herrnwald;249;Main-Spessart
096779459459;Langenprozeltener Forst;249;Main-Spessart
096779461461;Partensteiner Forst;249;Main-Spessart
096779463463;Ruppertshüttener Forst;249;Main-Spessart
096780115115;Bergrheinfeld;250;Schweinfurt
096780123123;Dittelbrunn;250;Schweinfurt
096780128128;Euerbach;250;Schweinfurt
096780132132;Geldersheim;250;Schweinfurt
096780135135;Gochsheim;250;Schweinfurt
096780136136;Grafenrheinfeld;250;Schweinfurt
096780138138;Grettstadt;250;Schweinfurt
096780150150;Kolitzheim;250;Schweinfurt
096780160160;Niederwerrn;250;Schweinfurt
096780168168;Poppenhausen;250;Schweinfurt
096780170170;Röthlein;250;Schweinfurt
096780174174;Schonungen;250;Schweinfurt
096780176176;Schwebheim;250;Schweinfurt
096780178178;Sennfeld;250;Schweinfurt
096780181181;Stadtlauringen, M;250;Schweinfurt
096780186186;Üchtelhausen;250;Schweinfurt
096780190190;Waigolshausen;250;Schweinfurt
096780192192;Wasserlosen;250;Schweinfurt
096780193193;Werneck, M;250;Schweinfurt
096785642122;Dingolshausen;250;Schweinfurt
096785642124;Donnersdorf;250;Schweinfurt
096785642130;Frankenwinheim;250;Schweinfurt
096785642134;Gerolzhofen, St;250;Schweinfurt
096785642153;Lülsfeld;250;Schweinfurt
096785642157;Michelau i.Steigerwald;250;Schweinfurt
096785642164;Oberschwarzach, M;250;Schweinfurt
096785642183;Sulzheim;250;Schweinfurt
096785643175;Schwanfeld;250;Schweinfurt
096785643196;Wipfeld;250;Schweinfurt
096789451451;Bürgerwald;250;Schweinfurt
096789452452;Geiersberg;250;Schweinfurt
096789453453;Hundelshausen;250;Schweinfurt
096789454454;Nonnenkloster;250;Schweinfurt
096789455455;Stollbergerforst;250;Schweinfurt
096789456456;Vollburg;250;Schweinfurt
096789457457;Wustvieler Forst;250;Schweinfurt
096790126126;Eisingen;251;Würzburg
096790134134;Gaukönigshofen;251;Würzburg
096790136136;Gerbrunn;251;Würzburg
096790142142;Güntersleben;251;Würzburg
096790143143;Hausen b.Würzburg;251;Würzburg
096790147147;Höchberg, M;251;Würzburg
096790155155;Kleinrinderfeld;251;Würzburg
096790156156;Kürnach;251;Würzburg
096790164164;Neubrunn, M;251;Würzburg
096790170170;Ochsenfurt, St;251;Würzburg
096790175175;Randersacker, M;251;Würzburg
096790176176;Reichenberg, M;251;Würzburg
096790180180;Rimpar, M;251;Würzburg
096790185185;Rottendorf;251;Würzburg
096790193193;Theilheim;251;Würzburg
096790194194;Thüngersheim;251;Würzburg
096790200200;Leinach;251;Würzburg
096790201201;Unterpleichfeld;251;Würzburg
096790202202;Veitshöchheim;251;Würzburg
096790204204;Waldbrunn;251;Würzburg
096790205205;Waldbüttelbrunn;251;Würzburg
096790209209;Zell a.Main, M;251;Würzburg
096795644114;Aub, St;251;Würzburg
096795644135;Gelchsheim, M;251;Würzburg
096795644188;Sonderhofen;251;Würzburg
096795645117;Bergtheim;251;Würzburg
096795645169;Oberpleichfeld;251;Würzburg
096795646124;Eibelstadt, St;251;Würzburg
096795646131;Frickenhausen a.Main, M;251;Würzburg
096795646187;Sommerhausen, M;251;Würzburg
096795646206;Winterhausen, M;251;Würzburg
096795647130;Estenfeld;251;Würzburg
096795647167;Eisenheim, M;251;Würzburg
096795647174;Prosselsheim;251;Würzburg
096795648122;Bütthard, M;251;Würzburg
096795648138;Giebelstadt, M;251;Würzburg
096795649144;Helmstadt, M;251;Würzburg
096795649149;Holzkirchen;251;Würzburg
096795649177;Remlingen, M;251;Würzburg
096795649196;Uettingen;251;Würzburg
096795650137;Geroldshausen;251;Würzburg
096795650153;Kirchheim;251;Würzburg
096795651154;Kist;251;Würzburg
096795651165;Altertheim;251;Würzburg
096795652128;Erlabrunn;251;Würzburg
096795652161;Margetshöchheim;251;Würzburg
096795654118;Bieberehren;251;Würzburg
096795654179;Riedenheim;251;Würzburg
096795654182;Röttingen, St;251;Würzburg
096795654192;Tauberrettersheim;251;Würzburg
096795655141;Greußenheim;251;Würzburg
096795655146;Hettstadt;251;Würzburg
096799451451;Gramschatzer Wald;251;Würzburg
096799452452;Guttenberger Wald;251;Würzburg
096799453453;Irtenberger Wald;251;Würzburg
097610000000;Augsburg;252;Augsburg-Stadt
097620000000;Kaufbeuren;257;Ostallgäu
097630000000;Kempten (Allgäu);256;Oberallgäu
097640000000;Memmingen;257;Ostallgäu
097710112112;Affing;253;Augsburg-Land
097710113113;Aichach, St;253;Augsburg-Land
097710130130;Friedberg, St;253;Augsburg-Land
097710140140;Hollenbach;253;Augsburg-Land
097710141141;Inchenhofen, M;254;Donau-Ries
097710142142;Kissing;253;Augsburg-Land
097710145145;Merching;253;Augsburg-Land
097710158158;Rehling;253;Augsburg-Land
097710160160;Ried;253;Augsburg-Land
097715701114;Aindling, M;254;Donau-Ries
097715701155;Petersdorf;254;Donau-Ries
097715701169;Todtenweis;254;Donau-Ries
097715703144;Kühbach, M;254;Donau-Ries
097715703162;Schiltberg;254;Donau-Ries
097715704111;Adelzhausen;253;Augsburg-Land
097715704122;Dasing;253;Augsburg-Land
097715704129;Eurasburg;253;Augsburg-Land
097715704149;Obergriesbach;253;Augsburg-Land
097715704165;Sielenbach;253;Augsburg-Land
097715705146;Mering, M;253;Augsburg-Land
097715705163;Schmiechen;253;Augsburg-Land
097715705168;Steindorf;253;Augsburg-Land
097715771156;Pöttmes, M;254;Donau-Ries
097715771176;Baar (Schwaben);254;Donau-Ries
097720111111;Adelsried;253;Augsburg-Land
097720115115;Altenmünster;254;Donau-Ries
097720117117;Aystetten;253;Augsburg-Land
097720121121;Biberbach, M;253;Augsburg-Land
097720125125;Bobingen, St;253;Augsburg-Land
097720130130;Diedorf, M;253;Augsburg-Land
097720131131;Dinkelscherben, M;253;Augsburg-Land
097720141141;Fischach, M;253;Augsburg-Land
097720145145;Gablingen;253;Augsburg-Land
097720147147;Gersthofen, St;253;Augsburg-Land
097720149149;Graben;253;Augsburg-Land
097720159159;Horgau;253;Augsburg-Land
097720163163;Königsbrunn, St;252;Augsburg-Stadt
097720167167;Kutzenhausen;253;Augsburg-Land
097720171171;Langweid a.Lech;253;Augsburg-Land
097720177177;Meitingen, M;253;Augsburg-Land
097720184184;Neusäß, St;253;Augsburg-Land
097720200200;Schwabmünchen, St;253;Augsburg-Land
097720202202;Stadtbergen, St;253;Augsburg-Land
097720207207;Thierhaupten, M;253;Augsburg-Land
097720215215;Wehringen;253;Augsburg-Land
097720223223;Zusmarshausen, M;253;Augsburg-Land
097725706114;Allmannshofen;253;Augsburg-Land
097725706134;Ehingen;253;Augsburg-Land
097725706136;Ellgau;253;Augsburg-Land
097725706166;Kühlenthal;253;Augsburg-Land
097725706185;Nordendorf;253;Augsburg-Land
097725706217;Westendorf;253;Augsburg-Land
097725707126;Bonstetten;253;Augsburg-Land
097725707137;Emersacker;253;Augsburg-Land
097725707156;Heretsried;253;Augsburg-Land
097725707216;Welden, M;253;Augsburg-Land
097725708148;Gessertshausen;253;Augsburg-Land
097725708211;Ustersbach;253;Augsburg-Land
097725709168;Langenneufnach;253;Augsburg-Land
097725709178;Mickhausen;253;Augsburg-Land
097725709179;Mittelneufnach;253;Augsburg-Land
097725709197;Scherstetten;253;Augsburg-Land
097725709214;Walkertshofen;253;Augsburg-Land
097725710151;Großaitingen;253;Augsburg-Land
097725710160;Kleinaitingen;253;Augsburg-Land
097725710186;Oberottmarshausen;253;Augsburg-Land
097725711162;Klosterlechfeld;253;Augsburg-Land
097725711209;Untermeitingen;253;Augsburg-Land
097725712157;Hiltenfingen;253;Augsburg-Land
097725712170;Langerringen;253;Augsburg-Land
097729451451;Schmellerforst;253;Augsburg-Land
097730117117;Bissingen, M;254;Donau-Ries
097730122122;Buttenwiesen;254;Donau-Ries
097730125125;Dillingen a.d.Donau, GKSt;254;Donau-Ries
097730144144;Lauingen (Donau), St;254;Donau-Ries
097735713113;Bächingen a.d.Brenz;254;Donau-Ries
097735713136;Gundelfingen a.d.Donau, St;254;Donau-Ries
097735713137;Haunsheim;254;Donau-Ries
097735713153;Medlingen;254;Donau-Ries
097735714112;Bachhagel;254;Donau-Ries
097735714170;Syrgenstein;254;Donau-Ries
097735714187;Zöschingen;254;Donau-Ries
097735715147;Mödingen;254;Donau-Ries
097735715183;Wittislingen, M;254;Donau-Ries
097735715186;Ziertheim;254;Donau-Ries
097735716119;Blindheim;254;Donau-Ries
097735716139;Höchstädt a.d.Donau, St;254;Donau-Ries
097735716146;Lutzingen;254;Donau-Ries
097735716150;Finningen;254;Donau-Ries
097735716164;Schwenningen;254;Donau-Ries
097735718116;Binswangen;254;Donau-Ries
097735718143;Laugna;254;Donau-Ries
097735718179;Villenbach;254;Donau-Ries
097735718182;Wertingen, St;254;Donau-Ries
097735718188;Zusamaltheim;254;Donau-Ries
097735719111;Aislingen, M;254;Donau-Ries
097735719133;Glött;254;Donau-Ries
097735719140;Holzheim;254;Donau-Ries
097740116116;Ursberg;255;Neu-Ulm
097740119119;Bibertal;255;Neu-Ulm
097740121121;Burgau, St;255;Neu-Ulm
097740122122;Burtenbach, M;255;Neu-Ulm
097740135135;Günzburg, GKSt;255;Neu-Ulm
097740144144;Jettingen-Scheppach, M;255;Neu-Ulm
097740145145;Kammeltal;255;Neu-Ulm
097740150150;Krumbach (Schwaben), St;255;Neu-Ulm
097740155155;Leipheim, St;255;Neu-Ulm
097740162162;Neuburg a.d.Kammel, M;255;Neu-Ulm
097745727136;Gundremmingen;255;Neu-Ulm
097745727171;Offingen, M;255;Neu-Ulm
097745727174;Rettenbach;255;Neu-Ulm
097745728127;Dürrlauingen;255;Neu-Ulm
097745728140;Haldenwang;255;Neu-Ulm
097745728151;Landensberg;255;Neu-Ulm
097745728178;Röfingen;255;Neu-Ulm
097745728196;Winterbach;255;Neu-Ulm
097745729118;Bubesheim;255;Neu-Ulm
097745729148;Kötz;255;Neu-Ulm
097745730133;Ellzee;255;Neu-Ulm
097745730143;Ichenhausen, St;255;Neu-Ulm
097745730191;Waldstetten, M;255;Neu-Ulm
097745731111;Aletshausen;255;Neu-Ulm
097745731117;Breitenthal;255;Neu-Ulm
097745731124;Deisenhausen;255;Neu-Ulm
097745731129;Ebershausen;255;Neu-Ulm
097745731189;Wiesenbach;255;Neu-Ulm
097745731192;Waltenhausen;255;Neu-Ulm
097745732115;Balzhausen;255;Neu-Ulm
097745732160;Münsterhausen, M;255;Neu-Ulm
097745732185;Thannhausen, St;255;Neu-Ulm
097745733166;Aichen;255;Neu-Ulm
097745733198;Ziemetshausen, M;255;Neu-Ulm
097749451451;Ebershauser-Nattenhauser Wald;255;Neu-Ulm
097749452452;Winzerwald;255;Neu-Ulm
097750115115;Bellenberg;255;Neu-Ulm
097750129129;Illertissen, St;255;Neu-Ulm
097750134134;Nersingen;255;Neu-Ulm
097750135135;Neu-Ulm, GKSt;255;Neu-Ulm
097750139139;Elchingen;255;Neu-Ulm
097750149149;Roggenburg;255;Neu-Ulm
097750152152;Senden, St;255;Neu-Ulm
097750162162;Vöhringen, St;255;Neu-Ulm
097750164164;Weißenhorn, St;255;Neu-Ulm
097755739126;Holzheim;255;Neu-Ulm
097755739143;Pfaffenhofen a.d.Roth, M;255;Neu-Ulm
097755740111;Altenstadt, M;255;Neu-Ulm
097755740132;Kellmünz a.d.Iller, M;255;Neu-Ulm
097755740142;Osterberg;255;Neu-Ulm
097755741118;Buch, M;255;Neu-Ulm
097755741141;Oberroth;255;Neu-Ulm
097755741161;Unterroth;255;Neu-Ulm
097759451451;Auwald;255;Neu-Ulm
097759452452;Oberroggenburger Wald;255;Neu-Ulm
097759454454;Stoffenrieder Forst;255;Neu-Ulm
097759455455;Unterroggenburger Wald;255;Neu-Ulm
097760111111;Bodolz;256;Oberallgäu
097760114114;Heimenkirch, M;256;Oberallgäu
097760116116;Lindau (Bodensee), GKSt;256;Oberallgäu
097760117117;Lindenberg i.Allgäu, St;256;Oberallgäu
097760120120;Nonnenhorn;256;Oberallgäu
097760122122;Opfenbach;256;Oberallgäu
097760125125;Scheidegg, M;256;Oberallgäu
097760128128;Wasserburg (Bodensee);256;Oberallgäu
097760129129;Weiler-Simmerberg, M;256;Oberallgäu
097760131131;Hergatz;256;Oberallgäu
097765735115;Hergensweiler;256;Oberallgäu
097765735126;Sigmarszell;256;Oberallgäu
097765735130;Weißensberg;256;Oberallgäu
097765737112;Gestratz;256;Oberallgäu
097765737113;Grünenbach;256;Oberallgäu
097765737118;Maierhöfen;256;Oberallgäu
097765737124;Röthenbach (Allgäu);256;Oberallgäu
097765738121;Oberreute;256;Oberallgäu
097765738127;Stiefenhofen;256;Oberallgäu
097770129129;Füssen, St;257;Ostallgäu
097770130130;Germaringen;257;Ostallgäu
097770147147;Lechbruck am See;257;Ostallgäu
097770151151;Marktoberdorf, St;257;Ostallgäu
097770152152;Mauerstetten;257;Ostallgäu
097770153153;Nesselwang, M;257;Ostallgäu
097770159159;Pfronten;257;Ostallgäu
097770165165;Ronsberg, M;257;Ostallgäu
097770169169;Schwangau;257;Ostallgäu
097770173173;Halblech;257;Ostallgäu
097775748121;Buchloe, St;257;Ostallgäu
097775748140;Jengen;257;Ostallgäu
097775748145;Lamerdingen;257;Ostallgäu
097775748177;Waal, M;257;Ostallgäu
097775749139;Irsee, M;257;Ostallgäu
097775749158;Pforzen;257;Ostallgäu
097775749164;Rieden;257;Ostallgäu
097775751141;Kaltental, M;257;Ostallgäu
097775751155;Oberostendorf;257;Ostallgäu
097775751157;Osterzell;257;Ostallgäu
097775751172;Stöttwang;257;Ostallgäu
097775751182;Westendorf;257;Ostallgäu
097775752111;Aitrang;257;Ostallgäu
097775752112;Biessenhofen;257;Ostallgäu
097775752118;Bidingen;257;Ostallgäu
097775752167;Ruderatshofen;257;Ostallgäu
097775753114;Baisweil;257;Ostallgäu
097775753124;Eggenthal;257;Ostallgäu
097775753128;Friesenried;257;Ostallgäu
097775754138;Günzach;257;Ostallgäu
097775754154;Obergünzburg, M;257;Ostallgäu
097775754176;Untrasried;257;Ostallgäu
097775755131;Görisried;257;Ostallgäu
097775755144;Kraftisried;257;Ostallgäu
097775755175;Unterthingau, M;257;Ostallgäu
097775756125;Eisenberg;257;Ostallgäu
097775756135;Hopferau;257;Ostallgäu
097775756149;Lengenwang;257;Ostallgäu
097775756168;Rückholz;257;Ostallgäu
097775756170;Seeg;257;Ostallgäu
097775756179;Wald;257;Ostallgäu
097775770163;Rieden am Forggensee;257;Ostallgäu
097775770166;Roßhaupten;257;Ostallgäu
097775772171;Stötten a.Auerberg;257;Ostallgäu
097775772183;Rettenbach a.Auerberg;257;Ostallgäu
097780116116;Bad Wörishofen, St;257;Ostallgäu
097780123123;Buxheim;257;Ostallgäu
097780137137;Ettringen;257;Ostallgäu
097780168168;Markt Rettenbach, M;257;Ostallgäu
097780169169;Markt Wald, M;257;Ostallgäu
097780173173;Mindelheim, St;257;Ostallgäu
097780196196;Sontheim;257;Ostallgäu
097780204204;Tussenhausen, M;257;Ostallgäu
097785757119;Böhen;257;Ostallgäu
097785757149;Hawangen;257;Ostallgäu
097785757186;Ottobeuren, M;257;Ostallgäu
097785758115;Babenhausen, M;255;Neu-Ulm
097785758130;Egg a.d.Günz;255;Neu-Ulm
097785758157;Kirchhaslach;255;Neu-Ulm
097785758184;Oberschönegg;255;Neu-Ulm
097785758217;Winterrieden;255;Neu-Ulm
097785758221;Kettershausen;255;Neu-Ulm
097785759121;Breitenbrunn;255;Neu-Ulm
097785759183;Oberrieden;255;Neu-Ulm
097785759187;Pfaffenhausen, M;255;Neu-Ulm
097785759190;Salgen;255;Neu-Ulm
097785760134;Eppishausen;257;Ostallgäu
097785760158;Kirchheim i.Schw., M;257;Ostallgäu
097785761120;Boos;255;Neu-Ulm
097785761139;Fellheim;255;Neu-Ulm
097785761150;Heimertingen;255;Neu-Ulm
097785761177;Niederrieden;255;Neu-Ulm
097785761188;Pleß;255;Neu-Ulm
097785762136;Erkheim, M;255;Neu-Ulm
097785762163;Lauben;255;Neu-Ulm
097785762180;Kammlach;255;Neu-Ulm
097785762214;Westerheim;255;Neu-Ulm
097785764111;Amberg;257;Ostallgäu
097785764203;Türkheim, M;257;Ostallgäu
097785764209;Rammingen;257;Ostallgäu
097785764216;Wiedergeltingen;257;Ostallgäu
097785765118;Benningen;257;Ostallgäu
097785765151;Holzgünz;257;Ostallgäu
097785765162;Lachen;257;Ostallgäu
097785765171;Memmingerberg;257;Ostallgäu
097785765202;Trunkelsberg;257;Ostallgäu
097785765205;Ungerhausen;257;Ostallgäu
097785766113;Apfeltrach;257;Ostallgäu
097785766127;Dirlewang, M;257;Ostallgäu
097785766199;Stetten;257;Ostallgäu
097785766207;Unteregg;257;Ostallgäu
097785767161;Kronburg;257;Ostallgäu
097785767164;Lautrach;257;Ostallgäu
097785767165;Legau, M;257;Ostallgäu
097785768144;Bad Grönenbach, M;257;Ostallgäu
097785768218;Wolfertschwenden;257;Ostallgäu
097785768219;Woringen;257;Ostallgäu
097789451451;Ungerhauser Wald;257;Ostallgäu
097790115115;Asbach-Bäumenheim;254;Donau-Ries
097790131131;Donauwörth, GKSt;254;Donau-Ries
097790147147;Fremdingen;254;Donau-Ries
097790155155;Harburg (Schwaben), St;254;Donau-Ries
097790169169;Kaisheim, M;254;Donau-Ries
097790178178;Marxheim;254;Donau-Ries
097790181181;Mertingen;254;Donau-Ries
097790185185;Möttingen;254;Donau-Ries
097790194194;Nördlingen, GKSt;254;Donau-Ries
097790196196;Oberndorf a.Lech;254;Donau-Ries
097790218218;Tapfheim;254;Donau-Ries
097795720176;Maihingen;254;Donau-Ries
097795720177;Marktoffingen;254;Donau-Ries
097795720224;Wallerstein, M;254;Donau-Ries
097795721117;Auhausen;254;Donau-Ries
097795721138;Ehingen a.Ries;254;Donau-Ries
097795721154;Hainsfarth;254;Donau-Ries
097795721180;Megesheim;254;Donau-Ries
097795721188;Munningen;254;Donau-Ries
097795721197;Oettingen i.Bay., St;254;Donau-Ries
097795722111;Alerheim;254;Donau-Ries
097795722112;Amerdingen;254;Donau-Ries
097795722130;Deiningen;254;Donau-Ries
097795722136;Ederheim;254;Donau-Ries
097795722146;Forheim;254;Donau-Ries
097795722162;Hohenaltheim;254;Donau-Ries
097795722184;Mönchsdeggingen;254;Donau-Ries
097795722203;Reimlingen;254;Donau-Ries
097795722226;Wechingen;254;Donau-Ries
097795723148;Fünfstetten;254;Donau-Ries
097795723167;Huisheim;254;Donau-Ries
097795723198;Otting;254;Donau-Ries
097795723228;Wemding, St;254;Donau-Ries
097795723231;Wolferstadt;254;Donau-Ries
097795724126;Buchdorf;254;Donau-Ries
097795724129;Daiting;254;Donau-Ries
097795724186;Monheim, St;254;Donau-Ries
097795724206;Rögling;254;Donau-Ries
097795724217;Tagmersheim;254;Donau-Ries
097795725149;Genderkingen;254;Donau-Ries
097795725163;Holzheim;254;Donau-Ries
097795725187;Münster;254;Donau-Ries
097795725192;Niederschönenfeld;254;Donau-Ries
097795725201;Rain, St;254;Donau-Ries
097799452452;Dornstadt-Linkersbaindt;254;Donau-Ries
097799453453;Esterholz;254;Donau-Ries
097800112112;Altusried, M;256;Oberallgäu
097800114114;Betzigau;256;Oberallgäu
097800115115;Blaichach;256;Oberallgäu
097800117117;Buchenberg, M;256;Oberallgäu
097800118118;Burgberg i.Allgäu;256;Oberallgäu
097800119119;Dietmannsried, M;256;Oberallgäu
097800120120;Durach;256;Oberallgäu
097800122122;Haldenwang;256;Oberallgäu
097800123123;Bad Hindelang, M;256;Oberallgäu
097800124124;Immenstadt i.Allgäu, St;256;Oberallgäu
097800125125;Lauben;256;Oberallgäu
097800128128;Oy-Mittelberg;256;Oberallgäu
097800132132;Oberstaufen, M;256;Oberallgäu
097800133133;Oberstdorf, M;256;Oberallgäu
097800137137;Rettenberg;256;Oberallgäu
097800139139;Sonthofen, St;256;Oberallgäu
097800140140;Sulzberg, M;256;Oberallgäu
097800143143;Waltenhofen;256;Oberallgäu
097800145145;Wertach, M;256;Oberallgäu
097800146146;Wiggensbach, M;256;Oberallgäu
097800147147;Wildpoldsried;256;Oberallgäu
097805742113;Balderschwang;256;Oberallgäu
097805742116;Bolsterlang;256;Oberallgäu
097805742121;Fischen i.Allgäu;256;Oberallgäu
097805742131;Obermaiselstein;256;Oberallgäu
097805742134;Ofterschwang;256;Oberallgäu
097805745127;Missen-Wilhams;256;Oberallgäu
097805745144;Weitnau, M;256;Oberallgäu
097809451451;Kempter Wald;256;Oberallgäu
100410100100;Saarbrücken, Landeshauptstadt;296;Saarbrücken
100410511511;Friedrichsthal, Stadt;299;Homburg
100410512512;Großrosseln;296;Saarbrücken
100410513513;Heusweiler;298;St. Wendel
100410514514;Kleinblittersdorf;296;Saarbrücken
100410515515;Püttlingen, Stadt;296;Saarbrücken
100410516516;Quierschied;299;Homburg
100410517517;Riegelsberg;296;Saarbrücken
100410518518;Sulzbach/ Saar, Stadt;299;Homburg
100410519519;Völklingen, Stadt;296;Saarbrücken
100420111111;Beckingen;297;Saarlouis
100420112112;Losheim am See;297;Saarlouis
100420113113;Merzig, Kreisstadt;297;Saarlouis
100420114114;Mettlach;297;Saarlouis
100420115115;Perl;297;Saarlouis
100420116116;Wadern, Stadt;297;Saarlouis
100420117117;Weiskirchen;297;Saarlouis
100429999999;Deutsch-luxemburgisches Hoheitsgebiet;;
100430111111;Eppelborn;298;St. Wendel
100430112112;Illingen;298;St. Wendel
100430113113;Merchweiler;298;St. Wendel
100430114114;Neunkirchen, Kreisstadt;299;Homburg
100430115115;Ottweiler, Stadt;298;St. Wendel
100430116116;Schiffweiler;298;St. Wendel
100430117117;Spiesen-Elversberg;299;Homburg
100440111111;Dillingen/ Saar, Stadt;297;Saarlouis
100440112112;Lebach, Stadt;298;St. Wendel
100440113113;Nalbach;297;Saarlouis
100440114114;Rehlingen-Siersburg;297;Saarlouis
100440115115;Saarlouis, Kreisstadt;297;Saarlouis
100440116116;Saarwellingen;297;Saarlouis
100440117117;Schmelz;298;St. Wendel
100440118118;Schwalbach;297;Saarlouis
100440119119;Überherrn;297;Saarlouis
100440120120;Wadgassen;297;Saarlouis
100440121121;Wallerfangen;297;Saarlouis
100440122122;Bous;297;Saarlouis
100440123123;Ensdorf;297;Saarlouis
100450111111;Bexbach, Stadt;299;Homburg
100450112112;Blieskastel, Stadt;299;Homburg
100450113113;Gersheim;299;Homburg
100450114114;Homburg, Kreisstadt;299;Homburg
100450115115;Kirkel;299;Homburg
100450116116;Mandelbachtal;299;Homburg
100450117117;St. Ingbert, Stadt;299;Homburg
100460111111;Freisen;298;St. Wendel
100460112112;Marpingen;298;St. Wendel
100460113113;Namborn;298;St. Wendel
100460114114;Nohfelden;298;St. Wendel
100460115115;Nonnweiler;298;St. Wendel
100460116116;Oberthal;298;St. Wendel
100460117117;St. Wendel, Kreisstadt;298;St. Wendel
100460118118;Tholey;298;St. Wendel
110000000000;Berlin, Stadt;078;Berlin-Spandau - Charlottenburg Nord
110000000000;Berlin, Stadt;081;Berlin-Tempelhof-Schöneberg
110000000000;Berlin, Stadt;086;Berlin-Lichtenberg
110000000000;Berlin, Stadt;085;Berlin-Marzahn-Hellersdorf
110000000000;Berlin, Stadt;077;Berlin-Reinickendorf
110000000000;Berlin, Stadt;076;Berlin-Pankow
110000000000;Berlin, Stadt;082;Berlin-Neukölln
110000000000;Berlin, Stadt;083;Berlin-Friedrichshain-Kreuzberg - Prenzlauer Berg Ost
110000000000;Berlin, Stadt;075;Berlin-Mitte
110000000000;Berlin, Stadt;080;Berlin-Charlottenburg-Wilmersdorf
110000000000;Berlin, Stadt;079;Berlin-Steglitz-Zehlendorf
110000000000;Berlin, Stadt;084;Berlin-Treptow-Köpenick
120510000000;Brandenburg an der Havel, Stadt;060;Brandenburg an der Havel - Potsdam-Mittelmark I - Havelland III - Teltow-Fläming I
120520000000;Cottbus/Chóśebuz, Stadt;064;Cottbus - Spree-Neiße
120530000000;Frankfurt (Oder), Stadt;063;Frankfurt (Oder) - Oder-Spree
120540000000;Potsdam, Stadt;061;Potsdam - Potsdam-Mittelmark II - Teltow-Fläming II
120600005005;Ahrensfelde;059;Märkisch-Oderland - Barnim II
120600020020;Bernau bei Berlin, Stadt;059;Märkisch-Oderland - Barnim II
120600052052;Eberswalde, Stadt;057;Uckermark - Barnim I
120600181181;Panketal;059;Märkisch-Oderland - Barnim II
120600198198;Schorfheide;057;Uckermark - Barnim I
120600269269;Wandlitz;057;Uckermark - Barnim I
120600280280;Werneuchen, Stadt;059;Märkisch-Oderland - Barnim II
120605003024;Biesenthal, Stadt;057;Uckermark - Barnim I
120605003034;Breydin;057;Uckermark - Barnim I
120605003154;Marienwerder;057;Uckermark - Barnim I
120605003161;Melchow;057;Uckermark - Barnim I
120605003192;Rüdnitz;057;Uckermark - Barnim I
120605003250;Sydower Fließ;057;Uckermark - Barnim I
120605006012;Althüttendorf;057;Uckermark - Barnim I
120605006068;Friedrichswalde;057;Uckermark - Barnim I
120605006100;Joachimsthal, Stadt;057;Uckermark - Barnim I
120605006296;Ziethen;057;Uckermark - Barnim I
120605011036;Britz;057;Uckermark - Barnim I
120605011045;Chorin;057;Uckermark - Barnim I
120605011092;Hohenfinow;057;Uckermark - Barnim I
120605011128;Liepe;057;Uckermark - Barnim I
120605011149;Lunow-Stolzenhagen;057;Uckermark - Barnim I
120605011172;Niederfinow;057;Uckermark - Barnim I
120605011176;Oderberg, Stadt;057;Uckermark - Barnim I
120605011185;Parsteinsee;057;Uckermark - Barnim I
120610020020;Bestensee;062;Dahme-Spreewald - Teltow-Fläming III - Oberspreewald-Lausitz I
120610112112;Eichwalde;062;Dahme-Spreewald - Teltow-Fläming III - Oberspreewald-Lausitz I
120610217217;Heidesee;062;Dahme-Spreewald - Teltow-Fläming III - Oberspreewald-Lausitz I
120610219219;Heideblick;062;Dahme-Spreewald - Teltow-Fläming III - Oberspreewald-Lausitz I
120610260260;Königs Wusterhausen, Stadt;062;Dahme-Spreewald - Teltow-Fläming III - Oberspreewald-Lausitz I
120610316316;Lübben (Spreewald) / Lubin (Błota), Stadt;062;Dahme-Spreewald - Teltow-Fläming III - Oberspreewald-Lausitz I
120610320320;Luckau, Stadt;062;Dahme-Spreewald - Teltow-Fläming III - Oberspreewald-Lausitz I
120610329329;Märkische Heide/Markojska Góla;062;Dahme-Spreewald - Teltow-Fläming III - Oberspreewald-Lausitz I
120610332332;Mittenwalde, Stadt;062;Dahme-Spreewald - Teltow-Fläming III - Oberspreewald-Lausitz I
120610433433;Schönefeld;062;Dahme-Spreewald - Teltow-Fläming III - Oberspreewald-Lausitz I
120610444444;Schulzendorf;062;Dahme-Spreewald - Teltow-Fläming III - Oberspreewald-Lausitz I
120610540540;Wildau, Stadt;062;Dahme-Spreewald - Teltow-Fläming III - Oberspreewald-Lausitz I
120610572572;Zeuthen;062;Dahme-Spreewald - Teltow-Fläming III - Oberspreewald-Lausitz I
120615108192;Groß Köris;062;Dahme-Spreewald - Teltow-Fläming III - Oberspreewald-Lausitz I
120615108216;Halbe;062;Dahme-Spreewald - Teltow-Fläming III - Oberspreewald-Lausitz I
120615108328;Märkisch Buchholz, Stadt;062;Dahme-Spreewald - Teltow-Fläming III - Oberspreewald-Lausitz I
120615108344;Münchehofe;062;Dahme-Spreewald - Teltow-Fläming III - Oberspreewald-Lausitz I
120615108448;Schwerin;062;Dahme-Spreewald - Teltow-Fläming III - Oberspreewald-Lausitz I
120615108492;Teupitz, Stadt;062;Dahme-Spreewald - Teltow-Fläming III - Oberspreewald-Lausitz I
120615113005;Alt Zauche-Wußwerk/Stara Niwa-Wózwjerch;062;Dahme-Spreewald - Teltow-Fläming III - Oberspreewald-Lausitz I
120615113061;Byhleguhre-Byhlen/Beła Góra-Bělin;062;Dahme-Spreewald - Teltow-Fläming III - Oberspreewald-Lausitz I
120615113224;Jamlitz;062;Dahme-Spreewald - Teltow-Fläming III - Oberspreewald-Lausitz I
120615113308;Lieberose, Stadt;062;Dahme-Spreewald - Teltow-Fläming III - Oberspreewald-Lausitz I
120615113352;Neu Zauche/Nowa Niwa;062;Dahme-Spreewald - Teltow-Fläming III - Oberspreewald-Lausitz I
120615113450;Schwielochsee/Gójacki Jazor;062;Dahme-Spreewald - Teltow-Fläming III - Oberspreewald-Lausitz I
120615113470;Spreewaldheide/Błośańska Góla;062;Dahme-Spreewald - Teltow-Fläming III - Oberspreewald-Lausitz I
120615113476;Straupitz (Spreewald)/Tšupc (Błota);062;Dahme-Spreewald - Teltow-Fläming III - Oberspreewald-Lausitz I
120615114017;Bersteland;062;Dahme-Spreewald - Teltow-Fläming III - Oberspreewald-Lausitz I
120615114097;Drahnsdorf;062;Dahme-Spreewald - Teltow-Fläming III - Oberspreewald-Lausitz I
120615114164;Golßen, Stadt;062;Dahme-Spreewald - Teltow-Fläming III - Oberspreewald-Lausitz I
120615114244;Kasel-Golzig;062;Dahme-Spreewald - Teltow-Fläming III - Oberspreewald-Lausitz I
120615114265;Krausnick-Groß Wasserburg;062;Dahme-Spreewald - Teltow-Fläming III - Oberspreewald-Lausitz I
120615114405;Rietzneuendorf-Staakow;062;Dahme-Spreewald - Teltow-Fläming III - Oberspreewald-Lausitz I
120615114428;Schlepzig/Słopišća;062;Dahme-Spreewald - Teltow-Fläming III - Oberspreewald-Lausitz I
120615114435;Schönwald;062;Dahme-Spreewald - Teltow-Fläming III - Oberspreewald-Lausitz I
120615114471;Steinreich;062;Dahme-Spreewald - Teltow-Fläming III - Oberspreewald-Lausitz I
120615114510;Unterspreewald;062;Dahme-Spreewald - Teltow-Fläming III - Oberspreewald-Lausitz I
120620092092;Doberlug-Kirchhain, Stadt;065;Elbe-Elster - Oberspreewald-Lausitz II
120620124124;Elsterwerda, Stadt;065;Elbe-Elster - Oberspreewald-Lausitz II
120620140140;Finsterwalde, Stadt;065;Elbe-Elster - Oberspreewald-Lausitz II
120620224224;Herzberg (Elster), Stadt;065;Elbe-Elster - Oberspreewald-Lausitz II
120620410410;Röderland;065;Elbe-Elster - Oberspreewald-Lausitz II
120620461461;Schönewalde, Stadt;065;Elbe-Elster - Oberspreewald-Lausitz II
120620469469;Sonnewalde, Stadt;065;Elbe-Elster - Oberspreewald-Lausitz II
120625031024;Bad Liebenwerda, Stadt;065;Elbe-Elster - Oberspreewald-Lausitz II
120625031128;Falkenberg/Elster, Stadt;065;Elbe-Elster - Oberspreewald-Lausitz II
120625031341;Mühlberg/Elbe, Stadt;065;Elbe-Elster - Oberspreewald-Lausitz II
120625031500;Uebigau-Wahrenbrück, Stadt;065;Elbe-Elster - Oberspreewald-Lausitz II
120625202219;Heideland;065;Elbe-Elster - Oberspreewald-Lausitz II
120625202417;Rückersdorf;065;Elbe-Elster - Oberspreewald-Lausitz II
120625202440;Schilda;065;Elbe-Elster - Oberspreewald-Lausitz II
120625202453;Schönborn;065;Elbe-Elster - Oberspreewald-Lausitz II
120625202492;Tröbitz;065;Elbe-Elster - Oberspreewald-Lausitz II
120625205088;Crinitz;065;Elbe-Elster - Oberspreewald-Lausitz II
120625205293;Lichterfeld-Schacksdorf;065;Elbe-Elster - Oberspreewald-Lausitz II
120625205333;Massen-Niederlausitz;065;Elbe-Elster - Oberspreewald-Lausitz II
120625205425;Sallgast;065;Elbe-Elster - Oberspreewald-Lausitz II
120625207177;Gorden-Staupitz;065;Elbe-Elster - Oberspreewald-Lausitz II
120625207240;Hohenleipisch;065;Elbe-Elster - Oberspreewald-Lausitz II
120625207372;Plessa;065;Elbe-Elster - Oberspreewald-Lausitz II
120625207464;Schraden;065;Elbe-Elster - Oberspreewald-Lausitz II
120625209134;Fichtwald;065;Elbe-Elster - Oberspreewald-Lausitz II
120625209237;Hohenbucko;065;Elbe-Elster - Oberspreewald-Lausitz II
120625209282;Kremitzaue;065;Elbe-Elster - Oberspreewald-Lausitz II
120625209289;Lebusa;065;Elbe-Elster - Oberspreewald-Lausitz II
120625209445;Schlieben, Stadt;065;Elbe-Elster - Oberspreewald-Lausitz II
120625211196;Gröden;065;Elbe-Elster - Oberspreewald-Lausitz II
120625211208;Großthiemig;065;Elbe-Elster - Oberspreewald-Lausitz II
120625211232;Hirschfeld;065;Elbe-Elster - Oberspreewald-Lausitz II
120625211336;Merzdorf;065;Elbe-Elster - Oberspreewald-Lausitz II
120630036036;Brieselang;058;Oberhavel - Havelland II
120630056056;Dallgow-Döberitz;058;Oberhavel - Havelland II
120630080080;Falkensee, Stadt;058;Oberhavel - Havelland II
120630148148;Ketzin/Havel, Stadt;058;Oberhavel - Havelland II
120630189189;Milower Land;060;Brandenburg an der Havel - Potsdam-Mittelmark I - Havelland III - Teltow-Fläming I
120630208208;Nauen, Stadt;056;Prignitz - Ostprignitz-Ruppin - Havelland I
120630244244;Premnitz, Stadt;060;Brandenburg an der Havel - Potsdam-Mittelmark I - Havelland III - Teltow-Fläming I
120630252252;Rathenow, Stadt;060;Brandenburg an der Havel - Potsdam-Mittelmark I - Havelland III - Teltow-Fläming I
120630273273;Schönwalde-Glien;058;Oberhavel - Havelland II
120630357357;Wustermark;058;Oberhavel - Havelland II
120635302088;Friesack, Stadt;056;Prignitz - Ostprignitz-Ruppin - Havelland I
120635302142;Wiesenaue;056;Prignitz - Ostprignitz-Ruppin - Havelland I
120635302202;Mühlenberge;056;Prignitz - Ostprignitz-Ruppin - Havelland I
120635302228;Paulinenaue;056;Prignitz - Ostprignitz-Ruppin - Havelland I
120635302240;Pessin;056;Prignitz - Ostprignitz-Ruppin - Havelland I
120635302256;Retzow;056;Prignitz - Ostprignitz-Ruppin - Havelland I
120635306165;Kotzen;056;Prignitz - Ostprignitz-Ruppin - Havelland I
120635306186;Märkisch Luch;056;Prignitz - Ostprignitz-Ruppin - Havelland I
120635306212;Nennhausen;056;Prignitz - Ostprignitz-Ruppin - Havelland I
120635306293;Stechow-Ferchesar;056;Prignitz - Ostprignitz-Ruppin - Havelland I
120635309094;Gollenberg;056;Prignitz - Ostprignitz-Ruppin - Havelland I
120635309112;Großderschau;056;Prignitz - Ostprignitz-Ruppin - Havelland I
120635309134;Havelaue;056;Prignitz - Ostprignitz-Ruppin - Havelland I
120635309161;Kleßen-Görne;056;Prignitz - Ostprignitz-Ruppin - Havelland I
120635309260;Rhinow, Stadt;056;Prignitz - Ostprignitz-Ruppin - Havelland I
120635309274;Seeblick;056;Prignitz - Ostprignitz-Ruppin - Havelland I
120640029029;Altlandsberg, Stadt;059;Märkisch-Oderland - Barnim II
120640044044;Bad Freienwalde (Oder), Stadt;059;Märkisch-Oderland - Barnim II
120640136136;Fredersdorf-Vogelsdorf;059;Märkisch-Oderland - Barnim II
120640227227;Hoppegarten;059;Märkisch-Oderland - Barnim II
120640274274;Letschin;059;Märkisch-Oderland - Barnim II
120640317317;Müncheberg, Stadt;059;Märkisch-Oderland - Barnim II
120640336336;Neuenhagen bei Berlin;059;Märkisch-Oderland - Barnim II
120640380380;Petershagen/Eggersdorf;059;Märkisch-Oderland - Barnim II
120640428428;Rüdersdorf bei Berlin;059;Märkisch-Oderland - Barnim II
120640448448;Seelow, Stadt;059;Märkisch-Oderland - Barnim II
120640472472;Strausberg, Stadt;059;Märkisch-Oderland - Barnim II
120640512512;Wriezen, Stadt;059;Märkisch-Oderland - Barnim II
120645403053;Beiersdorf-Freudenberg;059;Märkisch-Oderland - Barnim II
120645403125;Falkenberg;059;Märkisch-Oderland - Barnim II
120645403205;Heckelberg-Brunow;059;Märkisch-Oderland - Barnim II
120645403222;Höhenland;059;Märkisch-Oderland - Barnim II
120645404009;Alt Tucheband;059;Märkisch-Oderland - Barnim II
120645404057;Bleyen-Genschmar;059;Märkisch-Oderland - Barnim II
120645404172;Golzow;059;Märkisch-Oderland - Barnim II
120645404266;Küstriner Vorland;059;Märkisch-Oderland - Barnim II
120645404538;Zechin;059;Märkisch-Oderland - Barnim II
120645406268;Lebus, Stadt;059;Märkisch-Oderland - Barnim II
120645406388;Podelzig;059;Märkisch-Oderland - Barnim II
120645406420;Reitwein;059;Märkisch-Oderland - Barnim II
120645406480;Treplin;059;Märkisch-Oderland - Barnim II
120645406539;Zeschdorf;059;Märkisch-Oderland - Barnim II
120645408084;Buckow (Märkische Schweiz), Stadt;059;Märkisch-Oderland - Barnim II
120645408153;Garzau-Garzin;059;Märkisch-Oderland - Barnim II
120645408370;Oberbarnim;059;Märkisch-Oderland - Barnim II
120645408408;Rehfelde;059;Märkisch-Oderland - Barnim II
120645408484;Waldsieversdorf;059;Märkisch-Oderland - Barnim II
120645410190;Gusow-Platkow;059;Märkisch-Oderland - Barnim II
120645410303;Märkische Höhe;059;Märkisch-Oderland - Barnim II
120645410340;Neuhardenberg;059;Märkisch-Oderland - Barnim II
120645412128;Falkenhagen (Mark);059;Märkisch-Oderland - Barnim II
120645412130;Fichtenhöhe;059;Märkisch-Oderland - Barnim II
120645412288;Lietzen;059;Märkisch-Oderland - Barnim II
120645412290;Lindendorf;059;Märkisch-Oderland - Barnim II
120645412482;Vierlinden;059;Märkisch-Oderland - Barnim II
120645414061;Bliesdorf;059;Märkisch-Oderland - Barnim II
120645414349;Neulewin;059;Märkisch-Oderland - Barnim II
120645414365;Neutrebbin;059;Märkisch-Oderland - Barnim II
120645414371;Oderaue;059;Märkisch-Oderland - Barnim II
120645414393;Prötzel;059;Märkisch-Oderland - Barnim II
120645414417;Reichenow-Möglin;059;Märkisch-Oderland - Barnim II
120650036036;Birkenwerder;058;Oberhavel - Havelland II
120650084084;Fürstenberg/Havel, Stadt;058;Oberhavel - Havelland II
120650096096;Glienicke/Nordbahn;058;Oberhavel - Havelland II
120650136136;Hennigsdorf, Stadt;058;Oberhavel - Havelland II
120650144144;Hohen Neuendorf, Stadt;058;Oberhavel - Havelland II
120650165165;Kremmen, Stadt;058;Oberhavel - Havelland II
120650180180;Leegebruch;058;Oberhavel - Havelland II
120650193193;Liebenwalde, Stadt;058;Oberhavel - Havelland II
120650198198;Löwenberger Land;058;Oberhavel - Havelland II
120650225225;Mühlenbecker Land;058;Oberhavel - Havelland II
120650251251;Oberkrämer;058;Oberhavel - Havelland II
120650256256;Oranienburg, Stadt;058;Oberhavel - Havelland II
120650332332;Velten, Stadt;058;Oberhavel - Havelland II
120650356356;Zehdenick, Stadt;058;Oberhavel - Havelland II
120655502100;Gransee, Stadt;058;Oberhavel - Havelland II
120655502117;Großwoltersdorf;058;Oberhavel - Havelland II
120655502276;Schönermark;058;Oberhavel - Havelland II
120655502301;Sonnenberg;058;Oberhavel - Havelland II
120655502310;Stechlin;058;Oberhavel - Havelland II
120660052052;Calau/Kalawa, Stadt;065;Elbe-Elster - Oberspreewald-Lausitz II
120660112112;Großräschen/Rań, Stadt;065;Elbe-Elster - Oberspreewald-Lausitz II
120660176176;Lauchhammer, Stadt;065;Elbe-Elster - Oberspreewald-Lausitz II
120660196196;Lübbenau/Spreewald / Lubnjow/Błota, Stadt;062;Dahme-Spreewald - Teltow-Fläming III - Oberspreewald-Lausitz I
120660285285;Schipkau;065;Elbe-Elster - Oberspreewald-Lausitz II
120660296296;Schwarzheide, Stadt;065;Elbe-Elster - Oberspreewald-Lausitz II
120660304304;Senftenberg/Zły Komorow, Stadt;065;Elbe-Elster - Oberspreewald-Lausitz II
120660320320;Vetschau/Spreewald / Wětošow/Błota, Stadt;065;Elbe-Elster - Oberspreewald-Lausitz II
120665601008;Altdöbern;065;Elbe-Elster - Oberspreewald-Lausitz II
120665601041;Bronkow;065;Elbe-Elster - Oberspreewald-Lausitz II
120665601202;Luckaitztal;065;Elbe-Elster - Oberspreewald-Lausitz II
120665601226;Neu-Seeland/Nowa Jazorina;065;Elbe-Elster - Oberspreewald-Lausitz II
120665601228;Neupetershain/Nowe Wiki;065;Elbe-Elster - Oberspreewald-Lausitz II
120665606064;Frauendorf;065;Elbe-Elster - Oberspreewald-Lausitz II
120665606104;Großkmehlen;065;Elbe-Elster - Oberspreewald-Lausitz II
120665606168;Kroppen;065;Elbe-Elster - Oberspreewald-Lausitz II
120665606188;Lindenau;065;Elbe-Elster - Oberspreewald-Lausitz II
120665606240;Ortrand, Stadt;065;Elbe-Elster - Oberspreewald-Lausitz II
120665606316;Tettau;065;Elbe-Elster - Oberspreewald-Lausitz II
120665607116;Grünewald;065;Elbe-Elster - Oberspreewald-Lausitz II
120665607120;Guteborn;065;Elbe-Elster - Oberspreewald-Lausitz II
120665607124;Hermsdorf;065;Elbe-Elster - Oberspreewald-Lausitz II
120665607132;Hohenbocka;065;Elbe-Elster - Oberspreewald-Lausitz II
120665607272;Ruhland, Stadt;065;Elbe-Elster - Oberspreewald-Lausitz II
120665607292;Schwarzbach;065;Elbe-Elster - Oberspreewald-Lausitz II
120670036036;Beeskow, Stadt;063;Frankfurt (Oder) - Oder-Spree
120670120120;Eisenhüttenstadt, Stadt;063;Frankfurt (Oder) - Oder-Spree
120670124124;Erkner, Stadt;063;Frankfurt (Oder) - Oder-Spree
120670137137;Friedland, Stadt;063;Frankfurt (Oder) - Oder-Spree
120670144144;Fürstenwalde/Spree, Stadt;063;Frankfurt (Oder) - Oder-Spree
120670201201;Grünheide (Mark);063;Frankfurt (Oder) - Oder-Spree
120670426426;Rietz-Neuendorf;063;Frankfurt (Oder) - Oder-Spree
120670440440;Schöneiche bei Berlin;063;Frankfurt (Oder) - Oder-Spree
120670481481;Storkow (Mark), Stadt;063;Frankfurt (Oder) - Oder-Spree
120670493493;Tauche;063;Frankfurt (Oder) - Oder-Spree
120670544544;Woltersdorf;063;Frankfurt (Oder) - Oder-Spree
120675701076;Brieskow-Finkenheerd;063;Frankfurt (Oder) - Oder-Spree
120675701180;Groß Lindow;063;Frankfurt (Oder) - Oder-Spree
120675701508;Vogelsang;063;Frankfurt (Oder) - Oder-Spree
120675701528;Wiesenau;063;Frankfurt (Oder) - Oder-Spree
120675701552;Ziltendorf;063;Frankfurt (Oder) - Oder-Spree
120675705292;Lawitz;063;Frankfurt (Oder) - Oder-Spree
120675705338;Neißemünde;063;Frankfurt (Oder) - Oder-Spree
120675705357;Neuzelle;063;Frankfurt (Oder) - Oder-Spree
120675706040;Berkenbrück;063;Frankfurt (Oder) - Oder-Spree
120675706072;Briesen (Mark);063;Frankfurt (Oder) - Oder-Spree
120675706237;Jacobsdorf;063;Frankfurt (Oder) - Oder-Spree
120675706473;Steinhöfel;063;Frankfurt (Oder) - Oder-Spree
120675707024;Bad Saarow;063;Frankfurt (Oder) - Oder-Spree
120675707112;Diensdorf-Radlow;063;Frankfurt (Oder) - Oder-Spree
120675707288;Langewahl;063;Frankfurt (Oder) - Oder-Spree
120675707413;Reichenwalde;063;Frankfurt (Oder) - Oder-Spree
120675707520;Wendisch Rietz;063;Frankfurt (Oder) - Oder-Spree
120675708205;Grunow-Dammendorf;063;Frankfurt (Oder) - Oder-Spree
120675708324;Mixdorf;063;Frankfurt (Oder) - Oder-Spree
120675708336;Müllrose, Stadt;063;Frankfurt (Oder) - Oder-Spree
120675708397;Ragow-Merz;063;Frankfurt (Oder) - Oder-Spree
120675708438;Schlaubetal;063;Frankfurt (Oder) - Oder-Spree
120675708458;Siehdichum;063;Frankfurt (Oder) - Oder-Spree
120675709173;Gosen-Neu Zittau;063;Frankfurt (Oder) - Oder-Spree
120675709408;Rauen;063;Frankfurt (Oder) - Oder-Spree
120675709469;Spreenhagen;063;Frankfurt (Oder) - Oder-Spree
120680117117;Fehrbellin;056;Prignitz - Ostprignitz-Ruppin - Havelland I
120680181181;Heiligengrabe;056;Prignitz - Ostprignitz-Ruppin - Havelland I
120680264264;Kyritz, Stadt;056;Prignitz - Ostprignitz-Ruppin - Havelland I
120680320320;Neuruppin, Stadt;056;Prignitz - Ostprignitz-Ruppin - Havelland I
120680353353;Rheinsberg, Stadt;056;Prignitz - Ostprignitz-Ruppin - Havelland I
120680468468;Wittstock/Dosse, Stadt;056;Prignitz - Ostprignitz-Ruppin - Havelland I
120680477477;Wusterhausen/Dosse;056;Prignitz - Ostprignitz-Ruppin - Havelland I
120685804188;Herzberg (Mark);056;Prignitz - Ostprignitz-Ruppin - Havelland I
120685804280;Lindow (Mark), Stadt;056;Prignitz - Ostprignitz-Ruppin - Havelland I
120685804372;Rüthnick;056;Prignitz - Ostprignitz-Ruppin - Havelland I
120685804437;Vielitzsee;056;Prignitz - Ostprignitz-Ruppin - Havelland I
120685805052;Breddin;056;Prignitz - Ostprignitz-Ruppin - Havelland I
120685805109;Dreetz;056;Prignitz - Ostprignitz-Ruppin - Havelland I
120685805324;Neustadt (Dosse), Stadt;056;Prignitz - Ostprignitz-Ruppin - Havelland I
120685805409;Sieversdorf-Hohenofen;056;Prignitz - Ostprignitz-Ruppin - Havelland I
120685805417;Stüdenitz-Schönermark;056;Prignitz - Ostprignitz-Ruppin - Havelland I
120685805501;Zernitz-Lohm;056;Prignitz - Ostprignitz-Ruppin - Havelland I
120685807072;Dabergotz;056;Prignitz - Ostprignitz-Ruppin - Havelland I
120685807306;Märkisch Linden;056;Prignitz - Ostprignitz-Ruppin - Havelland I
120685807413;Storbeck-Frankendorf;056;Prignitz - Ostprignitz-Ruppin - Havelland I
120685807425;Temnitzquell;056;Prignitz - Ostprignitz-Ruppin - Havelland I
120685807426;Temnitztal;056;Prignitz - Ostprignitz-Ruppin - Havelland I
120685807452;Walsleben;056;Prignitz - Ostprignitz-Ruppin - Havelland I
120690017017;Beelitz, Stadt;060;Brandenburg an der Havel - Potsdam-Mittelmark I - Havelland III - Teltow-Fläming I
120690020020;Bad Belzig, Stadt;060;Brandenburg an der Havel - Potsdam-Mittelmark I - Havelland III - Teltow-Fläming I
120690249249;Groß Kreutz (Havel);060;Brandenburg an der Havel - Potsdam-Mittelmark I - Havelland III - Teltow-Fläming I
120690304304;Kleinmachnow;061;Potsdam - Potsdam-Mittelmark II - Teltow-Fläming II
120690306306;Kloster Lehnin;060;Brandenburg an der Havel - Potsdam-Mittelmark I - Havelland III - Teltow-Fläming I
120690397397;Michendorf;061;Potsdam - Potsdam-Mittelmark II - Teltow-Fläming II
120690454454;Nuthetal;061;Potsdam - Potsdam-Mittelmark II - Teltow-Fläming II
120690590590;Schwielowsee;061;Potsdam - Potsdam-Mittelmark II - Teltow-Fläming II
120690596596;Seddiner See;060;Brandenburg an der Havel - Potsdam-Mittelmark I - Havelland III - Teltow-Fläming I
120690604604;Stahnsdorf;061;Potsdam - Potsdam-Mittelmark II - Teltow-Fläming II
120690616616;Teltow, Stadt;061;Potsdam - Potsdam-Mittelmark II - Teltow-Fläming II
120690632632;Treuenbrietzen, Stadt;060;Brandenburg an der Havel - Potsdam-Mittelmark I - Havelland III - Teltow-Fläming I
120690656656;Werder (Havel), Stadt;060;Brandenburg an der Havel - Potsdam-Mittelmark I - Havelland III - Teltow-Fläming I
120690665665;Wiesenburg/Mark;060;Brandenburg an der Havel - Potsdam-Mittelmark I - Havelland III - Teltow-Fläming I
120695902018;Beetzsee;060;Brandenburg an der Havel - Potsdam-Mittelmark I - Havelland III - Teltow-Fläming I
120695902019;Beetzseeheide;060;Brandenburg an der Havel - Potsdam-Mittelmark I - Havelland III - Teltow-Fläming I
120695902270;Havelsee, Stadt;060;Brandenburg an der Havel - Potsdam-Mittelmark I - Havelland III - Teltow-Fläming I
120695902460;Päwesin;060;Brandenburg an der Havel - Potsdam-Mittelmark I - Havelland III - Teltow-Fläming I
120695902541;Roskow;060;Brandenburg an der Havel - Potsdam-Mittelmark I - Havelland III - Teltow-Fläming I
120695904052;Borkheide;060;Brandenburg an der Havel - Potsdam-Mittelmark I - Havelland III - Teltow-Fläming I
120695904056;Borkwalde;060;Brandenburg an der Havel - Potsdam-Mittelmark I - Havelland III - Teltow-Fläming I
120695904076;Brück, Stadt;060;Brandenburg an der Havel - Potsdam-Mittelmark I - Havelland III - Teltow-Fläming I
120695904216;Golzow;060;Brandenburg an der Havel - Potsdam-Mittelmark I - Havelland III - Teltow-Fläming I
120695904345;Linthe;060;Brandenburg an der Havel - Potsdam-Mittelmark I - Havelland III - Teltow-Fläming I
120695904470;Planebruch;060;Brandenburg an der Havel - Potsdam-Mittelmark I - Havelland III - Teltow-Fläming I
120695910402;Mühlenfließ;060;Brandenburg an der Havel - Potsdam-Mittelmark I - Havelland III - Teltow-Fläming I
120695910448;Niemegk, Stadt;060;Brandenburg an der Havel - Potsdam-Mittelmark I - Havelland III - Teltow-Fläming I
120695910474;Planetal;060;Brandenburg an der Havel - Potsdam-Mittelmark I - Havelland III - Teltow-Fläming I
120695910485;Rabenstein/Fläming;060;Brandenburg an der Havel - Potsdam-Mittelmark I - Havelland III - Teltow-Fläming I
120695917028;Bensdorf;060;Brandenburg an der Havel - Potsdam-Mittelmark I - Havelland III - Teltow-Fläming I
120695917537;Rosenau;060;Brandenburg an der Havel - Potsdam-Mittelmark I - Havelland III - Teltow-Fläming I
120695917688;Wusterwitz;060;Brandenburg an der Havel - Potsdam-Mittelmark I - Havelland III - Teltow-Fläming I
120695918089;Buckautal;060;Brandenburg an der Havel - Potsdam-Mittelmark I - Havelland III - Teltow-Fläming I
120695918224;Görzke;060;Brandenburg an der Havel - Potsdam-Mittelmark I - Havelland III - Teltow-Fläming I
120695918232;Gräben;060;Brandenburg an der Havel - Potsdam-Mittelmark I - Havelland III - Teltow-Fläming I
120695918648;Wenzlow;060;Brandenburg an der Havel - Potsdam-Mittelmark I - Havelland III - Teltow-Fläming I
120695918680;Wollin;060;Brandenburg an der Havel - Potsdam-Mittelmark I - Havelland III - Teltow-Fläming I
120695918696;Ziesar, Stadt;060;Brandenburg an der Havel - Potsdam-Mittelmark I - Havelland III - Teltow-Fläming I
120700125125;Groß Pankow (Prignitz);056;Prignitz - Ostprignitz-Ruppin - Havelland I
120700149149;Gumtow;056;Prignitz - Ostprignitz-Ruppin - Havelland I
120700173173;Karstädt;056;Prignitz - Ostprignitz-Ruppin - Havelland I
120700296296;Perleberg, Stadt;056;Prignitz - Ostprignitz-Ruppin - Havelland I
120700302302;Plattenburg;056;Prignitz - Ostprignitz-Ruppin - Havelland I
120700316316;Pritzwalk, Stadt;056;Prignitz - Ostprignitz-Ruppin - Havelland I
120700424424;Wittenberge, Stadt;056;Prignitz - Ostprignitz-Ruppin - Havelland I
120705001008;Bad Wilsnack, Stadt;056;Prignitz - Ostprignitz-Ruppin - Havelland I
120705001052;Breese;056;Prignitz - Ostprignitz-Ruppin - Havelland I
120705001241;Legde/Quitzöbel;056;Prignitz - Ostprignitz-Ruppin - Havelland I
120705001348;Rühstädt;056;Prignitz - Ostprignitz-Ruppin - Havelland I
120705001416;Weisen;056;Prignitz - Ostprignitz-Ruppin - Havelland I
120705005060;Cumlosen;056;Prignitz - Ostprignitz-Ruppin - Havelland I
120705005236;Lanz;056;Prignitz - Ostprignitz-Ruppin - Havelland I
120705005244;Lenzen (Elbe), Stadt;056;Prignitz - Ostprignitz-Ruppin - Havelland I
120705005246;Lenzerwische;056;Prignitz - Ostprignitz-Ruppin - Havelland I
120705006096;Gerdshagen;056;Prignitz - Ostprignitz-Ruppin - Havelland I
120705006153;Halenbeck-Rohlsdorf;056;Prignitz - Ostprignitz-Ruppin - Havelland I
120705006222;Kümmernitztal;056;Prignitz - Ostprignitz-Ruppin - Havelland I
120705006266;Marienfließ;056;Prignitz - Ostprignitz-Ruppin - Havelland I
120705006280;Meyenburg, Stadt;056;Prignitz - Ostprignitz-Ruppin - Havelland I
120705009028;Berge;056;Prignitz - Ostprignitz-Ruppin - Havelland I
120705009145;Gülitz-Reetz;056;Prignitz - Ostprignitz-Ruppin - Havelland I
120705009300;Pirow;056;Prignitz - Ostprignitz-Ruppin - Havelland I
120705009325;Putlitz, Stadt;056;Prignitz - Ostprignitz-Ruppin - Havelland I
120705009393;Triglitz;056;Prignitz - Ostprignitz-Ruppin - Havelland I
120710057057;Drebkau/Drjowk, Stadt;064;Cottbus - Spree-Neiße
120710076076;Forst (Lausitz)/Baršć (Łužyca), Stadt;064;Cottbus - Spree-Neiße
120710160160;Guben, Stadt;064;Cottbus - Spree-Neiße
120710244244;Kolkwitz/Gołkojce;064;Cottbus - Spree-Neiße
120710301301;Neuhausen/Spree / Kopańce/Sprjewja;064;Cottbus - Spree-Neiße
120710337337;Schenkendöbern/Derbno;064;Cottbus - Spree-Neiße
120710372372;Spremberg/Grodk, Stadt;064;Cottbus - Spree-Neiße
120710408408;Welzow/Wjelcej, Stadt;064;Cottbus - Spree-Neiße
120715101028;Briesen/Brjazyna;064;Cottbus - Spree-Neiße
120715101032;Burg (Spreewald)/Bórkowy (Błota);064;Cottbus - Spree-Neiße
120715101041;Dissen-Striesow/Dešno-Strjažow;064;Cottbus - Spree-Neiße
120715101164;Guhrow/Góry;064;Cottbus - Spree-Neiße
120715101341;Schmogrow-Fehrow/Smogorjow-Prjawoz;064;Cottbus - Spree-Neiße
120715101412;Werben/Wjerbno;064;Cottbus - Spree-Neiße
120715102044;Döbern/Derbno, Stadt;064;Cottbus - Spree-Neiße
120715102074;Felixsee/Feliksowy Jazor;064;Cottbus - Spree-Neiße
120715102153;Groß Schacksdorf-Simmersdorf;064;Cottbus - Spree-Neiße
120715102189;Jämlitz-Klein Düben;064;Cottbus - Spree-Neiße
120715102294;Neiße-Malxetal/Dolina Nysa-Małksa;064;Cottbus - Spree-Neiße
120715102392;Tschernitz/Cersk;064;Cottbus - Spree-Neiße
120715102414;Wiesengrund/Łukojce;064;Cottbus - Spree-Neiße
120715107052;Drachhausen/Hochoza;064;Cottbus - Spree-Neiße
120715107060;Drehnow/Drjenow;064;Cottbus - Spree-Neiße
120715107176;Heinersbrück/Móst;064;Cottbus - Spree-Neiße
120715107193;Jänschwalde/Janšojce;064;Cottbus - Spree-Neiße
120715107304;Peitz/Picnjo, Stadt;064;Cottbus - Spree-Neiße
120715107384;Tauer/Turjej;064;Cottbus - Spree-Neiße
120715107386;Teichland/Gatojce;064;Cottbus - Spree-Neiße
120715107401;Turnow-Preilack/Turnow-Psiłuk;064;Cottbus - Spree-Neiße
120720002002;Am Mellensee;062;Dahme-Spreewald - Teltow-Fläming III - Oberspreewald-Lausitz I
120720014014;Baruth/Mark, Stadt;062;Dahme-Spreewald - Teltow-Fläming III - Oberspreewald-Lausitz I
120720017017;Blankenfelde-Mahlow;062;Dahme-Spreewald - Teltow-Fläming III - Oberspreewald-Lausitz I
120720120120;Großbeeren;062;Dahme-Spreewald - Teltow-Fläming III - Oberspreewald-Lausitz I
120720169169;Jüterbog, Stadt;060;Brandenburg an der Havel - Potsdam-Mittelmark I - Havelland III - Teltow-Fläming I
120720232232;Luckenwalde, Stadt;062;Dahme-Spreewald - Teltow-Fläming III - Oberspreewald-Lausitz I
120720240240;Ludwigsfelde, Stadt;061;Potsdam - Potsdam-Mittelmark II - Teltow-Fläming II
120720297297;Niedergörsdorf;060;Brandenburg an der Havel - Potsdam-Mittelmark I - Havelland III - Teltow-Fläming I
120720312312;Nuthe-Urstromtal;062;Dahme-Spreewald - Teltow-Fläming III - Oberspreewald-Lausitz I
120720340340;Rangsdorf;062;Dahme-Spreewald - Teltow-Fläming III - Oberspreewald-Lausitz I
120720426426;Trebbin, Stadt;062;Dahme-Spreewald - Teltow-Fläming III - Oberspreewald-Lausitz I
120720477477;Zossen, Stadt;062;Dahme-Spreewald - Teltow-Fläming III - Oberspreewald-Lausitz I
120725204053;Dahme/Mark, Stadt;062;Dahme-Spreewald - Teltow-Fläming III - Oberspreewald-Lausitz I
120725204055;Dahmetal;062;Dahme-Spreewald - Teltow-Fläming III - Oberspreewald-Lausitz I
120725204157;Ihlow;062;Dahme-Spreewald - Teltow-Fläming III - Oberspreewald-Lausitz I
120725204298;Niederer Fläming;062;Dahme-Spreewald - Teltow-Fläming III - Oberspreewald-Lausitz I
120730008008;Angermünde, Stadt;057;Uckermark - Barnim I
120730069069;Boitzenburger Land;057;Uckermark - Barnim I
120730384384;Lychen, Stadt;057;Uckermark - Barnim I
120730429429;Nordwestuckermark;057;Uckermark - Barnim I
120730452452;Prenzlau, Stadt;057;Uckermark - Barnim I
120730532532;Schwedt/Oder, Stadt;057;Uckermark - Barnim I
120730572572;Templin, Stadt;057;Uckermark - Barnim I
120730579579;Uckerland;057;Uckermark - Barnim I
120735303085;Brüssow, Stadt;057;Uckermark - Barnim I
120735303093;Carmzow-Wallmow;057;Uckermark - Barnim I
120735303216;Göritz;057;Uckermark - Barnim I
120735303490;Schenkenberg;057;Uckermark - Barnim I
120735303520;Schönfeld;057;Uckermark - Barnim I
120735304097;Casekow;057;Uckermark - Barnim I
120735304189;Gartz (Oder), Stadt;057;Uckermark - Barnim I
120735304309;Hohenselchow-Groß Pinnow;057;Uckermark - Barnim I
120735304393;Mescherin;057;Uckermark - Barnim I
120735304565;Tantow;057;Uckermark - Barnim I
120735305157;Flieth-Stegelitz;057;Uckermark - Barnim I
120735305201;Gerswalde;057;Uckermark - Barnim I
120735305396;Milmersdorf;057;Uckermark - Barnim I
120735305404;Mittenwalde;057;Uckermark - Barnim I
120735305569;Temmen-Ringenwalde;057;Uckermark - Barnim I
120735306225;Gramzow;057;Uckermark - Barnim I
120735306261;Grünow;057;Uckermark - Barnim I
120735306430;Oberuckersee;057;Uckermark - Barnim I
120735306458;Randowtal;057;Uckermark - Barnim I
120735306578;Uckerfelde;057;Uckermark - Barnim I
120735306645;Zichow;057;Uckermark - Barnim I
120735310032;Berkholz-Meyenburg;057;Uckermark - Barnim I
120735310386;Mark Landin;057;Uckermark - Barnim I
120735310440;Pinnow;057;Uckermark - Barnim I
120735310505;Schöneberg;057;Uckermark - Barnim I
120735310603;Passow;057;Uckermark - Barnim I
130009999999;Küstengewässer einschl. Anteil am Festlandsockel;;
130030000000;Rostock, Hansestadt;014;Rostock - Landkreis Rostock II
130040000000;Schwerin, Landeshauptstadt;012;Schwerin - Ludwigslust-Parchim I - Nordwestmecklenburg I
130710027027;Dargun, Stadt;017;Mecklenburgische Seenplatte II - Landkreis Rostock III
130710029029;Demmin, Hansestadt;017;Mecklenburgische Seenplatte II - Landkreis Rostock III
130710033033;Feldberger Seenlandschaft;016;Mecklenburgische Seenplatte I - Vorpommern-Greifswald II
130710107107;Neubrandenburg, Stadt;016;Mecklenburgische Seenplatte I - Vorpommern-Greifswald II
130710110110;Neustrelitz, Stadt;017;Mecklenburgische Seenplatte II - Landkreis Rostock III
130710156156;Waren (Müritz), Stadt;017;Mecklenburgische Seenplatte II - Landkreis Rostock III
130715151008;Beggerow;017;Mecklenburgische Seenplatte II - Landkreis Rostock III
130715151014;Borrentin;017;Mecklenburgische Seenplatte II - Landkreis Rostock III
130715151064;Hohenbollentin;017;Mecklenburgische Seenplatte II - Landkreis Rostock III
130715151065;Hohenmocker;017;Mecklenburgische Seenplatte II - Landkreis Rostock III
130715151072;Kentzlin;017;Mecklenburgische Seenplatte II - Landkreis Rostock III
130715151076;Kletzin;017;Mecklenburgische Seenplatte II - Landkreis Rostock III
130715151089;Lindenberg;017;Mecklenburgische Seenplatte II - Landkreis Rostock III
130715151096;Meesiger;017;Mecklenburgische Seenplatte II - Landkreis Rostock III
130715151112;Nossendorf;017;Mecklenburgische Seenplatte II - Landkreis Rostock III
130715151128;Sarow;017;Mecklenburgische Seenplatte II - Landkreis Rostock III
130715151131;Schönfeld;017;Mecklenburgische Seenplatte II - Landkreis Rostock III
130715151136;Siedenbrünzow;017;Mecklenburgische Seenplatte II - Landkreis Rostock III
130715151139;Sommersdorf;017;Mecklenburgische Seenplatte II - Landkreis Rostock III
130715151148;Utzedel;017;Mecklenburgische Seenplatte II - Landkreis Rostock III
130715151150;Verchen;017;Mecklenburgische Seenplatte II - Landkreis Rostock III
130715151157;Warrenzin;017;Mecklenburgische Seenplatte II - Landkreis Rostock III
130715152028;Datzetal;016;Mecklenburgische Seenplatte I - Vorpommern-Greifswald II
130715152035;Friedland, Stadt;016;Mecklenburgische Seenplatte I - Vorpommern-Greifswald II
130715152037;Galenbeck;016;Mecklenburgische Seenplatte I - Vorpommern-Greifswald II
130715153007;Basedow;017;Mecklenburgische Seenplatte II - Landkreis Rostock III
130715153032;Faulenrost;017;Mecklenburgische Seenplatte II - Landkreis Rostock III
130715153039;Gielow;017;Mecklenburgische Seenplatte II - Landkreis Rostock III
130715153084;Kummerow;017;Mecklenburgische Seenplatte II - Landkreis Rostock III
130715153092;Malchin, Stadt;017;Mecklenburgische Seenplatte II - Landkreis Rostock III
130715153109;Neukalen, Stadt;017;Mecklenburgische Seenplatte II - Landkreis Rostock III
130715154001;Alt Schwerin;017;Mecklenburgische Seenplatte II - Landkreis Rostock III
130715154036;Fünfseen;017;Mecklenburgische Seenplatte II - Landkreis Rostock III
130715154043;Göhren-Lebbin;017;Mecklenburgische Seenplatte II - Landkreis Rostock III
130715154093;Malchow, Stadt;017;Mecklenburgische Seenplatte II - Landkreis Rostock III
130715154113;Nossentiner Hütte;017;Mecklenburgische Seenplatte II - Landkreis Rostock III
130715154114;Penkow;017;Mecklenburgische Seenplatte II - Landkreis Rostock III
130715154138;Silz;017;Mecklenburgische Seenplatte II - Landkreis Rostock III
130715154155;Walow;017;Mecklenburgische Seenplatte II - Landkreis Rostock III
130715154171;Zislow;017;Mecklenburgische Seenplatte II - Landkreis Rostock III
130715155099;Mirow, Stadt;017;Mecklenburgische Seenplatte II - Landkreis Rostock III
130715155119;Priepert;017;Mecklenburgische Seenplatte II - Landkreis Rostock III
130715155159;Wesenberg, Stadt;017;Mecklenburgische Seenplatte II - Landkreis Rostock III
130715155167;Wustrow;017;Mecklenburgische Seenplatte II - Landkreis Rostock III
130715156011;Blankensee;017;Mecklenburgische Seenplatte II - Landkreis Rostock III
130715156012;Blumenholz;017;Mecklenburgische Seenplatte II - Landkreis Rostock III
130715156025;Carpin;017;Mecklenburgische Seenplatte II - Landkreis Rostock III
130715156042;Godendorf;017;Mecklenburgische Seenplatte II - Landkreis Rostock III
130715156058;Grünow;017;Mecklenburgische Seenplatte II - Landkreis Rostock III
130715156066;Hohenzieritz;017;Mecklenburgische Seenplatte II - Landkreis Rostock III
130715156075;Klein Vielen;017;Mecklenburgische Seenplatte II - Landkreis Rostock III
130715156080;Kratzeburg;017;Mecklenburgische Seenplatte II - Landkreis Rostock III
130715156100;Möllenbeck;017;Mecklenburgische Seenplatte II - Landkreis Rostock III
130715156147;Userin;017;Mecklenburgische Seenplatte II - Landkreis Rostock III
130715156162;Wokuhl-Dabelow;017;Mecklenburgische Seenplatte II - Landkreis Rostock III
130715157009;Beseritz;016;Mecklenburgische Seenplatte I - Vorpommern-Greifswald II
130715157010;Blankenhof;016;Mecklenburgische Seenplatte I - Vorpommern-Greifswald II
130715157019;Brunn;016;Mecklenburgische Seenplatte I - Vorpommern-Greifswald II
130715157104;Neddemin;016;Mecklenburgische Seenplatte I - Vorpommern-Greifswald II
130715157108;Neuenkirchen;016;Mecklenburgische Seenplatte I - Vorpommern-Greifswald II
130715157111;Neverin;016;Mecklenburgische Seenplatte I - Vorpommern-Greifswald II
130715157140;Sponholz;016;Mecklenburgische Seenplatte I - Vorpommern-Greifswald II
130715157141;Staven;016;Mecklenburgische Seenplatte I - Vorpommern-Greifswald II
130715157145;Trollenhagen;016;Mecklenburgische Seenplatte I - Vorpommern-Greifswald II
130715157161;Woggersin;016;Mecklenburgische Seenplatte I - Vorpommern-Greifswald II
130715157166;Wulkenzin;016;Mecklenburgische Seenplatte I - Vorpommern-Greifswald II
130715157170;Zirzow;016;Mecklenburgische Seenplatte I - Vorpommern-Greifswald II
130715158005;Ankershagen;017;Mecklenburgische Seenplatte II - Landkreis Rostock III
130715158101;Möllenhagen;017;Mecklenburgische Seenplatte II - Landkreis Rostock III
130715158115;Penzlin, Stadt;017;Mecklenburgische Seenplatte II - Landkreis Rostock III
130715158173;Kuckssee;017;Mecklenburgische Seenplatte II - Landkreis Rostock III
130715159003;Altenhof;017;Mecklenburgische Seenplatte II - Landkreis Rostock III
130715159013;Bollewick;017;Mecklenburgische Seenplatte II - Landkreis Rostock III
130715159020;Buchholz;017;Mecklenburgische Seenplatte II - Landkreis Rostock III
130715159023;Bütow;017;Mecklenburgische Seenplatte II - Landkreis Rostock III
130715159034;Fincken;017;Mecklenburgische Seenplatte II - Landkreis Rostock III
130715159045;Gotthun;017;Mecklenburgische Seenplatte II - Landkreis Rostock III
130715159053;Groß Kelle;017;Mecklenburgische Seenplatte II - Landkreis Rostock III
130715159073;Kieve;017;Mecklenburgische Seenplatte II - Landkreis Rostock III
130715159087;Lärz;017;Mecklenburgische Seenplatte II - Landkreis Rostock III
130715159088;Leizen;017;Mecklenburgische Seenplatte II - Landkreis Rostock III
130715159097;Melz;017;Mecklenburgische Seenplatte II - Landkreis Rostock III
130715159118;Priborn;017;Mecklenburgische Seenplatte II - Landkreis Rostock III
130715159122;Rechlin;017;Mecklenburgische Seenplatte II - Landkreis Rostock III
130715159124;Röbel/Müritz, Stadt;017;Mecklenburgische Seenplatte II - Landkreis Rostock III
130715159133;Schwarz;017;Mecklenburgische Seenplatte II - Landkreis Rostock III
130715159137;Sietow;017;Mecklenburgische Seenplatte II - Landkreis Rostock III
130715159143;Stuer;017;Mecklenburgische Seenplatte II - Landkreis Rostock III
130715159175;Eldetal;017;Mecklenburgische Seenplatte II - Landkreis Rostock III
130715159176;Südmüritz;017;Mecklenburgische Seenplatte II - Landkreis Rostock III
130715160047;Grabowhöfe;017;Mecklenburgische Seenplatte II - Landkreis Rostock III
130715160056;Groß Plasten;017;Mecklenburgische Seenplatte II - Landkreis Rostock III
130715160063;Hohen Wangelin;017;Mecklenburgische Seenplatte II - Landkreis Rostock III
130715160069;Jabel;017;Mecklenburgische Seenplatte II - Landkreis Rostock III
130715160071;Kargow;017;Mecklenburgische Seenplatte II - Landkreis Rostock III
130715160077;Klink;017;Mecklenburgische Seenplatte II - Landkreis Rostock III
130715160078;Klocksin;017;Mecklenburgische Seenplatte II - Landkreis Rostock III
130715160103;Moltzow;017;Mecklenburgische Seenplatte II - Landkreis Rostock III
130715160144;Torgelow am See;017;Mecklenburgische Seenplatte II - Landkreis Rostock III
130715160154;Vollrathsruhe;017;Mecklenburgische Seenplatte II - Landkreis Rostock III
130715160172;Peenehagen;017;Mecklenburgische Seenplatte II - Landkreis Rostock III
130715160174;Schloen-Dratow;017;Mecklenburgische Seenplatte II - Landkreis Rostock III
130715161021;Burg Stargard, Stadt;016;Mecklenburgische Seenplatte I - Vorpommern-Greifswald II
130715161026;Cölpin;016;Mecklenburgische Seenplatte I - Vorpommern-Greifswald II
130715161055;Groß Nemerow;016;Mecklenburgische Seenplatte I - Vorpommern-Greifswald II
130715161067;Holldorf;016;Mecklenburgische Seenplatte I - Vorpommern-Greifswald II
130715161090;Lindetal;016;Mecklenburgische Seenplatte I - Vorpommern-Greifswald II
130715161117;Pragsdorf;016;Mecklenburgische Seenplatte I - Vorpommern-Greifswald II
130715162015;Bredenfelde;017;Mecklenburgische Seenplatte II - Landkreis Rostock III
130715162018;Briggow;017;Mecklenburgische Seenplatte II - Landkreis Rostock III
130715162048;Grammentin;017;Mecklenburgische Seenplatte II - Landkreis Rostock III
130715162060;Gülzow;017;Mecklenburgische Seenplatte II - Landkreis Rostock III
130715162068;Ivenack;017;Mecklenburgische Seenplatte II - Landkreis Rostock III
130715162070;Jürgenstorf;017;Mecklenburgische Seenplatte II - Landkreis Rostock III
130715162074;Kittendorf;017;Mecklenburgische Seenplatte II - Landkreis Rostock III
130715162079;Knorrendorf;017;Mecklenburgische Seenplatte II - Landkreis Rostock III
130715162102;Mölln;017;Mecklenburgische Seenplatte II - Landkreis Rostock III
130715162123;Ritzerow;017;Mecklenburgische Seenplatte II - Landkreis Rostock III
130715162127;Rosenow;017;Mecklenburgische Seenplatte II - Landkreis Rostock III
130715162142;Stavenhagen, Reuterstadt, Stadt;017;Mecklenburgische Seenplatte II - Landkreis Rostock III
130715162169;Zettemin;017;Mecklenburgische Seenplatte II - Landkreis Rostock III
130715163002;Altenhagen;017;Mecklenburgische Seenplatte II - Landkreis Rostock III
130715163004;Altentreptow, Stadt;017;Mecklenburgische Seenplatte II - Landkreis Rostock III
130715163006;Bartow;017;Mecklenburgische Seenplatte II - Landkreis Rostock III
130715163016;Breesen;017;Mecklenburgische Seenplatte II - Landkreis Rostock III
130715163017;Breest;017;Mecklenburgische Seenplatte II - Landkreis Rostock III
130715163022;Burow;017;Mecklenburgische Seenplatte II - Landkreis Rostock III
130715163041;Gnevkow;017;Mecklenburgische Seenplatte II - Landkreis Rostock III
130715163044;Golchen;017;Mecklenburgische Seenplatte II - Landkreis Rostock III
130715163049;Grapzow;017;Mecklenburgische Seenplatte II - Landkreis Rostock III
130715163050;Grischow;017;Mecklenburgische Seenplatte II - Landkreis Rostock III
130715163057;Groß Teetzleben;017;Mecklenburgische Seenplatte II - Landkreis Rostock III
130715163059;Gültz;017;Mecklenburgische Seenplatte II - Landkreis Rostock III
130715163081;Kriesow;017;Mecklenburgische Seenplatte II - Landkreis Rostock III
130715163120;Pripsleben;017;Mecklenburgische Seenplatte II - Landkreis Rostock III
130715163125;Röckwitz;017;Mecklenburgische Seenplatte II - Landkreis Rostock III
130715163135;Siedenbollentin;017;Mecklenburgische Seenplatte II - Landkreis Rostock III
130715163146;Tützpatz;017;Mecklenburgische Seenplatte II - Landkreis Rostock III
130715163158;Werder;017;Mecklenburgische Seenplatte II - Landkreis Rostock III
130715163160;Wildberg;017;Mecklenburgische Seenplatte II - Landkreis Rostock III
130715163163;Wolde;017;Mecklenburgische Seenplatte II - Landkreis Rostock III
130715164054;Groß Miltzow;016;Mecklenburgische Seenplatte I - Vorpommern-Greifswald II
130715164083;Kublank;016;Mecklenburgische Seenplatte I - Vorpommern-Greifswald II
130715164105;Neetzka;016;Mecklenburgische Seenplatte I - Vorpommern-Greifswald II
130715164130;Schönbeck;016;Mecklenburgische Seenplatte I - Vorpommern-Greifswald II
130715164132;Schönhausen;016;Mecklenburgische Seenplatte I - Vorpommern-Greifswald II
130715164153;Voigtsdorf;016;Mecklenburgische Seenplatte I - Vorpommern-Greifswald II
130715164164;Woldegk, Stadt;016;Mecklenburgische Seenplatte I - Vorpommern-Greifswald II
130720006006;Bad Doberan, Stadt;013;Ludwigslust-Parchim II - Nordwestmecklenburg II - Landkreis Rostock I
130720029029;Dummerstorf;014;Rostock - Landkreis Rostock II
130720036036;Graal-Müritz;014;Rostock - Landkreis Rostock II
130720043043;Güstrow, Stadt;017;Mecklenburgische Seenplatte II - Landkreis Rostock III
130720058058;Kröpelin, Stadt;013;Ludwigslust-Parchim II - Nordwestmecklenburg II - Landkreis Rostock I
130720060060;Kühlungsborn, Stadt;013;Ludwigslust-Parchim II - Nordwestmecklenburg II - Landkreis Rostock I
130720074074;Neubukow, Stadt;013;Ludwigslust-Parchim II - Nordwestmecklenburg II - Landkreis Rostock I
130720091091;Sanitz;014;Rostock - Landkreis Rostock II
130720093093;Satow;013;Ludwigslust-Parchim II - Nordwestmecklenburg II - Landkreis Rostock I
130720106106;Teterow, Stadt;017;Mecklenburgische Seenplatte II - Landkreis Rostock III
130725251001;Admannshagen-Bargeshagen;013;Ludwigslust-Parchim II - Nordwestmecklenburg II - Landkreis Rostock I
130725251007;Bartenshagen-Parkentin;013;Ludwigslust-Parchim II - Nordwestmecklenburg II - Landkreis Rostock I
130725251017;Börgerende-Rethwisch;013;Ludwigslust-Parchim II - Nordwestmecklenburg II - Landkreis Rostock I
130725251047;Hohenfelde;013;Ludwigslust-Parchim II - Nordwestmecklenburg II - Landkreis Rostock I
130725251075;Nienhagen;013;Ludwigslust-Parchim II - Nordwestmecklenburg II - Landkreis Rostock I
130725251083;Reddelich;013;Ludwigslust-Parchim II - Nordwestmecklenburg II - Landkreis Rostock I
130725251086;Retschow;013;Ludwigslust-Parchim II - Nordwestmecklenburg II - Landkreis Rostock I
130725251099;Steffenshagen;013;Ludwigslust-Parchim II - Nordwestmecklenburg II - Landkreis Rostock I
130725251117;Wittenbeck;013;Ludwigslust-Parchim II - Nordwestmecklenburg II - Landkreis Rostock I
130725252009;Baumgarten;017;Mecklenburgische Seenplatte II - Landkreis Rostock III
130725252013;Bernitt;017;Mecklenburgische Seenplatte II - Landkreis Rostock III
130725252020;Bützow, Stadt;017;Mecklenburgische Seenplatte II - Landkreis Rostock III
130725252028;Dreetz;017;Mecklenburgische Seenplatte II - Landkreis Rostock III
130725252050;Jürgenshagen;017;Mecklenburgische Seenplatte II - Landkreis Rostock III
130725252053;Klein Belitz;017;Mecklenburgische Seenplatte II - Landkreis Rostock III
130725252078;Penzin;017;Mecklenburgische Seenplatte II - Landkreis Rostock III
130725252089;Rühn;017;Mecklenburgische Seenplatte II - Landkreis Rostock III
130725252101;Steinhagen;017;Mecklenburgische Seenplatte II - Landkreis Rostock III
130725252104;Tarnow;017;Mecklenburgische Seenplatte II - Landkreis Rostock III
130725252114;Warnow;017;Mecklenburgische Seenplatte II - Landkreis Rostock III
130725252120;Zepelin;017;Mecklenburgische Seenplatte II - Landkreis Rostock III
130725253019;Broderstorf;014;Rostock - Landkreis Rostock II
130725253081;Poppendorf;014;Rostock - Landkreis Rostock II
130725253087;Roggentin;014;Rostock - Landkreis Rostock II
130725253108;Thulendorf;014;Rostock - Landkreis Rostock II
130725254004;Altkalen;017;Mecklenburgische Seenplatte II - Landkreis Rostock III
130725254010;Behren-Lübchin;017;Mecklenburgische Seenplatte II - Landkreis Rostock III
130725254031;Finkenthal;017;Mecklenburgische Seenplatte II - Landkreis Rostock III
130725254035;Gnoien, Stadt;017;Mecklenburgische Seenplatte II - Landkreis Rostock III
130725254111;Walkendorf;017;Mecklenburgische Seenplatte II - Landkreis Rostock III
130725255033;Glasewitz;017;Mecklenburgische Seenplatte II - Landkreis Rostock III
130725255039;Groß Schwiesow;017;Mecklenburgische Seenplatte II - Landkreis Rostock III
130725255042;Gülzow-Prüzen;017;Mecklenburgische Seenplatte II - Landkreis Rostock III
130725255044;Gutow;017;Mecklenburgische Seenplatte II - Landkreis Rostock III
130725255055;Klein Upahl;017;Mecklenburgische Seenplatte II - Landkreis Rostock III
130725255061;Kuhs;017;Mecklenburgische Seenplatte II - Landkreis Rostock III
130725255067;Lohmen;017;Mecklenburgische Seenplatte II - Landkreis Rostock III
130725255069;Lüssow;017;Mecklenburgische Seenplatte II - Landkreis Rostock III
130725255071;Mistorf;017;Mecklenburgische Seenplatte II - Landkreis Rostock III
130725255073;Mühl Rosin;017;Mecklenburgische Seenplatte II - Landkreis Rostock III
130725255079;Plaaz;017;Mecklenburgische Seenplatte II - Landkreis Rostock III
130725255084;Reimershagen;017;Mecklenburgische Seenplatte II - Landkreis Rostock III
130725255092;Sarmstorf;017;Mecklenburgische Seenplatte II - Landkreis Rostock III
130725255119;Zehna;017;Mecklenburgische Seenplatte II - Landkreis Rostock III
130725256026;Dobbin-Linstow;017;Mecklenburgische Seenplatte II - Landkreis Rostock III
130725256048;Hoppenrade;017;Mecklenburgische Seenplatte II - Landkreis Rostock III
130725256056;Krakow am See, Stadt;017;Mecklenburgische Seenplatte II - Landkreis Rostock III
130725256059;Kuchelmiß;017;Mecklenburgische Seenplatte II - Landkreis Rostock III
130725256063;Lalendorf;017;Mecklenburgische Seenplatte II - Landkreis Rostock III
130725257027;Dolgen am See;017;Mecklenburgische Seenplatte II - Landkreis Rostock III
130725257046;Hohen Sprenz;017;Mecklenburgische Seenplatte II - Landkreis Rostock III
130725257062;Laage, Stadt;017;Mecklenburgische Seenplatte II - Landkreis Rostock III
130725257112;Wardow;017;Mecklenburgische Seenplatte II - Landkreis Rostock III
130725258003;Alt Sührkow;017;Mecklenburgische Seenplatte II - Landkreis Rostock III
130725258023;Dahmen;017;Mecklenburgische Seenplatte II - Landkreis Rostock III
130725258024;Dalkendorf;017;Mecklenburgische Seenplatte II - Landkreis Rostock III
130725258038;Groß Roge;017;Mecklenburgische Seenplatte II - Landkreis Rostock III
130725258040;Groß Wokern;017;Mecklenburgische Seenplatte II - Landkreis Rostock III
130725258041;Groß Wüstenfelde;017;Mecklenburgische Seenplatte II - Landkreis Rostock III
130725258045;Hohen Demzin;017;Mecklenburgische Seenplatte II - Landkreis Rostock III
130725258049;Jördenstorf;017;Mecklenburgische Seenplatte II - Landkreis Rostock III
130725258066;Lelkendorf;017;Mecklenburgische Seenplatte II - Landkreis Rostock III
130725258082;Prebberede;017;Mecklenburgische Seenplatte II - Landkreis Rostock III
130725258094;Schorssow;017;Mecklenburgische Seenplatte II - Landkreis Rostock III
130725258096;Schwasdorf;017;Mecklenburgische Seenplatte II - Landkreis Rostock III
130725258103;Sukow-Levitzow;017;Mecklenburgische Seenplatte II - Landkreis Rostock III
130725258109;Thürkow;017;Mecklenburgische Seenplatte II - Landkreis Rostock III
130725258113;Warnkenhagen;017;Mecklenburgische Seenplatte II - Landkreis Rostock III
130725259002;Alt Bukow;013;Ludwigslust-Parchim II - Nordwestmecklenburg II - Landkreis Rostock I
130725259005;Am Salzhaff;013;Ludwigslust-Parchim II - Nordwestmecklenburg II - Landkreis Rostock I
130725259008;Bastorf;013;Ludwigslust-Parchim II - Nordwestmecklenburg II - Landkreis Rostock I
130725259014;Biendorf;013;Ludwigslust-Parchim II - Nordwestmecklenburg II - Landkreis Rostock I
130725259022;Carinerland;013;Ludwigslust-Parchim II - Nordwestmecklenburg II - Landkreis Rostock I
130725259085;Rerik, Stadt;013;Ludwigslust-Parchim II - Nordwestmecklenburg II - Landkreis Rostock I
130725260012;Bentwisch;014;Rostock - Landkreis Rostock II
130725260015;Blankenhagen;014;Rostock - Landkreis Rostock II
130725260032;Gelbensande;014;Rostock - Landkreis Rostock II
130725260072;Mönchhagen;014;Rostock - Landkreis Rostock II
130725260088;Rövershagen;014;Rostock - Landkreis Rostock II
130725261011;Benitz;014;Rostock - Landkreis Rostock II
130725261018;Bröbberow;014;Rostock - Landkreis Rostock II
130725261051;Kassow;014;Rostock - Landkreis Rostock II
130725261090;Rukieten;014;Rostock - Landkreis Rostock II
130725261095;Schwaan, Stadt;014;Rostock - Landkreis Rostock II
130725261110;Vorbeck;014;Rostock - Landkreis Rostock II
130725261116;Wiendorf;014;Rostock - Landkreis Rostock II
130725262021;Cammin;014;Rostock - Landkreis Rostock II
130725262034;Gnewitz;014;Rostock - Landkreis Rostock II
130725262037;Grammow;014;Rostock - Landkreis Rostock II
130725262076;Nustrow;014;Rostock - Landkreis Rostock II
130725262097;Selpin;014;Rostock - Landkreis Rostock II
130725262102;Stubbendorf;014;Rostock - Landkreis Rostock II
130725262105;Tessin, Stadt;014;Rostock - Landkreis Rostock II
130725262107;Thelkow;014;Rostock - Landkreis Rostock II
130725262118;Zarnewanz;014;Rostock - Landkreis Rostock II
130725263030;Elmenhorst/Lichtenhagen;014;Rostock - Landkreis Rostock II
130725263057;Kritzmow;014;Rostock - Landkreis Rostock II
130725263064;Lambrechtshagen;014;Rostock - Landkreis Rostock II
130725263077;Papendorf;014;Rostock - Landkreis Rostock II
130725263080;Pölchow;014;Rostock - Landkreis Rostock II
130725263098;Stäbelow;014;Rostock - Landkreis Rostock II
130725263121;Ziesendorf;014;Rostock - Landkreis Rostock II
130730011011;Binz;015;Vorpommern-Rügen - Vorpommern-Greifswald I
130730035035;Grimmen, Stadt;015;Vorpommern-Rügen - Vorpommern-Greifswald I
130730055055;Marlow, Stadt;015;Vorpommern-Rügen - Vorpommern-Greifswald I
130730070070;Putbus, Stadt;015;Vorpommern-Rügen - Vorpommern-Greifswald I
130730080080;Sassnitz, Stadt;015;Vorpommern-Rügen - Vorpommern-Greifswald I
130730088088;Stralsund, Hansestadt;015;Vorpommern-Rügen - Vorpommern-Greifswald I
130730089089;Süderholz;015;Vorpommern-Rügen - Vorpommern-Greifswald I
130730105105;Zingst;015;Vorpommern-Rügen - Vorpommern-Greifswald I
130735351005;Altenpleen;015;Vorpommern-Rügen - Vorpommern-Greifswald I
130735351037;Groß Mohrdorf;015;Vorpommern-Rügen - Vorpommern-Greifswald I
130735351044;Klausdorf;015;Vorpommern-Rügen - Vorpommern-Greifswald I
130735351046;Kramerhof;015;Vorpommern-Rügen - Vorpommern-Greifswald I
130735351066;Preetz;015;Vorpommern-Rügen - Vorpommern-Greifswald I
130735351068;Prohn;015;Vorpommern-Rügen - Vorpommern-Greifswald I
130735352009;Barth, Stadt;015;Vorpommern-Rügen - Vorpommern-Greifswald I
130735352018;Divitz-Spoldershagen;015;Vorpommern-Rügen - Vorpommern-Greifswald I
130735352025;Fuhlendorf;015;Vorpommern-Rügen - Vorpommern-Greifswald I
130735352042;Karnin;015;Vorpommern-Rügen - Vorpommern-Greifswald I
130735352043;Kenz-Küstrow;015;Vorpommern-Rügen - Vorpommern-Greifswald I
130735352051;Löbnitz;015;Vorpommern-Rügen - Vorpommern-Greifswald I
130735352053;Lüdershagen;015;Vorpommern-Rügen - Vorpommern-Greifswald I
130735352069;Pruchten;015;Vorpommern-Rügen - Vorpommern-Greifswald I
130735352077;Saal;015;Vorpommern-Rügen - Vorpommern-Greifswald I
130735352094;Trinwillershagen;015;Vorpommern-Rügen - Vorpommern-Greifswald I
130735353010;Bergen auf Rügen, Stadt;015;Vorpommern-Rügen - Vorpommern-Greifswald I
130735353014;Buschvitz;015;Vorpommern-Rügen - Vorpommern-Greifswald I
130735353027;Garz/Rügen, Stadt;015;Vorpommern-Rügen - Vorpommern-Greifswald I
130735353038;Gustow;015;Vorpommern-Rügen - Vorpommern-Greifswald I
130735353049;Lietzow;015;Vorpommern-Rügen - Vorpommern-Greifswald I
130735353063;Parchtitz;015;Vorpommern-Rügen - Vorpommern-Greifswald I
130735353064;Patzig;015;Vorpommern-Rügen - Vorpommern-Greifswald I
130735353065;Poseritz;015;Vorpommern-Rügen - Vorpommern-Greifswald I
130735353072;Ralswiek;015;Vorpommern-Rügen - Vorpommern-Greifswald I
130735353074;Rappin;015;Vorpommern-Rügen - Vorpommern-Greifswald I
130735353083;Sehlen;015;Vorpommern-Rügen - Vorpommern-Greifswald I
130735354002;Ahrenshoop;015;Vorpommern-Rügen - Vorpommern-Greifswald I
130735354012;Born a. Darß;015;Vorpommern-Rügen - Vorpommern-Greifswald I
130735354017;Dierhagen;015;Vorpommern-Rügen - Vorpommern-Greifswald I
130735354067;Prerow;015;Vorpommern-Rügen - Vorpommern-Greifswald I
130735354100;Wieck a. Darß;015;Vorpommern-Rügen - Vorpommern-Greifswald I
130735354103;Wustrow;015;Vorpommern-Rügen - Vorpommern-Greifswald I
130735355024;Franzburg, Stadt;015;Vorpommern-Rügen - Vorpommern-Greifswald I
130735355029;Glewitz;015;Vorpommern-Rügen - Vorpommern-Greifswald I
130735355034;Gremersdorf-Buchholz;015;Vorpommern-Rügen - Vorpommern-Greifswald I
130735355057;Millienhagen-Oebelitz;015;Vorpommern-Rügen - Vorpommern-Greifswald I
130735355062;Papenhagen;015;Vorpommern-Rügen - Vorpommern-Greifswald I
130735355076;Richtenberg, Stadt;015;Vorpommern-Rügen - Vorpommern-Greifswald I
130735355086;Splietsdorf;015;Vorpommern-Rügen - Vorpommern-Greifswald I
130735355096;Velgast;015;Vorpommern-Rügen - Vorpommern-Greifswald I
130735355097;Weitenhagen;015;Vorpommern-Rügen - Vorpommern-Greifswald I
130735355098;Wendisch Baggendorf;015;Vorpommern-Rügen - Vorpommern-Greifswald I
130735356023;Elmenhorst;015;Vorpommern-Rügen - Vorpommern-Greifswald I
130735356090;Sundhagen;015;Vorpommern-Rügen - Vorpommern-Greifswald I
130735356102;Wittenhagen;015;Vorpommern-Rügen - Vorpommern-Greifswald I
130735357006;Baabe;015;Vorpommern-Rügen - Vorpommern-Greifswald I
130735357031;Göhren;015;Vorpommern-Rügen - Vorpommern-Greifswald I
130735357048;Lancken-Granitz;015;Vorpommern-Rügen - Vorpommern-Greifswald I
130735357084;Sellin;015;Vorpommern-Rügen - Vorpommern-Greifswald I
130735357106;Zirkow;015;Vorpommern-Rügen - Vorpommern-Greifswald I
130735357107;Mönchgut;015;Vorpommern-Rügen - Vorpommern-Greifswald I
130735358036;Groß Kordshagen;015;Vorpommern-Rügen - Vorpommern-Greifswald I
130735358041;Jakobsdorf;015;Vorpommern-Rügen - Vorpommern-Greifswald I
130735358054;Lüssow;015;Vorpommern-Rügen - Vorpommern-Greifswald I
130735358060;Niepars;015;Vorpommern-Rügen - Vorpommern-Greifswald I
130735358061;Pantelitz;015;Vorpommern-Rügen - Vorpommern-Greifswald I
130735358087;Steinhagen;015;Vorpommern-Rügen - Vorpommern-Greifswald I
130735358099;Wendorf;015;Vorpommern-Rügen - Vorpommern-Greifswald I
130735358104;Zarrendorf;015;Vorpommern-Rügen - Vorpommern-Greifswald I
130735359004;Altenkirchen;015;Vorpommern-Rügen - Vorpommern-Greifswald I
130735359013;Breege;015;Vorpommern-Rügen - Vorpommern-Greifswald I
130735359019;Dranske;015;Vorpommern-Rügen - Vorpommern-Greifswald I
130735359030;Glowe;015;Vorpommern-Rügen - Vorpommern-Greifswald I
130735359052;Lohme;015;Vorpommern-Rügen - Vorpommern-Greifswald I
130735359071;Putgarten;015;Vorpommern-Rügen - Vorpommern-Greifswald I
130735359078;Sagard;015;Vorpommern-Rügen - Vorpommern-Greifswald I
130735359101;Wiek;015;Vorpommern-Rügen - Vorpommern-Greifswald I
130735360007;Bad Sülze, Stadt;015;Vorpommern-Rügen - Vorpommern-Greifswald I
130735360015;Dettmannsdorf;015;Vorpommern-Rügen - Vorpommern-Greifswald I
130735360016;Deyelsdorf;015;Vorpommern-Rügen - Vorpommern-Greifswald I
130735360020;Drechow;015;Vorpommern-Rügen - Vorpommern-Greifswald I
130735360022;Eixen;015;Vorpommern-Rügen - Vorpommern-Greifswald I
130735360032;Grammendorf;015;Vorpommern-Rügen - Vorpommern-Greifswald I
130735360033;Gransebieth;015;Vorpommern-Rügen - Vorpommern-Greifswald I
130735360039;Hugoldsdorf;015;Vorpommern-Rügen - Vorpommern-Greifswald I
130735360050;Lindholz;015;Vorpommern-Rügen - Vorpommern-Greifswald I
130735360093;Tribsees, Stadt;015;Vorpommern-Rügen - Vorpommern-Greifswald I
130735361001;Ahrenshagen-Daskow;015;Vorpommern-Rügen - Vorpommern-Greifswald I
130735361075;Ribnitz-Damgarten, Stadt;015;Vorpommern-Rügen - Vorpommern-Greifswald I
130735361082;Schlemmin;015;Vorpommern-Rügen - Vorpommern-Greifswald I
130735361085;Semlow;015;Vorpommern-Rügen - Vorpommern-Greifswald I
130735362003;Altefähr;015;Vorpommern-Rügen - Vorpommern-Greifswald I
130735362021;Dreschvitz;015;Vorpommern-Rügen - Vorpommern-Greifswald I
130735362028;Gingst;015;Vorpommern-Rügen - Vorpommern-Greifswald I
130735362040;Insel Hiddensee;015;Vorpommern-Rügen - Vorpommern-Greifswald I
130735362045;Kluis;015;Vorpommern-Rügen - Vorpommern-Greifswald I
130735362059;Neuenkirchen;015;Vorpommern-Rügen - Vorpommern-Greifswald I
130735362073;Rambin;015;Vorpommern-Rügen - Vorpommern-Greifswald I
130735362079;Samtens;015;Vorpommern-Rügen - Vorpommern-Greifswald I
130735362081;Schaprode;015;Vorpommern-Rügen - Vorpommern-Greifswald I
130735362092;Trent;015;Vorpommern-Rügen - Vorpommern-Greifswald I
130735362095;Ummanz;015;Vorpommern-Rügen - Vorpommern-Greifswald I
130740026026;Grevesmühlen, Stadt;013;Ludwigslust-Parchim II - Nordwestmecklenburg II - Landkreis Rostock I
130740035035;Insel Poel;013;Ludwigslust-Parchim II - Nordwestmecklenburg II - Landkreis Rostock I
130740087087;Wismar, Hansestadt;013;Ludwigslust-Parchim II - Nordwestmecklenburg II - Landkreis Rostock I
130745451002;Bad Kleinen;013;Ludwigslust-Parchim II - Nordwestmecklenburg II - Landkreis Rostock I
130745451003;Barnekow;013;Ludwigslust-Parchim II - Nordwestmecklenburg II - Landkreis Rostock I
130745451008;Bobitz;013;Ludwigslust-Parchim II - Nordwestmecklenburg II - Landkreis Rostock I
130745451019;Dorf Mecklenburg;013;Ludwigslust-Parchim II - Nordwestmecklenburg II - Landkreis Rostock I
130745451030;Groß Stieten;013;Ludwigslust-Parchim II - Nordwestmecklenburg II - Landkreis Rostock I
130745451031;Hohen Viecheln;013;Ludwigslust-Parchim II - Nordwestmecklenburg II - Landkreis Rostock I
130745451047;Lübow;013;Ludwigslust-Parchim II - Nordwestmecklenburg II - Landkreis Rostock I
130745451053;Metelsdorf;013;Ludwigslust-Parchim II - Nordwestmecklenburg II - Landkreis Rostock I
130745451082;Ventschow;013;Ludwigslust-Parchim II - Nordwestmecklenburg II - Landkreis Rostock I
130745452020;Dragun;012;Schwerin - Ludwigslust-Parchim I - Nordwestmecklenburg I
130745452021;Gadebusch, Stadt;012;Schwerin - Ludwigslust-Parchim I - Nordwestmecklenburg I
130745452040;Kneese;012;Schwerin - Ludwigslust-Parchim I - Nordwestmecklenburg I
130745452043;Krembz;012;Schwerin - Ludwigslust-Parchim I - Nordwestmecklenburg I
130745452054;Mühlen Eichsen;012;Schwerin - Ludwigslust-Parchim I - Nordwestmecklenburg I
130745452068;Roggendorf;012;Schwerin - Ludwigslust-Parchim I - Nordwestmecklenburg I
130745452070;Rögnitz;012;Schwerin - Ludwigslust-Parchim I - Nordwestmecklenburg I
130745452081;Veelböken;012;Schwerin - Ludwigslust-Parchim I - Nordwestmecklenburg I
130745453005;Bernstorf;013;Ludwigslust-Parchim II - Nordwestmecklenburg II - Landkreis Rostock I
130745453022;Gägelow;013;Ludwigslust-Parchim II - Nordwestmecklenburg II - Landkreis Rostock I
130745453069;Roggenstorf;013;Ludwigslust-Parchim II - Nordwestmecklenburg II - Landkreis Rostock I
130745453071;Rüting;013;Ludwigslust-Parchim II - Nordwestmecklenburg II - Landkreis Rostock I
130745453077;Testorf-Steinfort;013;Ludwigslust-Parchim II - Nordwestmecklenburg II - Landkreis Rostock I
130745453079;Upahl;013;Ludwigslust-Parchim II - Nordwestmecklenburg II - Landkreis Rostock I
130745453085;Warnow;013;Ludwigslust-Parchim II - Nordwestmecklenburg II - Landkreis Rostock I
130745453093;Stepenitztal;013;Ludwigslust-Parchim II - Nordwestmecklenburg II - Landkreis Rostock I
130745454010;Boltenhagen;013;Ludwigslust-Parchim II - Nordwestmecklenburg II - Landkreis Rostock I
130745454016;Damshagen;013;Ludwigslust-Parchim II - Nordwestmecklenburg II - Landkreis Rostock I
130745454032;Hohenkirchen;013;Ludwigslust-Parchim II - Nordwestmecklenburg II - Landkreis Rostock I
130745454037;Kalkhorst;013;Ludwigslust-Parchim II - Nordwestmecklenburg II - Landkreis Rostock I
130745454039;Klütz, Stadt;013;Ludwigslust-Parchim II - Nordwestmecklenburg II - Landkreis Rostock I
130745454089;Zierow;013;Ludwigslust-Parchim II - Nordwestmecklenburg II - Landkreis Rostock I
130745455001;Alt Meteln;012;Schwerin - Ludwigslust-Parchim I - Nordwestmecklenburg I
130745455012;Brüsewitz;012;Schwerin - Ludwigslust-Parchim I - Nordwestmecklenburg I
130745455014;Cramonshagen;012;Schwerin - Ludwigslust-Parchim I - Nordwestmecklenburg I
130745455015;Dalberg-Wendelstorf;012;Schwerin - Ludwigslust-Parchim I - Nordwestmecklenburg I
130745455024;Gottesgabe;012;Schwerin - Ludwigslust-Parchim I - Nordwestmecklenburg I
130745455025;Grambow;012;Schwerin - Ludwigslust-Parchim I - Nordwestmecklenburg I
130745455038;Klein Trebbow;012;Schwerin - Ludwigslust-Parchim I - Nordwestmecklenburg I
130745455048;Lübstorf;012;Schwerin - Ludwigslust-Parchim I - Nordwestmecklenburg I
130745455050;Lützow;012;Schwerin - Ludwigslust-Parchim I - Nordwestmecklenburg I
130745455061;Perlin;012;Schwerin - Ludwigslust-Parchim I - Nordwestmecklenburg I
130745455062;Pingelshagen;012;Schwerin - Ludwigslust-Parchim I - Nordwestmecklenburg I
130745455064;Pokrent;012;Schwerin - Ludwigslust-Parchim I - Nordwestmecklenburg I
130745455072;Schildetal;012;Schwerin - Ludwigslust-Parchim I - Nordwestmecklenburg I
130745455075;Seehof;012;Schwerin - Ludwigslust-Parchim I - Nordwestmecklenburg I
130745455088;Zickhusen;012;Schwerin - Ludwigslust-Parchim I - Nordwestmecklenburg I
130745456004;Benz;013;Ludwigslust-Parchim II - Nordwestmecklenburg II - Landkreis Rostock I
130745456007;Blowatz;013;Ludwigslust-Parchim II - Nordwestmecklenburg II - Landkreis Rostock I
130745456009;Boiensdorf;013;Ludwigslust-Parchim II - Nordwestmecklenburg II - Landkreis Rostock I
130745456034;Hornstorf;013;Ludwigslust-Parchim II - Nordwestmecklenburg II - Landkreis Rostock I
130745456044;Krusenhagen;013;Ludwigslust-Parchim II - Nordwestmecklenburg II - Landkreis Rostock I
130745456056;Neuburg;013;Ludwigslust-Parchim II - Nordwestmecklenburg II - Landkreis Rostock I
130745457006;Bibow;013;Ludwigslust-Parchim II - Nordwestmecklenburg II - Landkreis Rostock I
130745457023;Glasin;013;Ludwigslust-Parchim II - Nordwestmecklenburg II - Landkreis Rostock I
130745457036;Jesendorf;013;Ludwigslust-Parchim II - Nordwestmecklenburg II - Landkreis Rostock I
130745457046;Lübberstorf;013;Ludwigslust-Parchim II - Nordwestmecklenburg II - Landkreis Rostock I
130745457057;Neukloster, Stadt;013;Ludwigslust-Parchim II - Nordwestmecklenburg II - Landkreis Rostock I
130745457060;Passee;013;Ludwigslust-Parchim II - Nordwestmecklenburg II - Landkreis Rostock I
130745457084;Warin, Stadt;013;Ludwigslust-Parchim II - Nordwestmecklenburg II - Landkreis Rostock I
130745457090;Zurow;013;Ludwigslust-Parchim II - Nordwestmecklenburg II - Landkreis Rostock I
130745457091;Züsow;013;Ludwigslust-Parchim II - Nordwestmecklenburg II - Landkreis Rostock I
130745458013;Carlow;012;Schwerin - Ludwigslust-Parchim I - Nordwestmecklenburg I
130745458018;Dechow;012;Schwerin - Ludwigslust-Parchim I - Nordwestmecklenburg I
130745458028;Groß Molzahn;012;Schwerin - Ludwigslust-Parchim I - Nordwestmecklenburg I
130745458033;Holdorf;012;Schwerin - Ludwigslust-Parchim I - Nordwestmecklenburg I
130745458042;Königsfeld;012;Schwerin - Ludwigslust-Parchim I - Nordwestmecklenburg I
130745458065;Rehna, Stadt;012;Schwerin - Ludwigslust-Parchim I - Nordwestmecklenburg I
130745458066;Rieps;012;Schwerin - Ludwigslust-Parchim I - Nordwestmecklenburg I
130745458073;Schlagsdorf;012;Schwerin - Ludwigslust-Parchim I - Nordwestmecklenburg I
130745458078;Thandorf;012;Schwerin - Ludwigslust-Parchim I - Nordwestmecklenburg I
130745458080;Utecht;012;Schwerin - Ludwigslust-Parchim I - Nordwestmecklenburg I
130745458092;Wedendorfersee;012;Schwerin - Ludwigslust-Parchim I - Nordwestmecklenburg I
130745459017;Dassow, Stadt;012;Schwerin - Ludwigslust-Parchim I - Nordwestmecklenburg I
130745459027;Grieben;012;Schwerin - Ludwigslust-Parchim I - Nordwestmecklenburg I
130745459049;Lüdersdorf;012;Schwerin - Ludwigslust-Parchim I - Nordwestmecklenburg I
130745459052;Menzendorf;012;Schwerin - Ludwigslust-Parchim I - Nordwestmecklenburg I
130745459067;Roduchelstorf;012;Schwerin - Ludwigslust-Parchim I - Nordwestmecklenburg I
130745459074;Schönberg, Stadt;012;Schwerin - Ludwigslust-Parchim I - Nordwestmecklenburg I
130745459076;Selmsdorf;012;Schwerin - Ludwigslust-Parchim I - Nordwestmecklenburg I
130745459094;Siemz-Niendorf;012;Schwerin - Ludwigslust-Parchim I - Nordwestmecklenburg I
130750005005;Anklam, Stadt;016;Mecklenburgische Seenplatte I - Vorpommern-Greifswald II
130750039039;Greifswald, Hansestadt;015;Vorpommern-Rügen - Vorpommern-Greifswald I
130750049049;Heringsdorf;016;Mecklenburgische Seenplatte I - Vorpommern-Greifswald II
130750105105;Pasewalk, Stadt;016;Mecklenburgische Seenplatte I - Vorpommern-Greifswald II
130750130130;Strasburg (Uckermark), Stadt;016;Mecklenburgische Seenplatte I - Vorpommern-Greifswald II
130750136136;Ueckermünde, Stadt;016;Mecklenburgische Seenplatte I - Vorpommern-Greifswald II
130755551021;Buggenhagen;016;Mecklenburgische Seenplatte I - Vorpommern-Greifswald II
130755551072;Krummin;016;Mecklenburgische Seenplatte I - Vorpommern-Greifswald II
130755551074;Lassan, Stadt;016;Mecklenburgische Seenplatte I - Vorpommern-Greifswald II
130755551087;Lütow;016;Mecklenburgische Seenplatte I - Vorpommern-Greifswald II
130755551124;Sauzin;016;Mecklenburgische Seenplatte I - Vorpommern-Greifswald II
130755551144;Wolgast, Stadt;016;Mecklenburgische Seenplatte I - Vorpommern-Greifswald II
130755551147;Zemitz;016;Mecklenburgische Seenplatte I - Vorpommern-Greifswald II
130755552001;Ahlbeck;016;Mecklenburgische Seenplatte I - Vorpommern-Greifswald II
130755552003;Altwarp;016;Mecklenburgische Seenplatte I - Vorpommern-Greifswald II
130755552031;Eggesin, Stadt;016;Mecklenburgische Seenplatte I - Vorpommern-Greifswald II
130755552037;Grambin;016;Mecklenburgische Seenplatte I - Vorpommern-Greifswald II
130755552051;Hintersee;016;Mecklenburgische Seenplatte I - Vorpommern-Greifswald II
130755552075;Leopoldshagen;016;Mecklenburgische Seenplatte I - Vorpommern-Greifswald II
130755552078;Liepgarten;016;Mecklenburgische Seenplatte I - Vorpommern-Greifswald II
130755552084;Lübs;016;Mecklenburgische Seenplatte I - Vorpommern-Greifswald II
130755552085;Luckow;016;Mecklenburgische Seenplatte I - Vorpommern-Greifswald II
130755552089;Meiersberg;016;Mecklenburgische Seenplatte I - Vorpommern-Greifswald II
130755552093;Mönkebude;016;Mecklenburgische Seenplatte I - Vorpommern-Greifswald II
130755552139;Vogelsang-Warsin;016;Mecklenburgische Seenplatte I - Vorpommern-Greifswald II
130755553007;Bargischow;016;Mecklenburgische Seenplatte I - Vorpommern-Greifswald II
130755553013;Blesewitz;016;Mecklenburgische Seenplatte I - Vorpommern-Greifswald II
130755553015;Boldekow;016;Mecklenburgische Seenplatte I - Vorpommern-Greifswald II
130755553020;Bugewitz;016;Mecklenburgische Seenplatte I - Vorpommern-Greifswald II
130755553022;Butzow;016;Mecklenburgische Seenplatte I - Vorpommern-Greifswald II
130755553029;Ducherow;016;Mecklenburgische Seenplatte I - Vorpommern-Greifswald II
130755553053;Iven;016;Mecklenburgische Seenplatte I - Vorpommern-Greifswald II
130755553068;Krien;016;Mecklenburgische Seenplatte I - Vorpommern-Greifswald II
130755553073;Krusenfelde;016;Mecklenburgische Seenplatte I - Vorpommern-Greifswald II
130755553088;Medow;016;Mecklenburgische Seenplatte I - Vorpommern-Greifswald II
130755553098;Neu Kosenow;016;Mecklenburgische Seenplatte I - Vorpommern-Greifswald II
130755553101;Neuenkirchen;016;Mecklenburgische Seenplatte I - Vorpommern-Greifswald II
130755553110;Postlow;016;Mecklenburgische Seenplatte I - Vorpommern-Greifswald II
130755553116;Rossin;016;Mecklenburgische Seenplatte I - Vorpommern-Greifswald II
130755553122;Sarnow;016;Mecklenburgische Seenplatte I - Vorpommern-Greifswald II
130755553127;Spantekow;016;Mecklenburgische Seenplatte I - Vorpommern-Greifswald II
130755553128;Stolpe an der Peene;016;Mecklenburgische Seenplatte I - Vorpommern-Greifswald II
130755553155;Neetzow-Liepen;016;Mecklenburgische Seenplatte I - Vorpommern-Greifswald II
130755554002;Alt Tellin;016;Mecklenburgische Seenplatte I - Vorpommern-Greifswald II
130755554009;Bentzin;016;Mecklenburgische Seenplatte I - Vorpommern-Greifswald II
130755554023;Daberkow;016;Mecklenburgische Seenplatte I - Vorpommern-Greifswald II
130755554054;Jarmen, Stadt;016;Mecklenburgische Seenplatte I - Vorpommern-Greifswald II
130755554070;Kruckow;016;Mecklenburgische Seenplatte I - Vorpommern-Greifswald II
130755554134;Tutow;016;Mecklenburgische Seenplatte I - Vorpommern-Greifswald II
130755554140;Völschow;016;Mecklenburgische Seenplatte I - Vorpommern-Greifswald II
130755555008;Behrenhoff;015;Vorpommern-Rügen - Vorpommern-Greifswald I
130755555025;Dargelin;015;Vorpommern-Rügen - Vorpommern-Greifswald I
130755555027;Dersekow;015;Vorpommern-Rügen - Vorpommern-Greifswald I
130755555050;Hinrichshagen;015;Vorpommern-Rügen - Vorpommern-Greifswald I
130755555076;Levenhagen;015;Vorpommern-Rügen - Vorpommern-Greifswald I
130755555091;Mesekenhagen;015;Vorpommern-Rügen - Vorpommern-Greifswald I
130755555102;Neuenkirchen;015;Vorpommern-Rügen - Vorpommern-Greifswald I
130755555141;Wackerow;015;Vorpommern-Rügen - Vorpommern-Greifswald I
130755555142;Weitenhagen;015;Vorpommern-Rügen - Vorpommern-Greifswald I
130755556011;Bergholz;016;Mecklenburgische Seenplatte I - Vorpommern-Greifswald II
130755556012;Blankensee;016;Mecklenburgische Seenplatte I - Vorpommern-Greifswald II
130755556016;Boock;016;Mecklenburgische Seenplatte I - Vorpommern-Greifswald II
130755556035;Glasow;016;Mecklenburgische Seenplatte I - Vorpommern-Greifswald II
130755556038;Grambow;016;Mecklenburgische Seenplatte I - Vorpommern-Greifswald II
130755556067;Krackow;016;Mecklenburgische Seenplatte I - Vorpommern-Greifswald II
130755556079;Löcknitz;016;Mecklenburgische Seenplatte I - Vorpommern-Greifswald II
130755556095;Nadrensee;016;Mecklenburgische Seenplatte I - Vorpommern-Greifswald II
130755556107;Penkun, Stadt;016;Mecklenburgische Seenplatte I - Vorpommern-Greifswald II
130755556108;Plöwen;016;Mecklenburgische Seenplatte I - Vorpommern-Greifswald II
130755556113;Ramin;016;Mecklenburgische Seenplatte I - Vorpommern-Greifswald II
130755556117;Rossow;016;Mecklenburgische Seenplatte I - Vorpommern-Greifswald II
130755556119;Rothenklempenow;016;Mecklenburgische Seenplatte I - Vorpommern-Greifswald II
130755557018;Brünzow;016;Mecklenburgische Seenplatte I - Vorpommern-Greifswald II
130755557046;Hanshagen;016;Mecklenburgische Seenplatte I - Vorpommern-Greifswald II
130755557059;Katzow;016;Mecklenburgische Seenplatte I - Vorpommern-Greifswald II
130755557060;Kemnitz;016;Mecklenburgische Seenplatte I - Vorpommern-Greifswald II
130755557069;Kröslin;016;Mecklenburgische Seenplatte I - Vorpommern-Greifswald II
130755557081;Loissin;016;Mecklenburgische Seenplatte I - Vorpommern-Greifswald II
130755557083;Lubmin;016;Mecklenburgische Seenplatte I - Vorpommern-Greifswald II
130755557097;Neu Boltenhagen;016;Mecklenburgische Seenplatte I - Vorpommern-Greifswald II
130755557120;Rubenow;016;Mecklenburgische Seenplatte I - Vorpommern-Greifswald II
130755557146;Wusterhusen;016;Mecklenburgische Seenplatte I - Vorpommern-Greifswald II
130755558036;Görmin;016;Mecklenburgische Seenplatte I - Vorpommern-Greifswald II
130755558082;Loitz, Stadt;016;Mecklenburgische Seenplatte I - Vorpommern-Greifswald II
130755558123;Sassen-Trantow;016;Mecklenburgische Seenplatte I - Vorpommern-Greifswald II
130755559004;Altwigshagen;016;Mecklenburgische Seenplatte I - Vorpommern-Greifswald II
130755559033;Ferdinandshof;016;Mecklenburgische Seenplatte I - Vorpommern-Greifswald II
130755559045;Hammer a.d. Uecker;016;Mecklenburgische Seenplatte I - Vorpommern-Greifswald II
130755559048;Heinrichswalde;016;Mecklenburgische Seenplatte I - Vorpommern-Greifswald II
130755559118;Rothemühl;016;Mecklenburgische Seenplatte I - Vorpommern-Greifswald II
130755559131;Torgelow, Stadt;016;Mecklenburgische Seenplatte I - Vorpommern-Greifswald II
130755559143;Wilhelmsburg;016;Mecklenburgische Seenplatte I - Vorpommern-Greifswald II
130755560017;Brietzig;016;Mecklenburgische Seenplatte I - Vorpommern-Greifswald II
130755560032;Fahrenwalde;016;Mecklenburgische Seenplatte I - Vorpommern-Greifswald II
130755560042;Groß Luckow;016;Mecklenburgische Seenplatte I - Vorpommern-Greifswald II
130755560055;Jatznick;016;Mecklenburgische Seenplatte I - Vorpommern-Greifswald II
130755560063;Koblentz;016;Mecklenburgische Seenplatte I - Vorpommern-Greifswald II
130755560071;Krugsdorf;016;Mecklenburgische Seenplatte I - Vorpommern-Greifswald II
130755560103;Nieden;016;Mecklenburgische Seenplatte I - Vorpommern-Greifswald II
130755560104;Papendorf;016;Mecklenburgische Seenplatte I - Vorpommern-Greifswald II
130755560109;Polzow;016;Mecklenburgische Seenplatte I - Vorpommern-Greifswald II
130755560115;Rollwitz;016;Mecklenburgische Seenplatte I - Vorpommern-Greifswald II
130755560126;Schönwalde;016;Mecklenburgische Seenplatte I - Vorpommern-Greifswald II
130755560138;Viereck;016;Mecklenburgische Seenplatte I - Vorpommern-Greifswald II
130755560149;Zerrenthin;016;Mecklenburgische Seenplatte I - Vorpommern-Greifswald II
130755561058;Karlshagen;016;Mecklenburgische Seenplatte I - Vorpommern-Greifswald II
130755561092;Mölschow;016;Mecklenburgische Seenplatte I - Vorpommern-Greifswald II
130755561106;Peenemünde;016;Mecklenburgische Seenplatte I - Vorpommern-Greifswald II
130755561133;Trassenheide;016;Mecklenburgische Seenplatte I - Vorpommern-Greifswald II
130755561151;Zinnowitz;016;Mecklenburgische Seenplatte I - Vorpommern-Greifswald II
130755562010;Benz;016;Mecklenburgische Seenplatte I - Vorpommern-Greifswald II
130755562026;Dargen;016;Mecklenburgische Seenplatte I - Vorpommern-Greifswald II
130755562034;Garz;016;Mecklenburgische Seenplatte I - Vorpommern-Greifswald II
130755562056;Kamminke;016;Mecklenburgische Seenplatte I - Vorpommern-Greifswald II
130755562065;Korswandt;016;Mecklenburgische Seenplatte I - Vorpommern-Greifswald II
130755562066;Koserow;016;Mecklenburgische Seenplatte I - Vorpommern-Greifswald II
130755562080;Loddin;016;Mecklenburgische Seenplatte I - Vorpommern-Greifswald II
130755562090;Mellenthin;016;Mecklenburgische Seenplatte I - Vorpommern-Greifswald II
130755562111;Pudagla;016;Mecklenburgische Seenplatte I - Vorpommern-Greifswald II
130755562114;Rankwitz;016;Mecklenburgische Seenplatte I - Vorpommern-Greifswald II
130755562129;Stolpe auf Usedom;016;Mecklenburgische Seenplatte I - Vorpommern-Greifswald II
130755562135;Ückeritz;016;Mecklenburgische Seenplatte I - Vorpommern-Greifswald II
130755562137;Usedom, Stadt;016;Mecklenburgische Seenplatte I - Vorpommern-Greifswald II
130755562148;Zempin;016;Mecklenburgische Seenplatte I - Vorpommern-Greifswald II
130755562152;Zirchow;016;Mecklenburgische Seenplatte I - Vorpommern-Greifswald II
130755563006;Bandelin;016;Mecklenburgische Seenplatte I - Vorpommern-Greifswald II
130755563040;Gribow;016;Mecklenburgische Seenplatte I - Vorpommern-Greifswald II
130755563041;Groß Kiesow;016;Mecklenburgische Seenplatte I - Vorpommern-Greifswald II
130755563043;Groß Polzin;016;Mecklenburgische Seenplatte I - Vorpommern-Greifswald II
130755563044;Gützkow, Stadt;016;Mecklenburgische Seenplatte I - Vorpommern-Greifswald II
130755563061;Klein Bünzow;016;Mecklenburgische Seenplatte I - Vorpommern-Greifswald II
130755563094;Murchin;016;Mecklenburgische Seenplatte I - Vorpommern-Greifswald II
130755563121;Rubkow;016;Mecklenburgische Seenplatte I - Vorpommern-Greifswald II
130755563125;Schmatzin;016;Mecklenburgische Seenplatte I - Vorpommern-Greifswald II
130755563145;Wrangelsburg;016;Mecklenburgische Seenplatte I - Vorpommern-Greifswald II
130755563150;Ziethen;016;Mecklenburgische Seenplatte I - Vorpommern-Greifswald II
130755563154;Züssow;016;Mecklenburgische Seenplatte I - Vorpommern-Greifswald II
130755563156;Karlsburg;016;Mecklenburgische Seenplatte I - Vorpommern-Greifswald II
130760014014;Boizenburg/ Elbe, Stadt;012;Schwerin - Ludwigslust-Parchim I - Nordwestmecklenburg I
130760060060;Hagenow, Stadt;012;Schwerin - Ludwigslust-Parchim I - Nordwestmecklenburg I
130760088088;Lübtheen, Stadt;012;Schwerin - Ludwigslust-Parchim I - Nordwestmecklenburg I
130760090090;Ludwigslust, Stadt;012;Schwerin - Ludwigslust-Parchim I - Nordwestmecklenburg I
130760108108;Parchim, Stadt;013;Ludwigslust-Parchim II - Nordwestmecklenburg II - Landkreis Rostock I
130765652009;Bengerstorf;012;Schwerin - Ludwigslust-Parchim I - Nordwestmecklenburg I
130765652010;Besitz;012;Schwerin - Ludwigslust-Parchim I - Nordwestmecklenburg I
130765652016;Brahlstorf;012;Schwerin - Ludwigslust-Parchim I - Nordwestmecklenburg I
130765652030;Dersenow;012;Schwerin - Ludwigslust-Parchim I - Nordwestmecklenburg I
130765652054;Gresse;012;Schwerin - Ludwigslust-Parchim I - Nordwestmecklenburg I
130765652055;Greven;012;Schwerin - Ludwigslust-Parchim I - Nordwestmecklenburg I
130765652102;Neu Gülze;012;Schwerin - Ludwigslust-Parchim I - Nordwestmecklenburg I
130765652106;Nostorf;012;Schwerin - Ludwigslust-Parchim I - Nordwestmecklenburg I
130765652122;Schwanheide;012;Schwerin - Ludwigslust-Parchim I - Nordwestmecklenburg I
130765652136;Teldau;012;Schwerin - Ludwigslust-Parchim I - Nordwestmecklenburg I
130765652138;Tessin b. Boizenburg;012;Schwerin - Ludwigslust-Parchim I - Nordwestmecklenburg I
130765654034;Dömitz, Stadt;012;Schwerin - Ludwigslust-Parchim I - Nordwestmecklenburg I
130765654053;Grebs-Niendorf;012;Schwerin - Ludwigslust-Parchim I - Nordwestmecklenburg I
130765654067;Karenz;012;Schwerin - Ludwigslust-Parchim I - Nordwestmecklenburg I
130765654093;Malk Göhren;012;Schwerin - Ludwigslust-Parchim I - Nordwestmecklenburg I
130765654094;Malliß;012;Schwerin - Ludwigslust-Parchim I - Nordwestmecklenburg I
130765654103;Neu Kaliß;012;Schwerin - Ludwigslust-Parchim I - Nordwestmecklenburg I
130765654143;Vielank;012;Schwerin - Ludwigslust-Parchim I - Nordwestmecklenburg I
130765655040;Gallin-Kuppentin;013;Ludwigslust-Parchim II - Nordwestmecklenburg II - Landkreis Rostock I
130765655051;Granzin;013;Ludwigslust-Parchim II - Nordwestmecklenburg II - Landkreis Rostock I
130765655075;Kreien;013;Ludwigslust-Parchim II - Nordwestmecklenburg II - Landkreis Rostock I
130765655077;Kritzow;013;Ludwigslust-Parchim II - Nordwestmecklenburg II - Landkreis Rostock I
130765655089;Lübz, Stadt;013;Ludwigslust-Parchim II - Nordwestmecklenburg II - Landkreis Rostock I
130765655109;Passow;013;Ludwigslust-Parchim II - Nordwestmecklenburg II - Landkreis Rostock I
130765655125;Siggelkow;013;Ludwigslust-Parchim II - Nordwestmecklenburg II - Landkreis Rostock I
130765655151;Werder;013;Ludwigslust-Parchim II - Nordwestmecklenburg II - Landkreis Rostock I
130765655165;Gehlsbach;013;Ludwigslust-Parchim II - Nordwestmecklenburg II - Landkreis Rostock I
130765655168;Ruhner Berge;013;Ludwigslust-Parchim II - Nordwestmecklenburg II - Landkreis Rostock I
130765656032;Dobbertin;013;Ludwigslust-Parchim II - Nordwestmecklenburg II - Landkreis Rostock I
130765656048;Goldberg, Stadt;013;Ludwigslust-Parchim II - Nordwestmecklenburg II - Landkreis Rostock I
130765656096;Mestlin;013;Ludwigslust-Parchim II - Nordwestmecklenburg II - Landkreis Rostock I
130765656104;Neu Poserin;013;Ludwigslust-Parchim II - Nordwestmecklenburg II - Landkreis Rostock I
130765656135;Techentin;013;Ludwigslust-Parchim II - Nordwestmecklenburg II - Landkreis Rostock I
130765657003;Balow;012;Schwerin - Ludwigslust-Parchim I - Nordwestmecklenburg I
130765657021;Brunow;012;Schwerin - Ludwigslust-Parchim I - Nordwestmecklenburg I
130765657027;Dambeck;012;Schwerin - Ludwigslust-Parchim I - Nordwestmecklenburg I
130765657037;Eldena;012;Schwerin - Ludwigslust-Parchim I - Nordwestmecklenburg I
130765657049;Gorlosen;012;Schwerin - Ludwigslust-Parchim I - Nordwestmecklenburg I
130765657050;Grabow, Stadt;012;Schwerin - Ludwigslust-Parchim I - Nordwestmecklenburg I
130765657069;Karstädt;012;Schwerin - Ludwigslust-Parchim I - Nordwestmecklenburg I
130765657076;Kremmin;012;Schwerin - Ludwigslust-Parchim I - Nordwestmecklenburg I
130765657097;Milow;012;Schwerin - Ludwigslust-Parchim I - Nordwestmecklenburg I
130765657098;Möllenbeck;012;Schwerin - Ludwigslust-Parchim I - Nordwestmecklenburg I
130765657100;Muchow;012;Schwerin - Ludwigslust-Parchim I - Nordwestmecklenburg I
130765657115;Prislich;012;Schwerin - Ludwigslust-Parchim I - Nordwestmecklenburg I
130765657161;Zierzow;012;Schwerin - Ludwigslust-Parchim I - Nordwestmecklenburg I
130765658002;Alt Zachun;012;Schwerin - Ludwigslust-Parchim I - Nordwestmecklenburg I
130765658004;Bandenitz;012;Schwerin - Ludwigslust-Parchim I - Nordwestmecklenburg I
130765658008;Belsch;012;Schwerin - Ludwigslust-Parchim I - Nordwestmecklenburg I
130765658013;Bobzin;012;Schwerin - Ludwigslust-Parchim I - Nordwestmecklenburg I
130765658019;Bresegard bei Picher;012;Schwerin - Ludwigslust-Parchim I - Nordwestmecklenburg I
130765658041;Gammelin;012;Schwerin - Ludwigslust-Parchim I - Nordwestmecklenburg I
130765658057;Groß Krams;012;Schwerin - Ludwigslust-Parchim I - Nordwestmecklenburg I
130765658064;Hoort;012;Schwerin - Ludwigslust-Parchim I - Nordwestmecklenburg I
130765658065;Hülseburg;012;Schwerin - Ludwigslust-Parchim I - Nordwestmecklenburg I
130765658070;Kirch Jesar;012;Schwerin - Ludwigslust-Parchim I - Nordwestmecklenburg I
130765658079;Kuhstorf;012;Schwerin - Ludwigslust-Parchim I - Nordwestmecklenburg I
130765658099;Moraas;012;Schwerin - Ludwigslust-Parchim I - Nordwestmecklenburg I
130765658110;Pätow-Steegen;012;Schwerin - Ludwigslust-Parchim I - Nordwestmecklenburg I
130765658111;Picher;012;Schwerin - Ludwigslust-Parchim I - Nordwestmecklenburg I
130765658116;Pritzier;012;Schwerin - Ludwigslust-Parchim I - Nordwestmecklenburg I
130765658119;Redefin;012;Schwerin - Ludwigslust-Parchim I - Nordwestmecklenburg I
130765658131;Strohkirchen;012;Schwerin - Ludwigslust-Parchim I - Nordwestmecklenburg I
130765658145;Warlitz;012;Schwerin - Ludwigslust-Parchim I - Nordwestmecklenburg I
130765658169;Toddin;012;Schwerin - Ludwigslust-Parchim I - Nordwestmecklenburg I
130765659001;Alt Krenzlin;012;Schwerin - Ludwigslust-Parchim I - Nordwestmecklenburg I
130765659018;Bresegard bei Eldena;012;Schwerin - Ludwigslust-Parchim I - Nordwestmecklenburg I
130765659046;Göhlen;012;Schwerin - Ludwigslust-Parchim I - Nordwestmecklenburg I
130765659058;Groß Laasch;012;Schwerin - Ludwigslust-Parchim I - Nordwestmecklenburg I
130765659086;Lübesse;012;Schwerin - Ludwigslust-Parchim I - Nordwestmecklenburg I
130765659087;Lüblow;012;Schwerin - Ludwigslust-Parchim I - Nordwestmecklenburg I
130765659118;Rastow;012;Schwerin - Ludwigslust-Parchim I - Nordwestmecklenburg I
130765659134;Sülstorf;012;Schwerin - Ludwigslust-Parchim I - Nordwestmecklenburg I
130765659141;Uelitz;012;Schwerin - Ludwigslust-Parchim I - Nordwestmecklenburg I
130765659146;Warlow;012;Schwerin - Ludwigslust-Parchim I - Nordwestmecklenburg I
130765659156;Wöbbelin;012;Schwerin - Ludwigslust-Parchim I - Nordwestmecklenburg I
130765660012;Blievenstorf;012;Schwerin - Ludwigslust-Parchim I - Nordwestmecklenburg I
130765660017;Brenz;012;Schwerin - Ludwigslust-Parchim I - Nordwestmecklenburg I
130765660105;Neustadt-Glewe, Stadt;012;Schwerin - Ludwigslust-Parchim I - Nordwestmecklenburg I
130765662035;Domsühl;013;Ludwigslust-Parchim II - Nordwestmecklenburg II - Landkreis Rostock I
130765662056;Groß Godems;013;Ludwigslust-Parchim II - Nordwestmecklenburg II - Landkreis Rostock I
130765662068;Karrenzin;013;Ludwigslust-Parchim II - Nordwestmecklenburg II - Landkreis Rostock I
130765662085;Lewitzrand;013;Ludwigslust-Parchim II - Nordwestmecklenburg II - Landkreis Rostock I
130765662120;Rom;013;Ludwigslust-Parchim II - Nordwestmecklenburg II - Landkreis Rostock I
130765662126;Spornitz;013;Ludwigslust-Parchim II - Nordwestmecklenburg II - Landkreis Rostock I
130765662129;Stolpe;013;Ludwigslust-Parchim II - Nordwestmecklenburg II - Landkreis Rostock I
130765662160;Ziegendorf;013;Ludwigslust-Parchim II - Nordwestmecklenburg II - Landkreis Rostock I
130765662162;Zölkow;013;Ludwigslust-Parchim II - Nordwestmecklenburg II - Landkreis Rostock I
130765662164;Obere Warnow;013;Ludwigslust-Parchim II - Nordwestmecklenburg II - Landkreis Rostock I
130765663006;Barkhagen;013;Ludwigslust-Parchim II - Nordwestmecklenburg II - Landkreis Rostock I
130765663114;Plau am See, Stadt;013;Ludwigslust-Parchim II - Nordwestmecklenburg II - Landkreis Rostock I
130765663166;Ganzlin;013;Ludwigslust-Parchim II - Nordwestmecklenburg II - Landkreis Rostock I
130765664011;Blankenberg;013;Ludwigslust-Parchim II - Nordwestmecklenburg II - Landkreis Rostock I
130765664015;Borkow;013;Ludwigslust-Parchim II - Nordwestmecklenburg II - Landkreis Rostock I
130765664020;Brüel, Stadt;013;Ludwigslust-Parchim II - Nordwestmecklenburg II - Landkreis Rostock I
130765664026;Dabel;013;Ludwigslust-Parchim II - Nordwestmecklenburg II - Landkreis Rostock I
130765664062;Hohen Pritz;013;Ludwigslust-Parchim II - Nordwestmecklenburg II - Landkreis Rostock I
130765664072;Kobrow;013;Ludwigslust-Parchim II - Nordwestmecklenburg II - Landkreis Rostock I
130765664078;Kuhlen-Wendorf;013;Ludwigslust-Parchim II - Nordwestmecklenburg II - Landkreis Rostock I
130765664101;Mustin;013;Ludwigslust-Parchim II - Nordwestmecklenburg II - Landkreis Rostock I
130765664128;Sternberg, Stadt;013;Ludwigslust-Parchim II - Nordwestmecklenburg II - Landkreis Rostock I
130765664148;Weitendorf;013;Ludwigslust-Parchim II - Nordwestmecklenburg II - Landkreis Rostock I
130765664155;Witzin;013;Ludwigslust-Parchim II - Nordwestmecklenburg II - Landkreis Rostock I
130765664167;Kloster Tempzin;013;Ludwigslust-Parchim II - Nordwestmecklenburg II - Landkreis Rostock I
130765665036;Dümmer;012;Schwerin - Ludwigslust-Parchim I - Nordwestmecklenburg I
130765665063;Holthusen;012;Schwerin - Ludwigslust-Parchim I - Nordwestmecklenburg I
130765665071;Klein Rogahn;012;Schwerin - Ludwigslust-Parchim I - Nordwestmecklenburg I
130765665107;Pampow;012;Schwerin - Ludwigslust-Parchim I - Nordwestmecklenburg I
130765665121;Schossin;012;Schwerin - Ludwigslust-Parchim I - Nordwestmecklenburg I
130765665130;Stralendorf;012;Schwerin - Ludwigslust-Parchim I - Nordwestmecklenburg I
130765665147;Warsow;012;Schwerin - Ludwigslust-Parchim I - Nordwestmecklenburg I
130765665154;Wittenförden;012;Schwerin - Ludwigslust-Parchim I - Nordwestmecklenburg I
130765665163;Zülow;012;Schwerin - Ludwigslust-Parchim I - Nordwestmecklenburg I
130765666152;Wittenburg, Stadt;012;Schwerin - Ludwigslust-Parchim I - Nordwestmecklenburg I
130765666153;Wittendörp;012;Schwerin - Ludwigslust-Parchim I - Nordwestmecklenburg I
130765667039;Gallin;012;Schwerin - Ludwigslust-Parchim I - Nordwestmecklenburg I
130765667073;Kogel;012;Schwerin - Ludwigslust-Parchim I - Nordwestmecklenburg I
130765667092;Lüttow-Valluhn;012;Schwerin - Ludwigslust-Parchim I - Nordwestmecklenburg I
130765667142;Vellahn;012;Schwerin - Ludwigslust-Parchim I - Nordwestmecklenburg I
130765667159;Zarrentin am Schaalsee, Stadt;012;Schwerin - Ludwigslust-Parchim I - Nordwestmecklenburg I
130765668005;Banzkow;013;Ludwigslust-Parchim II - Nordwestmecklenburg II - Landkreis Rostock I
130765668007;Barnin;013;Ludwigslust-Parchim II - Nordwestmecklenburg II - Landkreis Rostock I
130765668023;Bülow;013;Ludwigslust-Parchim II - Nordwestmecklenburg II - Landkreis Rostock I
130765668024;Cambs;013;Ludwigslust-Parchim II - Nordwestmecklenburg II - Landkreis Rostock I
130765668025;Crivitz, Stadt;013;Ludwigslust-Parchim II - Nordwestmecklenburg II - Landkreis Rostock I
130765668029;Demen;013;Ludwigslust-Parchim II - Nordwestmecklenburg II - Landkreis Rostock I
130765668033;Dobin am See;013;Ludwigslust-Parchim II - Nordwestmecklenburg II - Landkreis Rostock I
130765668038;Friedrichsruhe;013;Ludwigslust-Parchim II - Nordwestmecklenburg II - Landkreis Rostock I
130765668044;Gneven;013;Ludwigslust-Parchim II - Nordwestmecklenburg II - Landkreis Rostock I
130765668080;Langen Brütz;013;Ludwigslust-Parchim II - Nordwestmecklenburg II - Landkreis Rostock I
130765668082;Leezen;013;Ludwigslust-Parchim II - Nordwestmecklenburg II - Landkreis Rostock I
130765668112;Pinnow;013;Ludwigslust-Parchim II - Nordwestmecklenburg II - Landkreis Rostock I
130765668113;Plate;013;Ludwigslust-Parchim II - Nordwestmecklenburg II - Landkreis Rostock I
130765668117;Raben Steinfeld;013;Ludwigslust-Parchim II - Nordwestmecklenburg II - Landkreis Rostock I
130765668133;Sukow;013;Ludwigslust-Parchim II - Nordwestmecklenburg II - Landkreis Rostock I
130765668140;Tramm;013;Ludwigslust-Parchim II - Nordwestmecklenburg II - Landkreis Rostock I
130765668158;Zapel;013;Ludwigslust-Parchim II - Nordwestmecklenburg II - Landkreis Rostock I
145110000000;Chemnitz, Stadt;162;Chemnitz
145210010010;Amtsberg;164;Erzgebirgskreis I
145210020020;Annaberg-Buchholz, Stadt;164;Erzgebirgskreis I
145210035035;Aue-Bad Schlema, Stadt;164;Erzgebirgskreis I
145210110110;Breitenbrunn/Erzgeb.;164;Erzgebirgskreis I
145210130130;Crottendorf;164;Erzgebirgskreis I
145210150150;Drebach;164;Erzgebirgskreis I
145210160160;Ehrenfriedersdorf, Stadt;164;Erzgebirgskreis I
145210170170;Eibenstock, Stadt;164;Erzgebirgskreis I
145210200200;Gelenau/Erzgeb.;164;Erzgebirgskreis I
145210240240;Großolbersdorf;164;Erzgebirgskreis I
145210250250;Großrückerswalde;164;Erzgebirgskreis I
145210260260;Grünhain-Beierfeld, Stadt;164;Erzgebirgskreis I
145210290290;Hohndorf;163;Chemnitzer Umland - Erzgebirgskreis II
145210310310;Jahnsdorf/Erzgeb.;163;Chemnitzer Umland - Erzgebirgskreis II
145210320320;Johanngeorgenstadt, Stadt;164;Erzgebirgskreis I
145210330330;Jöhstadt, Stadt;164;Erzgebirgskreis I
145210355355;Lauter-Bernsbach, Stadt;164;Erzgebirgskreis I
145210370370;Lößnitz, Stadt;164;Erzgebirgskreis I
145210390390;Marienberg, Stadt;164;Erzgebirgskreis I
145210400400;Mildenau;164;Erzgebirgskreis I
145210410410;Neukirchen/Erzgeb.;163;Chemnitzer Umland - Erzgebirgskreis II
145210440440;Oberwiesenthal, Kurort, Stadt;164;Erzgebirgskreis I
145210450450;Oelsnitz/Erzgeb., Stadt;163;Chemnitzer Umland - Erzgebirgskreis II
145210460460;Olbernhau, Stadt;164;Erzgebirgskreis I
145210495495;Pockau-Lengefeld, Stadt;164;Erzgebirgskreis I
145210500500;Raschau-Markersbach;164;Erzgebirgskreis I
145210530530;Schneeberg, Stadt;164;Erzgebirgskreis I
145210540540;Schönheide;164;Erzgebirgskreis I
145210550550;Schwarzenberg/Erzgeb., Stadt;164;Erzgebirgskreis I
145210560560;Sehmatal;164;Erzgebirgskreis I
145210600600;Stützengrün;164;Erzgebirgskreis I
145210620620;Thalheim/Erzgeb., Stadt;163;Chemnitzer Umland - Erzgebirgskreis II
145210630630;Thermalbad Wiesenbad;164;Erzgebirgskreis I
145210640640;Thum, Stadt;164;Erzgebirgskreis I
145210670670;Wolkenstein, Stadt;164;Erzgebirgskreis I
145215101060;Bärenstein;164;Erzgebirgskreis I
145215101340;Königswalde;164;Erzgebirgskreis I
145215103040;Auerbach;163;Chemnitzer Umland - Erzgebirgskreis II
145215103120;Burkhardtsdorf;163;Chemnitzer Umland - Erzgebirgskreis II
145215103230;Gornsdorf;163;Chemnitzer Umland - Erzgebirgskreis II
145215110210;Geyer, Stadt;164;Erzgebirgskreis I
145215110610;Tannenberg;164;Erzgebirgskreis I
145215115380;Lugau/Erzgeb., Stadt;163;Chemnitzer Umland - Erzgebirgskreis II
145215115430;Niederwürschnitz;163;Chemnitzer Umland - Erzgebirgskreis II
145215130510;Scheibenberg, Stadt;164;Erzgebirgskreis I
145215130520;Schlettau, Stadt;164;Erzgebirgskreis I
145215132140;Deutschneudorf;164;Erzgebirgskreis I
145215132280;Heidersdorf;164;Erzgebirgskreis I
145215132570;Seiffen/Erzgeb., Kurort;164;Erzgebirgskreis I
145215133420;Niederdorf;163;Chemnitzer Umland - Erzgebirgskreis II
145215133590;Stollberg/Erzgeb., Stadt;163;Chemnitzer Umland - Erzgebirgskreis II
145215138220;Gornau/Erzgeb.;164;Erzgebirgskreis I
145215138690;Zschopau, Stadt;164;Erzgebirgskreis I
145215139080;Bockau;164;Erzgebirgskreis I
145215139700;Zschorlau;164;Erzgebirgskreis I
145215140180;Elterlein, Stadt;164;Erzgebirgskreis I
145215140710;Zwönitz, Stadt;163;Chemnitzer Umland - Erzgebirgskreis II
145215405090;Börnichen/Erzgeb.;164;Erzgebirgskreis I
145215405270;Grünhainichen;164;Erzgebirgskreis I
145220020020;Augustusburg, Stadt;161;Mittelsachsen
145220035035;Bobritzsch-Hilbersdorf;161;Mittelsachsen
145220050050;Brand-Erbisdorf, Stadt;161;Mittelsachsen
145220070070;Claußnitz;163;Chemnitzer Umland - Erzgebirgskreis II
145220080080;Döbeln, Stadt;161;Mittelsachsen
145220110110;Eppendorf;161;Mittelsachsen
145220120120;Erlau;163;Chemnitzer Umland - Erzgebirgskreis II
145220140140;Flöha, Stadt;161;Mittelsachsen
145220150150;Frankenberg/Sa., Stadt;161;Mittelsachsen
145220170170;Frauenstein, Stadt;161;Mittelsachsen
145220180180;Freiberg, Stadt, Universitätsstadt;161;Mittelsachsen
145220190190;Geringswalde, Stadt;163;Chemnitzer Umland - Erzgebirgskreis II
145220200200;Großhartmannsdorf;161;Mittelsachsen
145220210210;Großschirma, Stadt;161;Mittelsachsen
145220220220;Großweitzschen;161;Mittelsachsen
145220230230;Hainichen, Stadt;161;Mittelsachsen
145220240240;Halsbrücke;161;Mittelsachsen
145220250250;Hartha, Stadt;161;Mittelsachsen
145220260260;Hartmannsdorf;163;Chemnitzer Umland - Erzgebirgskreis II
145220290290;Königshain-Wiederau;163;Chemnitzer Umland - Erzgebirgskreis II
145220300300;Kriebstein;161;Mittelsachsen
145220310310;Leisnig, Stadt;161;Mittelsachsen
145220320320;Leubsdorf;161;Mittelsachsen
145220330330;Lichtenau;163;Chemnitzer Umland - Erzgebirgskreis II
145220350350;Lunzenau, Stadt;163;Chemnitzer Umland - Erzgebirgskreis II
145220390390;Mulda/Sa.;161;Mittelsachsen
145220400400;Neuhausen/Erzgeb.;161;Mittelsachsen
145220420420;Niederwiesa;161;Mittelsachsen
145220430430;Oberschöna;161;Mittelsachsen
145220440440;Oederan, Stadt;161;Mittelsachsen
145220460460;Penig, Stadt;163;Chemnitzer Umland - Erzgebirgskreis II
145220470470;Rechenberg-Bienenmühle;161;Mittelsachsen
145220480480;Reinsberg;161;Mittelsachsen
145220500500;Rossau;161;Mittelsachsen
145220510510;Roßwein, Stadt;161;Mittelsachsen
145220540540;Striegistal;161;Mittelsachsen
145220570570;Waldheim, Stadt;161;Mittelsachsen
145220580580;Wechselburg;163;Chemnitzer Umland - Erzgebirgskreis II
145225102060;Burgstädt, Stadt;163;Chemnitzer Umland - Erzgebirgskreis II
145225102380;Mühlau;163;Chemnitzer Umland - Erzgebirgskreis II
145225102550;Taura;163;Chemnitzer Umland - Erzgebirgskreis II
145225113340;Lichtenberg/Erzgeb.;161;Mittelsachsen
145225113590;Weißenborn/Erzgeb.;161;Mittelsachsen
145225119010;Altmittweida;161;Mittelsachsen
145225119360;Mittweida, Stadt, Hochschulstadt;161;Mittelsachsen
145225123450;Ostrau;161;Mittelsachsen
145225123620;Zschaitz-Ottewig;161;Mittelsachsen
145225126280;Königsfeld;163;Chemnitzer Umland - Erzgebirgskreis II
145225126490;Rochlitz, Stadt;163;Chemnitzer Umland - Erzgebirgskreis II
145225126530;Seelitz;163;Chemnitzer Umland - Erzgebirgskreis II
145225126600;Zettlitz;163;Chemnitzer Umland - Erzgebirgskreis II
145225129090;Dorfchemnitz;161;Mittelsachsen
145225129520;Sayda, Stadt;161;Mittelsachsen
145230010010;Adorf/Vogtl., Stadt;166;Vogtlandkreis
145230020020;Auerbach/Vogtl., Stadt;166;Vogtlandkreis
145230030030;Bad Brambach;166;Vogtlandkreis
145230040040;Bad Elster, Stadt;166;Vogtlandkreis
145230090090;Ellefeld;166;Vogtlandkreis
145230100100;Elsterberg, Stadt;166;Vogtlandkreis
145230160160;Klingenthal, Stadt;166;Vogtlandkreis
145230170170;Lengenfeld, Stadt;166;Vogtlandkreis
145230200200;Markneukirchen, Stadt;166;Vogtlandkreis
145230245245;Muldenhammer;166;Vogtlandkreis
145230280280;Neumark;166;Vogtlandkreis
145230310310;Pausa-Mühltroff, Stadt;166;Vogtlandkreis
145230320320;Plauen, Stadt;166;Vogtlandkreis
145230330330;Pöhl;166;Vogtlandkreis
145230360360;Rodewisch, Stadt;166;Vogtlandkreis
145230365365;Rosenbach/Vogtl.;166;Vogtlandkreis
145230380380;Steinberg;166;Vogtlandkreis
145230450450;Weischlitz;166;Vogtlandkreis
145235107120;Falkenstein/Vogtl., Stadt;166;Vogtlandkreis
145235107130;Grünbach;166;Vogtlandkreis
145235107290;Neustadt/Vogtl.;166;Vogtlandkreis
145235120190;Limbach;166;Vogtlandkreis
145235120260;Netzschkau, Stadt;166;Vogtlandkreis
145235122060;Bösenbrunn;166;Vogtlandkreis
145235122080;Eichigt;166;Vogtlandkreis
145235122300;Oelsnitz/Vogtl., Stadt;166;Vogtlandkreis
145235122440;Triebel/Vogtl.;166;Vogtlandkreis
145235125150;Heinsdorfergrund;166;Vogtlandkreis
145235125340;Reichenbach im Vogtland, Stadt;166;Vogtlandkreis
145235131230;Mühlental;166;Vogtlandkreis
145235131370;Schöneck/Vogtl., Stadt;166;Vogtlandkreis
145235134270;Neuensalz;166;Vogtlandkreis
145235134430;Treuen, Stadt;166;Vogtlandkreis
145235402050;Bergen;166;Vogtlandkreis
145235402410;Theuma;166;Vogtlandkreis
145235402420;Tirpersdorf;166;Vogtlandkreis
145235402460;Werda;166;Vogtlandkreis
145240020020;Callenberg;163;Chemnitzer Umland - Erzgebirgskreis II
145240060060;Fraureuth;165;Zwickau
145240070070;Gersdorf;163;Chemnitzer Umland - Erzgebirgskreis II
145240080080;Glauchau, Stadt;165;Zwickau
145240090090;Hartenstein, Stadt;165;Zwickau
145240120120;Hohenstein-Ernstthal, Stadt;163;Chemnitzer Umland - Erzgebirgskreis II
145240140140;Langenbernsdorf;165;Zwickau
145240150150;Langenweißbach;165;Zwickau
145240170170;Lichtentanne;165;Zwickau
145240200200;Mülsen;165;Zwickau
145240210210;Neukirchen/Pleiße;165;Zwickau
145240230230;Oberlungwitz, Stadt;163;Chemnitzer Umland - Erzgebirgskreis II
145240250250;Reinsdorf;165;Zwickau
145240300300;Werdau, Stadt;165;Zwickau
145240310310;Wildenfels, Stadt;165;Zwickau
145240320320;Wilkau-Haßlau, Stadt;165;Zwickau
145240330330;Zwickau, Stadt;165;Zwickau
145245104030;Crimmitschau, Stadt;165;Zwickau
145245104050;Dennheritz;165;Zwickau
145245111040;Crinitzberg;165;Zwickau
145245111100;Hartmannsdorf b. Kirchberg;165;Zwickau
145245111110;Hirschfeld;165;Zwickau
145245111130;Kirchberg, Stadt;165;Zwickau
145245114180;Limbach-Oberfrohna, Stadt;163;Chemnitzer Umland - Erzgebirgskreis II
145245114220;Niederfrohna;163;Chemnitzer Umland - Erzgebirgskreis II
145245118190;Meerane, Stadt;165;Zwickau
145245118270;Schönberg;165;Zwickau
145245128010;Bernsdorf;163;Chemnitzer Umland - Erzgebirgskreis II
145245128160;Lichtenstein/Sa., Stadt;163;Chemnitzer Umland - Erzgebirgskreis II
145245128280;St. Egidien;163;Chemnitzer Umland - Erzgebirgskreis II
145245135240;Oberwiera;165;Zwickau
145245135260;Remse;165;Zwickau
145245135290;Waldenburg, Stadt;165;Zwickau
146120000000;Dresden, Stadt;160;Dresden II - Bautzen II
146120000000;Dresden, Stadt;159;Dresden I
146250010010;Arnsdorf;160;Dresden II - Bautzen II
146250020020;Bautzen / Budyšin, Stadt;156;Bautzen I
146250030030;Bernsdorf, Stadt;156;Bautzen I
146250060060;Burkau;156;Bautzen I
146250090090;Cunewalde;156;Bautzen I
146250100100;Demitz-Thumitz;156;Bautzen I
146250110110;Doberschau-Gaußig / Dobruša-Huska;156;Bautzen I
146250120120;Elsterheide / Halštrowska Hola;156;Bautzen I
146250130130;Elstra, Stadt;156;Bautzen I
146250150150;Göda / Hodźij;156;Bautzen I
146250160160;Großdubrau / Wulka Dubrawa;156;Bautzen I
146250200200;Großröhrsdorf, Stadt;160;Dresden II - Bautzen II
146250220220;Haselbachtal;156;Bautzen I
146250230230;Hochkirch / Bukecy;156;Bautzen I
146250240240;Hoyerswerda / Wojerecy, Stadt;156;Bautzen I
146250250250;Kamenz / Kamjenc, Stadt;156;Bautzen I
146250280280;Königswartha / Rakecy;156;Bautzen I
146250290290;Kubschütz / Kubšicy;156;Bautzen I
146250310310;Lauta, Stadt;156;Bautzen I
146250330330;Lohsa / Łaz;156;Bautzen I
146250340340;Malschwitz / Malešecy;156;Bautzen I
146250380380;Neukirch/Lausitz;156;Bautzen I
146250420420;Oßling;156;Bautzen I
146250430430;Ottendorf-Okrilla;160;Dresden II - Bautzen II
146250480480;Radeberg, Stadt;160;Dresden II - Bautzen II
146250490490;Radibor / Radwor;156;Bautzen I
146250525525;Schirgiswalde-Kirschau, Stadt;156;Bautzen I
146250530530;Schmölln-Putzkau;156;Bautzen I
146250550550;Schwepnitz;156;Bautzen I
146250560560;Sohland a. d. Spree;156;Bautzen I
146250570570;Spreetal / Sprjewiny Doł;156;Bautzen I
146250590590;Steinigtwolmsdorf;156;Bautzen I
146250600600;Wachau;160;Dresden II - Bautzen II
146250610610;Weißenberg / Wóspork, Stadt;156;Bautzen I
146250630630;Wilthen, Stadt;156;Bautzen I
146250640640;Wittichenau / Kulow, Stadt;156;Bautzen I
146255207040;Bischofswerda, Stadt;156;Bautzen I
146255207510;Rammenau;156;Bautzen I
146255211140;Frankenthal;156;Bautzen I
146255211170;Großharthau;156;Bautzen I
146255212190;Großpostwitz/O.L. / Budestecy;156;Bautzen I
146255212390;Obergurig / Hornja Hórka;156;Bautzen I
146255218270;Königsbrück, Stadt;156;Bautzen I
146255218300;Laußnitz;156;Bautzen I
146255218370;Neukirch;156;Bautzen I
146255223360;Neschwitz / Njeswačidło;156;Bautzen I
146255223460;Puschwitz / Bóšicy;156;Bautzen I
146255231180;Großnaundorf;156;Bautzen I
146255231320;Lichtenberg;156;Bautzen I
146255231410;Ohorn;156;Bautzen I
146255231450;Pulsnitz, Stadt;156;Bautzen I
146255231580;Steina;156;Bautzen I
146255501080;Crostwitz / Chrósćicy;156;Bautzen I
146255501350;Nebelschütz / Njebjelčicy;156;Bautzen I
146255501440;Panschwitz-Kuckau / Pančicy-Kukow;156;Bautzen I
146255501470;Räckelwitz / Worklecy;156;Bautzen I
146255501500;Ralbitz-Rosenthal / Ralbicy-Róžant;156;Bautzen I
146260060060;Boxberg/O.L. / Hamor;157;Görlitz
146260085085;Ebersbach-Neugersdorf, Stadt;157;Görlitz
146260110110;Görlitz, Stadt;157;Görlitz
146260180180;Herrnhut, Stadt;157;Görlitz
146260245245;Kottmar;157;Görlitz
146260250250;Krauschwitz i.d. O.L. / Krušwica;157;Görlitz
146260280280;Leutersdorf;157;Görlitz
146260300300;Markersdorf;157;Görlitz
146260310310;Mittelherwigsdorf;157;Görlitz
146260370370;Niesky, Stadt;157;Görlitz
146260390390;Oderwitz;157;Görlitz
146260420420;Ostritz, Stadt;157;Görlitz
146260530530;Seifhennersdorf, Stadt;157;Görlitz
146260610610;Zittau, Stadt;157;Görlitz
146265203010;Bad Muskau / Mužakow, Stadt;157;Görlitz
146265203100;Gablenz / Jabłońc;157;Görlitz
146265206030;Bernstadt a. d. Eigen, Stadt;157;Görlitz
146265206500;Schönau-Berzdorf a. d. Eigen;157;Görlitz
146265214140;Großschönau;157;Görlitz
146265214170;Hainewalde;157;Görlitz
146265220150;Großschweidnitz;157;Görlitz
146265220270;Lawalde;157;Görlitz
146265220290;Löbau, Stadt;157;Görlitz
146265220470;Rosenbach;157;Görlitz
146265224070;Dürrhennersdorf;157;Görlitz
146265224350;Neusalza-Spremberg, Stadt;157;Görlitz
146265224510;Schönbach;157;Görlitz
146265227050;Bertsdorf-Hörnitz;157;Görlitz
146265227210;Jonsdorf, Kurort;157;Görlitz
146265227400;Olbersdorf;157;Görlitz
146265227430;Oybin;157;Görlitz
146265228020;Beiersdorf;157;Görlitz
146265228410;Oppach;157;Görlitz
146265232240;Königshain;157;Görlitz
146265232450;Reichenbach/O.L., Stadt;157;Görlitz
146265232570;Vierkirchen;157;Görlitz
146265233260;Kreba-Neudorf / Chrjebja-Nowa Wjes;157;Görlitz
146265233460;Rietschen / Rěčicy;157;Görlitz
146265235160;Hähnichen;157;Görlitz
146265235480;Rothenburg/O.L., Stadt;157;Görlitz
146265237120;Groß Düben / Dźěwin;157;Görlitz
146265237490;Schleife / Slepo;157;Görlitz
146265237560;Trebendorf / Trjebin;157;Görlitz
146265242590;Weißkeißel / Wuskidź;157;Görlitz
146265242600;Weißwasser/O.L., Stadt / Běła Woda;157;Görlitz
146265502190;Hohendubrau / Wysoka Dubrawa;157;Görlitz
146265502320;Mücka / Mikow;157;Görlitz
146265502440;Quitzdorf am See;157;Görlitz
146265502580;Waldhufen;157;Görlitz
146265503200;Horka;157;Görlitz
146265503230;Kodersdorf;157;Görlitz
146265503330;Neißeaue;157;Görlitz
146265503520;Schöpstal;157;Görlitz
146270010010;Coswig, Stadt;155;Meißen
146270020020;Diera-Zehren;155;Meißen
146270030030;Ebersbach;155;Meißen
146270050050;Gröditz, Stadt;155;Meißen
146270060060;Großenhain, Stadt;155;Meißen
146270070070;Hirschstein;155;Meißen
146270080080;Käbschütztal;155;Meißen
146270100100;Klipphausen;155;Meißen
146270130130;Lommatzsch, Stadt;155;Meißen
146270140140;Meißen, Stadt;155;Meißen
146270150150;Moritzburg;155;Meißen
146270170170;Niederau;155;Meißen
146270180180;Nossen, Stadt;155;Meißen
146270200200;Priestewitz;155;Meißen
146270210210;Radebeul, Stadt;155;Meißen
146270220220;Radeburg, Stadt;155;Meißen
146270230230;Riesa, Stadt;155;Meißen
146270260260;Stauchitz;155;Meißen
146270270270;Strehla, Stadt;155;Meißen
146270290290;Thiendorf;155;Meißen
146270310310;Weinböhla;155;Meißen
146270360360;Zeithain;155;Meißen
146275225040;Glaubitz;155;Meißen
146275225190;Nünchritz;155;Meißen
146275234240;Röderaue;155;Meißen
146275234340;Wülknitz;155;Meißen
146275238110;Lampertswalde;155;Meißen
146275238250;Schönfeld;155;Meißen
146280050050;Bannewitz;158;Sächsische Schweiz-Osterzgebirge
146280060060;Dippoldiswalde, Stadt;158;Sächsische Schweiz-Osterzgebirge
146280100100;Dürrröhrsdorf-Dittersbach;158;Sächsische Schweiz-Osterzgebirge
146280110110;Freital, Stadt;158;Sächsische Schweiz-Osterzgebirge
146280130130;Glashütte, Stadt;158;Sächsische Schweiz-Osterzgebirge
146280160160;Heidenau, Stadt;158;Sächsische Schweiz-Osterzgebirge
146280190190;Hohnstein, Stadt;158;Sächsische Schweiz-Osterzgebirge
146280220220;Kreischa;158;Sächsische Schweiz-Osterzgebirge
146280260260;Neustadt in Sachsen, Stadt;158;Sächsische Schweiz-Osterzgebirge
146280300300;Rabenau, Stadt;158;Sächsische Schweiz-Osterzgebirge
146280360360;Sebnitz, Stadt;158;Sächsische Schweiz-Osterzgebirge
146280380380;Stolpen, Stadt;158;Sächsische Schweiz-Osterzgebirge
146280410410;Wilsdruff, Stadt;158;Sächsische Schweiz-Osterzgebirge
146285201010;Altenberg, Stadt;158;Sächsische Schweiz-Osterzgebirge
146285201170;Hermsdorf/Erzgeb.;158;Sächsische Schweiz-Osterzgebirge
146285202020;Bad Gottleuba-Berggießhübel, Stadt;158;Sächsische Schweiz-Osterzgebirge
146285202040;Bahretal;158;Sächsische Schweiz-Osterzgebirge
146285202230;Liebstadt, Stadt;158;Sächsische Schweiz-Osterzgebirge
146285204030;Bad Schandau, Stadt;158;Sächsische Schweiz-Osterzgebirge
146285204320;Rathmannsdorf;158;Sächsische Schweiz-Osterzgebirge
146285204330;Reinhardtsdorf-Schöna;158;Sächsische Schweiz-Osterzgebirge
146285209080;Dohna, Stadt;158;Sächsische Schweiz-Osterzgebirge
146285209250;Müglitztal;158;Sächsische Schweiz-Osterzgebirge
146285219140;Gohrisch;158;Sächsische Schweiz-Osterzgebirge
146285219210;Königstein/Sächs. Schw., Stadt;158;Sächsische Schweiz-Osterzgebirge
146285219310;Rathen, Kurort;158;Sächsische Schweiz-Osterzgebirge
146285219340;Rosenthal-Bielatal;158;Sächsische Schweiz-Osterzgebirge
146285219390;Struppen;158;Sächsische Schweiz-Osterzgebirge
146285221240;Lohmen;158;Sächsische Schweiz-Osterzgebirge
146285221370;Stadt Wehlen, Stadt;158;Sächsische Schweiz-Osterzgebirge
146285229070;Dohma;158;Sächsische Schweiz-Osterzgebirge
146285229270;Pirna, Stadt;158;Sächsische Schweiz-Osterzgebirge
146285230150;Hartmannsdorf-Reichenau;158;Sächsische Schweiz-Osterzgebirge
146285230205;Klingenberg;158;Sächsische Schweiz-Osterzgebirge
146285240090;Dorfhain;158;Sächsische Schweiz-Osterzgebirge
146285240400;Tharandt, Stadt;158;Sächsische Schweiz-Osterzgebirge
147130000000;Leipzig, Stadt;152;Leipzig I
147130000000;Leipzig, Stadt;153;Leipzig II
147290030030;Bennewitz;154;Leipzig-Land
147290040040;Böhlen, Stadt;154;Leipzig-Land
147290050050;Borna, Stadt;154;Leipzig-Land
147290060060;Borsdorf;154;Leipzig-Land
147290070070;Brandis, Stadt;154;Leipzig-Land
147290080080;Colditz, Stadt;154;Leipzig-Land
147290140140;Frohburg, Stadt;154;Leipzig-Land
147290150150;Geithain, Stadt;154;Leipzig-Land
147290160160;Grimma, Stadt;154;Leipzig-Land
147290170170;Groitzsch, Stadt;154;Leipzig-Land
147290190190;Großpösna;154;Leipzig-Land
147290220220;Kitzscher, Stadt;154;Leipzig-Land
147290245245;Lossatal;154;Leipzig-Land
147290250250;Machern;154;Leipzig-Land
147290260260;Markkleeberg, Stadt;154;Leipzig-Land
147290270270;Markranstädt, Stadt;154;Leipzig-Land
147290320320;Neukieritzsch;154;Leipzig-Land
147290360360;Regis-Breitingen, Stadt;154;Leipzig-Land
147290370370;Rötha, Stadt;154;Leipzig-Land
147290380380;Thallwitz;154;Leipzig-Land
147290400400;Trebsen/Mulde, Stadt;154;Leipzig-Land
147290410410;Wurzen, Stadt;154;Leipzig-Land
147290430430;Zwenkau, Stadt;154;Leipzig-Land
147295301010;Bad Lausick, Stadt;154;Leipzig-Land
147295301330;Otterwisch;154;Leipzig-Land
147295307020;Belgershain;154;Leipzig-Land
147295307300;Naunhof, Stadt;154;Leipzig-Land
147295307340;Parthenstein;154;Leipzig-Land
147295308100;Elstertrebnitz;154;Leipzig-Land
147295308350;Pegau, Stadt;154;Leipzig-Land
147300020020;Bad Düben, Stadt;151;Nordsachsen
147300045045;Belgern-Schildau, Stadt;151;Nordsachsen
147300050050;Cavertitz;151;Nordsachsen
147300060060;Dahlen, Stadt;151;Nordsachsen
147300070070;Delitzsch, Stadt;151;Nordsachsen
147300080080;Doberschütz;151;Nordsachsen
147300110110;Eilenburg, Stadt;151;Nordsachsen
147300160160;Laußig;151;Nordsachsen
147300170170;Liebschützberg;151;Nordsachsen
147300180180;Löbnitz;151;Nordsachsen
147300190190;Mockrehna;151;Nordsachsen
147300200200;Mügeln, Stadt;151;Nordsachsen
147300210210;Naundorf;151;Nordsachsen
147300230230;Oschatz, Stadt;151;Nordsachsen
147300250250;Rackwitz;151;Nordsachsen
147300270270;Schkeuditz, Stadt;151;Nordsachsen
147300300300;Taucha, Stadt;151;Nordsachsen
147300330330;Wermsdorf;151;Nordsachsen
147300340340;Wiedemar;151;Nordsachsen
147305302010;Arzberg;151;Nordsachsen
147305302030;Beilrode;151;Nordsachsen
147305303090;Dommitzsch, Stadt;151;Nordsachsen
147305303120;Elsnig;151;Nordsachsen
147305303320;Trossin;151;Nordsachsen
147305306150;Krostitz;151;Nordsachsen
147305306280;Schönwölkau;151;Nordsachsen
147305311100;Dreiheide;151;Nordsachsen
147305311310;Torgau, Stadt;151;Nordsachsen
147305601140;Jesewitz;151;Nordsachsen
147305601360;Zschepplin;151;Nordsachsen
150010000000;Dessau-Roßlau, Stadt;070;Dessau - Wittenberg
150020000000;Halle (Saale), Stadt;072;Halle
150030000000;Magdeburg, Landeshauptstadt;069;Magdeburg
150810030030;Arendsee (Altmark), Stadt;066;Altmark
150810135135;Gardelegen, Hansestadt;066;Altmark
150810240240;Kalbe (Milde), Stadt;066;Altmark
150810280280;Klötze, Stadt;066;Altmark
150810455455;Salzwedel, Hansestadt;066;Altmark
150815051026;Apenburg-Winterfeld, Flecken;066;Altmark
150815051045;Beetzendorf;066;Altmark
150815051095;Dähre;066;Altmark
150815051105;Diesdorf, Flecken;066;Altmark
150815051225;Jübar;066;Altmark
150815051290;Kuhfelde;066;Altmark
150815051440;Rohrberg;066;Altmark
150815051545;Wallstawe;066;Altmark
150820005005;Aken (Elbe), Stadt;071;Anhalt
150820015015;Bitterfeld-Wolfen, Stadt;071;Anhalt
150820180180;Köthen (Anhalt), Stadt;071;Anhalt
150820241241;Muldestausee;071;Anhalt
150820256256;Osternienburger Land;071;Anhalt
150820301301;Raguhn-Jeßnitz, Stadt;071;Anhalt
150820340340;Sandersdorf-Brehna, Stadt;071;Anhalt
150820377377;Südliches Anhalt, Stadt;071;Anhalt
150820430430;Zerbst/Anhalt, Stadt;071;Anhalt
150820440440;Zörbig, Stadt;071;Anhalt
150830040040;Barleben;067;Börde - Jerichower Land
150830270270;Haldensleben, Stadt;067;Börde - Jerichower Land
150830298298;Hohe Börde;067;Börde - Jerichower Land
150830390390;Niedere Börde;067;Börde - Jerichower Land
150830411411;Oebisfelde-Weferlingen, Stadt;067;Börde - Jerichower Land
150830415415;Oschersleben (Bode), Stadt;067;Börde - Jerichower Land
150830490490;Sülzetal;067;Börde - Jerichower Land
150830531531;Wanzleben-Börde, Stadt;067;Börde - Jerichower Land
150830565565;Wolmirstedt, Stadt;067;Börde - Jerichower Land
150835051030;Angern;067;Börde - Jerichower Land
150835051120;Burgstall;067;Börde - Jerichower Land
150835051130;Colbitz;067;Börde - Jerichower Land
150835051361;Loitsche-Heinrichsberg;067;Börde - Jerichower Land
150835051440;Rogätz;067;Börde - Jerichower Land
150835051557;Westheide;067;Börde - Jerichower Land
150835051580;Zielitz;067;Börde - Jerichower Land
150835052020;Altenhausen;067;Börde - Jerichower Land
150835052060;Beendorf;067;Börde - Jerichower Land
150835052115;Bülstringen;067;Börde - Jerichower Land
150835052125;Calvörde;067;Börde - Jerichower Land
150835052205;Erxleben;067;Börde - Jerichower Land
150835052230;Flechtingen;067;Börde - Jerichower Land
150835052323;Ingersleben;067;Börde - Jerichower Land
150835053190;Eilsleben;067;Börde - Jerichower Land
150835053275;Harbke;067;Börde - Jerichower Land
150835053320;Hötensleben;067;Börde - Jerichower Land
150835053485;Sommersdorf;067;Börde - Jerichower Land
150835053505;Ummendorf;067;Börde - Jerichower Land
150835053515;Völpke;067;Börde - Jerichower Land
150835053535;Wefensleben;067;Börde - Jerichower Land
150835054025;Am Großen Bruch;067;Börde - Jerichower Land
150835054035;Ausleben;067;Börde - Jerichower Land
150835054245;Gröningen, Stadt;067;Börde - Jerichower Land
150835054355;Kroppenstedt, Stadt;067;Börde - Jerichower Land
150840130130;Elsteraue;073;Burgenland - Saalekreis
150840235235;Hohenmölsen, Stadt;073;Burgenland - Saalekreis
150840315315;Lützen, Stadt;073;Burgenland - Saalekreis
150840355355;Naumburg (Saale), Stadt;073;Burgenland - Saalekreis
150840490490;Teuchern, Stadt;073;Burgenland - Saalekreis
150840550550;Weißenfels, Stadt;073;Burgenland - Saalekreis
150840590590;Zeitz, Stadt;073;Burgenland - Saalekreis
150845051012;An der Poststraße;073;Burgenland - Saalekreis
150845051015;Bad Bibra, Stadt;073;Burgenland - Saalekreis
150845051125;Eckartsberga, Stadt;073;Burgenland - Saalekreis
150845051132;Finne;073;Burgenland - Saalekreis
150845051133;Finneland;073;Burgenland - Saalekreis
150845051246;Kaiserpfalz;073;Burgenland - Saalekreis
150845051282;Lanitz-Hassel-Tal;073;Burgenland - Saalekreis
150845052115;Droyßig;073;Burgenland - Saalekreis
150845052207;Gutenborn;073;Burgenland - Saalekreis
150845052275;Kretzschau;073;Burgenland - Saalekreis
150845052442;Schnaudertal;073;Burgenland - Saalekreis
150845052565;Wetterzeube;073;Burgenland - Saalekreis
150845053025;Balgstädt;073;Burgenland - Saalekreis
150845053135;Freyburg (Unstrut), Stadt;073;Burgenland - Saalekreis
150845053150;Gleina;073;Burgenland - Saalekreis
150845053170;Goseck;073;Burgenland - Saalekreis
150845053250;Karsdorf;073;Burgenland - Saalekreis
150845053285;Laucha an der Unstrut, Stadt;073;Burgenland - Saalekreis
150845053360;Nebra (Unstrut), Stadt;073;Burgenland - Saalekreis
150845054013;Meineweh;073;Burgenland - Saalekreis
150845054335;Mertendorf;073;Burgenland - Saalekreis
150845054341;Molauer Land;073;Burgenland - Saalekreis
150845054375;Osterfeld, Stadt;073;Burgenland - Saalekreis
150845054445;Schönburg;073;Burgenland - Saalekreis
150845054470;Stößen, Stadt;073;Burgenland - Saalekreis
150845054560;Wethau;073;Burgenland - Saalekreis
150850040040;Ballenstedt, Stadt;068;Harz
150850055055;Blankenburg (Harz), Stadt;068;Harz
150850110110;Falkenstein/Harz, Stadt;068;Harz
150850135135;Halberstadt, Stadt;068;Harz
150850145145;Harzgerode, Stadt;068;Harz
150850185185;Huy;068;Harz
150850190190;Ilsenburg (Harz), Stadt;068;Harz
150850227227;Nordharz;068;Harz
150850228228;Oberharz am Brocken, Stadt;068;Harz
150850230230;Osterwieck, Stadt;068;Harz
150850235235;Quedlinburg, Welterbestadt;068;Harz
150850330330;Thale, Stadt;068;Harz
150850370370;Wernigerode, Stadt;068;Harz
150855051090;Ditfurt;068;Harz
150855051125;Groß Quenstedt;068;Harz
150855051140;Harsleben;068;Harz
150855051160;Hedersleben;068;Harz
150855051285;Schwanebeck, Stadt;068;Harz
150855051287;Selke-Aue;068;Harz
150855051365;Wegeleben, Stadt;068;Harz
150860005005;Biederitz;067;Börde - Jerichower Land
150860015015;Burg, Stadt;067;Börde - Jerichower Land
150860035035;Elbe-Parey;067;Börde - Jerichower Land
150860040040;Genthin, Stadt;067;Börde - Jerichower Land
150860055055;Gommern, Stadt;067;Börde - Jerichower Land
150860080080;Jerichow, Stadt;067;Börde - Jerichower Land
150860140140;Möckern, Stadt;067;Börde - Jerichower Land
150860145145;Möser;067;Börde - Jerichower Land
150870015015;Allstedt, Stadt;074;Mansfeld
150870031031;Arnstein, Stadt;074;Mansfeld
150870130130;Eisleben, Lutherstadt;074;Mansfeld
150870165165;Gerbstedt, Stadt;074;Mansfeld
150870220220;Hettstedt, Stadt;074;Mansfeld
150870275275;Mansfeld, Stadt;074;Mansfeld
150870370370;Sangerhausen, Stadt;074;Mansfeld
150870386386;Seegebiet Mansfelder Land;074;Mansfeld
150870412412;Südharz;074;Mansfeld
150875051055;Berga;074;Mansfeld
150875051101;Brücken-Hackpfüffel;074;Mansfeld
150875051125;Edersleben;074;Mansfeld
150875051250;Kelbra (Kyffhäuser), Stadt;074;Mansfeld
150875051440;Wallhausen;074;Mansfeld
150875052010;Ahlsdorf;074;Mansfeld
150875052045;Benndorf;074;Mansfeld
150875052070;Blankenheim;074;Mansfeld
150875052075;Bornstedt;074;Mansfeld
150875052205;Helbra;074;Mansfeld
150875052210;Hergisdorf;074;Mansfeld
150875052260;Klostermansfeld;074;Mansfeld
150875052470;Wimmelburg;074;Mansfeld
150880020020;Bad Dürrenberg, Solestadt;073;Burgenland - Saalekreis
150880025025;Bad Lauchstädt, Goethestadt;074;Mansfeld
150880065065;Braunsbedra, Stadt;073;Burgenland - Saalekreis
150880150150;Kabelsketal;072;Halle
150880195195;Landsberg, Stadt;072;Halle
150880205205;Leuna, Stadt;073;Burgenland - Saalekreis
150880216216;Wettin-Löbejün, Stadt;074;Mansfeld
150880220220;Merseburg, Stadt;074;Mansfeld
150880235235;Mücheln (Geiseltal), Stadt;074;Mansfeld
150880295295;Petersberg;072;Halle
150880305305;Querfurt, Stadt;074;Mansfeld
150880319319;Salzatal;074;Mansfeld
150880330330;Schkopau;073;Burgenland - Saalekreis
150880365365;Teutschenthal;074;Mansfeld
150885051030;Barnstädt;074;Mansfeld
150885051100;Farnstädt;074;Mansfeld
150885051250;Nemsdorf-Göhrendorf;074;Mansfeld
150885051265;Obhausen;074;Mansfeld
150885051340;Schraplau, Stadt;074;Mansfeld
150885051355;Steigra;074;Mansfeld
150890015015;Aschersleben, Stadt;068;Harz
150890026026;Barby, Stadt;069;Magdeburg
150890030030;Bernburg (Saale), Stadt;071;Anhalt
150890042042;Bördeland;069;Magdeburg
150890055055;Calbe (Saale), Stadt;069;Magdeburg
150890175175;Hecklingen, Stadt;071;Anhalt
150890195195;Könnern, Stadt;071;Anhalt
150890235235;Nienburg (Saale), Stadt;071;Anhalt
150890305305;Schönebeck (Elbe), Stadt;069;Magdeburg
150890307307;Seeland, Stadt;068;Harz
150890310310;Staßfurt, Stadt;071;Anhalt
150895051041;Bördeaue;071;Anhalt
150895051043;Börde-Hakel;071;Anhalt
150895051045;Borne;071;Anhalt
150895051075;Egeln, Stadt;071;Anhalt
150895051365;Wolmirsleben;071;Anhalt
150895052005;Alsleben (Saale), Stadt;071;Anhalt
150895052130;Giersleben;071;Anhalt
150895052165;Güsten, Stadt;071;Anhalt
150895052185;Ilberstedt;071;Anhalt
150895052245;Plötzkau;071;Anhalt
150900070070;Bismark (Altmark), Stadt;066;Altmark
150900225225;Havelberg, Hansestadt;066;Altmark
150900415415;Osterburg (Altmark), Hansestadt;066;Altmark
150900535535;Stendal, Hansestadt;066;Altmark
150900546546;Tangerhütte, Stadt;066;Altmark
150900550550;Tangermünde, Stadt;066;Altmark
150905051010;Arneburg, Stadt;066;Altmark
150905051135;Eichstedt (Altmark);066;Altmark
150905051180;Goldbeck;066;Altmark
150905051220;Hassel;066;Altmark
150905051245;Hohenberg-Krusemark;066;Altmark
150905051270;Iden;066;Altmark
150905051435;Rochau;066;Altmark
150905051610;Werben (Elbe), Hansestadt;066;Altmark
150905052285;Kamern;066;Altmark
150905052310;Klietz;066;Altmark
150905052445;Sandau (Elbe), Stadt;066;Altmark
150905052485;Schollene;066;Altmark
150905052500;Schönhausen (Elbe);066;Altmark
150905052631;Wust-Fischbeck;066;Altmark
150905053003;Aland;066;Altmark
150905053007;Altmärkische Höhe;066;Altmark
150905053008;Altmärkische Wische;066;Altmark
150905053520;Seehausen (Altmark), Hansestadt;066;Altmark
150905053635;Zehrental;066;Altmark
150910010010;Annaburg, Stadt;070;Dessau - Wittenberg
150910020020;Bad Schmiedeberg, Stadt;070;Dessau - Wittenberg
150910060060;Coswig (Anhalt), Stadt;070;Dessau - Wittenberg
150910110110;Gräfenhainichen, Stadt;070;Dessau - Wittenberg
150910145145;Jessen (Elster), Stadt;070;Dessau - Wittenberg
150910160160;Kemberg, Stadt;070;Dessau - Wittenberg
150910241241;Oranienbaum-Wörlitz, Stadt;070;Dessau - Wittenberg
150910375375;Wittenberg, Lutherstadt;070;Dessau - Wittenberg
150910391391;Zahna-Elster, Stadt;070;Dessau - Wittenberg
160510000000;Erfurt, Stadt;193;Erfurt - Weimar - Weimarer Land II
160520000000;Gera, Stadt;194;Gera - Greiz - Altenburger Land
160530000000;Jena, Stadt;191;Jena - Sömmerda - Weimarer Land I
160540000000;Suhl, Stadt;196;Suhl - Schmalkalden-Meiningen - Hildburghausen - Sonneberg
160550000000;Weimar, Stadt;193;Erfurt - Weimar - Weimarer Land II
160560000000;Eisenach, Stadt;190;Eisenach - Wartburgkreis - Unstrut-Hainich-Kreis
160610045045;Heilbad Heiligenstadt, Stadt;189;Eichsfeld - Nordhausen - Kyffhäuserkreis
160610074074;Niederorschel;189;Eichsfeld - Nordhausen - Kyffhäuserkreis
160610115115;Leinefelde-Worbis, Stadt;189;Eichsfeld - Nordhausen - Kyffhäuserkreis
160610116116;Am Ohmberg;189;Eichsfeld - Nordhausen - Kyffhäuserkreis
160610117117;Sonnenstein;189;Eichsfeld - Nordhausen - Kyffhäuserkreis
160610118118;Dingelstädt, Stadt;189;Eichsfeld - Nordhausen - Kyffhäuserkreis
160615001003;Berlingerode;189;Eichsfeld - Nordhausen - Kyffhäuserkreis
160615001015;Brehme;189;Eichsfeld - Nordhausen - Kyffhäuserkreis
160615001026;Ecklingerode;189;Eichsfeld - Nordhausen - Kyffhäuserkreis
160615001031;Ferna;189;Eichsfeld - Nordhausen - Kyffhäuserkreis
160615001094;Tastungen;189;Eichsfeld - Nordhausen - Kyffhäuserkreis
160615001103;Wehnde;189;Eichsfeld - Nordhausen - Kyffhäuserkreis
160615001114;Teistungen;189;Eichsfeld - Nordhausen - Kyffhäuserkreis
160615006017;Breitenworbis;189;Eichsfeld - Nordhausen - Kyffhäuserkreis
160615006019;Buhla;189;Eichsfeld - Nordhausen - Kyffhäuserkreis
160615006037;Gernrode;189;Eichsfeld - Nordhausen - Kyffhäuserkreis
160615006044;Haynrode;189;Eichsfeld - Nordhausen - Kyffhäuserkreis
160615006058;Kirchworbis;189;Eichsfeld - Nordhausen - Kyffhäuserkreis
160615008001;Arenshausen;189;Eichsfeld - Nordhausen - Kyffhäuserkreis
160615008014;Bornhagen;189;Eichsfeld - Nordhausen - Kyffhäuserkreis
160615008021;Burgwalde;189;Eichsfeld - Nordhausen - Kyffhäuserkreis
160615008032;Freienhagen;189;Eichsfeld - Nordhausen - Kyffhäuserkreis
160615008033;Fretterode;189;Eichsfeld - Nordhausen - Kyffhäuserkreis
160615008036;Gerbershausen;189;Eichsfeld - Nordhausen - Kyffhäuserkreis
160615008048;Hohengandern;189;Eichsfeld - Nordhausen - Kyffhäuserkreis
160615008057;Kirchgandern;189;Eichsfeld - Nordhausen - Kyffhäuserkreis
160615008066;Lindewerra;189;Eichsfeld - Nordhausen - Kyffhäuserkreis
160615008069;Marth;189;Eichsfeld - Nordhausen - Kyffhäuserkreis
160615008078;Rohrberg;189;Eichsfeld - Nordhausen - Kyffhäuserkreis
160615008082;Rustenfelde;189;Eichsfeld - Nordhausen - Kyffhäuserkreis
160615008083;Schachtebich;189;Eichsfeld - Nordhausen - Kyffhäuserkreis
160615008102;Wahlhausen;189;Eichsfeld - Nordhausen - Kyffhäuserkreis
160615009012;Bodenrode-Westhausen;189;Eichsfeld - Nordhausen - Kyffhäuserkreis
160615009034;Geisleden;189;Eichsfeld - Nordhausen - Kyffhäuserkreis
160615009039;Glasehausen;189;Eichsfeld - Nordhausen - Kyffhäuserkreis
160615009047;Heuthen;189;Eichsfeld - Nordhausen - Kyffhäuserkreis
160615009049;Hohes Kreuz;189;Eichsfeld - Nordhausen - Kyffhäuserkreis
160615009076;Reinholterode;189;Eichsfeld - Nordhausen - Kyffhäuserkreis
160615009089;Steinbach;189;Eichsfeld - Nordhausen - Kyffhäuserkreis
160615009107;Wingerode;189;Eichsfeld - Nordhausen - Kyffhäuserkreis
160615012002;Asbach-Sickenberg;189;Eichsfeld - Nordhausen - Kyffhäuserkreis
160615012007;Birkenfelde;189;Eichsfeld - Nordhausen - Kyffhäuserkreis
160615012024;Dietzenrode/Vatterode;189;Eichsfeld - Nordhausen - Kyffhäuserkreis
160615012028;Eichstruth;189;Eichsfeld - Nordhausen - Kyffhäuserkreis
160615012065;Lenterode;189;Eichsfeld - Nordhausen - Kyffhäuserkreis
160615012067;Lutter;189;Eichsfeld - Nordhausen - Kyffhäuserkreis
160615012068;Mackenrode;189;Eichsfeld - Nordhausen - Kyffhäuserkreis
160615012077;Röhrig;189;Eichsfeld - Nordhausen - Kyffhäuserkreis
160615012084;Schönhagen;189;Eichsfeld - Nordhausen - Kyffhäuserkreis
160615012091;Steinheuterode;189;Eichsfeld - Nordhausen - Kyffhäuserkreis
160615012096;Thalwenden;189;Eichsfeld - Nordhausen - Kyffhäuserkreis
160615012097;Uder;189;Eichsfeld - Nordhausen - Kyffhäuserkreis
160615012111;Wüstheuterode;189;Eichsfeld - Nordhausen - Kyffhäuserkreis
160615013018;Büttstedt;189;Eichsfeld - Nordhausen - Kyffhäuserkreis
160615013027;Effelder;189;Eichsfeld - Nordhausen - Kyffhäuserkreis
160615013041;Großbartloff;189;Eichsfeld - Nordhausen - Kyffhäuserkreis
160615013063;Küllstedt;189;Eichsfeld - Nordhausen - Kyffhäuserkreis
160615013101;Wachstedt;189;Eichsfeld - Nordhausen - Kyffhäuserkreis
160615014023;Dieterode;189;Eichsfeld - Nordhausen - Kyffhäuserkreis
160615014035;Geismar;189;Eichsfeld - Nordhausen - Kyffhäuserkreis
160615014056;Kella;189;Eichsfeld - Nordhausen - Kyffhäuserkreis
160615014062;Krombach;189;Eichsfeld - Nordhausen - Kyffhäuserkreis
160615014075;Pfaffschwende;189;Eichsfeld - Nordhausen - Kyffhäuserkreis
160615014085;Schwobfeld;189;Eichsfeld - Nordhausen - Kyffhäuserkreis
160615014086;Sickerode;189;Eichsfeld - Nordhausen - Kyffhäuserkreis
160615014098;Volkerode;189;Eichsfeld - Nordhausen - Kyffhäuserkreis
160615014105;Wiesenfeld;189;Eichsfeld - Nordhausen - Kyffhäuserkreis
160615014113;Schimberg;189;Eichsfeld - Nordhausen - Kyffhäuserkreis
160620005005;Ellrich, Stadt;189;Eichsfeld - Nordhausen - Kyffhäuserkreis
160620041041;Nordhausen, Stadt;189;Eichsfeld - Nordhausen - Kyffhäuserkreis
160620049049;Sollstedt;189;Eichsfeld - Nordhausen - Kyffhäuserkreis
160620062062;Hohenstein;189;Eichsfeld - Nordhausen - Kyffhäuserkreis
160620063063;Werther;189;Eichsfeld - Nordhausen - Kyffhäuserkreis
160620065065;Harztor;189;Eichsfeld - Nordhausen - Kyffhäuserkreis
160625053008;Görsbach;189;Eichsfeld - Nordhausen - Kyffhäuserkreis
160625053054;Urbach;189;Eichsfeld - Nordhausen - Kyffhäuserkreis
160625053064;Heringen/Helme, Stadt;189;Eichsfeld - Nordhausen - Kyffhäuserkreis
160625054009;Großlohra;189;Eichsfeld - Nordhausen - Kyffhäuserkreis
160625054024;Kehmstedt;189;Eichsfeld - Nordhausen - Kyffhäuserkreis
160625054026;Kleinfurra;189;Eichsfeld - Nordhausen - Kyffhäuserkreis
160625054033;Lipprechterode;189;Eichsfeld - Nordhausen - Kyffhäuserkreis
160625054037;Niedergebra;189;Eichsfeld - Nordhausen - Kyffhäuserkreis
160625054066;Bleicherode, Stadt;189;Eichsfeld - Nordhausen - Kyffhäuserkreis
160630004004;Barchfeld-Immelborn;190;Eisenach - Wartburgkreis - Unstrut-Hainich-Kreis
160630076076;Treffurt, Stadt;190;Eisenach - Wartburgkreis - Unstrut-Hainich-Kreis
160630078078;Unterbreizbach;190;Eisenach - Wartburgkreis - Unstrut-Hainich-Kreis
160630082082;Vacha, Stadt;190;Eisenach - Wartburgkreis - Unstrut-Hainich-Kreis
160630092092;Wutha-Farnroda;190;Eisenach - Wartburgkreis - Unstrut-Hainich-Kreis
160630097097;Gerstungen;190;Eisenach - Wartburgkreis - Unstrut-Hainich-Kreis
160630098098;Hörselberg-Hainich;190;Eisenach - Wartburgkreis - Unstrut-Hainich-Kreis
160630099099;Bad Liebenstein, Stadt;190;Eisenach - Wartburgkreis - Unstrut-Hainich-Kreis
160630101101;Krayenberggemeinde;190;Eisenach - Wartburgkreis - Unstrut-Hainich-Kreis
160630103103;Werra-Suhl-Tal, Stadt;190;Eisenach - Wartburgkreis - Unstrut-Hainich-Kreis
160635006006;Berka v. d. Hainich;190;Eisenach - Wartburgkreis - Unstrut-Hainich-Kreis
160635006008;Bischofroda;190;Eisenach - Wartburgkreis - Unstrut-Hainich-Kreis
160635006028;Frankenroda;190;Eisenach - Wartburgkreis - Unstrut-Hainich-Kreis
160635006037;Hallungen;190;Eisenach - Wartburgkreis - Unstrut-Hainich-Kreis
160635006046;Krauthausen;190;Eisenach - Wartburgkreis - Unstrut-Hainich-Kreis
160635006049;Lauterbach;190;Eisenach - Wartburgkreis - Unstrut-Hainich-Kreis
160635006058;Nazza;190;Eisenach - Wartburgkreis - Unstrut-Hainich-Kreis
160635006104;Amt Creuzburg, Stadt;190;Eisenach - Wartburgkreis - Unstrut-Hainich-Kreis
160635051003;Bad Salzungen, Stadt;190;Eisenach - Wartburgkreis - Unstrut-Hainich-Kreis
160635051051;Leimbach;190;Eisenach - Wartburgkreis - Unstrut-Hainich-Kreis
160635056011;Buttlar;190;Eisenach - Wartburgkreis - Unstrut-Hainich-Kreis
160635056032;Geisa, Stadt;190;Eisenach - Wartburgkreis - Unstrut-Hainich-Kreis
160635056033;Gerstengrund;190;Eisenach - Wartburgkreis - Unstrut-Hainich-Kreis
160635056068;Schleid;190;Eisenach - Wartburgkreis - Unstrut-Hainich-Kreis
160635057066;Ruhla, Stadt;190;Eisenach - Wartburgkreis - Unstrut-Hainich-Kreis
160635057071;Seebach;190;Eisenach - Wartburgkreis - Unstrut-Hainich-Kreis
160635059015;Dermbach;190;Eisenach - Wartburgkreis - Unstrut-Hainich-Kreis
160635059023;Empfertshausen;190;Eisenach - Wartburgkreis - Unstrut-Hainich-Kreis
160635059062;Oechsen;190;Eisenach - Wartburgkreis - Unstrut-Hainich-Kreis
160635059084;Weilar;190;Eisenach - Wartburgkreis - Unstrut-Hainich-Kreis
160635059086;Wiesenthal;190;Eisenach - Wartburgkreis - Unstrut-Hainich-Kreis
160640003003;Bad Langensalza, Stadt;190;Eisenach - Wartburgkreis - Unstrut-Hainich-Kreis
160640014014;Dünwald;190;Eisenach - Wartburgkreis - Unstrut-Hainich-Kreis
160640046046;Mühlhausen/Thüringen, Stadt;190;Eisenach - Wartburgkreis - Unstrut-Hainich-Kreis
160640071071;Unstruttal;190;Eisenach - Wartburgkreis - Unstrut-Hainich-Kreis
160640072072;Menteroda;190;Eisenach - Wartburgkreis - Unstrut-Hainich-Kreis
160640073073;Anrode;190;Eisenach - Wartburgkreis - Unstrut-Hainich-Kreis
160645001004;Bad Tennstedt, Stadt;190;Eisenach - Wartburgkreis - Unstrut-Hainich-Kreis
160645001005;Ballhausen;190;Eisenach - Wartburgkreis - Unstrut-Hainich-Kreis
160645001007;Blankenburg;190;Eisenach - Wartburgkreis - Unstrut-Hainich-Kreis
160645001009;Bruchstedt;190;Eisenach - Wartburgkreis - Unstrut-Hainich-Kreis
160645001021;Haussömmern;190;Eisenach - Wartburgkreis - Unstrut-Hainich-Kreis
160645001027;Hornsömmern;190;Eisenach - Wartburgkreis - Unstrut-Hainich-Kreis
160645001033;Kirchheilingen;190;Eisenach - Wartburgkreis - Unstrut-Hainich-Kreis
160645001038;Kutzleben;190;Eisenach - Wartburgkreis - Unstrut-Hainich-Kreis
160645001045;Mittelsömmern;190;Eisenach - Wartburgkreis - Unstrut-Hainich-Kreis
160645001061;Sundhausen;190;Eisenach - Wartburgkreis - Unstrut-Hainich-Kreis
160645001062;Tottleben;190;Eisenach - Wartburgkreis - Unstrut-Hainich-Kreis
160645001064;Urleben;190;Eisenach - Wartburgkreis - Unstrut-Hainich-Kreis
160645051019;Großvargula;190;Eisenach - Wartburgkreis - Unstrut-Hainich-Kreis
160645051022;Herbsleben;190;Eisenach - Wartburgkreis - Unstrut-Hainich-Kreis
160645052055;Rodeberg;190;Eisenach - Wartburgkreis - Unstrut-Hainich-Kreis
160645052074;Südeichsfeld;190;Eisenach - Wartburgkreis - Unstrut-Hainich-Kreis
160645053032;Kammerforst;190;Eisenach - Wartburgkreis - Unstrut-Hainich-Kreis
160645053053;Oppershausen;190;Eisenach - Wartburgkreis - Unstrut-Hainich-Kreis
160645053075;Vogtei;190;Eisenach - Wartburgkreis - Unstrut-Hainich-Kreis
160645054058;Schönstedt;190;Eisenach - Wartburgkreis - Unstrut-Hainich-Kreis
160645054076;Unstrut-Hainich;190;Eisenach - Wartburgkreis - Unstrut-Hainich-Kreis
160645055037;Körner;190;Eisenach - Wartburgkreis - Unstrut-Hainich-Kreis
160645055043;Marolterode;190;Eisenach - Wartburgkreis - Unstrut-Hainich-Kreis
160645055077;Nottertal-Heilinger Höhen, Stadt;190;Eisenach - Wartburgkreis - Unstrut-Hainich-Kreis
160650003003;Bad Frankenhausen/Kyffhäuser, Stadt;189;Eichsfeld - Nordhausen - Kyffhäuserkreis
160650032032;Helbedündorf;189;Eichsfeld - Nordhausen - Kyffhäuserkreis
160650067067;Sondershausen, Stadt;189;Eichsfeld - Nordhausen - Kyffhäuserkreis
160650085085;Kyffhäuserland;189;Eichsfeld - Nordhausen - Kyffhäuserkreis
160650087087;Roßleben-Wiehe, Stadt;189;Eichsfeld - Nordhausen - Kyffhäuserkreis
160655002012;Clingen, Stadt;189;Eichsfeld - Nordhausen - Kyffhäuserkreis
160655002023;Greußen, Stadt;189;Eichsfeld - Nordhausen - Kyffhäuserkreis
160655002048;Niederbösa;189;Eichsfeld - Nordhausen - Kyffhäuserkreis
160655002051;Oberbösa;189;Eichsfeld - Nordhausen - Kyffhäuserkreis
160655002074;Topfstedt;189;Eichsfeld - Nordhausen - Kyffhäuserkreis
160655002075;Trebra;189;Eichsfeld - Nordhausen - Kyffhäuserkreis
160655002077;Wasserthaleben;189;Eichsfeld - Nordhausen - Kyffhäuserkreis
160655002079;Westgreußen;189;Eichsfeld - Nordhausen - Kyffhäuserkreis
160655002084;Großenehrich, Stadt;189;Eichsfeld - Nordhausen - Kyffhäuserkreis
160655052001;Abtsbessingen;189;Eichsfeld - Nordhausen - Kyffhäuserkreis
160655052005;Bellstedt;189;Eichsfeld - Nordhausen - Kyffhäuserkreis
160655052014;Ebeleben, Stadt;189;Eichsfeld - Nordhausen - Kyffhäuserkreis
160655052018;Freienbessingen;189;Eichsfeld - Nordhausen - Kyffhäuserkreis
160655052038;Holzsußra;189;Eichsfeld - Nordhausen - Kyffhäuserkreis
160655052058;Rockstedt;189;Eichsfeld - Nordhausen - Kyffhäuserkreis
160655052082;Wolferschwenda;189;Eichsfeld - Nordhausen - Kyffhäuserkreis
160655055008;Borxleben;189;Eichsfeld - Nordhausen - Kyffhäuserkreis
160655055019;Gehofen;189;Eichsfeld - Nordhausen - Kyffhäuserkreis
160655055042;Kalbsrieth;189;Eichsfeld - Nordhausen - Kyffhäuserkreis
160655055046;Mönchpfiffel-Nikolausrieth;189;Eichsfeld - Nordhausen - Kyffhäuserkreis
160655055056;Reinsdorf;189;Eichsfeld - Nordhausen - Kyffhäuserkreis
160655055086;Artern, Stadt;189;Eichsfeld - Nordhausen - Kyffhäuserkreis
160655056016;Etzleben;189;Eichsfeld - Nordhausen - Kyffhäuserkreis
160655056052;Oberheldrungen;189;Eichsfeld - Nordhausen - Kyffhäuserkreis
160655056088;An der Schmücke, Stadt;189;Eichsfeld - Nordhausen - Kyffhäuserkreis
160660023023;Floh-Seligenthal;196;Suhl - Schmalkalden-Meiningen - Hildburghausen - Sonneberg
160660047047;Oberhof, Stadt;196;Suhl - Schmalkalden-Meiningen - Hildburghausen - Sonneberg
160660063063;Schmalkalden, Kurort, Stadt;196;Suhl - Schmalkalden-Meiningen - Hildburghausen - Sonneberg
160660069069;Steinbach-Hallenberg, Kurort, Stadt;196;Suhl - Schmalkalden-Meiningen - Hildburghausen - Sonneberg
160660074074;Brotterode-Trusetal, Stadt;196;Suhl - Schmalkalden-Meiningen - Hildburghausen - Sonneberg
160660092092;Zella-Mehlis, Stadt;196;Suhl - Schmalkalden-Meiningen - Hildburghausen - Sonneberg
160660093093;Rhönblick;196;Suhl - Schmalkalden-Meiningen - Hildburghausen - Sonneberg
160660094094;Grabfeld;196;Suhl - Schmalkalden-Meiningen - Hildburghausen - Sonneberg
160665005012;Birx;196;Suhl - Schmalkalden-Meiningen - Hildburghausen - Sonneberg
160665005019;Erbenhausen;196;Suhl - Schmalkalden-Meiningen - Hildburghausen - Sonneberg
160665005024;Frankenheim/Rhön;196;Suhl - Schmalkalden-Meiningen - Hildburghausen - Sonneberg
160665005052;Oberweid;196;Suhl - Schmalkalden-Meiningen - Hildburghausen - Sonneberg
160665005095;Kaltennordheim, Stadt;196;Suhl - Schmalkalden-Meiningen - Hildburghausen - Sonneberg
160665013025;Friedelshausen;196;Suhl - Schmalkalden-Meiningen - Hildburghausen - Sonneberg
160665013041;Mehmels;196;Suhl - Schmalkalden-Meiningen - Hildburghausen - Sonneberg
160665013064;Schwallungen;196;Suhl - Schmalkalden-Meiningen - Hildburghausen - Sonneberg
160665013086;Wasungen, Stadt;196;Suhl - Schmalkalden-Meiningen - Hildburghausen - Sonneberg
160665014005;Belrieth;196;Suhl - Schmalkalden-Meiningen - Hildburghausen - Sonneberg
160665014015;Christes;196;Suhl - Schmalkalden-Meiningen - Hildburghausen - Sonneberg
160665014016;Dillstädt;196;Suhl - Schmalkalden-Meiningen - Hildburghausen - Sonneberg
160665014017;Einhausen;196;Suhl - Schmalkalden-Meiningen - Hildburghausen - Sonneberg
160665014018;Ellingshausen;196;Suhl - Schmalkalden-Meiningen - Hildburghausen - Sonneberg
160665014038;Kühndorf;196;Suhl - Schmalkalden-Meiningen - Hildburghausen - Sonneberg
160665014039;Leutersdorf;196;Suhl - Schmalkalden-Meiningen - Hildburghausen - Sonneberg
160665014045;Neubrunn;196;Suhl - Schmalkalden-Meiningen - Hildburghausen - Sonneberg
160665014049;Obermaßfeld-Grimmenthal;196;Suhl - Schmalkalden-Meiningen - Hildburghausen - Sonneberg
160665014057;Ritschenhausen;196;Suhl - Schmalkalden-Meiningen - Hildburghausen - Sonneberg
160665014058;Rohr;196;Suhl - Schmalkalden-Meiningen - Hildburghausen - Sonneberg
160665014065;Schwarza;196;Suhl - Schmalkalden-Meiningen - Hildburghausen - Sonneberg
160665014079;Utendorf;196;Suhl - Schmalkalden-Meiningen - Hildburghausen - Sonneberg
160665014081;Vachdorf;196;Suhl - Schmalkalden-Meiningen - Hildburghausen - Sonneberg
160665050042;Meiningen, Stadt;196;Suhl - Schmalkalden-Meiningen - Hildburghausen - Sonneberg
160665050056;Rippershausen;196;Suhl - Schmalkalden-Meiningen - Hildburghausen - Sonneberg
160665050073;Sülzfeld;196;Suhl - Schmalkalden-Meiningen - Hildburghausen - Sonneberg
160665050076;Untermaßfeld;196;Suhl - Schmalkalden-Meiningen - Hildburghausen - Sonneberg
160665051013;Breitungen/Werra;196;Suhl - Schmalkalden-Meiningen - Hildburghausen - Sonneberg
160665051022;Fambach;196;Suhl - Schmalkalden-Meiningen - Hildburghausen - Sonneberg
160665051059;Rosa;196;Suhl - Schmalkalden-Meiningen - Hildburghausen - Sonneberg
160665051061;Roßdorf;196;Suhl - Schmalkalden-Meiningen - Hildburghausen - Sonneberg
160670019019;Friedrichroda, Stadt;192;Gotha - Ilm-Kreis
160670029029;Gotha, Stadt;192;Gotha - Ilm-Kreis
160670064064;Bad Tabarz;192;Gotha - Ilm-Kreis
160670065065;Tambach-Dietharz/Thür. Wald, Stadt;192;Gotha - Ilm-Kreis
160670072072;Waltershausen, Stadt;192;Gotha - Ilm-Kreis
160670087087;Nesse-Apfelstädt;192;Gotha - Ilm-Kreis
160670088088;Hörsel;192;Gotha - Ilm-Kreis
160675007004;Bienstädt;192;Gotha - Ilm-Kreis
160675007016;Eschenbergen;192;Gotha - Ilm-Kreis
160675007022;Friemar;192;Gotha - Ilm-Kreis
160675007047;Molschleben;192;Gotha - Ilm-Kreis
160675007052;Nottleben;192;Gotha - Ilm-Kreis
160675007055;Pferdingsleben;192;Gotha - Ilm-Kreis
160675007068;Tröchtelborn;192;Gotha - Ilm-Kreis
160675007071;Tüttleben;192;Gotha - Ilm-Kreis
160675007082;Zimmernsupra;192;Gotha - Ilm-Kreis
160675012009;Dachwig;192;Gotha - Ilm-Kreis
160675012011;Döllstädt;192;Gotha - Ilm-Kreis
160675012026;Gierstädt;192;Gotha - Ilm-Kreis
160675012033;Großfahner;192;Gotha - Ilm-Kreis
160675012067;Tonna;192;Gotha - Ilm-Kreis
160675050044;Luisenthal;192;Gotha - Ilm-Kreis
160675050053;Ohrdruf, Stadt;192;Gotha - Ilm-Kreis
160675052059;Schwabhausen;192;Gotha - Ilm-Kreis
160675052089;Drei Gleichen;192;Gotha - Ilm-Kreis
160675053063;Sonneborn;192;Gotha - Ilm-Kreis
160675053091;Nessetal;192;Gotha - Ilm-Kreis
160675054013;Emleben;192;Gotha - Ilm-Kreis
160675054036;Herrenhof;192;Gotha - Ilm-Kreis
160675054092;Georgenthal;192;Gotha - Ilm-Kreis
160680051051;Sömmerda, Stadt;191;Jena - Sömmerda - Weimarer Land I
160680058058;Weißensee, Stadt;191;Jena - Sömmerda - Weimarer Land I
160680063063;Buttstädt;191;Jena - Sömmerda - Weimarer Land I
160685002002;Andisleben;191;Jena - Sömmerda - Weimarer Land I
160685002014;Gebesee, Stadt;191;Jena - Sömmerda - Weimarer Land I
160685002045;Ringleben;191;Jena - Sömmerda - Weimarer Land I
160685002057;Walschleben;191;Jena - Sömmerda - Weimarer Land I
160685005005;Büchel;191;Jena - Sömmerda - Weimarer Land I
160685005015;Griefstedt;191;Jena - Sömmerda - Weimarer Land I
160685005022;Günstedt;191;Jena - Sömmerda - Weimarer Land I
160685005043;Riethgen;191;Jena - Sömmerda - Weimarer Land I
160685005064;Kindelbrück;191;Jena - Sömmerda - Weimarer Land I
160685006019;Großneuhausen;191;Jena - Sömmerda - Weimarer Land I
160685006033;Kleinneuhausen;191;Jena - Sömmerda - Weimarer Land I
160685006034;Kölleda, Stadt;191;Jena - Sömmerda - Weimarer Land I
160685006041;Ostramondra;191;Jena - Sömmerda - Weimarer Land I
160685006042;Rastenberg, Stadt;191;Jena - Sömmerda - Weimarer Land I
160685009013;Gangloffsömmern;191;Jena - Sömmerda - Weimarer Land I
160685009025;Haßleben;191;Jena - Sömmerda - Weimarer Land I
160685009044;Riethnordhausen;191;Jena - Sömmerda - Weimarer Land I
160685009049;Schwerstedt;191;Jena - Sömmerda - Weimarer Land I
160685009053;Straußfurt;191;Jena - Sömmerda - Weimarer Land I
160685009059;Werningshausen;191;Jena - Sömmerda - Weimarer Land I
160685009062;Wundersleben;191;Jena - Sömmerda - Weimarer Land I
160685012001;Alperstedt;191;Jena - Sömmerda - Weimarer Land I
160685012007;Eckstedt;191;Jena - Sömmerda - Weimarer Land I
160685012017;Großmölsen;191;Jena - Sömmerda - Weimarer Land I
160685012021;Großrudestedt;191;Jena - Sömmerda - Weimarer Land I
160685012032;Kleinmölsen;191;Jena - Sömmerda - Weimarer Land I
160685012036;Markvippach;191;Jena - Sömmerda - Weimarer Land I
160685012037;Nöda;191;Jena - Sömmerda - Weimarer Land I
160685012039;Ollendorf;191;Jena - Sömmerda - Weimarer Land I
160685012048;Schloßvippach;191;Jena - Sömmerda - Weimarer Land I
160685012052;Sprötau;191;Jena - Sömmerda - Weimarer Land I
160685012055;Udestedt;191;Jena - Sömmerda - Weimarer Land I
160685012056;Vogelsberg;191;Jena - Sömmerda - Weimarer Land I
160685050009;Elxleben;191;Jena - Sömmerda - Weimarer Land I
160685050061;Witterda;191;Jena - Sömmerda - Weimarer Land I
160690012012;Eisfeld, Stadt;196;Suhl - Schmalkalden-Meiningen - Hildburghausen - Sonneberg
160690024024;Hildburghausen, Stadt;196;Suhl - Schmalkalden-Meiningen - Hildburghausen - Sonneberg
160690042042;Schleusegrund;196;Suhl - Schmalkalden-Meiningen - Hildburghausen - Sonneberg
160690043043;Schleusingen, Stadt;196;Suhl - Schmalkalden-Meiningen - Hildburghausen - Sonneberg
160690053053;Veilsdorf;196;Suhl - Schmalkalden-Meiningen - Hildburghausen - Sonneberg
160690061061;Masserberg;196;Suhl - Schmalkalden-Meiningen - Hildburghausen - Sonneberg
160690062062;Römhild, Stadt;196;Suhl - Schmalkalden-Meiningen - Hildburghausen - Sonneberg
160695002001;Ahlstädt;196;Suhl - Schmalkalden-Meiningen - Hildburghausen - Sonneberg
160695002003;Beinerstadt;196;Suhl - Schmalkalden-Meiningen - Hildburghausen - Sonneberg
160695002004;Bischofrod;196;Suhl - Schmalkalden-Meiningen - Hildburghausen - Sonneberg
160695002008;Dingsleben;196;Suhl - Schmalkalden-Meiningen - Hildburghausen - Sonneberg
160695002009;Ehrenberg;196;Suhl - Schmalkalden-Meiningen - Hildburghausen - Sonneberg
160695002011;Eichenberg;196;Suhl - Schmalkalden-Meiningen - Hildburghausen - Sonneberg
160695002016;Grimmelshausen;196;Suhl - Schmalkalden-Meiningen - Hildburghausen - Sonneberg
160695002017;Grub;196;Suhl - Schmalkalden-Meiningen - Hildburghausen - Sonneberg
160695002021;Henfstädt;196;Suhl - Schmalkalden-Meiningen - Hildburghausen - Sonneberg
160695002025;Kloster Veßra;196;Suhl - Schmalkalden-Meiningen - Hildburghausen - Sonneberg
160695002026;Lengfeld;196;Suhl - Schmalkalden-Meiningen - Hildburghausen - Sonneberg
160695002028;Marisfeld;196;Suhl - Schmalkalden-Meiningen - Hildburghausen - Sonneberg
160695002035;Oberstadt;196;Suhl - Schmalkalden-Meiningen - Hildburghausen - Sonneberg
160695002037;Reurieth;196;Suhl - Schmalkalden-Meiningen - Hildburghausen - Sonneberg
160695002044;Schmeheim;196;Suhl - Schmalkalden-Meiningen - Hildburghausen - Sonneberg
160695002047;St.Bernhard;196;Suhl - Schmalkalden-Meiningen - Hildburghausen - Sonneberg
160695002051;Themar, Stadt;196;Suhl - Schmalkalden-Meiningen - Hildburghausen - Sonneberg
160695004041;Schlechtsart;196;Suhl - Schmalkalden-Meiningen - Hildburghausen - Sonneberg
160695004046;Schweickershausen;196;Suhl - Schmalkalden-Meiningen - Hildburghausen - Sonneberg
160695004049;Straufhain;196;Suhl - Schmalkalden-Meiningen - Hildburghausen - Sonneberg
160695004052;Ummerstadt, Stadt;196;Suhl - Schmalkalden-Meiningen - Hildburghausen - Sonneberg
160695004056;Westhausen;196;Suhl - Schmalkalden-Meiningen - Hildburghausen - Sonneberg
160695004063;Heldburg, Stadt;196;Suhl - Schmalkalden-Meiningen - Hildburghausen - Sonneberg
160695051006;Brünn/Thür.;196;Suhl - Schmalkalden-Meiningen - Hildburghausen - Sonneberg
160695051058;Auengrund;196;Suhl - Schmalkalden-Meiningen - Hildburghausen - Sonneberg
160700004004;Arnstadt, Stadt;192;Gotha - Ilm-Kreis
160700028028;Amt Wachsenburg;192;Gotha - Ilm-Kreis
160700029029;Ilmenau, Stadt;192;Gotha - Ilm-Kreis
160700048048;Stadtilm, Stadt;192;Gotha - Ilm-Kreis
160700057057;Geratal;192;Gotha - Ilm-Kreis
160700058058;Großbreitenbach, Stadt;192;Gotha - Ilm-Kreis
160705002011;Elgersburg;192;Gotha - Ilm-Kreis
160705002034;Martinroda;192;Gotha - Ilm-Kreis
160705002043;Plaue, Stadt;192;Gotha - Ilm-Kreis
160705009001;Alkersleben;192;Gotha - Ilm-Kreis
160705009006;Bösleben-Wüllersleben;192;Gotha - Ilm-Kreis
160705009008;Dornheim;192;Gotha - Ilm-Kreis
160705009012;Elleben;192;Gotha - Ilm-Kreis
160705009013;Elxleben;192;Gotha - Ilm-Kreis
160705009041;Osthausen-Wülfershausen;192;Gotha - Ilm-Kreis
160705009054;Witzleben;192;Gotha - Ilm-Kreis
160710001001;Apolda, Stadt;191;Jena - Sömmerda - Weimarer Land I
160710003003;Bad Berka, Stadt;191;Jena - Sömmerda - Weimarer Land I
160710008008;Blankenhain, Stadt;191;Jena - Sömmerda - Weimarer Land I
160710101101;Ilmtal-Weinstraße;191;Jena - Sömmerda - Weimarer Land I
160710103103;Grammetal;193;Erfurt - Weimar - Weimarer Land II
160715007032;Hohenfelden;191;Jena - Sömmerda - Weimarer Land I
160715007043;Klettbach;191;Jena - Sömmerda - Weimarer Land I
160715007046;Kranichfeld, Stadt;191;Jena - Sömmerda - Weimarer Land I
160715007059;Nauendorf;191;Jena - Sömmerda - Weimarer Land I
160715007079;Rittersdorf;191;Jena - Sömmerda - Weimarer Land I
160715007087;Tonndorf;191;Jena - Sömmerda - Weimarer Land I
160715008009;Buchfart;191;Jena - Sömmerda - Weimarer Land I
160715008013;Döbritschen;191;Jena - Sömmerda - Weimarer Land I
160715008019;Frankendorf;191;Jena - Sömmerda - Weimarer Land I
160715008025;Großschwabhausen;191;Jena - Sömmerda - Weimarer Land I
160715008027;Hammerstedt;191;Jena - Sömmerda - Weimarer Land I
160715008031;Hetschburg;191;Jena - Sömmerda - Weimarer Land I
160715008037;Kapellendorf;191;Jena - Sömmerda - Weimarer Land I
160715008038;Kiliansroda;191;Jena - Sömmerda - Weimarer Land I
160715008042;Kleinschwabhausen;191;Jena - Sömmerda - Weimarer Land I
160715008049;Lehnstedt;191;Jena - Sömmerda - Weimarer Land I
160715008053;Magdala, Stadt;191;Jena - Sömmerda - Weimarer Land I
160715008055;Mechelroda;191;Jena - Sömmerda - Weimarer Land I
160715008056;Mellingen;191;Jena - Sömmerda - Weimarer Land I
160715008071;Oettern;191;Jena - Sömmerda - Weimarer Land I
160715008089;Umpferstedt;191;Jena - Sömmerda - Weimarer Land I
160715008093;Vollersroda;191;Jena - Sömmerda - Weimarer Land I
160715008095;Wiegendorf;191;Jena - Sömmerda - Weimarer Land I
160715051004;Bad Sulza, Stadt;191;Jena - Sömmerda - Weimarer Land I
160715051015;Eberstedt;191;Jena - Sömmerda - Weimarer Land I
160715051022;Großheringen;191;Jena - Sömmerda - Weimarer Land I
160715051064;Niedertrebra;191;Jena - Sömmerda - Weimarer Land I
160715051069;Obertrebra;191;Jena - Sömmerda - Weimarer Land I
160715051077;Rannstedt;191;Jena - Sömmerda - Weimarer Land I
160715051083;Schmiedehausen;191;Jena - Sömmerda - Weimarer Land I
160715053005;Ballstedt;191;Jena - Sömmerda - Weimarer Land I
160715053017;Ettersburg;191;Jena - Sömmerda - Weimarer Land I
160715053061;Neumark, Stadt;191;Jena - Sömmerda - Weimarer Land I
160715053102;Am Ettersberg;191;Jena - Sömmerda - Weimarer Land I
160720011011;Lauscha, Stadt;196;Suhl - Schmalkalden-Meiningen - Hildburghausen - Sonneberg
160720015015;Schalkau, Stadt;196;Suhl - Schmalkalden-Meiningen - Hildburghausen - Sonneberg
160720018018;Sonneberg, Stadt;196;Suhl - Schmalkalden-Meiningen - Hildburghausen - Sonneberg
160720019019;Steinach, Stadt;196;Suhl - Schmalkalden-Meiningen - Hildburghausen - Sonneberg
160720023023;Frankenblick;196;Suhl - Schmalkalden-Meiningen - Hildburghausen - Sonneberg
160720024024;Föritztal;196;Suhl - Schmalkalden-Meiningen - Hildburghausen - Sonneberg
160725051006;Goldisthal;196;Suhl - Schmalkalden-Meiningen - Hildburghausen - Sonneberg
160725051013;Neuhaus am Rennweg, Stadt;196;Suhl - Schmalkalden-Meiningen - Hildburghausen - Sonneberg
160730005005;Bad Blankenburg, Stadt;195;Saalfeld-Rudolstadt - Saale-Holzland-Kreis - Saale-Orla-Kreis
160730076076;Rudolstadt, Stadt;195;Saalfeld-Rudolstadt - Saale-Holzland-Kreis - Saale-Orla-Kreis
160730077077;Saalfeld/Saale, Stadt;195;Saalfeld-Rudolstadt - Saale-Holzland-Kreis - Saale-Orla-Kreis
160730106106;Leutenberg, Stadt;195;Saalfeld-Rudolstadt - Saale-Holzland-Kreis - Saale-Orla-Kreis
160730109109;Uhlstädt-Kirchhasel;195;Saalfeld-Rudolstadt - Saale-Holzland-Kreis - Saale-Orla-Kreis
160730111111;Unterwellenborn;195;Saalfeld-Rudolstadt - Saale-Holzland-Kreis - Saale-Orla-Kreis
160735005028;Gräfenthal, Stadt;195;Saalfeld-Rudolstadt - Saale-Holzland-Kreis - Saale-Orla-Kreis
160735005046;Lehesten, Stadt;195;Saalfeld-Rudolstadt - Saale-Holzland-Kreis - Saale-Orla-Kreis
160735005067;Probstzella;195;Saalfeld-Rudolstadt - Saale-Holzland-Kreis - Saale-Orla-Kreis
160735012013;Cursdorf;195;Saalfeld-Rudolstadt - Saale-Holzland-Kreis - Saale-Orla-Kreis
160735012014;Deesbach;195;Saalfeld-Rudolstadt - Saale-Holzland-Kreis - Saale-Orla-Kreis
160735012017;Döschnitz;195;Saalfeld-Rudolstadt - Saale-Holzland-Kreis - Saale-Orla-Kreis
160735012037;Katzhütte;195;Saalfeld-Rudolstadt - Saale-Holzland-Kreis - Saale-Orla-Kreis
160735012055;Meura;195;Saalfeld-Rudolstadt - Saale-Holzland-Kreis - Saale-Orla-Kreis
160735012074;Rohrbach;195;Saalfeld-Rudolstadt - Saale-Holzland-Kreis - Saale-Orla-Kreis
160735012082;Schwarzburg;195;Saalfeld-Rudolstadt - Saale-Holzland-Kreis - Saale-Orla-Kreis
160735012084;Sitzendorf;195;Saalfeld-Rudolstadt - Saale-Holzland-Kreis - Saale-Orla-Kreis
160735012094;Unterweißbach;195;Saalfeld-Rudolstadt - Saale-Holzland-Kreis - Saale-Orla-Kreis
160735012113;Schwarzatal, Stadt;195;Saalfeld-Rudolstadt - Saale-Holzland-Kreis - Saale-Orla-Kreis
160735051002;Altenbeuthen;195;Saalfeld-Rudolstadt - Saale-Holzland-Kreis - Saale-Orla-Kreis
160735051035;Hohenwarte;195;Saalfeld-Rudolstadt - Saale-Holzland-Kreis - Saale-Orla-Kreis
160735051038;Kaulsdorf;195;Saalfeld-Rudolstadt - Saale-Holzland-Kreis - Saale-Orla-Kreis
160735051107;Drognitz;195;Saalfeld-Rudolstadt - Saale-Holzland-Kreis - Saale-Orla-Kreis
160735054001;Allendorf;195;Saalfeld-Rudolstadt - Saale-Holzland-Kreis - Saale-Orla-Kreis
160735054006;Bechstedt;195;Saalfeld-Rudolstadt - Saale-Holzland-Kreis - Saale-Orla-Kreis
160735054112;Königsee, Stadt;195;Saalfeld-Rudolstadt - Saale-Holzland-Kreis - Saale-Orla-Kreis
160740044044;Kahla, Stadt;195;Saalfeld-Rudolstadt - Saale-Holzland-Kreis - Saale-Orla-Kreis
160745005012;Crossen an der Elster;195;Saalfeld-Rudolstadt - Saale-Holzland-Kreis - Saale-Orla-Kreis
160745005038;Hartmannsdorf;195;Saalfeld-Rudolstadt - Saale-Holzland-Kreis - Saale-Orla-Kreis
160745005039;Heideland;195;Saalfeld-Rudolstadt - Saale-Holzland-Kreis - Saale-Orla-Kreis
160745005072;Rauda;195;Saalfeld-Rudolstadt - Saale-Holzland-Kreis - Saale-Orla-Kreis
160745005092;Silbitz;195;Saalfeld-Rudolstadt - Saale-Holzland-Kreis - Saale-Orla-Kreis
160745005106;Walpernhain;195;Saalfeld-Rudolstadt - Saale-Holzland-Kreis - Saale-Orla-Kreis
160745005116;Schkölen, Stadt;195;Saalfeld-Rudolstadt - Saale-Holzland-Kreis - Saale-Orla-Kreis
160745007007;Bremsnitz;195;Saalfeld-Rudolstadt - Saale-Holzland-Kreis - Saale-Orla-Kreis
160745007017;Eineborn;195;Saalfeld-Rudolstadt - Saale-Holzland-Kreis - Saale-Orla-Kreis
160745007022;Geisenhain;195;Saalfeld-Rudolstadt - Saale-Holzland-Kreis - Saale-Orla-Kreis
160745007024;Gneus;195;Saalfeld-Rudolstadt - Saale-Holzland-Kreis - Saale-Orla-Kreis
160745007029;Großbockedra;195;Saalfeld-Rudolstadt - Saale-Holzland-Kreis - Saale-Orla-Kreis
160745007045;Karlsdorf;195;Saalfeld-Rudolstadt - Saale-Holzland-Kreis - Saale-Orla-Kreis
160745007046;Kleinbockedra;195;Saalfeld-Rudolstadt - Saale-Holzland-Kreis - Saale-Orla-Kreis
160745007047;Kleinebersdorf;195;Saalfeld-Rudolstadt - Saale-Holzland-Kreis - Saale-Orla-Kreis
160745007053;Lippersdorf-Erdmannsdorf;195;Saalfeld-Rudolstadt - Saale-Holzland-Kreis - Saale-Orla-Kreis
160745007056;Meusebach;195;Saalfeld-Rudolstadt - Saale-Holzland-Kreis - Saale-Orla-Kreis
160745007064;Oberbodnitz;195;Saalfeld-Rudolstadt - Saale-Holzland-Kreis - Saale-Orla-Kreis
160745007066;Ottendorf;195;Saalfeld-Rudolstadt - Saale-Holzland-Kreis - Saale-Orla-Kreis
160745007071;Rattelsdorf;195;Saalfeld-Rudolstadt - Saale-Holzland-Kreis - Saale-Orla-Kreis
160745007074;Rausdorf;195;Saalfeld-Rudolstadt - Saale-Holzland-Kreis - Saale-Orla-Kreis
160745007077;Renthendorf;195;Saalfeld-Rudolstadt - Saale-Holzland-Kreis - Saale-Orla-Kreis
160745007097;Tautendorf;195;Saalfeld-Rudolstadt - Saale-Holzland-Kreis - Saale-Orla-Kreis
160745007101;Tissa;195;Saalfeld-Rudolstadt - Saale-Holzland-Kreis - Saale-Orla-Kreis
160745007102;Trockenborn-Wolfersdorf;195;Saalfeld-Rudolstadt - Saale-Holzland-Kreis - Saale-Orla-Kreis
160745007103;Tröbnitz;195;Saalfeld-Rudolstadt - Saale-Holzland-Kreis - Saale-Orla-Kreis
160745007104;Unterbodnitz;195;Saalfeld-Rudolstadt - Saale-Holzland-Kreis - Saale-Orla-Kreis
160745007107;Waltersdorf;195;Saalfeld-Rudolstadt - Saale-Holzland-Kreis - Saale-Orla-Kreis
160745007108;Weißbach;195;Saalfeld-Rudolstadt - Saale-Holzland-Kreis - Saale-Orla-Kreis
160745011002;Altenberga;195;Saalfeld-Rudolstadt - Saale-Holzland-Kreis - Saale-Orla-Kreis
160745011004;Bibra;195;Saalfeld-Rudolstadt - Saale-Holzland-Kreis - Saale-Orla-Kreis
160745011008;Bucha;195;Saalfeld-Rudolstadt - Saale-Holzland-Kreis - Saale-Orla-Kreis
160745011016;Eichenberg;195;Saalfeld-Rudolstadt - Saale-Holzland-Kreis - Saale-Orla-Kreis
160745011021;Freienorla;195;Saalfeld-Rudolstadt - Saale-Holzland-Kreis - Saale-Orla-Kreis
160745011031;Großeutersdorf;195;Saalfeld-Rudolstadt - Saale-Holzland-Kreis - Saale-Orla-Kreis
160745011033;Großpürschütz;195;Saalfeld-Rudolstadt - Saale-Holzland-Kreis - Saale-Orla-Kreis
160745011034;Gumperda;195;Saalfeld-Rudolstadt - Saale-Holzland-Kreis - Saale-Orla-Kreis
160745011042;Hummelshain;195;Saalfeld-Rudolstadt - Saale-Holzland-Kreis - Saale-Orla-Kreis
160745011048;Kleineutersdorf;195;Saalfeld-Rudolstadt - Saale-Holzland-Kreis - Saale-Orla-Kreis
160745011049;Laasdorf;195;Saalfeld-Rudolstadt - Saale-Holzland-Kreis - Saale-Orla-Kreis
160745011052;Lindig;195;Saalfeld-Rudolstadt - Saale-Holzland-Kreis - Saale-Orla-Kreis
160745011057;Milda;195;Saalfeld-Rudolstadt - Saale-Holzland-Kreis - Saale-Orla-Kreis
160745011065;Orlamünde, Stadt;195;Saalfeld-Rudolstadt - Saale-Holzland-Kreis - Saale-Orla-Kreis
160745011076;Reinstädt;195;Saalfeld-Rudolstadt - Saale-Holzland-Kreis - Saale-Orla-Kreis
160745011079;Rothenstein;195;Saalfeld-Rudolstadt - Saale-Holzland-Kreis - Saale-Orla-Kreis
160745011087;Schöps;195;Saalfeld-Rudolstadt - Saale-Holzland-Kreis - Saale-Orla-Kreis
160745011089;Seitenroda;195;Saalfeld-Rudolstadt - Saale-Holzland-Kreis - Saale-Orla-Kreis
160745011095;Sulza;195;Saalfeld-Rudolstadt - Saale-Holzland-Kreis - Saale-Orla-Kreis
160745011114;Zöllnitz;195;Saalfeld-Rudolstadt - Saale-Holzland-Kreis - Saale-Orla-Kreis
160745014041;Hermsdorf, Stadt;195;Saalfeld-Rudolstadt - Saale-Holzland-Kreis - Saale-Orla-Kreis
160745014059;Mörsdorf;195;Saalfeld-Rudolstadt - Saale-Holzland-Kreis - Saale-Orla-Kreis
160745014075;Reichenbach;195;Saalfeld-Rudolstadt - Saale-Holzland-Kreis - Saale-Orla-Kreis
160745014084;Schleifreisen;195;Saalfeld-Rudolstadt - Saale-Holzland-Kreis - Saale-Orla-Kreis
160745014093;St.Gangloff;195;Saalfeld-Rudolstadt - Saale-Holzland-Kreis - Saale-Orla-Kreis
160745015011;Dornburg-Camburg, Stadt;195;Saalfeld-Rudolstadt - Saale-Holzland-Kreis - Saale-Orla-Kreis
160745015019;Frauenprießnitz;195;Saalfeld-Rudolstadt - Saale-Holzland-Kreis - Saale-Orla-Kreis
160745015026;Golmsdorf;195;Saalfeld-Rudolstadt - Saale-Holzland-Kreis - Saale-Orla-Kreis
160745015032;Großlöbichau;195;Saalfeld-Rudolstadt - Saale-Holzland-Kreis - Saale-Orla-Kreis
160745015036;Hainichen;195;Saalfeld-Rudolstadt - Saale-Holzland-Kreis - Saale-Orla-Kreis
160745015043;Jenalöbnitz;195;Saalfeld-Rudolstadt - Saale-Holzland-Kreis - Saale-Orla-Kreis
160745015051;Lehesten;195;Saalfeld-Rudolstadt - Saale-Holzland-Kreis - Saale-Orla-Kreis
160745015054;Löberschütz;195;Saalfeld-Rudolstadt - Saale-Holzland-Kreis - Saale-Orla-Kreis
160745015063;Neuengönna;195;Saalfeld-Rudolstadt - Saale-Holzland-Kreis - Saale-Orla-Kreis
160745015096;Tautenburg;195;Saalfeld-Rudolstadt - Saale-Holzland-Kreis - Saale-Orla-Kreis
160745015099;Thierschneck;195;Saalfeld-Rudolstadt - Saale-Holzland-Kreis - Saale-Orla-Kreis
160745015112;Wichmar;195;Saalfeld-Rudolstadt - Saale-Holzland-Kreis - Saale-Orla-Kreis
160745015113;Zimmern;195;Saalfeld-Rudolstadt - Saale-Holzland-Kreis - Saale-Orla-Kreis
160745050058;Möckern;195;Saalfeld-Rudolstadt - Saale-Holzland-Kreis - Saale-Orla-Kreis
160745050081;Ruttersdorf-Lotschen;195;Saalfeld-Rudolstadt - Saale-Holzland-Kreis - Saale-Orla-Kreis
160745050094;Stadtroda, Stadt;195;Saalfeld-Rudolstadt - Saale-Holzland-Kreis - Saale-Orla-Kreis
160745051009;Bürgel, Stadt;195;Saalfeld-Rudolstadt - Saale-Holzland-Kreis - Saale-Orla-Kreis
160745051028;Graitschen b. Bürgel;195;Saalfeld-Rudolstadt - Saale-Holzland-Kreis - Saale-Orla-Kreis
160745051061;Nausnitz;195;Saalfeld-Rudolstadt - Saale-Holzland-Kreis - Saale-Orla-Kreis
160745051068;Poxdorf;195;Saalfeld-Rudolstadt - Saale-Holzland-Kreis - Saale-Orla-Kreis
160745052018;Eisenberg, Stadt;195;Saalfeld-Rudolstadt - Saale-Holzland-Kreis - Saale-Orla-Kreis
160745052025;Gösen;195;Saalfeld-Rudolstadt - Saale-Holzland-Kreis - Saale-Orla-Kreis
160745052037;Hainspitz;195;Saalfeld-Rudolstadt - Saale-Holzland-Kreis - Saale-Orla-Kreis
160745052055;Mertendorf;195;Saalfeld-Rudolstadt - Saale-Holzland-Kreis - Saale-Orla-Kreis
160745052067;Petersberg;195;Saalfeld-Rudolstadt - Saale-Holzland-Kreis - Saale-Orla-Kreis
160745052073;Rauschwitz;195;Saalfeld-Rudolstadt - Saale-Holzland-Kreis - Saale-Orla-Kreis
160745053001;Albersdorf;195;Saalfeld-Rudolstadt - Saale-Holzland-Kreis - Saale-Orla-Kreis
160745053003;Bad Klosterlausnitz;195;Saalfeld-Rudolstadt - Saale-Holzland-Kreis - Saale-Orla-Kreis
160745053005;Bobeck;195;Saalfeld-Rudolstadt - Saale-Holzland-Kreis - Saale-Orla-Kreis
160745053082;Scheiditz;195;Saalfeld-Rudolstadt - Saale-Holzland-Kreis - Saale-Orla-Kreis
160745053085;Schlöben;195;Saalfeld-Rudolstadt - Saale-Holzland-Kreis - Saale-Orla-Kreis
160745053086;Schöngleina;195;Saalfeld-Rudolstadt - Saale-Holzland-Kreis - Saale-Orla-Kreis
160745053091;Serba;195;Saalfeld-Rudolstadt - Saale-Holzland-Kreis - Saale-Orla-Kreis
160745053098;Tautenhain;195;Saalfeld-Rudolstadt - Saale-Holzland-Kreis - Saale-Orla-Kreis
160745053105;Waldeck;195;Saalfeld-Rudolstadt - Saale-Holzland-Kreis - Saale-Orla-Kreis
160745053109;Weißenborn;195;Saalfeld-Rudolstadt - Saale-Holzland-Kreis - Saale-Orla-Kreis
160750046046;Hirschberg, Stadt;195;Saalfeld-Rudolstadt - Saale-Holzland-Kreis - Saale-Orla-Kreis
160750062062;Bad Lobenstein, Stadt;195;Saalfeld-Rudolstadt - Saale-Holzland-Kreis - Saale-Orla-Kreis
160750085085;Pößneck, Stadt;195;Saalfeld-Rudolstadt - Saale-Holzland-Kreis - Saale-Orla-Kreis
160750098098;Schleiz, Stadt;195;Saalfeld-Rudolstadt - Saale-Holzland-Kreis - Saale-Orla-Kreis
160750131131;Gefell, Stadt;195;Saalfeld-Rudolstadt - Saale-Holzland-Kreis - Saale-Orla-Kreis
160750132132;Tanna, Stadt;195;Saalfeld-Rudolstadt - Saale-Holzland-Kreis - Saale-Orla-Kreis
160750133133;Wurzbach, Stadt;195;Saalfeld-Rudolstadt - Saale-Holzland-Kreis - Saale-Orla-Kreis
160750134134;Remptendorf;195;Saalfeld-Rudolstadt - Saale-Holzland-Kreis - Saale-Orla-Kreis
160750135135;Saalburg-Ebersdorf, Stadt;195;Saalfeld-Rudolstadt - Saale-Holzland-Kreis - Saale-Orla-Kreis
160750136136;Rosenthal am Rennsteig;195;Saalfeld-Rudolstadt - Saale-Holzland-Kreis - Saale-Orla-Kreis
160755004014;Dittersdorf;195;Saalfeld-Rudolstadt - Saale-Holzland-Kreis - Saale-Orla-Kreis
160755004033;Görkwitz;195;Saalfeld-Rudolstadt - Saale-Holzland-Kreis - Saale-Orla-Kreis
160755004034;Göschitz;195;Saalfeld-Rudolstadt - Saale-Holzland-Kreis - Saale-Orla-Kreis
160755004048;Kirschkau;195;Saalfeld-Rudolstadt - Saale-Holzland-Kreis - Saale-Orla-Kreis
160755004063;Löhma;195;Saalfeld-Rudolstadt - Saale-Holzland-Kreis - Saale-Orla-Kreis
160755004068;Moßbach;195;Saalfeld-Rudolstadt - Saale-Holzland-Kreis - Saale-Orla-Kreis
160755004072;Neundorf (bei Schleiz);195;Saalfeld-Rudolstadt - Saale-Holzland-Kreis - Saale-Orla-Kreis
160755004076;Oettersdorf;195;Saalfeld-Rudolstadt - Saale-Holzland-Kreis - Saale-Orla-Kreis
160755004083;Plothen;195;Saalfeld-Rudolstadt - Saale-Holzland-Kreis - Saale-Orla-Kreis
160755004084;Pörmitz;195;Saalfeld-Rudolstadt - Saale-Holzland-Kreis - Saale-Orla-Kreis
160755004109;Tegau;195;Saalfeld-Rudolstadt - Saale-Holzland-Kreis - Saale-Orla-Kreis
160755004119;Volkmannsdorf;195;Saalfeld-Rudolstadt - Saale-Holzland-Kreis - Saale-Orla-Kreis
160755005006;Bodelwitz;195;Saalfeld-Rudolstadt - Saale-Holzland-Kreis - Saale-Orla-Kreis
160755005016;Döbritz;195;Saalfeld-Rudolstadt - Saale-Holzland-Kreis - Saale-Orla-Kreis
160755005031;Gertewitz;195;Saalfeld-Rudolstadt - Saale-Holzland-Kreis - Saale-Orla-Kreis
160755005039;Grobengereuth;195;Saalfeld-Rudolstadt - Saale-Holzland-Kreis - Saale-Orla-Kreis
160755005054;Langenorla;195;Saalfeld-Rudolstadt - Saale-Holzland-Kreis - Saale-Orla-Kreis
160755005056;Lausnitz b. Neustadt an der Orla;195;Saalfeld-Rudolstadt - Saale-Holzland-Kreis - Saale-Orla-Kreis
160755005074;Nimritz;195;Saalfeld-Rudolstadt - Saale-Holzland-Kreis - Saale-Orla-Kreis
160755005075;Oberoppurg;195;Saalfeld-Rudolstadt - Saale-Holzland-Kreis - Saale-Orla-Kreis
160755005077;Oppurg;195;Saalfeld-Rudolstadt - Saale-Holzland-Kreis - Saale-Orla-Kreis
160755005087;Quaschwitz;195;Saalfeld-Rudolstadt - Saale-Holzland-Kreis - Saale-Orla-Kreis
160755005105;Solkwitz;195;Saalfeld-Rudolstadt - Saale-Holzland-Kreis - Saale-Orla-Kreis
160755005121;Weira;195;Saalfeld-Rudolstadt - Saale-Holzland-Kreis - Saale-Orla-Kreis
160755005124;Wernburg;195;Saalfeld-Rudolstadt - Saale-Holzland-Kreis - Saale-Orla-Kreis
160755011019;Dreitzsch;195;Saalfeld-Rudolstadt - Saale-Holzland-Kreis - Saale-Orla-Kreis
160755011029;Geroda;195;Saalfeld-Rudolstadt - Saale-Holzland-Kreis - Saale-Orla-Kreis
160755011057;Lemnitz;195;Saalfeld-Rudolstadt - Saale-Holzland-Kreis - Saale-Orla-Kreis
160755011065;Miesitz;195;Saalfeld-Rudolstadt - Saale-Holzland-Kreis - Saale-Orla-Kreis
160755011066;Mittelpöllnitz;195;Saalfeld-Rudolstadt - Saale-Holzland-Kreis - Saale-Orla-Kreis
160755011093;Rosendorf;195;Saalfeld-Rudolstadt - Saale-Holzland-Kreis - Saale-Orla-Kreis
160755011099;Schmieritz;195;Saalfeld-Rudolstadt - Saale-Holzland-Kreis - Saale-Orla-Kreis
160755011114;Tömmelsdorf;195;Saalfeld-Rudolstadt - Saale-Holzland-Kreis - Saale-Orla-Kreis
160755011116;Triptis, Stadt;195;Saalfeld-Rudolstadt - Saale-Holzland-Kreis - Saale-Orla-Kreis
160755013023;Eßbach;195;Saalfeld-Rudolstadt - Saale-Holzland-Kreis - Saale-Orla-Kreis
160755013035;Gössitz;195;Saalfeld-Rudolstadt - Saale-Holzland-Kreis - Saale-Orla-Kreis
160755013047;Keila;195;Saalfeld-Rudolstadt - Saale-Holzland-Kreis - Saale-Orla-Kreis
160755013069;Moxa;195;Saalfeld-Rudolstadt - Saale-Holzland-Kreis - Saale-Orla-Kreis
160755013079;Paska;195;Saalfeld-Rudolstadt - Saale-Holzland-Kreis - Saale-Orla-Kreis
160755013081;Peuschen;195;Saalfeld-Rudolstadt - Saale-Holzland-Kreis - Saale-Orla-Kreis
160755013088;Ranis, Stadt;195;Saalfeld-Rudolstadt - Saale-Holzland-Kreis - Saale-Orla-Kreis
160755013101;Schmorda;195;Saalfeld-Rudolstadt - Saale-Holzland-Kreis - Saale-Orla-Kreis
160755013102;Schöndorf;195;Saalfeld-Rudolstadt - Saale-Holzland-Kreis - Saale-Orla-Kreis
160755013103;Seisla;195;Saalfeld-Rudolstadt - Saale-Holzland-Kreis - Saale-Orla-Kreis
160755013125;Wilhelmsdorf;195;Saalfeld-Rudolstadt - Saale-Holzland-Kreis - Saale-Orla-Kreis
160755013127;Ziegenrück, Stadt;195;Saalfeld-Rudolstadt - Saale-Holzland-Kreis - Saale-Orla-Kreis
160755013129;Krölpa;195;Saalfeld-Rudolstadt - Saale-Holzland-Kreis - Saale-Orla-Kreis
160755050051;Kospoda;195;Saalfeld-Rudolstadt - Saale-Holzland-Kreis - Saale-Orla-Kreis
160755050073;Neustadt an der Orla, Stadt;195;Saalfeld-Rudolstadt - Saale-Holzland-Kreis - Saale-Orla-Kreis
160760004004;Berga/Elster, Stadt;194;Gera - Greiz - Altenburger Land
160760022022;Greiz, Stadt;194;Gera - Greiz - Altenburger Land
160760061061;Ronneburg, Stadt;194;Gera - Greiz - Altenburger Land
160760088088;Harth-Pöllnitz;194;Gera - Greiz - Altenburger Land
160760089089;Kraftsdorf;194;Gera - Greiz - Altenburger Land
160760092092;Auma-Weidatal, Stadt;194;Gera - Greiz - Altenburger Land
160760093093;Mohlsdorf-Teichwolframsdorf;194;Gera - Greiz - Altenburger Land
160765004009;Braunichswalde;194;Gera - Greiz - Altenburger Land
160765004017;Endschütz;194;Gera - Greiz - Altenburger Land
160765004019;Gauern;194;Gera - Greiz - Altenburger Land
160765004027;Hilbersdorf;194;Gera - Greiz - Altenburger Land
160765004034;Kauern;194;Gera - Greiz - Altenburger Land
160765004043;Linda b. Weida;194;Gera - Greiz - Altenburger Land
160765004055;Paitzdorf;194;Gera - Greiz - Altenburger Land
160765004062;Rückersdorf;194;Gera - Greiz - Altenburger Land
160765004069;Seelingstädt;194;Gera - Greiz - Altenburger Land
160765004074;Teichwitz;194;Gera - Greiz - Altenburger Land
160765004084;Wünschendorf/Elster;194;Gera - Greiz - Altenburger Land
160765006007;Bocka;194;Gera - Greiz - Altenburger Land
160765006033;Hundhaupten;194;Gera - Greiz - Altenburger Land
160765006042;Lederhose;194;Gera - Greiz - Altenburger Land
160765006044;Lindenkreuz;194;Gera - Greiz - Altenburger Land
160765006049;Münchenbernsdorf, Stadt;194;Gera - Greiz - Altenburger Land
160765006064;Saara;194;Gera - Greiz - Altenburger Land
160765006068;Schwarzbach;194;Gera - Greiz - Altenburger Land
160765006086;Zedlitz;194;Gera - Greiz - Altenburger Land
160765008006;Bethenhausen;194;Gera - Greiz - Altenburger Land
160765008008;Brahmenau;194;Gera - Greiz - Altenburger Land
160765008023;Großenstein;194;Gera - Greiz - Altenburger Land
160765008028;Hirschfeld;194;Gera - Greiz - Altenburger Land
160765008036;Korbußen;194;Gera - Greiz - Altenburger Land
160765008058;Pölzig;194;Gera - Greiz - Altenburger Land
160765008059;Reichstädt;194;Gera - Greiz - Altenburger Land
160765008067;Schwaara;194;Gera - Greiz - Altenburger Land
160765051003;Bad Köstritz, Stadt;194;Gera - Greiz - Altenburger Land
160765051012;Caaschwitz;194;Gera - Greiz - Altenburger Land
160765051026;Hartmannsdorf;194;Gera - Greiz - Altenburger Land
160765053014;Crimla;194;Gera - Greiz - Altenburger Land
160765053079;Weida, Stadt;194;Gera - Greiz - Altenburger Land
160765054041;Langenwolschendorf;194;Gera - Greiz - Altenburger Land
160765054081;Weißendorf;194;Gera - Greiz - Altenburger Land
160765054087;Zeulenroda-Triebes, Stadt;194;Gera - Greiz - Altenburger Land
160765056029;Hohenleuben, Stadt;194;Gera - Greiz - Altenburger Land
160765056038;Kühdorf;194;Gera - Greiz - Altenburger Land
160765056039;Langenwetzendorf;194;Gera - Greiz - Altenburger Land
160770001001;Altenburg, Stadt;194;Gera - Greiz - Altenburger Land
160770028028;Lucka, Stadt;194;Gera - Greiz - Altenburger Land
160770032032;Meuselwitz, Stadt;194;Gera - Greiz - Altenburger Land
160775004005;Fockendorf;194;Gera - Greiz - Altenburger Land
160775004007;Gerstenberg;194;Gera - Greiz - Altenburger Land
160775004015;Haselbach;194;Gera - Greiz - Altenburger Land
160775004048;Treben;194;Gera - Greiz - Altenburger Land
160775004052;Windischleuba;194;Gera - Greiz - Altenburger Land
160775005008;Göhren;194;Gera - Greiz - Altenburger Land
160775005009;Göllnitz;194;Gera - Greiz - Altenburger Land
160775005022;Kriebitzsch;194;Gera - Greiz - Altenburger Land
160775005027;Lödla;194;Gera - Greiz - Altenburger Land
160775005031;Mehna;194;Gera - Greiz - Altenburger Land
160775005034;Monstab;194;Gera - Greiz - Altenburger Land
160775005042;Rositz;194;Gera - Greiz - Altenburger Land
160775005044;Starkenberg;194;Gera - Greiz - Altenburger Land
160775009016;Heukewalde;194;Gera - Greiz - Altenburger Land
160775009018;Jonaswalde;194;Gera - Greiz - Altenburger Land
160775009026;Löbichau;194;Gera - Greiz - Altenburger Land
160775009041;Posterstein;194;Gera - Greiz - Altenburger Land
160775009047;Thonhausen;194;Gera - Greiz - Altenburger Land
160775009049;Vollmershain;194;Gera - Greiz - Altenburger Land
160775050012;Gößnitz, Stadt;194;Gera - Greiz - Altenburger Land
160775050017;Heyersdorf;194;Gera - Greiz - Altenburger Land
160775050039;Ponitz;194;Gera - Greiz - Altenburger Land
160775051011;Göpfersdorf;194;Gera - Greiz - Altenburger Land
160775051023;Langenleuba-Niederhain;194;Gera - Greiz - Altenburger Land
160775051036;Nobitz;194;Gera - Greiz - Altenburger Land
160775052003;Dobitschen;194;Gera - Greiz - Altenburger Land
160775052043;Schmölln, Stadt;194;Gera - Greiz - Altenburger Land
000000000000;;;
000000000000;;;
Quelle: Gemeindeverzeichnis-Informationssytem GV-ISys;;;
000000000000;;;
1) Abweichungen bei den Flächenangaben sind durch Runden der Zahlen möglich.;;;
"     Aufgrund fachlicher und methodischer Umstellungen in der Vermessungsverwaltung auf das ""Amtliche Liegenschaftskataster-Informationssystem"" (ALKIS®) ist der Vergleich der Flächendaten
     ab 2014 mit den Flächendaten vorangegangener Jahre nur eingeschränkt möglich. ";;;
2) Die Ergebnisse ab Berichtsjahr 2016 sind aufgrund methodischer Änderungen und technischer Weiterentwicklung;;;
     nur bedingt mit den Vorjahreswerten vergleichbar. Erläuterungen dazu finden Sie unter www.destatis.de beim Bevölkerungsstand.;;;
"3) Die Gemeinde kann mehrere Postleitzahlen (PLZ) haben; hier ist die PLZ des Verwaltungssitzes angegeben.";;;
000000000000;;;
© Daten (im Auftrag der Herausgebergemeinschaft Statistische Ämter des Bundes und der Länder);;;
     Statistisches Bundesamt (Destatis), 2021;;;
     Vervielfältigung und Verbreitung, auch auszugsweise, mit Quellenangabe gestattet.;;;
