{"type":"FeatureCollection","features":[{"type":"Feature","geometry":{"type":"MultiPolygon","coordinates":[[[[8.128995,48.748568],[8.133148,48.748709],[8.133492,48.752426],[8.129277,48.751994],[8.128995,48.748568]]],[[[8.121378,48.757009],[8.127223,48.755582],[8.125524,48.761084],[8.121378,48.757009]]],[[[8.143132,48.740745],[8.143309,48.739041],[8.13892,48.735678],[8.139409,48.73303],[8.137,48.730952],[8.135365,48.72775],[8.130408,48.729061],[8.123698,48.729571],[8.125935,48.733664],[8.124189,48.73531],[8.121974,48.734668],[8.119533,48.731775],[8.115996,48.732111],[8.110866,48.728858],[8.113709,48.728281],[8.113014,48.72492],[8.117577,48.72407],[8.12699,48.723276],[8.13346,48.719069],[8.13951,48.717703],[8.148184,48.715032],[8.149953,48.717177],[8.15285,48.717142],[8.157713,48.71575],[8.160822,48.717661],[8.164004,48.716436],[8.16778,48.716803],[8.171539,48.713294],[8.178253,48.711694],[8.185346,48.714531],[8.192994,48.715523],[8.192536,48.711575],[8.196391,48.713363],[8.202739,48.707911],[8.20599,48.708123],[8.210733,48.705009],[8.209697,48.701309],[8.216553,48.696414],[8.219052,48.695334],[8.22902,48.700735],[8.229741,48.698404],[8.228391,48.696139],[8.224539,48.693476],[8.225506,48.690687],[8.229769,48.69018],[8.230201,48.687652],[8.229722,48.680687],[8.232448,48.678938],[8.232959,48.674383],[8.232507,48.669772],[8.236173,48.667632],[8.240715,48.666743],[8.249873,48.669032],[8.254597,48.669243],[8.258657,48.668248],[8.263112,48.669363],[8.268052,48.669413],[8.275088,48.668619],[8.278846,48.672884],[8.282211,48.673963],[8.288595,48.679276],[8.293191,48.680949],[8.299106,48.685282],[8.296501,48.6901],[8.296225,48.692556],[8.302827,48.696436],[8.306533,48.699408],[8.314202,48.700231],[8.317937,48.703703],[8.320251,48.707739],[8.320672,48.710341],[8.31995,48.7132],[8.320856,48.717624],[8.320674,48.723154],[8.320005,48.725467],[8.320686,48.729729],[8.318286,48.734906],[8.314864,48.740226],[8.309124,48.741636],[8.306262,48.741449],[8.301721,48.745819],[8.301165,48.748049],[8.299038,48.751189],[8.291741,48.756239],[8.285306,48.75627],[8.283919,48.761911],[8.280177,48.76496],[8.281315,48.767703],[8.28585,48.771967],[8.288335,48.773302],[8.291415,48.777176],[8.291031,48.779955],[8.289428,48.78209],[8.29549,48.78815],[8.293806,48.788869],[8.28799,48.788604],[8.286956,48.790713],[8.281063,48.788917],[8.279144,48.786028],[8.276601,48.786991],[8.276455,48.789461],[8.271878,48.793091],[8.273105,48.795164],[8.271997,48.797187],[8.269094,48.797812],[8.265684,48.796977],[8.26189,48.795142],[8.254166,48.794444],[8.255494,48.79697],[8.254874,48.80148],[8.252176,48.803434],[8.250589,48.808607],[8.248481,48.80978],[8.237028,48.814302],[8.235784,48.814138],[8.230945,48.817379],[8.229133,48.817792],[8.225065,48.820551],[8.222013,48.824461],[8.219668,48.824685],[8.215387,48.826843],[8.213101,48.826609],[8.212436,48.830837],[8.203043,48.828509],[8.20256,48.832277],[8.197154,48.833408],[8.194832,48.834435],[8.189542,48.838699],[8.180139,48.843843],[8.178537,48.842283],[8.172842,48.842343],[8.167441,48.841657],[8.166512,48.845195],[8.164839,48.84657],[8.159857,48.846391],[8.155133,48.847913],[8.156759,48.843563],[8.160644,48.84426],[8.163175,48.838361],[8.160034,48.836934],[8.163207,48.835258],[8.159132,48.833374],[8.162553,48.830417],[8.168518,48.835332],[8.174138,48.836973],[8.181377,48.837101],[8.188245,48.838921],[8.193101,48.835171],[8.169851,48.820338],[8.166999,48.818347],[8.170958,48.816785],[8.166527,48.81137],[8.163357,48.808527],[8.161768,48.806007],[8.166149,48.805193],[8.164046,48.801096],[8.146277,48.789985],[8.150554,48.787499],[8.15291,48.784913],[8.167897,48.784231],[8.171835,48.78347],[8.175809,48.781002],[8.185099,48.771453],[8.185448,48.769523],[8.188555,48.768325],[8.190746,48.768548],[8.194641,48.766928],[8.196435,48.763851],[8.200588,48.762083],[8.201673,48.758732],[8.203099,48.757338],[8.202098,48.755811],[8.202374,48.753126],[8.199852,48.751487],[8.194944,48.751841],[8.187952,48.748942],[8.182013,48.747591],[8.18144,48.742288],[8.176667,48.741304],[8.16748,48.742328],[8.163893,48.742015],[8.158489,48.743843],[8.154674,48.742436],[8.150907,48.743877],[8.147545,48.743244],[8.143132,48.740745]],[[8.192343,48.745795],[8.194136,48.747236],[8.197692,48.745865],[8.195707,48.744486],[8.192343,48.745795]],[[8.213987,48.721178],[8.2169,48.723163],[8.219979,48.723261],[8.22232,48.722136],[8.223334,48.718968],[8.219171,48.717533],[8.211745,48.719555],[8.213987,48.721178]],[[8.21904,48.73518],[8.214886,48.735639],[8.211141,48.734852],[8.209714,48.735912],[8.205917,48.736063],[8.203176,48.737953],[8.20169,48.742476],[8.203958,48.743506],[8.206674,48.746382],[8.209055,48.745102],[8.210947,48.740621],[8.212811,48.738556],[8.217012,48.737909],[8.21904,48.73518]]]]},"properties":{"rs":82110000000,"name":"Baden-Baden"},"id":"relation/62340"},{"type":"Feature","geometry":{"type":"Polygon","coordinates":[[[8.282016,48.171576],[8.286887,48.169692],[8.285917,48.167652],[8.290132,48.167512],[8.29795,48.166034],[8.301667,48.167255],[8.306854,48.173127],[8.312802,48.169486],[8.319094,48.166185],[8.319103,48.163627],[8.327306,48.161822],[8.33081,48.162222],[8.340678,48.162396],[8.342633,48.163487],[8.35523,48.166128],[8.355799,48.16514],[8.368912,48.169834],[8.372332,48.171557],[8.378535,48.173865],[8.383258,48.175031],[8.390758,48.172125],[8.398363,48.170808],[8.405149,48.171494],[8.406317,48.170602],[8.407245,48.167255],[8.417024,48.167392],[8.420335,48.168456],[8.424288,48.167524],[8.427371,48.164443],[8.429074,48.159343],[8.435029,48.159024],[8.442679,48.156227],[8.445769,48.15849],[8.447685,48.162375],[8.445752,48.162487],[8.438643,48.165106],[8.440381,48.167839],[8.444772,48.171153],[8.438284,48.173703],[8.435161,48.175594],[8.433401,48.17844],[8.435798,48.181962],[8.445728,48.180434],[8.44843,48.18082],[8.452774,48.177617],[8.455536,48.178254],[8.457378,48.18135],[8.459968,48.180961],[8.459534,48.178897],[8.465778,48.177169],[8.465176,48.179866],[8.470049,48.17989],[8.474372,48.178759],[8.480239,48.179346],[8.489092,48.182051],[8.490593,48.179234],[8.486783,48.177879],[8.477576,48.176521],[8.478977,48.170352],[8.481112,48.168933],[8.487509,48.168259],[8.492716,48.168212],[8.500891,48.167177],[8.506442,48.167126],[8.512086,48.167629],[8.517628,48.166744],[8.519951,48.160207],[8.522393,48.156642],[8.522858,48.154721],[8.525935,48.153449],[8.526799,48.151384],[8.528919,48.150251],[8.524799,48.148537],[8.520377,48.145787],[8.525082,48.14538],[8.537202,48.143547],[8.53854,48.141658],[8.535255,48.137909],[8.536601,48.136527],[8.544275,48.135298],[8.549231,48.133775],[8.551523,48.131992],[8.558271,48.129854],[8.556513,48.127803],[8.552061,48.12885],[8.55141,48.122423],[8.543199,48.114806],[8.542817,48.113673],[8.545827,48.111343],[8.547897,48.107905],[8.55174,48.106564],[8.555589,48.104414],[8.558654,48.101908],[8.561286,48.101387],[8.563073,48.098551],[8.567563,48.098534],[8.568437,48.100488],[8.571476,48.099875],[8.569957,48.096382],[8.575061,48.093491],[8.573771,48.091894],[8.575514,48.089676],[8.578195,48.088197],[8.572785,48.084474],[8.573734,48.081807],[8.569182,48.081566],[8.567188,48.07974],[8.571952,48.07847],[8.577656,48.076175],[8.581874,48.075432],[8.583005,48.071838],[8.589369,48.072508],[8.596672,48.071118],[8.599137,48.072843],[8.60268,48.073971],[8.600249,48.076609],[8.602481,48.083743],[8.599377,48.085138],[8.606174,48.089279],[8.608953,48.08941],[8.61224,48.092957],[8.613636,48.096203],[8.620127,48.097579],[8.632475,48.100929],[8.636772,48.101337],[8.637303,48.102194],[8.634079,48.105662],[8.643532,48.105678],[8.644297,48.108663],[8.640153,48.109209],[8.647641,48.113245],[8.648304,48.114668],[8.657211,48.1194],[8.661452,48.120609],[8.66982,48.12097],[8.6736,48.119348],[8.679891,48.117709],[8.682365,48.118184],[8.68597,48.120441],[8.685917,48.125776],[8.69007,48.129605],[8.699608,48.132563],[8.702323,48.136335],[8.705449,48.138261],[8.706884,48.140161],[8.709435,48.140928],[8.713364,48.14038],[8.723048,48.140878],[8.725886,48.138916],[8.734,48.140693],[8.735063,48.142699],[8.74129,48.143016],[8.745863,48.145493],[8.744435,48.150082],[8.748064,48.15284],[8.752979,48.153398],[8.752264,48.157676],[8.751271,48.159569],[8.749053,48.161357],[8.749315,48.165013],[8.746252,48.166907],[8.739217,48.169312],[8.733579,48.168062],[8.728757,48.170177],[8.725882,48.170546],[8.72289,48.174747],[8.719341,48.181226],[8.723155,48.184698],[8.726971,48.186221],[8.734042,48.187889],[8.737022,48.189711],[8.74027,48.192798],[8.7392,48.193572],[8.742869,48.197849],[8.741209,48.199105],[8.744275,48.200952],[8.741274,48.20262],[8.736652,48.201795],[8.732351,48.203006],[8.72952,48.204658],[8.726208,48.204052],[8.723883,48.204641],[8.723504,48.20799],[8.719476,48.20754],[8.712906,48.209386],[8.712294,48.213605],[8.712893,48.214904],[8.709901,48.218148],[8.710436,48.21938],[8.707159,48.222633],[8.704195,48.222089],[8.702362,48.224515],[8.703238,48.227825],[8.708777,48.229702],[8.710223,48.231684],[8.708085,48.235105],[8.702816,48.233821],[8.701105,48.236198],[8.697957,48.24537],[8.700616,48.245715],[8.699547,48.248053],[8.704008,48.248646],[8.702709,48.251539],[8.709248,48.251965],[8.707221,48.254417],[8.706484,48.257664],[8.703851,48.258576],[8.69739,48.257941],[8.696544,48.260081],[8.692819,48.260863],[8.689238,48.263323],[8.685098,48.267072],[8.679682,48.266971],[8.676628,48.265544],[8.672278,48.267489],[8.66805,48.268349],[8.668398,48.269572],[8.672551,48.271519],[8.674188,48.273623],[8.679285,48.278004],[8.683603,48.278585],[8.683616,48.280919],[8.679354,48.2831],[8.675531,48.28354],[8.67108,48.283253],[8.66713,48.284223],[8.659558,48.283424],[8.656679,48.285696],[8.653282,48.286266],[8.650321,48.288428],[8.648789,48.293307],[8.654195,48.293283],[8.656568,48.294701],[8.66233,48.295268],[8.663241,48.297224],[8.663105,48.300619],[8.667334,48.303406],[8.667221,48.304946],[8.671203,48.304901],[8.677572,48.303794],[8.683138,48.30525],[8.685171,48.303887],[8.690911,48.305651],[8.700631,48.309801],[8.709725,48.312145],[8.718647,48.314819],[8.720438,48.3183],[8.719363,48.321172],[8.713971,48.322535],[8.71114,48.323925],[8.706452,48.32339],[8.697971,48.327162],[8.697063,48.328587],[8.70041,48.330699],[8.710579,48.332611],[8.713443,48.33598],[8.713938,48.339151],[8.718154,48.34134],[8.723251,48.341965],[8.728676,48.344588],[8.736947,48.344366],[8.739548,48.346643],[8.74331,48.347526],[8.743636,48.349745],[8.742856,48.354194],[8.744847,48.357226],[8.744235,48.358626],[8.739783,48.358523],[8.734057,48.360311],[8.736396,48.364104],[8.732005,48.366155],[8.733121,48.368858],[8.736394,48.373126],[8.735476,48.376204],[8.737174,48.377668],[8.737539,48.380267],[8.73463,48.380948],[8.73222,48.379966],[8.729421,48.381165],[8.716244,48.378918],[8.716978,48.381837],[8.712617,48.380976],[8.711458,48.382998],[8.709172,48.382434],[8.707694,48.383894],[8.702485,48.383987],[8.696759,48.385063],[8.693603,48.388293],[8.690249,48.387252],[8.689179,48.389367],[8.686959,48.389407],[8.688558,48.394565],[8.684165,48.394918],[8.68015,48.396441],[8.67594,48.400857],[8.669047,48.398293],[8.666451,48.398779],[8.664112,48.397435],[8.660408,48.396934],[8.654365,48.394599],[8.648458,48.395517],[8.643308,48.398458],[8.639879,48.402436],[8.635684,48.401568],[8.630342,48.401631],[8.626117,48.401099],[8.625039,48.399465],[8.620587,48.398569],[8.616359,48.396884],[8.607536,48.396075],[8.604671,48.396662],[8.600507,48.398752],[8.598814,48.401102],[8.598374,48.405073],[8.596762,48.408766],[8.595389,48.410079],[8.591541,48.407138],[8.585094,48.40425],[8.575595,48.403788],[8.570696,48.401661],[8.567731,48.402788],[8.565229,48.400429],[8.561705,48.399467],[8.558014,48.400316],[8.555855,48.399581],[8.55209,48.403331],[8.544498,48.405282],[8.541775,48.403718],[8.531097,48.400721],[8.525756,48.401203],[8.519867,48.401029],[8.517887,48.403105],[8.514798,48.404825],[8.51259,48.403685],[8.512296,48.40158],[8.51634,48.398508],[8.520616,48.397792],[8.522563,48.395991],[8.518562,48.393227],[8.517907,48.390845],[8.520073,48.390089],[8.521166,48.388171],[8.518687,48.387182],[8.500495,48.387506],[8.500407,48.386025],[8.494108,48.384669],[8.490099,48.382278],[8.483724,48.382234],[8.488035,48.377675],[8.487793,48.373441],[8.485965,48.370146],[8.486652,48.366805],[8.489056,48.366837],[8.491552,48.36504],[8.494633,48.365971],[8.497129,48.363693],[8.499732,48.357949],[8.498079,48.356895],[8.495249,48.357579],[8.490466,48.354122],[8.491418,48.352245],[8.478116,48.347965],[8.477308,48.350117],[8.47206,48.348937],[8.471194,48.346287],[8.473885,48.34432],[8.477813,48.345047],[8.478771,48.342611],[8.48545,48.342617],[8.484278,48.340504],[8.483867,48.335332],[8.487283,48.333949],[8.487414,48.332421],[8.495387,48.332809],[8.499643,48.332054],[8.502316,48.330661],[8.501083,48.329014],[8.498664,48.323265],[8.499388,48.320838],[8.495825,48.319805],[8.494293,48.314367],[8.48612,48.314987],[8.483245,48.31597],[8.476736,48.314747],[8.468483,48.314451],[8.461579,48.313491],[8.458789,48.312637],[8.456127,48.309746],[8.450278,48.305438],[8.444867,48.300734],[8.442353,48.3027],[8.438118,48.304539],[8.438409,48.307348],[8.433522,48.311016],[8.432827,48.312589],[8.435557,48.314843],[8.432438,48.317658],[8.433437,48.321439],[8.429494,48.323427],[8.425564,48.323768],[8.421391,48.322749],[8.417577,48.324214],[8.405573,48.323042],[8.395084,48.322989],[8.385378,48.326313],[8.380671,48.32954],[8.37719,48.332792],[8.367196,48.333737],[8.364372,48.335757],[8.364519,48.338689],[8.360079,48.338267],[8.358687,48.3408],[8.359843,48.342773],[8.35865,48.344336],[8.359471,48.34943],[8.357917,48.352415],[8.358145,48.354863],[8.356994,48.356884],[8.35638,48.36152],[8.356913,48.364665],[8.355916,48.366576],[8.358269,48.370853],[8.357717,48.373674],[8.359997,48.376292],[8.35768,48.379385],[8.35365,48.380275],[8.353478,48.381753],[8.349297,48.382641],[8.345799,48.384303],[8.339223,48.384991],[8.333043,48.386957],[8.328243,48.387101],[8.327211,48.383717],[8.3228,48.381035],[8.321292,48.379273],[8.320653,48.375539],[8.318849,48.372549],[8.315416,48.369071],[8.31578,48.366454],[8.317911,48.36142],[8.320604,48.359692],[8.318317,48.356243],[8.313933,48.354766],[8.308097,48.352048],[8.303964,48.34905],[8.3081,48.346401],[8.306884,48.34362],[8.308258,48.341895],[8.31417,48.339688],[8.317434,48.337183],[8.319134,48.333988],[8.321977,48.330437],[8.323303,48.326182],[8.322149,48.322439],[8.32382,48.318371],[8.322434,48.31742],[8.324948,48.308907],[8.329315,48.302578],[8.329432,48.299766],[8.326565,48.299008],[8.322812,48.299305],[8.324448,48.296953],[8.322961,48.291895],[8.316426,48.291959],[8.307809,48.293938],[8.304923,48.293706],[8.301254,48.292058],[8.297323,48.291599],[8.292335,48.288944],[8.290233,48.290749],[8.286947,48.290149],[8.286136,48.288255],[8.283616,48.287762],[8.27739,48.289545],[8.276955,48.286791],[8.280798,48.281235],[8.282773,48.2806],[8.287247,48.283657],[8.287591,48.280611],[8.286886,48.277317],[8.288332,48.275645],[8.288167,48.271482],[8.290371,48.270737],[8.291523,48.268465],[8.291267,48.264488],[8.289427,48.262358],[8.286804,48.26142],[8.289716,48.259854],[8.296678,48.258339],[8.29596,48.256485],[8.292405,48.253955],[8.290584,48.251105],[8.287135,48.247699],[8.289295,48.246631],[8.290937,48.243514],[8.298747,48.242158],[8.301096,48.240995],[8.293498,48.234494],[8.293311,48.23017],[8.29498,48.227244],[8.296083,48.221607],[8.298816,48.221959],[8.29991,48.220469],[8.298142,48.21778],[8.304826,48.215137],[8.312222,48.213634],[8.31141,48.21018],[8.313006,48.205362],[8.311788,48.202417],[8.309003,48.199099],[8.310764,48.195581],[8.310061,48.19152],[8.30769,48.189101],[8.29918,48.183756],[8.293094,48.183695],[8.29111,48.180322],[8.286969,48.176968],[8.282016,48.171576]]]},"properties":{"rs":83250000000,"name":"Landkreis Rottweil"},"id":"relation/62344"},{"type":"Feature","geometry":{"type":"Polygon","coordinates":[[[8.737174,48.377668],[8.746325,48.378637],[8.757707,48.381977],[8.757957,48.38365],[8.755186,48.384507],[8.751718,48.387327],[8.748688,48.38809],[8.748699,48.390053],[8.751813,48.391677],[8.75525,48.392343],[8.757057,48.395964],[8.759136,48.397021],[8.760416,48.399445],[8.761028,48.403627],[8.764666,48.405644],[8.766602,48.410158],[8.765033,48.413721],[8.767572,48.414001],[8.773824,48.416304],[8.768359,48.416396],[8.770517,48.418966],[8.776364,48.419854],[8.778022,48.421285],[8.770508,48.422617],[8.769976,48.424973],[8.763838,48.426472],[8.763764,48.428377],[8.770314,48.432998],[8.770647,48.434898],[8.769174,48.438067],[8.772916,48.438826],[8.775709,48.437986],[8.782328,48.441229],[8.780651,48.444175],[8.778089,48.444731],[8.781747,48.446937],[8.786801,48.446643],[8.78935,48.447852],[8.788434,48.449542],[8.790133,48.452001],[8.793494,48.452134],[8.805256,48.454676],[8.807545,48.456655],[8.810398,48.455838],[8.810333,48.459066],[8.817985,48.46075],[8.817671,48.462371],[8.823991,48.462953],[8.825795,48.461927],[8.830126,48.463142],[8.825434,48.465781],[8.823874,48.468039],[8.818277,48.470363],[8.812776,48.470264],[8.81162,48.473809],[8.809097,48.473218],[8.806731,48.476746],[8.806983,48.479077],[8.80321,48.478511],[8.802574,48.480741],[8.799288,48.479995],[8.798533,48.481919],[8.795804,48.481689],[8.795264,48.484963],[8.792289,48.485993],[8.78839,48.486324],[8.78448,48.4859],[8.780542,48.484275],[8.778418,48.486942],[8.776155,48.48752],[8.773747,48.490357],[8.772364,48.495245],[8.770094,48.497145],[8.768844,48.501697],[8.765942,48.503238],[8.761932,48.503903],[8.755519,48.504093],[8.752003,48.506847],[8.748001,48.506539],[8.739297,48.504594],[8.738677,48.50357],[8.739801,48.496338],[8.736795,48.49457],[8.736766,48.492644],[8.733119,48.492559],[8.732997,48.490943],[8.735136,48.487412],[8.733701,48.487058],[8.721873,48.487935],[8.715564,48.48795],[8.716313,48.484757],[8.71066,48.486219],[8.702852,48.48679],[8.702499,48.483935],[8.693277,48.483939],[8.693884,48.487941],[8.691683,48.492073],[8.688398,48.492545],[8.685263,48.494473],[8.679099,48.500374],[8.676592,48.503399],[8.674003,48.508469],[8.674055,48.510109],[8.670387,48.510199],[8.663169,48.509054],[8.65781,48.50675],[8.656587,48.505302],[8.65372,48.504497],[8.643821,48.503462],[8.639696,48.503876],[8.635331,48.499875],[8.632632,48.501087],[8.624076,48.501669],[8.621365,48.50131],[8.618936,48.506464],[8.617014,48.507422],[8.611853,48.506099],[8.607934,48.504248],[8.605903,48.504603],[8.602176,48.507334],[8.598068,48.512153],[8.598612,48.515533],[8.602495,48.519557],[8.604301,48.524455],[8.610736,48.524469],[8.611732,48.527863],[8.615512,48.529491],[8.617714,48.531412],[8.620872,48.535702],[8.626205,48.53693],[8.627871,48.538946],[8.623576,48.539685],[8.620686,48.540999],[8.615639,48.541441],[8.614421,48.542179],[8.614624,48.545991],[8.606782,48.549395],[8.60478,48.549036],[8.602617,48.547096],[8.601733,48.550586],[8.596109,48.553399],[8.59539,48.55465],[8.591129,48.552955],[8.586134,48.544787],[8.580006,48.54674],[8.57661,48.548612],[8.574212,48.545697],[8.560151,48.549246],[8.559591,48.551203],[8.560245,48.555198],[8.563129,48.557282],[8.568482,48.559712],[8.57338,48.560425],[8.576261,48.561513],[8.578065,48.565048],[8.577679,48.570013],[8.576729,48.571692],[8.576811,48.574718],[8.575126,48.576524],[8.572673,48.576119],[8.566355,48.572339],[8.562896,48.569008],[8.55793,48.571404],[8.554234,48.575591],[8.552856,48.5752],[8.545656,48.582295],[8.543615,48.583159],[8.543412,48.586076],[8.541786,48.587624],[8.53878,48.588593],[8.533727,48.588977],[8.530437,48.591505],[8.526777,48.591938],[8.522272,48.591235],[8.505372,48.593144],[8.500311,48.594425],[8.49498,48.597607],[8.493278,48.59965],[8.493915,48.601426],[8.492251,48.604245],[8.480943,48.608464],[8.478699,48.610127],[8.474265,48.611735],[8.471511,48.611991],[8.467758,48.605628],[8.462455,48.609255],[8.460223,48.612369],[8.455001,48.614275],[8.453485,48.617732],[8.448561,48.617994],[8.444902,48.619796],[8.444232,48.625282],[8.434064,48.626022],[8.432528,48.626821],[8.429893,48.631304],[8.426774,48.632749],[8.42269,48.635866],[8.418702,48.637217],[8.418422,48.634848],[8.409721,48.63479],[8.405347,48.636],[8.405259,48.637791],[8.413024,48.635284],[8.414587,48.636219],[8.409577,48.639428],[8.392299,48.6359],[8.388256,48.637089],[8.386216,48.63309],[8.386078,48.629717],[8.388626,48.625585],[8.381469,48.622175],[8.382922,48.619775],[8.378841,48.618052],[8.370524,48.61681],[8.369632,48.615795],[8.364234,48.615112],[8.363253,48.612618],[8.364281,48.611406],[8.360439,48.610056],[8.354634,48.610007],[8.352319,48.609016],[8.351329,48.607079],[8.352182,48.604426],[8.358336,48.602874],[8.357839,48.6005],[8.348468,48.598203],[8.341722,48.597294],[8.3412,48.596238],[8.335571,48.594677],[8.329642,48.591395],[8.322415,48.591662],[8.320716,48.589166],[8.317361,48.588313],[8.316111,48.589533],[8.311277,48.588552],[8.308661,48.589644],[8.305997,48.588285],[8.302366,48.588612],[8.300524,48.587678],[8.293252,48.587362],[8.291771,48.586476],[8.282827,48.587311],[8.274454,48.58919],[8.268772,48.588543],[8.25848,48.58963],[8.255395,48.59186],[8.25057,48.594007],[8.245793,48.597856],[8.239531,48.600421],[8.233031,48.602239],[8.227981,48.602711],[8.223817,48.601984],[8.222052,48.603184],[8.216576,48.605334],[8.21382,48.605328],[8.209108,48.604199],[8.206479,48.602184],[8.209864,48.599766],[8.21692,48.596943],[8.220341,48.592532],[8.220306,48.587519],[8.223252,48.584745],[8.227284,48.583009],[8.228169,48.580027],[8.235639,48.580283],[8.236881,48.576036],[8.235349,48.571817],[8.229589,48.568993],[8.228692,48.564509],[8.223001,48.561904],[8.220103,48.560051],[8.212634,48.558163],[8.213756,48.554428],[8.216979,48.551155],[8.216886,48.54664],[8.215566,48.54286],[8.219465,48.538862],[8.219343,48.536909],[8.215592,48.535525],[8.21522,48.532801],[8.213314,48.529272],[8.214759,48.527989],[8.213333,48.521846],[8.219393,48.519926],[8.220941,48.518467],[8.222494,48.514236],[8.22121,48.51242],[8.218525,48.511215],[8.219116,48.507161],[8.222356,48.503434],[8.225418,48.501222],[8.228765,48.4978],[8.234178,48.497466],[8.235149,48.495991],[8.23988,48.493961],[8.241935,48.491697],[8.244689,48.493088],[8.249091,48.493168],[8.251677,48.494163],[8.257674,48.49365],[8.26657,48.490669],[8.269812,48.487612],[8.272231,48.486259],[8.273722,48.480787],[8.274957,48.479091],[8.270871,48.477125],[8.266908,48.473242],[8.268268,48.46922],[8.264317,48.462994],[8.264735,48.457143],[8.266614,48.45535],[8.266394,48.453567],[8.268829,48.448972],[8.268406,48.44719],[8.264407,48.442294],[8.263117,48.439797],[8.264386,48.435522],[8.261267,48.43343],[8.256142,48.434289],[8.254077,48.43362],[8.254116,48.428448],[8.255438,48.425629],[8.259387,48.424127],[8.259443,48.422459],[8.255137,48.418007],[8.254599,48.413666],[8.25222,48.41315],[8.245714,48.413707],[8.240969,48.411376],[8.241085,48.405608],[8.234335,48.403287],[8.232842,48.401381],[8.240455,48.397136],[8.247041,48.395353],[8.247782,48.387823],[8.247338,48.38555],[8.25547,48.382163],[8.255626,48.380388],[8.26333,48.37958],[8.261509,48.375939],[8.259664,48.375821],[8.253674,48.370391],[8.25143,48.365052],[8.25413,48.362133],[8.256044,48.364292],[8.259613,48.366107],[8.266106,48.364354],[8.268771,48.359722],[8.273944,48.363012],[8.275994,48.362022],[8.283898,48.360487],[8.287398,48.358056],[8.291201,48.357872],[8.297211,48.351642],[8.299326,48.348678],[8.303964,48.34905],[8.308097,48.352048],[8.313933,48.354766],[8.318317,48.356243],[8.320604,48.359692],[8.317911,48.36142],[8.31578,48.366454],[8.315416,48.369071],[8.318849,48.372549],[8.320653,48.375539],[8.321292,48.379273],[8.3228,48.381035],[8.327211,48.383717],[8.328243,48.387101],[8.333043,48.386957],[8.339223,48.384991],[8.345799,48.384303],[8.349297,48.382641],[8.353478,48.381753],[8.35365,48.380275],[8.35768,48.379385],[8.359997,48.376292],[8.357717,48.373674],[8.358269,48.370853],[8.355916,48.366576],[8.356913,48.364665],[8.35638,48.36152],[8.356994,48.356884],[8.358145,48.354863],[8.357917,48.352415],[8.359471,48.34943],[8.35865,48.344336],[8.359843,48.342773],[8.358687,48.3408],[8.360079,48.338267],[8.364519,48.338689],[8.364372,48.335757],[8.367196,48.333737],[8.37719,48.332792],[8.380671,48.32954],[8.385378,48.326313],[8.395084,48.322989],[8.405573,48.323042],[8.417577,48.324214],[8.421391,48.322749],[8.425564,48.323768],[8.429494,48.323427],[8.433437,48.321439],[8.432438,48.317658],[8.435557,48.314843],[8.432827,48.312589],[8.433522,48.311016],[8.438409,48.307348],[8.438118,48.304539],[8.442353,48.3027],[8.444867,48.300734],[8.450278,48.305438],[8.456127,48.309746],[8.458789,48.312637],[8.461579,48.313491],[8.468483,48.314451],[8.476736,48.314747],[8.483245,48.31597],[8.48612,48.314987],[8.494293,48.314367],[8.495825,48.319805],[8.499388,48.320838],[8.498664,48.323265],[8.501083,48.329014],[8.502316,48.330661],[8.499643,48.332054],[8.495387,48.332809],[8.487414,48.332421],[8.487283,48.333949],[8.483867,48.335332],[8.484278,48.340504],[8.48545,48.342617],[8.478771,48.342611],[8.477813,48.345047],[8.473885,48.34432],[8.471194,48.346287],[8.47206,48.348937],[8.477308,48.350117],[8.478116,48.347965],[8.491418,48.352245],[8.490466,48.354122],[8.495249,48.357579],[8.498079,48.356895],[8.499732,48.357949],[8.497129,48.363693],[8.494633,48.365971],[8.491552,48.36504],[8.489056,48.366837],[8.486652,48.366805],[8.485965,48.370146],[8.487793,48.373441],[8.488035,48.377675],[8.483724,48.382234],[8.490099,48.382278],[8.494108,48.384669],[8.500407,48.386025],[8.500495,48.387506],[8.518687,48.387182],[8.521166,48.388171],[8.520073,48.390089],[8.517907,48.390845],[8.518562,48.393227],[8.522563,48.395991],[8.520616,48.397792],[8.51634,48.398508],[8.512296,48.40158],[8.51259,48.403685],[8.514798,48.404825],[8.517887,48.403105],[8.519867,48.401029],[8.525756,48.401203],[8.531097,48.400721],[8.541775,48.403718],[8.544498,48.405282],[8.55209,48.403331],[8.555855,48.399581],[8.558014,48.400316],[8.561705,48.399467],[8.565229,48.400429],[8.567731,48.402788],[8.570696,48.401661],[8.575595,48.403788],[8.585094,48.40425],[8.591541,48.407138],[8.595389,48.410079],[8.596762,48.408766],[8.598374,48.405073],[8.598814,48.401102],[8.600507,48.398752],[8.604671,48.396662],[8.607536,48.396075],[8.616359,48.396884],[8.620587,48.398569],[8.625039,48.399465],[8.626117,48.401099],[8.630342,48.401631],[8.635684,48.401568],[8.639879,48.402436],[8.643308,48.398458],[8.648458,48.395517],[8.654365,48.394599],[8.660408,48.396934],[8.664112,48.397435],[8.666451,48.398779],[8.669047,48.398293],[8.67594,48.400857],[8.68015,48.396441],[8.684165,48.394918],[8.688558,48.394565],[8.686959,48.389407],[8.689179,48.389367],[8.690249,48.387252],[8.693603,48.388293],[8.696759,48.385063],[8.702485,48.383987],[8.707694,48.383894],[8.709172,48.382434],[8.711458,48.382998],[8.712617,48.380976],[8.716978,48.381837],[8.716244,48.378918],[8.729421,48.381165],[8.73222,48.379966],[8.73463,48.380948],[8.737539,48.380267],[8.737174,48.377668]]]},"properties":{"rs":82370000000,"name":"Landkreis Freudenstadt"},"id":"relation/62354"},{"type":"Feature","geometry":{"type":"MultiPolygon","coordinates":[[[[8.192343,48.745795],[8.195707,48.744486],[8.197692,48.745865],[8.194136,48.747236],[8.192343,48.745795]]],[[[8.213987,48.721178],[8.211745,48.719555],[8.219171,48.717533],[8.223334,48.718968],[8.22232,48.722136],[8.219979,48.723261],[8.2169,48.723163],[8.213987,48.721178]]],[[[8.21904,48.73518],[8.217012,48.737909],[8.212811,48.738556],[8.210947,48.740621],[8.209055,48.745102],[8.206674,48.746382],[8.203958,48.743506],[8.20169,48.742476],[8.203176,48.737953],[8.205917,48.736063],[8.209714,48.735912],[8.211141,48.734852],[8.214886,48.735639],[8.21904,48.73518]]],[[[8.409577,48.639428],[8.413665,48.640333],[8.413738,48.642024],[8.416333,48.645745],[8.417642,48.646044],[8.422336,48.644477],[8.42995,48.644458],[8.431151,48.648315],[8.435344,48.650969],[8.436188,48.655504],[8.430758,48.657798],[8.430506,48.660087],[8.438725,48.661399],[8.439841,48.659909],[8.444016,48.658043],[8.446258,48.65995],[8.447718,48.663324],[8.445411,48.666188],[8.447017,48.672506],[8.448097,48.679488],[8.448016,48.686225],[8.443361,48.6925],[8.439161,48.695137],[8.447737,48.699512],[8.449976,48.699858],[8.452961,48.697725],[8.458889,48.697551],[8.467048,48.700331],[8.46072,48.705913],[8.459631,48.709342],[8.458329,48.717086],[8.459555,48.718835],[8.470246,48.719601],[8.472739,48.720808],[8.475775,48.724245],[8.475884,48.729402],[8.474873,48.73156],[8.474703,48.736253],[8.476903,48.737],[8.479841,48.740679],[8.479884,48.742845],[8.482077,48.745501],[8.482209,48.747716],[8.48397,48.75055],[8.483833,48.75368],[8.485238,48.755914],[8.4819,48.757561],[8.478927,48.760639],[8.476482,48.761911],[8.471483,48.762305],[8.466078,48.764268],[8.463597,48.764293],[8.459637,48.763013],[8.456276,48.760186],[8.449147,48.760023],[8.446349,48.759394],[8.442959,48.757055],[8.44299,48.752816],[8.435172,48.748306],[8.429893,48.746077],[8.421946,48.743704],[8.420645,48.753303],[8.42135,48.755265],[8.425721,48.756919],[8.42889,48.759437],[8.430222,48.763161],[8.430453,48.766422],[8.434445,48.769577],[8.431716,48.772882],[8.433423,48.774045],[8.431771,48.777775],[8.428862,48.778661],[8.425427,48.782321],[8.425902,48.785011],[8.424348,48.787428],[8.425692,48.792171],[8.422653,48.792161],[8.419968,48.793653],[8.414139,48.792633],[8.411225,48.79486],[8.407559,48.799062],[8.403448,48.800451],[8.399824,48.802562],[8.397186,48.802595],[8.393277,48.803927],[8.396742,48.81021],[8.40294,48.809103],[8.40827,48.808893],[8.40883,48.812176],[8.403626,48.816346],[8.403349,48.818776],[8.404443,48.822096],[8.403039,48.822977],[8.394847,48.824368],[8.38988,48.824762],[8.385563,48.828571],[8.382574,48.830103],[8.378971,48.830906],[8.376109,48.831552],[8.376985,48.835627],[8.374814,48.837088],[8.367384,48.839323],[8.37085,48.840848],[8.375994,48.840031],[8.380579,48.840809],[8.380919,48.838875],[8.384911,48.838162],[8.385049,48.835475],[8.381488,48.833504],[8.387709,48.834609],[8.39031,48.83327],[8.39228,48.83499],[8.396891,48.831327],[8.40164,48.831219],[8.408413,48.829832],[8.417315,48.83054],[8.416582,48.835745],[8.416641,48.841502],[8.415184,48.846659],[8.41196,48.853095],[8.406784,48.856669],[8.403413,48.857865],[8.397087,48.856574],[8.391803,48.851897],[8.390142,48.849716],[8.385835,48.850729],[8.381678,48.853515],[8.375577,48.855124],[8.368457,48.853944],[8.365217,48.853803],[8.360911,48.851462],[8.35649,48.844516],[8.353086,48.845011],[8.348167,48.84778],[8.344849,48.848257],[8.342239,48.849696],[8.334979,48.852572],[8.33108,48.857588],[8.326993,48.856538],[8.324326,48.856654],[8.322259,48.854779],[8.316616,48.85723],[8.311934,48.857832],[8.305334,48.862632],[8.308606,48.864462],[8.304324,48.868678],[8.30061,48.878351],[8.297327,48.881615],[8.29402,48.882159],[8.292505,48.884543],[8.28964,48.886509],[8.288027,48.886393],[8.296065,48.893431],[8.296405,48.894541],[8.291932,48.900759],[8.295379,48.902976],[8.29365,48.904246],[8.296927,48.906572],[8.294978,48.907736],[8.300123,48.910748],[8.296361,48.913564],[8.301133,48.915506],[8.316469,48.923057],[8.325805,48.923263],[8.348375,48.923366],[8.349809,48.926682],[8.353955,48.931326],[8.354509,48.934547],[8.345018,48.936731],[8.338159,48.939272],[8.330424,48.941386],[8.310766,48.949492],[8.305558,48.950083],[8.301984,48.949329],[8.301834,48.947267],[8.29884,48.947739],[8.294516,48.947201],[8.29528,48.950583],[8.285748,48.95141],[8.272021,48.953383],[8.271392,48.955654],[8.268985,48.957349],[8.261542,48.957734],[8.259148,48.95932],[8.259785,48.963436],[8.261135,48.965552],[8.258645,48.968938],[8.26149,48.98099],[8.242636,48.971124],[8.236475,48.967507],[8.230999,48.965509],[8.211634,48.961672],[8.204141,48.960635],[8.199369,48.95912],[8.195367,48.95687],[8.191565,48.95291],[8.187816,48.944875],[8.185165,48.941021],[8.180255,48.936311],[8.169314,48.924043],[8.16436,48.919734],[8.159357,48.916474],[8.155422,48.912793],[8.151629,48.907028],[8.143764,48.899893],[8.142094,48.898004],[8.139631,48.892924],[8.135902,48.887311],[8.12906,48.879711],[8.126379,48.875222],[8.125249,48.871458],[8.121715,48.864855],[8.119259,48.861103],[8.110167,48.841241],[8.108064,48.835024],[8.106046,48.824258],[8.104743,48.82083],[8.101634,48.816026],[8.091451,48.805665],[8.087293,48.802183],[8.079361,48.796512],[8.072978,48.792705],[8.06898,48.790897],[8.06262,48.789283],[8.058442,48.78896],[8.04989,48.790464],[8.044302,48.790863],[8.039941,48.790512],[8.034739,48.789212],[8.0304,48.787254],[8.02683,48.784314],[8.02597,48.782541],[8.024221,48.772057],[8.022516,48.767873],[8.019399,48.764278],[8.01641,48.762095],[8.012666,48.760313],[8.008866,48.759343],[8.002171,48.758797],[7.996061,48.759341],[7.987594,48.760867],[7.983078,48.761181],[7.979682,48.760695],[7.973588,48.75889],[7.971208,48.757273],[7.96838,48.752158],[7.966882,48.74426],[7.967695,48.729412],[7.966735,48.725654],[7.963228,48.721486],[7.959277,48.718476],[7.964257,48.71728],[7.970182,48.717083],[7.977339,48.714484],[7.977461,48.713062],[7.981299,48.711815],[7.98048,48.707884],[7.989275,48.706119],[7.986841,48.704762],[7.990535,48.70114],[7.984748,48.698916],[7.980815,48.699262],[7.978036,48.695388],[7.973503,48.691486],[7.974861,48.688905],[7.982224,48.687245],[7.989393,48.68841],[7.995126,48.687231],[8.001762,48.687282],[8.007581,48.684996],[8.009676,48.684829],[8.014508,48.681068],[8.016868,48.683027],[8.014234,48.687238],[8.015754,48.687759],[8.020415,48.686528],[8.018191,48.682209],[8.019607,48.679498],[8.02914,48.681647],[8.031992,48.683083],[8.036565,48.68212],[8.037836,48.679423],[8.033281,48.678087],[8.033303,48.674826],[8.038706,48.676062],[8.047342,48.676257],[8.053844,48.674406],[8.062978,48.674314],[8.062639,48.671809],[8.065718,48.671675],[8.066731,48.674136],[8.07455,48.673494],[8.072993,48.67184],[8.080985,48.665431],[8.083385,48.665614],[8.084524,48.66258],[8.088579,48.663336],[8.0898,48.660871],[8.094731,48.658934],[8.096382,48.656234],[8.104487,48.655022],[8.107864,48.651254],[8.112401,48.650194],[8.116011,48.65031],[8.121755,48.649081],[8.122983,48.651489],[8.126442,48.654668],[8.134649,48.65516],[8.136792,48.657019],[8.141066,48.653506],[8.146184,48.653569],[8.151346,48.651054],[8.152798,48.649357],[8.156346,48.649443],[8.16085,48.646258],[8.164911,48.645459],[8.161906,48.640356],[8.170223,48.638226],[8.176584,48.639673],[8.178772,48.638903],[8.180715,48.640074],[8.195065,48.631674],[8.200324,48.627949],[8.20151,48.628802],[8.214818,48.62918],[8.219846,48.628979],[8.227228,48.627357],[8.228796,48.631067],[8.236628,48.629658],[8.241046,48.62924],[8.242067,48.623354],[8.240737,48.61774],[8.238832,48.615709],[8.233968,48.616042],[8.232928,48.61118],[8.239343,48.610262],[8.244147,48.608839],[8.24856,48.608598],[8.24746,48.602832],[8.240672,48.604126],[8.234369,48.606111],[8.231391,48.606146],[8.222052,48.603184],[8.223817,48.601984],[8.227981,48.602711],[8.233031,48.602239],[8.239531,48.600421],[8.245793,48.597856],[8.25057,48.594007],[8.255395,48.59186],[8.25848,48.58963],[8.268772,48.588543],[8.274454,48.58919],[8.282827,48.587311],[8.291771,48.586476],[8.293252,48.587362],[8.300524,48.587678],[8.302366,48.588612],[8.305997,48.588285],[8.308661,48.589644],[8.311277,48.588552],[8.316111,48.589533],[8.317361,48.588313],[8.320716,48.589166],[8.322415,48.591662],[8.329642,48.591395],[8.335571,48.594677],[8.3412,48.596238],[8.341722,48.597294],[8.348468,48.598203],[8.357839,48.6005],[8.358336,48.602874],[8.352182,48.604426],[8.351329,48.607079],[8.352319,48.609016],[8.354634,48.610007],[8.360439,48.610056],[8.364281,48.611406],[8.363253,48.612618],[8.364234,48.615112],[8.369632,48.615795],[8.370524,48.61681],[8.378841,48.618052],[8.382922,48.619775],[8.381469,48.622175],[8.388626,48.625585],[8.386078,48.629717],[8.386216,48.63309],[8.388256,48.637089],[8.392299,48.6359],[8.409577,48.639428]],[[8.128995,48.748568],[8.129277,48.751994],[8.133492,48.752426],[8.133148,48.748709],[8.128995,48.748568]],[[8.121378,48.757009],[8.125524,48.761084],[8.127223,48.755582],[8.121378,48.757009]],[[8.143132,48.740745],[8.147545,48.743244],[8.150907,48.743877],[8.154674,48.742436],[8.158489,48.743843],[8.163893,48.742015],[8.16748,48.742328],[8.176667,48.741304],[8.18144,48.742288],[8.182013,48.747591],[8.187952,48.748942],[8.194944,48.751841],[8.199852,48.751487],[8.202374,48.753126],[8.202098,48.755811],[8.203099,48.757338],[8.201673,48.758732],[8.200588,48.762083],[8.196435,48.763851],[8.194641,48.766928],[8.190746,48.768548],[8.188555,48.768325],[8.185448,48.769523],[8.185099,48.771453],[8.175809,48.781002],[8.171835,48.78347],[8.167897,48.784231],[8.15291,48.784913],[8.150554,48.787499],[8.146277,48.789985],[8.164046,48.801096],[8.166149,48.805193],[8.161768,48.806007],[8.163357,48.808527],[8.166527,48.81137],[8.170958,48.816785],[8.166999,48.818347],[8.169851,48.820338],[8.193101,48.835171],[8.188245,48.838921],[8.181377,48.837101],[8.174138,48.836973],[8.168518,48.835332],[8.162553,48.830417],[8.159132,48.833374],[8.163207,48.835258],[8.160034,48.836934],[8.163175,48.838361],[8.160644,48.84426],[8.156759,48.843563],[8.155133,48.847913],[8.159857,48.846391],[8.164839,48.84657],[8.166512,48.845195],[8.167441,48.841657],[8.172842,48.842343],[8.178537,48.842283],[8.180139,48.843843],[8.189542,48.838699],[8.194832,48.834435],[8.197154,48.833408],[8.20256,48.832277],[8.203043,48.828509],[8.212436,48.830837],[8.213101,48.826609],[8.215387,48.826843],[8.219668,48.824685],[8.222013,48.824461],[8.225065,48.820551],[8.229133,48.817792],[8.230945,48.817379],[8.235784,48.814138],[8.237028,48.814302],[8.248481,48.80978],[8.250589,48.808607],[8.252176,48.803434],[8.254874,48.80148],[8.255494,48.79697],[8.254166,48.794444],[8.26189,48.795142],[8.265684,48.796977],[8.269094,48.797812],[8.271997,48.797187],[8.273105,48.795164],[8.271878,48.793091],[8.276455,48.789461],[8.276601,48.786991],[8.279144,48.786028],[8.281063,48.788917],[8.286956,48.790713],[8.28799,48.788604],[8.293806,48.788869],[8.29549,48.78815],[8.289428,48.78209],[8.291031,48.779955],[8.291415,48.777176],[8.288335,48.773302],[8.28585,48.771967],[8.281315,48.767703],[8.280177,48.76496],[8.283919,48.761911],[8.285306,48.75627],[8.291741,48.756239],[8.299038,48.751189],[8.301165,48.748049],[8.301721,48.745819],[8.306262,48.741449],[8.309124,48.741636],[8.314864,48.740226],[8.318286,48.734906],[8.320686,48.729729],[8.320005,48.725467],[8.320674,48.723154],[8.320856,48.717624],[8.31995,48.7132],[8.320672,48.710341],[8.320251,48.707739],[8.317937,48.703703],[8.314202,48.700231],[8.306533,48.699408],[8.302827,48.696436],[8.296225,48.692556],[8.296501,48.6901],[8.299106,48.685282],[8.293191,48.680949],[8.288595,48.679276],[8.282211,48.673963],[8.278846,48.672884],[8.275088,48.668619],[8.268052,48.669413],[8.263112,48.669363],[8.258657,48.668248],[8.254597,48.669243],[8.249873,48.669032],[8.240715,48.666743],[8.236173,48.667632],[8.232507,48.669772],[8.232959,48.674383],[8.232448,48.678938],[8.229722,48.680687],[8.230201,48.687652],[8.229769,48.69018],[8.225506,48.690687],[8.224539,48.693476],[8.228391,48.696139],[8.229741,48.698404],[8.22902,48.700735],[8.219052,48.695334],[8.216553,48.696414],[8.209697,48.701309],[8.210733,48.705009],[8.20599,48.708123],[8.202739,48.707911],[8.196391,48.713363],[8.192536,48.711575],[8.192994,48.715523],[8.185346,48.714531],[8.178253,48.711694],[8.171539,48.713294],[8.16778,48.716803],[8.164004,48.716436],[8.160822,48.717661],[8.157713,48.71575],[8.15285,48.717142],[8.149953,48.717177],[8.148184,48.715032],[8.13951,48.717703],[8.13346,48.719069],[8.12699,48.723276],[8.117577,48.72407],[8.113014,48.72492],[8.113709,48.728281],[8.110866,48.728858],[8.115996,48.732111],[8.119533,48.731775],[8.121974,48.734668],[8.124189,48.73531],[8.125935,48.733664],[8.123698,48.729571],[8.130408,48.729061],[8.135365,48.72775],[8.137,48.730952],[8.139409,48.73303],[8.13892,48.735678],[8.143309,48.739041],[8.143132,48.740745]],[[8.063391,48.705744],[8.060602,48.701676],[8.057891,48.698764],[8.053101,48.69682],[8.05291,48.699594],[8.049793,48.698804],[8.050832,48.697299],[8.049706,48.695545],[8.05167,48.693449],[8.047658,48.692356],[8.042632,48.695241],[8.045629,48.69829],[8.047617,48.698623],[8.050377,48.702082],[8.054125,48.703309],[8.058577,48.708001],[8.060692,48.70895],[8.063087,48.711822],[8.069333,48.712955],[8.072604,48.710914],[8.071416,48.707744],[8.068753,48.706034],[8.063391,48.705744]],[[8.023378,48.691696],[8.015734,48.694297],[8.017325,48.695767],[8.025048,48.693199],[8.023378,48.691696]]]]},"properties":{"rs":82160000000,"name":"Landkreis Rastatt"},"id":"relation/62388"},{"type":"Feature","geometry":{"type":"MultiPolygon","coordinates":[[[[8.416582,48.835745],[8.4188,48.833009],[8.420381,48.82931],[8.423888,48.826196],[8.425108,48.826734],[8.428874,48.823223],[8.434662,48.819237],[8.431717,48.814329],[8.438402,48.812168],[8.441742,48.812865],[8.443931,48.817831],[8.44352,48.820103],[8.44541,48.820855],[8.451662,48.820289],[8.457972,48.82255],[8.463677,48.821762],[8.468939,48.821997],[8.474529,48.8203],[8.476824,48.818422],[8.480606,48.818398],[8.483761,48.819964],[8.489635,48.819674],[8.493041,48.820241],[8.489581,48.822852],[8.484914,48.824177],[8.481027,48.825929],[8.48068,48.82774],[8.478538,48.828613],[8.477704,48.83083],[8.473994,48.835225],[8.474168,48.838753],[8.476066,48.840166],[8.472068,48.841991],[8.468065,48.845515],[8.476838,48.848232],[8.48657,48.848713],[8.490496,48.850747],[8.493141,48.854059],[8.500503,48.858376],[8.506126,48.858548],[8.509333,48.860356],[8.513178,48.864316],[8.515765,48.864931],[8.519256,48.867816],[8.519549,48.86977],[8.521766,48.87262],[8.521271,48.873531],[8.524409,48.87674],[8.526558,48.879985],[8.522517,48.880666],[8.51614,48.887469],[8.517551,48.888695],[8.51787,48.891513],[8.516613,48.894107],[8.518034,48.899632],[8.521581,48.901575],[8.523273,48.899819],[8.525502,48.902746],[8.528222,48.902941],[8.532684,48.905188],[8.533984,48.903395],[8.541287,48.90997],[8.542277,48.914102],[8.544793,48.917468],[8.547529,48.919138],[8.553855,48.920213],[8.553489,48.922884],[8.554561,48.926676],[8.551194,48.927958],[8.541369,48.9268],[8.53517,48.926888],[8.534397,48.929179],[8.536849,48.93096],[8.540558,48.932251],[8.542724,48.93617],[8.538787,48.940234],[8.539682,48.942871],[8.535784,48.94422],[8.535423,48.946872],[8.538067,48.952956],[8.542063,48.952191],[8.544483,48.954044],[8.549165,48.953032],[8.551186,48.955355],[8.55945,48.961843],[8.558198,48.963272],[8.558325,48.96654],[8.560405,48.967366],[8.557361,48.970264],[8.563024,48.974726],[8.5673,48.975439],[8.569828,48.977289],[8.568906,48.978541],[8.569639,48.981212],[8.572102,48.98108],[8.573343,48.982636],[8.572768,48.985528],[8.574689,48.988176],[8.577227,48.989738],[8.580139,48.989894],[8.585179,48.989068],[8.589331,48.986986],[8.59494,48.986409],[8.596128,48.985388],[8.60187,48.985599],[8.604663,48.986421],[8.607234,48.988391],[8.612318,48.991174],[8.617139,48.992494],[8.627005,48.993444],[8.632961,48.991915],[8.634769,48.990523],[8.643463,48.989276],[8.648168,48.989822],[8.647542,48.994774],[8.647568,49.002431],[8.649525,49.003527],[8.653885,49.004208],[8.660646,49.007672],[8.665772,49.001598],[8.667457,48.996612],[8.672208,48.993478],[8.676803,48.99297],[8.682717,48.994474],[8.683739,48.992361],[8.688686,48.992939],[8.699756,48.996222],[8.703583,48.99543],[8.70427,48.993672],[8.707173,48.994157],[8.710509,48.988974],[8.712496,48.988527],[8.718378,48.990421],[8.723611,48.990093],[8.727058,48.993065],[8.732778,48.994286],[8.732461,48.998493],[8.73553,48.999794],[8.736988,49.001622],[8.734371,49.007127],[8.737339,49.008205],[8.733888,49.014006],[8.729684,49.016251],[8.730684,49.018817],[8.73272,49.019345],[8.733388,49.022608],[8.732288,49.026797],[8.733875,49.028091],[8.741821,49.030187],[8.744546,49.031946],[8.744763,49.035368],[8.744013,49.036942],[8.748886,49.039615],[8.755344,49.045276],[8.759156,49.044798],[8.759555,49.041303],[8.769025,49.040588],[8.776822,49.042043],[8.779056,49.045786],[8.784258,49.046114],[8.786459,49.045186],[8.791442,49.045607],[8.797176,49.045518],[8.804633,49.04282],[8.807376,49.040264],[8.803835,49.038626],[8.802893,49.036482],[8.808854,49.03527],[8.811916,49.033728],[8.817118,49.035359],[8.821548,49.03749],[8.828929,49.036278],[8.833652,49.037808],[8.83893,49.038137],[8.836583,49.039933],[8.835771,49.041898],[8.836,49.045486],[8.834354,49.045622],[8.834841,49.049842],[8.83788,49.051027],[8.839787,49.053379],[8.839931,49.057089],[8.842097,49.059179],[8.839845,49.06209],[8.84909,49.061798],[8.853664,49.062091],[8.859457,49.061466],[8.867874,49.061384],[8.873157,49.059712],[8.875731,49.059853],[8.877693,49.05854],[8.879483,49.059855],[8.877746,49.061579],[8.879344,49.064067],[8.876948,49.067475],[8.876316,49.069652],[8.868362,49.070122],[8.868824,49.072351],[8.874734,49.075077],[8.874626,49.07634],[8.868623,49.077521],[8.878905,49.079288],[8.884342,49.080953],[8.886359,49.080112],[8.889802,49.080266],[8.893282,49.084879],[8.892481,49.087037],[8.891722,49.094184],[8.894258,49.095526],[8.894375,49.097875],[8.891863,49.099514],[8.891062,49.105085],[8.890135,49.107204],[8.890598,49.112256],[8.889709,49.115341],[8.887499,49.117383],[8.884651,49.11659],[8.881461,49.119464],[8.878514,49.118156],[8.87724,49.120153],[8.876497,49.123919],[8.873377,49.125103],[8.874704,49.128846],[8.871784,49.12998],[8.869835,49.132069],[8.861767,49.129851],[8.859498,49.12609],[8.857819,49.12594],[8.844697,49.126949],[8.837311,49.127054],[8.828473,49.125386],[8.825969,49.127638],[8.831284,49.129448],[8.826936,49.132607],[8.827378,49.135225],[8.831327,49.138696],[8.830787,49.139585],[8.83793,49.139978],[8.837255,49.145776],[8.835494,49.148363],[8.842196,49.150251],[8.832762,49.156029],[8.829874,49.161979],[8.824921,49.160164],[8.822057,49.156072],[8.817925,49.157168],[8.81614,49.161472],[8.817407,49.167651],[8.819977,49.168472],[8.818672,49.171511],[8.819574,49.174719],[8.824216,49.178009],[8.823376,49.18398],[8.825737,49.18629],[8.825752,49.189295],[8.824348,49.191798],[8.817484,49.194145],[8.814979,49.196357],[8.814931,49.199758],[8.81336,49.201331],[8.809312,49.199021],[8.801151,49.197841],[8.793842,49.200844],[8.789324,49.198497],[8.782798,49.198041],[8.776352,49.20099],[8.772388,49.20352],[8.770928,49.202697],[8.765527,49.202414],[8.760195,49.203132],[8.752862,49.205515],[8.747999,49.21679],[8.750788,49.217507],[8.75001,49.219797],[8.746595,49.223699],[8.744174,49.225294],[8.739361,49.225201],[8.736215,49.230112],[8.729525,49.228087],[8.727493,49.230196],[8.726941,49.232717],[8.724152,49.237685],[8.722678,49.238042],[8.718086,49.236137],[8.71701,49.235044],[8.71281,49.234556],[8.707767,49.231686],[8.704606,49.228792],[8.70136,49.226728],[8.697766,49.228401],[8.694853,49.231901],[8.690236,49.229193],[8.684349,49.228399],[8.681844,49.229205],[8.675131,49.229634],[8.673798,49.23124],[8.669092,49.231457],[8.669714,49.23284],[8.663479,49.232376],[8.659265,49.233242],[8.658738,49.237526],[8.654544,49.23918],[8.646909,49.240277],[8.644281,49.238589],[8.642719,49.235324],[8.639467,49.238083],[8.635006,49.240977],[8.625873,49.243433],[8.615085,49.241125],[8.614488,49.242137],[8.570491,49.254892],[8.575129,49.262244],[8.548046,49.269858],[8.543553,49.262835],[8.528736,49.267272],[8.526055,49.268389],[8.523189,49.268268],[8.522682,49.271405],[8.520604,49.277429],[8.519317,49.278227],[8.512914,49.278711],[8.50561,49.282207],[8.504824,49.283212],[8.497406,49.285911],[8.494449,49.287787],[8.487015,49.290148],[8.484619,49.287913],[8.481341,49.286284],[8.472155,49.284437],[8.464044,49.282],[8.459333,49.27975],[8.45524,49.277033],[8.451868,49.273787],[8.446586,49.267756],[8.441381,49.26348],[8.435248,49.259551],[8.427367,49.255804],[8.413024,49.249842],[8.401239,49.244372],[8.394826,49.239854],[8.389135,49.233832],[8.38596,49.227663],[8.38517,49.223666],[8.385197,49.218855],[8.389035,49.219508],[8.392219,49.223643],[8.395821,49.22528],[8.403128,49.224806],[8.405345,49.220398],[8.403036,49.214587],[8.39859,49.207507],[8.392935,49.202462],[8.386691,49.19856],[8.384916,49.198325],[8.381584,49.186285],[8.369162,49.169661],[8.368141,49.167555],[8.367957,49.162261],[8.372244,49.154093],[8.372279,49.149016],[8.36978,49.139689],[8.363554,49.114767],[8.359767,49.101428],[8.358781,49.098937],[8.355761,49.094509],[8.350601,49.088873],[8.346005,49.084692],[8.340685,49.080491],[8.343045,49.075453],[8.346495,49.072051],[8.347474,49.069735],[8.343926,49.06642],[8.349534,49.064486],[8.354698,49.065589],[8.356336,49.066797],[8.357948,49.071108],[8.361792,49.069899],[8.365062,49.070299],[8.369585,49.069632],[8.373032,49.068018],[8.374295,49.069338],[8.394802,49.068757],[8.40537,49.065177],[8.40991,49.063082],[8.416451,49.070964],[8.410674,49.072844],[8.411436,49.081362],[8.418276,49.082977],[8.423469,49.090636],[8.431146,49.09022],[8.436557,49.091264],[8.428059,49.070661],[8.436062,49.063328],[8.438006,49.06032],[8.441476,49.056544],[8.445393,49.054091],[8.449456,49.05017],[8.460549,49.043968],[8.466181,49.045345],[8.466385,49.04314],[8.470032,49.043338],[8.469656,49.040827],[8.470925,49.039565],[8.475457,49.041771],[8.477117,49.043677],[8.478233,49.04941],[8.481125,49.054293],[8.479909,49.058779],[8.477567,49.059836],[8.482377,49.061267],[8.486428,49.058077],[8.4896,49.054182],[8.491154,49.051314],[8.494326,49.048544],[8.497743,49.046938],[8.500152,49.044714],[8.506618,49.04206],[8.509239,49.036708],[8.516495,49.031936],[8.519864,49.031076],[8.51938,49.027946],[8.522334,49.025027],[8.522029,49.01921],[8.521013,49.014333],[8.518772,49.012457],[8.514549,49.011385],[8.51386,49.010273],[8.513836,49.005928],[8.512689,49.00355],[8.512991,49.000914],[8.511062,48.998564],[8.508733,48.998421],[8.502505,48.996302],[8.502745,48.99495],[8.500195,48.993658],[8.502545,48.989241],[8.503072,48.986403],[8.505231,48.983371],[8.510447,48.98242],[8.508074,48.980461],[8.507367,48.977202],[8.505701,48.975508],[8.508265,48.973757],[8.509312,48.967947],[8.513397,48.968434],[8.527886,48.965938],[8.525774,48.962186],[8.528792,48.961493],[8.534663,48.961241],[8.541576,48.960165],[8.536731,48.952408],[8.531912,48.953227],[8.525464,48.952347],[8.515206,48.947405],[8.513039,48.943775],[8.509011,48.942357],[8.503597,48.942694],[8.492495,48.941527],[8.48907,48.941795],[8.482664,48.941457],[8.475501,48.94056],[8.466332,48.940518],[8.46096,48.940881],[8.459959,48.942132],[8.460753,48.944681],[8.455024,48.944848],[8.453704,48.945936],[8.447279,48.944583],[8.443222,48.945892],[8.439299,48.946208],[8.440664,48.949102],[8.444732,48.95032],[8.443883,48.953517],[8.447083,48.960517],[8.451786,48.963102],[8.450825,48.964322],[8.442113,48.969959],[8.437905,48.971609],[8.426035,48.966795],[8.41586,48.96295],[8.409392,48.960935],[8.389489,48.957606],[8.390272,48.962442],[8.383445,48.967214],[8.384817,48.971445],[8.380707,48.97423],[8.376937,48.975768],[8.372635,48.97138],[8.364829,48.975443],[8.363079,48.977031],[8.355923,48.979303],[8.350819,48.980192],[8.342975,48.982447],[8.336228,48.986792],[8.330588,48.989251],[8.329785,48.991951],[8.326533,48.989893],[8.320989,48.988447],[8.322592,48.98405],[8.311254,48.984053],[8.299214,48.990992],[8.297598,48.988329],[8.293697,48.985846],[8.28109,48.983062],[8.279047,48.987768],[8.277314,48.989855],[8.26149,48.98099],[8.258645,48.968938],[8.261135,48.965552],[8.259785,48.963436],[8.259148,48.95932],[8.261542,48.957734],[8.268985,48.957349],[8.271392,48.955654],[8.272021,48.953383],[8.285748,48.95141],[8.29528,48.950583],[8.294516,48.947201],[8.29884,48.947739],[8.301834,48.947267],[8.301984,48.949329],[8.305558,48.950083],[8.310766,48.949492],[8.330424,48.941386],[8.338159,48.939272],[8.345018,48.936731],[8.354509,48.934547],[8.353955,48.931326],[8.349809,48.926682],[8.348375,48.923366],[8.325805,48.923263],[8.316469,48.923057],[8.301133,48.915506],[8.296361,48.913564],[8.300123,48.910748],[8.294978,48.907736],[8.296927,48.906572],[8.29365,48.904246],[8.295379,48.902976],[8.291932,48.900759],[8.296405,48.894541],[8.296065,48.893431],[8.288027,48.886393],[8.28964,48.886509],[8.292505,48.884543],[8.29402,48.882159],[8.297327,48.881615],[8.30061,48.878351],[8.304324,48.868678],[8.308606,48.864462],[8.305334,48.862632],[8.311934,48.857832],[8.316616,48.85723],[8.322259,48.854779],[8.324326,48.856654],[8.326993,48.856538],[8.33108,48.857588],[8.334979,48.852572],[8.342239,48.849696],[8.344849,48.848257],[8.348167,48.84778],[8.353086,48.845011],[8.35649,48.844516],[8.360911,48.851462],[8.365217,48.853803],[8.368457,48.853944],[8.375577,48.855124],[8.381678,48.853515],[8.385835,48.850729],[8.390142,48.849716],[8.391803,48.851897],[8.397087,48.856574],[8.403413,48.857865],[8.406784,48.856669],[8.41196,48.853095],[8.415184,48.846659],[8.416641,48.841502],[8.416582,48.835745]]],[[[8.378971,48.830906],[8.381488,48.833504],[8.385049,48.835475],[8.384911,48.838162],[8.380919,48.838875],[8.380579,48.840809],[8.375994,48.840031],[8.37085,48.840848],[8.367384,48.839323],[8.374814,48.837088],[8.376985,48.835627],[8.376109,48.831552],[8.378971,48.830906]]]]},"properties":{"rs":82150000000,"name":"Landkreis Karlsruhe"},"id":"relation/62393"},{"type":"Feature","geometry":{"type":"Polygon","coordinates":[[[9.443462,49.364353],[9.444504,49.36454],[9.447116,49.360757],[9.449649,49.361001],[9.452486,49.359667],[9.454715,49.360263],[9.457151,49.357135],[9.459589,49.355894],[9.463953,49.355225],[9.460965,49.352881],[9.460605,49.351074],[9.457609,49.349403],[9.465437,49.347108],[9.465383,49.343421],[9.467343,49.339951],[9.465324,49.338005],[9.468041,49.331363],[9.470356,49.327614],[9.471658,49.32349],[9.473395,49.321713],[9.476912,49.321209],[9.477457,49.319357],[9.480738,49.319005],[9.48057,49.317452],[9.486256,49.317587],[9.491517,49.315195],[9.502521,49.312854],[9.508617,49.314155],[9.5157,49.313851],[9.515294,49.312497],[9.517363,49.310373],[9.513493,49.306155],[9.514814,49.303864],[9.505299,49.300637],[9.49944,49.299539],[9.494263,49.299793],[9.489284,49.298562],[9.481066,49.299296],[9.47721,49.298876],[9.473987,49.295473],[9.47086,49.294429],[9.470234,49.292711],[9.465078,49.289995],[9.460722,49.288695],[9.45518,49.288243],[9.445384,49.291369],[9.439185,49.289881],[9.43985,49.288139],[9.442775,49.288282],[9.445006,49.286944],[9.444253,49.283205],[9.439363,49.281838],[9.432753,49.282791],[9.433916,49.279704],[9.432253,49.278539],[9.433526,49.276745],[9.429439,49.273361],[9.427672,49.272871],[9.427152,49.270437],[9.424841,49.267469],[9.425535,49.266231],[9.423689,49.262407],[9.429203,49.259385],[9.426975,49.257095],[9.42799,49.255863],[9.42159,49.252615],[9.419931,49.249358],[9.415904,49.2486],[9.414392,49.246189],[9.420303,49.242387],[9.421482,49.240192],[9.420456,49.234953],[9.424175,49.234936],[9.425439,49.227714],[9.434027,49.227355],[9.436821,49.227792],[9.441719,49.227215],[9.448322,49.223972],[9.450218,49.221259],[9.448175,49.218767],[9.443318,49.21797],[9.440293,49.216383],[9.439563,49.214154],[9.433216,49.210354],[9.426542,49.20356],[9.422474,49.202391],[9.425703,49.199857],[9.422532,49.197754],[9.417959,49.197341],[9.418403,49.195473],[9.412095,49.193983],[9.407304,49.196142],[9.401817,49.197789],[9.39715,49.197951],[9.389418,49.196859],[9.388493,49.198083],[9.382264,49.196866],[9.376858,49.194908],[9.370319,49.191378],[9.369049,49.188949],[9.364548,49.183705],[9.365499,49.182263],[9.369883,49.180134],[9.367394,49.178468],[9.360575,49.178598],[9.356191,49.177679],[9.356402,49.175721],[9.350914,49.174581],[9.343269,49.174379],[9.343476,49.170603],[9.348679,49.171073],[9.351112,49.169955],[9.357733,49.16882],[9.358535,49.16681],[9.364479,49.166086],[9.367559,49.164978],[9.372859,49.165743],[9.37551,49.164466],[9.374324,49.158392],[9.379329,49.15807],[9.380669,49.156975],[9.382579,49.152242],[9.386071,49.148724],[9.393592,49.148361],[9.397229,49.146552],[9.400405,49.146552],[9.401982,49.145437],[9.410244,49.147098],[9.427278,49.151588],[9.428787,49.150205],[9.432169,49.151201],[9.434111,49.147997],[9.436461,49.145876],[9.437741,49.143332],[9.434736,49.141409],[9.431453,49.141676],[9.422613,49.138346],[9.423158,49.135667],[9.420593,49.133607],[9.419972,49.131097],[9.421617,49.126985],[9.422989,49.125723],[9.427838,49.126651],[9.428086,49.130462],[9.432506,49.129671],[9.433785,49.131361],[9.436942,49.130029],[9.438924,49.128259],[9.435487,49.127066],[9.438667,49.124235],[9.441076,49.123175],[9.446068,49.119781],[9.447771,49.117336],[9.442728,49.117573],[9.438849,49.115378],[9.441185,49.112115],[9.43717,49.110581],[9.435563,49.10349],[9.433228,49.103374],[9.435662,49.100397],[9.437132,49.096866],[9.441056,49.095889],[9.44267,49.097837],[9.441545,49.099927],[9.446093,49.10233],[9.4567,49.105005],[9.455991,49.108748],[9.457078,49.11289],[9.46122,49.112457],[9.465208,49.111215],[9.469202,49.11219],[9.473314,49.11094],[9.475292,49.112663],[9.477847,49.109279],[9.48094,49.109535],[9.484298,49.111044],[9.488002,49.111639],[9.489958,49.113967],[9.489802,49.117884],[9.490589,49.122387],[9.487104,49.124896],[9.484284,49.129457],[9.481378,49.131031],[9.483765,49.133009],[9.482795,49.134793],[9.488717,49.139162],[9.492594,49.138992],[9.500793,49.133861],[9.5006,49.131388],[9.508463,49.133677],[9.510431,49.131554],[9.511294,49.128147],[9.512989,49.126222],[9.509475,49.122187],[9.515088,49.120997],[9.515754,49.119503],[9.510726,49.117032],[9.511533,49.115167],[9.517173,49.114323],[9.522924,49.111918],[9.527207,49.108016],[9.531401,49.106879],[9.532009,49.104137],[9.534305,49.104083],[9.536665,49.101935],[9.539776,49.10444],[9.537156,49.107314],[9.539392,49.110837],[9.532021,49.114748],[9.532789,49.118333],[9.5311,49.118698],[9.532603,49.121337],[9.536409,49.123701],[9.54147,49.122377],[9.542155,49.125683],[9.540411,49.127091],[9.542974,49.128125],[9.548584,49.13247],[9.552002,49.133647],[9.557014,49.131716],[9.560326,49.131069],[9.564181,49.131375],[9.565818,49.129322],[9.568939,49.127588],[9.570868,49.125501],[9.570715,49.123921],[9.565836,49.123017],[9.563241,49.125018],[9.561006,49.124197],[9.559489,49.119865],[9.561843,49.118274],[9.570609,49.119707],[9.570747,49.121662],[9.57783,49.12202],[9.57794,49.119573],[9.582002,49.119006],[9.584687,49.116967],[9.591858,49.115162],[9.595199,49.11365],[9.593814,49.112531],[9.588125,49.111897],[9.592478,49.107917],[9.600873,49.108101],[9.604684,49.10753],[9.604575,49.105943],[9.609299,49.10526],[9.613413,49.108979],[9.609491,49.112695],[9.608944,49.114258],[9.610876,49.11592],[9.610883,49.118658],[9.612537,49.11959],[9.607633,49.121581],[9.607602,49.120004],[9.604441,49.12001],[9.602432,49.118776],[9.599824,49.119257],[9.59354,49.122055],[9.590129,49.122428],[9.5894,49.125734],[9.587745,49.127292],[9.583961,49.128498],[9.585089,49.131797],[9.581837,49.132085],[9.579604,49.133563],[9.585209,49.136845],[9.591795,49.13867],[9.591798,49.140546],[9.601199,49.141515],[9.606461,49.14739],[9.606636,49.150046],[9.61062,49.149518],[9.609403,49.147217],[9.608171,49.137009],[9.611655,49.136439],[9.617284,49.137772],[9.621953,49.135527],[9.629461,49.138542],[9.633949,49.138812],[9.635354,49.137612],[9.639822,49.138083],[9.642821,49.137136],[9.643224,49.134554],[9.639242,49.128038],[9.643538,49.127769],[9.645769,49.129116],[9.648777,49.128891],[9.651779,49.131424],[9.651203,49.134357],[9.647836,49.13933],[9.64674,49.143602],[9.649408,49.145264],[9.652312,49.145766],[9.65354,49.144422],[9.649373,49.141231],[9.651273,49.137482],[9.656876,49.136213],[9.660659,49.137474],[9.663803,49.139818],[9.666778,49.140847],[9.668191,49.142458],[9.665879,49.143428],[9.66596,49.145106],[9.669868,49.146366],[9.672929,49.15],[9.674177,49.15351],[9.671415,49.155343],[9.670856,49.15889],[9.674483,49.161975],[9.680387,49.163765],[9.685068,49.1644],[9.690204,49.166772],[9.690578,49.167962],[9.688931,49.172734],[9.690232,49.175165],[9.693818,49.176798],[9.693796,49.179238],[9.696977,49.180489],[9.695344,49.185796],[9.696024,49.189036],[9.699179,49.190104],[9.700462,49.192048],[9.704779,49.192444],[9.703979,49.193738],[9.706882,49.195165],[9.711779,49.194092],[9.713719,49.196915],[9.716095,49.195453],[9.718412,49.195683],[9.71704,49.198079],[9.723174,49.198699],[9.724049,49.195622],[9.726577,49.195775],[9.730317,49.194761],[9.740699,49.194157],[9.744203,49.194648],[9.748124,49.198599],[9.748611,49.203414],[9.751605,49.206198],[9.750349,49.208231],[9.754429,49.21114],[9.748591,49.211954],[9.749092,49.213963],[9.747188,49.218281],[9.748166,49.22055],[9.745322,49.222184],[9.739795,49.222707],[9.734516,49.223871],[9.735318,49.226445],[9.740919,49.226006],[9.741926,49.227427],[9.745533,49.22534],[9.752332,49.223914],[9.756374,49.224989],[9.764581,49.224686],[9.765641,49.227099],[9.764598,49.231397],[9.762809,49.23428],[9.762924,49.237677],[9.763974,49.23884],[9.763583,49.243162],[9.757937,49.245696],[9.766132,49.24873],[9.77124,49.246368],[9.775305,49.250313],[9.778135,49.250995],[9.77935,49.252507],[9.782499,49.252699],[9.788313,49.255418],[9.790502,49.255154],[9.796105,49.255855],[9.8041,49.257614],[9.814021,49.258175],[9.819542,49.261629],[9.818655,49.262939],[9.823402,49.263529],[9.827188,49.264942],[9.82514,49.269014],[9.826736,49.269942],[9.825171,49.274743],[9.825942,49.276292],[9.821391,49.279498],[9.823712,49.280482],[9.830704,49.278521],[9.834802,49.283147],[9.834756,49.286286],[9.837073,49.287365],[9.841719,49.285596],[9.845495,49.287126],[9.850368,49.287509],[9.854443,49.286698],[9.857884,49.288108],[9.860088,49.28991],[9.8603,49.293704],[9.854134,49.293678],[9.85394,49.301153],[9.853231,49.302264],[9.858103,49.303304],[9.859475,49.305067],[9.856984,49.306504],[9.848905,49.306962],[9.841295,49.307974],[9.844714,49.310303],[9.852703,49.310882],[9.855432,49.312587],[9.852909,49.314573],[9.851168,49.318133],[9.846488,49.321843],[9.850197,49.325217],[9.854706,49.325287],[9.85873,49.326625],[9.858758,49.328058],[9.856723,49.332497],[9.852501,49.335244],[9.847465,49.340338],[9.846262,49.34355],[9.842959,49.347206],[9.843246,49.350256],[9.845511,49.349996],[9.852897,49.351905],[9.856226,49.35369],[9.851871,49.355798],[9.85186,49.358784],[9.853007,49.363708],[9.857106,49.363827],[9.857046,49.366517],[9.855695,49.368157],[9.852284,49.367937],[9.851607,49.36976],[9.843844,49.369018],[9.841761,49.370473],[9.845173,49.37201],[9.846792,49.37667],[9.848178,49.377646],[9.845304,49.38176],[9.842043,49.383292],[9.839471,49.385659],[9.833673,49.389161],[9.836947,49.390269],[9.833052,49.392657],[9.832336,49.394511],[9.828736,49.39378],[9.820582,49.389981],[9.818835,49.391551],[9.811614,49.388416],[9.808572,49.390989],[9.803566,49.396505],[9.802398,49.397055],[9.803529,49.403881],[9.800067,49.407813],[9.792786,49.407489],[9.788227,49.404986],[9.785443,49.400593],[9.779679,49.396378],[9.774682,49.393452],[9.76784,49.398899],[9.763435,49.396987],[9.761403,49.398075],[9.757637,49.397873],[9.759667,49.401056],[9.756667,49.402521],[9.750948,49.398155],[9.751305,49.395765],[9.748531,49.394093],[9.741784,49.396481],[9.740541,49.398819],[9.730712,49.398082],[9.723033,49.398507],[9.717588,49.397265],[9.712509,49.39937],[9.710613,49.401324],[9.709514,49.406505],[9.711455,49.406544],[9.712898,49.412383],[9.70915,49.415359],[9.705047,49.417446],[9.70178,49.417877],[9.697737,49.416006],[9.697164,49.414753],[9.690813,49.412007],[9.687238,49.409576],[9.684794,49.411694],[9.68127,49.4134],[9.680751,49.411355],[9.682438,49.408459],[9.676312,49.40824],[9.671567,49.406982],[9.670941,49.410822],[9.671398,49.415071],[9.668907,49.414906],[9.664533,49.413393],[9.66029,49.412708],[9.658725,49.413622],[9.65449,49.413884],[9.653437,49.416924],[9.639232,49.414327],[9.638119,49.415292],[9.640201,49.419812],[9.638842,49.424415],[9.642821,49.430314],[9.639637,49.430819],[9.635612,49.428654],[9.632375,49.428989],[9.629499,49.4262],[9.623053,49.426257],[9.623835,49.428301],[9.619599,49.430119],[9.615361,49.429007],[9.612393,49.427544],[9.606859,49.4258],[9.603786,49.426619],[9.600748,49.42575],[9.59624,49.423235],[9.59328,49.423162],[9.588954,49.421724],[9.57919,49.419461],[9.570663,49.416716],[9.573417,49.413402],[9.570659,49.411874],[9.573733,49.410444],[9.574582,49.407237],[9.577081,49.406211],[9.5791,49.402165],[9.582193,49.403087],[9.586001,49.399316],[9.590606,49.401164],[9.589273,49.393328],[9.591962,49.39378],[9.593788,49.391663],[9.586916,49.389206],[9.580065,49.386307],[9.575842,49.385056],[9.576364,49.38331],[9.573981,49.380418],[9.574149,49.379083],[9.572157,49.376397],[9.566227,49.376144],[9.563883,49.378094],[9.55955,49.376495],[9.556599,49.377442],[9.553996,49.376895],[9.545579,49.377395],[9.541784,49.379463],[9.536088,49.37986],[9.531593,49.381997],[9.528044,49.381781],[9.525016,49.380547],[9.520155,49.381047],[9.517376,49.378181],[9.512961,49.375402],[9.508158,49.375246],[9.503034,49.377384],[9.500395,49.380534],[9.489051,49.382137],[9.484951,49.384085],[9.482787,49.383893],[9.477058,49.385247],[9.474438,49.384676],[9.473156,49.386498],[9.472049,49.39087],[9.46883,49.391824],[9.464595,49.396948],[9.461811,49.394681],[9.458332,49.393326],[9.453943,49.393599],[9.446213,49.390963],[9.445654,49.386957],[9.44682,49.384078],[9.444854,49.382942],[9.44962,49.379799],[9.451469,49.374979],[9.443236,49.371149],[9.442772,49.36813],[9.443462,49.364353]]]},"properties":{"rs":81260000000,"name":"Hohenlohekreis"},"id":"relation/62394"},{"type":"Feature","geometry":{"type":"Polygon","coordinates":[[[9.691556,48.962923],[9.693201,48.964179],[9.68665,48.9679],[9.680361,48.968551],[9.677693,48.967362],[9.676042,48.965353],[9.673166,48.964499],[9.672256,48.9631],[9.666869,48.961975],[9.663962,48.968423],[9.670648,48.969576],[9.676295,48.971602],[9.674937,48.973355],[9.671965,48.973748],[9.66961,48.978911],[9.666702,48.981386],[9.665622,48.984694],[9.663467,48.986537],[9.667571,48.987417],[9.675743,48.98705],[9.676354,48.98952],[9.673598,48.989363],[9.672173,48.990948],[9.666598,48.993789],[9.659193,48.993833],[9.656429,48.993103],[9.655396,48.99482],[9.650031,48.996192],[9.646553,48.994754],[9.643575,48.995077],[9.639025,48.998462],[9.638728,49.00133],[9.636737,49.004111],[9.632605,49.003767],[9.62872,49.004396],[9.616176,49.00555],[9.612505,49.002619],[9.609951,49.003679],[9.600323,49.004173],[9.600196,49.005803],[9.597565,49.007555],[9.602483,49.010883],[9.601726,49.013818],[9.604988,49.014874],[9.606709,49.017766],[9.606295,49.019704],[9.610953,49.021606],[9.612454,49.024366],[9.609618,49.026542],[9.607702,49.029787],[9.605291,49.031147],[9.605377,49.032897],[9.611213,49.035426],[9.608948,49.038271],[9.603224,49.040559],[9.597406,49.0415],[9.597762,49.042625],[9.595846,49.045743],[9.599389,49.046734],[9.607681,49.048116],[9.613447,49.048301],[9.614055,49.050681],[9.609952,49.05184],[9.603073,49.051442],[9.603406,49.054478],[9.598087,49.055432],[9.593056,49.0555],[9.58974,49.056575],[9.584335,49.055541],[9.582211,49.054581],[9.577294,49.05382],[9.575493,49.051799],[9.575212,49.049617],[9.571077,49.047259],[9.567829,49.053707],[9.561948,49.055255],[9.558001,49.054195],[9.555455,49.055684],[9.55184,49.054837],[9.549057,49.056018],[9.544348,49.055579],[9.542238,49.057382],[9.539812,49.056769],[9.53474,49.058077],[9.533878,49.061015],[9.534895,49.063066],[9.533065,49.06378],[9.528034,49.063228],[9.525927,49.064494],[9.522102,49.065097],[9.522018,49.066553],[9.518448,49.069665],[9.52057,49.073207],[9.517978,49.077206],[9.514724,49.075913],[9.509525,49.076309],[9.508742,49.074987],[9.505268,49.076305],[9.501389,49.078812],[9.498918,49.078511],[9.495266,49.074755],[9.486021,49.07593],[9.480899,49.075464],[9.477669,49.075781],[9.470214,49.073746],[9.467372,49.071918],[9.463972,49.071463],[9.459535,49.072979],[9.454325,49.073802],[9.45078,49.072962],[9.449545,49.070537],[9.440283,49.065551],[9.438939,49.062283],[9.435607,49.060131],[9.436499,49.057601],[9.440187,49.05469],[9.438313,49.053587],[9.441026,49.052075],[9.430431,49.049195],[9.424581,49.051893],[9.422177,49.047018],[9.416869,49.048023],[9.412429,49.044482],[9.402292,49.043812],[9.399586,49.043995],[9.39956,49.038357],[9.399791,49.034038],[9.397551,49.03311],[9.387893,49.031759],[9.38795,49.030017],[9.385026,49.028174],[9.380381,49.026864],[9.383757,49.023634],[9.384446,49.018686],[9.382236,49.01936],[9.372833,49.018542],[9.365767,49.014711],[9.360998,49.015568],[9.352978,49.010034],[9.349432,49.009939],[9.34889,49.00734],[9.344034,49.00486],[9.34565,49.003135],[9.344007,49.000939],[9.34058,49.000848],[9.337533,49.002002],[9.33219,49.000356],[9.326026,49.000085],[9.325544,48.997287],[9.333622,48.994554],[9.33866,48.995228],[9.348146,48.994186],[9.347097,48.990789],[9.350979,48.991032],[9.352079,48.988522],[9.354513,48.988229],[9.358658,48.984718],[9.365336,48.981412],[9.367794,48.97725],[9.369902,48.975598],[9.371722,48.972571],[9.371152,48.970576],[9.367856,48.966817],[9.361589,48.966838],[9.355424,48.965981],[9.346794,48.965276],[9.339832,48.959868],[9.338209,48.955833],[9.330677,48.951081],[9.323418,48.951085],[9.319443,48.951781],[9.312426,48.951293],[9.307921,48.952206],[9.304172,48.950517],[9.303347,48.948003],[9.307435,48.94742],[9.309856,48.945548],[9.315234,48.943346],[9.314956,48.940331],[9.316721,48.937127],[9.315035,48.934911],[9.319229,48.931895],[9.320543,48.933678],[9.328192,48.932398],[9.331904,48.932741],[9.333108,48.930503],[9.338746,48.92816],[9.340705,48.930224],[9.343981,48.930433],[9.349049,48.934299],[9.351613,48.933369],[9.35304,48.92938],[9.355148,48.928602],[9.35478,48.926422],[9.361236,48.925094],[9.362671,48.924109],[9.361012,48.921555],[9.361742,48.918299],[9.359745,48.915737],[9.362963,48.913506],[9.362343,48.91079],[9.364313,48.910332],[9.37027,48.914192],[9.374637,48.913957],[9.374797,48.909545],[9.369423,48.909268],[9.366518,48.906806],[9.363507,48.907072],[9.359385,48.90462],[9.355176,48.906175],[9.351175,48.905098],[9.349302,48.906906],[9.344926,48.905695],[9.337627,48.905521],[9.336283,48.909116],[9.333735,48.907657],[9.327846,48.906884],[9.327677,48.905468],[9.318272,48.904817],[9.315241,48.903732],[9.316192,48.90018],[9.313038,48.900494],[9.311833,48.897433],[9.305147,48.896687],[9.302919,48.894769],[9.305064,48.893712],[9.302548,48.88977],[9.299017,48.889178],[9.30045,48.885434],[9.297968,48.88419],[9.30154,48.875504],[9.305291,48.875888],[9.30589,48.874714],[9.299783,48.871166],[9.296945,48.86796],[9.295292,48.863867],[9.293611,48.862386],[9.290889,48.862026],[9.288759,48.863972],[9.283282,48.862861],[9.275875,48.860301],[9.270916,48.85953],[9.265194,48.860094],[9.259768,48.862753],[9.257695,48.860767],[9.254719,48.860874],[9.253037,48.857393],[9.249682,48.85422],[9.246104,48.848933],[9.243948,48.846737],[9.242058,48.844602],[9.237167,48.841998],[9.240157,48.83875],[9.239365,48.836056],[9.245236,48.83454],[9.242799,48.83334],[9.240363,48.829934],[9.241364,48.826252],[9.243421,48.825898],[9.243355,48.822906],[9.245453,48.823107],[9.247784,48.821558],[9.250285,48.818631],[9.25315,48.819405],[9.255251,48.812949],[9.256809,48.810771],[9.253208,48.810054],[9.254739,48.800711],[9.250309,48.799063],[9.250919,48.79783],[9.248023,48.79506],[9.25138,48.792776],[9.254365,48.79461],[9.258623,48.795475],[9.262272,48.79486],[9.263006,48.792485],[9.269362,48.79262],[9.272125,48.794095],[9.274664,48.791226],[9.277864,48.78984],[9.284451,48.789829],[9.288516,48.790849],[9.291388,48.79075],[9.288634,48.787615],[9.291191,48.786699],[9.29534,48.788702],[9.29929,48.785581],[9.296029,48.78447],[9.293644,48.782287],[9.299584,48.778785],[9.303571,48.780337],[9.307096,48.780895],[9.307535,48.778291],[9.31545,48.778981],[9.316023,48.778218],[9.314319,48.774469],[9.315156,48.773099],[9.320541,48.771601],[9.321721,48.769934],[9.32646,48.768094],[9.332268,48.768982],[9.334155,48.768335],[9.335837,48.765428],[9.341695,48.76745],[9.344965,48.769829],[9.347894,48.769368],[9.352631,48.769775],[9.352378,48.771575],[9.356568,48.774352],[9.360313,48.772664],[9.362546,48.770785],[9.366666,48.76956],[9.371816,48.770979],[9.374234,48.770711],[9.37766,48.772434],[9.378978,48.769935],[9.386644,48.770405],[9.386332,48.776762],[9.382266,48.782372],[9.390295,48.788271],[9.39692,48.785632],[9.401567,48.78225],[9.405951,48.777942],[9.409097,48.776749],[9.409932,48.773257],[9.412812,48.7709],[9.413368,48.76707],[9.415106,48.765248],[9.418828,48.764884],[9.421521,48.763309],[9.429735,48.76492],[9.428271,48.767807],[9.433423,48.771507],[9.435975,48.774057],[9.435522,48.77541],[9.440277,48.776189],[9.445201,48.777636],[9.450856,48.776664],[9.453309,48.77519],[9.457176,48.775284],[9.457439,48.773426],[9.463348,48.770542],[9.471478,48.774187],[9.476883,48.76885],[9.480259,48.76681],[9.48475,48.765272],[9.488366,48.765579],[9.492563,48.767413],[9.494406,48.766367],[9.49395,48.762964],[9.496652,48.758717],[9.497128,48.756222],[9.502262,48.753106],[9.507939,48.75662],[9.504418,48.758499],[9.507111,48.760299],[9.509585,48.759049],[9.512522,48.761279],[9.516482,48.762394],[9.518993,48.760744],[9.527115,48.758085],[9.534296,48.757001],[9.533344,48.755986],[9.536138,48.754076],[9.540881,48.752039],[9.540852,48.747938],[9.543068,48.747383],[9.543789,48.742954],[9.547479,48.740304],[9.552602,48.741658],[9.552119,48.744994],[9.554993,48.747166],[9.558642,48.748129],[9.562083,48.748115],[9.567234,48.751866],[9.569949,48.750232],[9.577488,48.750039],[9.579391,48.748732],[9.581893,48.751298],[9.581565,48.755908],[9.583568,48.75665],[9.585158,48.75982],[9.583817,48.763751],[9.579625,48.765396],[9.577344,48.768859],[9.573304,48.770439],[9.571801,48.772582],[9.571418,48.775945],[9.5733,48.779363],[9.579361,48.77891],[9.579323,48.779921],[9.585007,48.780976],[9.587183,48.780865],[9.597025,48.776359],[9.604488,48.774713],[9.610849,48.770829],[9.616072,48.770254],[9.61642,48.771101],[9.622696,48.77261],[9.622933,48.774243],[9.626501,48.773598],[9.623831,48.775317],[9.621182,48.77593],[9.622141,48.77786],[9.619713,48.778314],[9.619916,48.782942],[9.619039,48.783487],[9.620531,48.787767],[9.623804,48.787706],[9.628554,48.789422],[9.628557,48.792891],[9.635039,48.794238],[9.635421,48.796168],[9.639049,48.79541],[9.64534,48.797775],[9.643699,48.798629],[9.644222,48.80209],[9.642174,48.803265],[9.642527,48.805394],[9.645343,48.805968],[9.646739,48.80765],[9.651363,48.809787],[9.644261,48.814993],[9.643437,48.818917],[9.649095,48.819787],[9.65496,48.817466],[9.657259,48.819976],[9.656673,48.824146],[9.658497,48.825248],[9.662043,48.823718],[9.663707,48.824327],[9.669179,48.823406],[9.673528,48.824582],[9.678799,48.823831],[9.680625,48.825115],[9.687665,48.823105],[9.690795,48.823177],[9.694515,48.822185],[9.694514,48.825353],[9.699851,48.825772],[9.702824,48.827854],[9.710515,48.828366],[9.711984,48.823224],[9.713823,48.819343],[9.71644,48.816591],[9.72067,48.814423],[9.724426,48.81611],[9.729371,48.817237],[9.736278,48.819798],[9.745139,48.821365],[9.752624,48.823659],[9.757181,48.828504],[9.761472,48.828347],[9.76605,48.832126],[9.769728,48.83395],[9.769242,48.836741],[9.766906,48.840386],[9.764748,48.845338],[9.757901,48.846733],[9.753093,48.849344],[9.756885,48.853035],[9.76503,48.854049],[9.762923,48.855839],[9.760535,48.855764],[9.753531,48.862828],[9.75078,48.863114],[9.750865,48.867533],[9.749391,48.869985],[9.74498,48.871977],[9.741722,48.874254],[9.74232,48.875708],[9.750829,48.877636],[9.752013,48.881249],[9.750968,48.884892],[9.748518,48.886971],[9.742584,48.889161],[9.737855,48.890036],[9.746559,48.892637],[9.747644,48.896716],[9.74533,48.899316],[9.741351,48.9021],[9.738413,48.902673],[9.734572,48.904723],[9.730718,48.905378],[9.724831,48.908241],[9.720832,48.907443],[9.716156,48.908186],[9.720874,48.913811],[9.71678,48.91502],[9.711259,48.912419],[9.709431,48.912314],[9.705472,48.909687],[9.700303,48.9135],[9.69978,48.916414],[9.697362,48.917186],[9.700467,48.92162],[9.699448,48.923125],[9.700485,48.927632],[9.699592,48.928509],[9.695595,48.927494],[9.691779,48.927827],[9.686583,48.92645],[9.683233,48.931593],[9.679452,48.933282],[9.679754,48.935753],[9.67588,48.939204],[9.673914,48.939614],[9.678216,48.944447],[9.680962,48.944037],[9.686911,48.944783],[9.688066,48.946613],[9.692507,48.946897],[9.695683,48.946202],[9.69769,48.950462],[9.696027,48.951328],[9.688467,48.952457],[9.687791,48.954233],[9.69172,48.959152],[9.690642,48.960755],[9.691556,48.962923]]]},"properties":{"rs":81190000000,"name":"Rems-Murr-Kreis"},"id":"relation/62412"},{"type":"Feature","geometry":{"type":"Polygon","coordinates":[[[8.691212,48.835064],[8.69083,48.837872],[8.693852,48.838158],[8.697856,48.837155],[8.698941,48.838303],[8.709367,48.839739],[8.706776,48.836989],[8.710151,48.835334],[8.711955,48.833348],[8.715451,48.831476],[8.719108,48.826027],[8.716925,48.82492],[8.723507,48.819923],[8.7283,48.822041],[8.732082,48.82312],[8.742382,48.822881],[8.744785,48.824121],[8.748199,48.827337],[8.749288,48.83035],[8.743663,48.832839],[8.741031,48.835439],[8.743548,48.839639],[8.739819,48.840883],[8.735259,48.839055],[8.735525,48.842443],[8.732227,48.844],[8.738892,48.845222],[8.740158,48.844029],[8.74498,48.843006],[8.747838,48.842997],[8.749379,48.840926],[8.747469,48.839191],[8.746205,48.83647],[8.751437,48.836376],[8.759129,48.833431],[8.764487,48.834222],[8.766169,48.83547],[8.768972,48.835242],[8.770063,48.840233],[8.768125,48.843866],[8.769916,48.84798],[8.772336,48.846799],[8.776593,48.850496],[8.775755,48.852528],[8.781361,48.854207],[8.78728,48.854237],[8.790005,48.855342],[8.802751,48.857751],[8.806872,48.858851],[8.808322,48.86276],[8.801457,48.864483],[8.794512,48.86742],[8.791162,48.872029],[8.792246,48.877199],[8.790559,48.881724],[8.791031,48.883884],[8.793143,48.886234],[8.792822,48.890142],[8.787875,48.88791],[8.786039,48.887901],[8.776523,48.886145],[8.774767,48.890346],[8.774801,48.89275],[8.769322,48.894555],[8.756938,48.899345],[8.762574,48.904304],[8.762014,48.905765],[8.763215,48.908234],[8.761834,48.912806],[8.763708,48.913515],[8.763115,48.916214],[8.755015,48.922999],[8.755051,48.924358],[8.749697,48.925565],[8.745425,48.92865],[8.735169,48.926911],[8.725055,48.929703],[8.724743,48.926456],[8.722112,48.925728],[8.719239,48.922793],[8.715902,48.921981],[8.713777,48.923273],[8.700513,48.924396],[8.693868,48.922339],[8.694195,48.92116],[8.68916,48.91913],[8.687071,48.916879],[8.683458,48.916174],[8.680328,48.914376],[8.679709,48.912607],[8.680948,48.909319],[8.675606,48.909575],[8.665002,48.90917],[8.657545,48.912992],[8.652895,48.918017],[8.649637,48.919985],[8.644587,48.917485],[8.640538,48.916688],[8.637561,48.91521],[8.631901,48.914132],[8.629043,48.912547],[8.627529,48.909718],[8.630213,48.907402],[8.627845,48.906452],[8.627555,48.90445],[8.631267,48.899244],[8.637428,48.899356],[8.64021,48.896607],[8.643067,48.892607],[8.644354,48.88759],[8.644128,48.884685],[8.648992,48.879832],[8.64747,48.876206],[8.648055,48.874013],[8.64686,48.870577],[8.646903,48.867853],[8.644615,48.865283],[8.639174,48.864344],[8.638117,48.861798],[8.640248,48.859407],[8.639208,48.857792],[8.628346,48.855044],[8.630454,48.848273],[8.634402,48.845218],[8.641063,48.842917],[8.644196,48.842621],[8.64977,48.84084],[8.652743,48.83844],[8.656025,48.838053],[8.658932,48.834671],[8.666495,48.836436],[8.667306,48.840384],[8.669701,48.841367],[8.673915,48.840458],[8.676927,48.837598],[8.680761,48.835104],[8.685084,48.834802],[8.691212,48.835064]]]},"properties":{"rs":82310000000,"name":"Pforzheim"},"id":"relation/62471"},{"type":"Feature","geometry":{"type":"Polygon","coordinates":[[[10.031555,48.455805],[10.022112,48.457166],[10.021301,48.464485],[10.015456,48.46495],[10.002283,48.463858],[9.987523,48.463077],[9.98043,48.462951],[9.980341,48.468515],[9.972971,48.467503],[9.97577,48.464489],[9.975408,48.459017],[9.971927,48.458607],[9.965183,48.458887],[9.96258,48.45769],[9.966075,48.45596],[9.965336,48.453217],[9.9675,48.450821],[9.959505,48.446978],[9.956937,48.446439],[9.952195,48.45219],[9.946038,48.451807],[9.942664,48.452746],[9.938305,48.451579],[9.938874,48.450268],[9.935667,48.448203],[9.932306,48.447735],[9.932146,48.445858],[9.925748,48.446369],[9.922922,48.441717],[9.915671,48.441867],[9.914109,48.440657],[9.914395,48.4376],[9.90925,48.437207],[9.906199,48.434176],[9.909137,48.431623],[9.906867,48.424819],[9.908489,48.422305],[9.916776,48.421186],[9.921972,48.426048],[9.928974,48.429546],[9.934493,48.431133],[9.936146,48.433074],[9.940403,48.431551],[9.940972,48.426459],[9.938995,48.425735],[9.934938,48.427365],[9.93121,48.426471],[9.927089,48.424522],[9.925499,48.421816],[9.933918,48.421479],[9.933399,48.418468],[9.935991,48.414868],[9.941861,48.411333],[9.942242,48.407019],[9.938207,48.406964],[9.931965,48.408839],[9.929301,48.410414],[9.924121,48.409445],[9.922294,48.410285],[9.91524,48.409487],[9.911314,48.408245],[9.908574,48.402224],[9.904336,48.402402],[9.901939,48.401637],[9.902196,48.39957],[9.900994,48.395688],[9.898002,48.395088],[9.890625,48.396902],[9.890675,48.395014],[9.883175,48.394854],[9.880477,48.39577],[9.875489,48.395689],[9.872965,48.393576],[9.873233,48.388777],[9.871806,48.385408],[9.872964,48.380818],[9.867999,48.380288],[9.868804,48.376237],[9.863986,48.376227],[9.862299,48.378287],[9.859621,48.37797],[9.858719,48.376216],[9.854919,48.375345],[9.854016,48.37295],[9.850144,48.374401],[9.847218,48.373937],[9.855729,48.370472],[9.848899,48.368987],[9.84426,48.367234],[9.846462,48.365869],[9.847522,48.362751],[9.844671,48.36224],[9.842492,48.359838],[9.846718,48.357592],[9.848384,48.354171],[9.850011,48.353414],[9.859425,48.35366],[9.864371,48.352032],[9.871876,48.350454],[9.874753,48.350956],[9.876298,48.353875],[9.878658,48.354365],[9.881062,48.353204],[9.88473,48.352737],[9.884085,48.348534],[9.889277,48.349181],[9.891986,48.347201],[9.889947,48.343379],[9.890591,48.341164],[9.900504,48.343097],[9.901965,48.345161],[9.900406,48.3477],[9.904072,48.349298],[9.911771,48.350794],[9.916099,48.350414],[9.914672,48.347235],[9.91662,48.345737],[9.926803,48.341153],[9.929139,48.338638],[9.928733,48.335005],[9.930442,48.331853],[9.927804,48.327708],[9.923913,48.325166],[9.915917,48.323656],[9.911447,48.323504],[9.909936,48.321514],[9.906762,48.319415],[9.90945,48.318542],[9.921009,48.312237],[9.926757,48.312686],[9.929279,48.311873],[9.934893,48.312626],[9.940319,48.31426],[9.938689,48.310995],[9.947989,48.311866],[9.952414,48.313979],[9.955916,48.311912],[9.956954,48.31026],[9.959305,48.310686],[9.960869,48.306663],[9.965312,48.307644],[9.963434,48.310781],[9.963867,48.312262],[9.959762,48.314197],[9.958937,48.315999],[9.963835,48.316036],[9.964795,48.319101],[9.967933,48.321422],[9.971211,48.319984],[9.975224,48.321579],[9.976049,48.32382],[9.979619,48.325083],[9.982846,48.324192],[9.984521,48.325905],[9.991309,48.328067],[9.987503,48.334501],[9.978942,48.335537],[9.975071,48.332776],[9.973743,48.334708],[9.974613,48.33929],[9.977617,48.339239],[9.98622,48.342489],[9.983804,48.345457],[9.983161,48.348154],[9.98877,48.350616],[9.994938,48.351383],[9.998088,48.34941],[9.997228,48.352296],[9.994633,48.35484],[9.995098,48.356809],[9.997204,48.359505],[10.000282,48.361361],[9.99974,48.363972],[9.993261,48.363412],[9.992326,48.369077],[9.988257,48.370518],[9.983135,48.368372],[9.984014,48.363339],[9.982099,48.362298],[9.976167,48.363422],[9.97078,48.368154],[9.967429,48.37421],[9.971039,48.376995],[9.970274,48.379972],[9.973284,48.381046],[9.976878,48.383269],[9.983363,48.386098],[9.984731,48.387185],[9.987636,48.391961],[9.990352,48.394167],[9.998317,48.396438],[10.008318,48.40047],[10.013559,48.403383],[10.015811,48.405376],[10.016933,48.407832],[10.016472,48.415081],[10.017327,48.417834],[10.031201,48.426154],[10.035786,48.428247],[10.04172,48.429897],[10.041196,48.432363],[10.038192,48.433899],[10.034888,48.433547],[10.032784,48.435721],[10.027901,48.43688],[10.02838,48.439686],[10.03173,48.443743],[10.038253,48.444335],[10.03728,48.446727],[10.035604,48.447581],[10.036228,48.45081],[10.034788,48.45213],[10.030245,48.453992],[10.031555,48.455805]]]},"properties":{"rs":84210000000,"name":"Ulm"},"id":"relation/62495"},{"type":"Feature","geometry":{"type":"Polygon","coordinates":[[[8.340685,49.080491],[8.329656,49.072589],[8.320956,49.065169],[8.317859,49.061957],[8.311236,49.053389],[8.306082,49.04431],[8.302489,49.034285],[8.30064,49.023691],[8.29878,49.017209],[8.29636,49.011545],[8.293193,49.005909],[8.287659,48.99838],[8.283988,48.994741],[8.277314,48.989855],[8.279047,48.987768],[8.28109,48.983062],[8.293697,48.985846],[8.297598,48.988329],[8.299214,48.990992],[8.311254,48.984053],[8.322592,48.98405],[8.320989,48.988447],[8.326533,48.989893],[8.329785,48.991951],[8.330588,48.989251],[8.336228,48.986792],[8.342975,48.982447],[8.350819,48.980192],[8.355923,48.979303],[8.363079,48.977031],[8.364829,48.975443],[8.372635,48.97138],[8.376937,48.975768],[8.380707,48.97423],[8.384817,48.971445],[8.383445,48.967214],[8.390272,48.962442],[8.389489,48.957606],[8.409392,48.960935],[8.41586,48.96295],[8.426035,48.966795],[8.437905,48.971609],[8.442113,48.969959],[8.450825,48.964322],[8.451786,48.963102],[8.447083,48.960517],[8.443883,48.953517],[8.444732,48.95032],[8.440664,48.949102],[8.439299,48.946208],[8.443222,48.945892],[8.447279,48.944583],[8.453704,48.945936],[8.455024,48.944848],[8.460753,48.944681],[8.459959,48.942132],[8.46096,48.940881],[8.466332,48.940518],[8.475501,48.94056],[8.482664,48.941457],[8.48907,48.941795],[8.492495,48.941527],[8.503597,48.942694],[8.509011,48.942357],[8.513039,48.943775],[8.515206,48.947405],[8.525464,48.952347],[8.531912,48.953227],[8.536731,48.952408],[8.541576,48.960165],[8.534663,48.961241],[8.528792,48.961493],[8.525774,48.962186],[8.527886,48.965938],[8.513397,48.968434],[8.509312,48.967947],[8.508265,48.973757],[8.505701,48.975508],[8.507367,48.977202],[8.508074,48.980461],[8.510447,48.98242],[8.505231,48.983371],[8.503072,48.986403],[8.502545,48.989241],[8.500195,48.993658],[8.502745,48.99495],[8.502505,48.996302],[8.508733,48.998421],[8.511062,48.998564],[8.512991,49.000914],[8.512689,49.00355],[8.513836,49.005928],[8.51386,49.010273],[8.514549,49.011385],[8.518772,49.012457],[8.521013,49.014333],[8.522029,49.01921],[8.522334,49.025027],[8.51938,49.027946],[8.519864,49.031076],[8.516495,49.031936],[8.509239,49.036708],[8.506618,49.04206],[8.500152,49.044714],[8.497743,49.046938],[8.494326,49.048544],[8.491154,49.051314],[8.4896,49.054182],[8.486428,49.058077],[8.482377,49.061267],[8.477567,49.059836],[8.479909,49.058779],[8.481125,49.054293],[8.478233,49.04941],[8.477117,49.043677],[8.475457,49.041771],[8.470925,49.039565],[8.469656,49.040827],[8.470032,49.043338],[8.466385,49.04314],[8.466181,49.045345],[8.460549,49.043968],[8.449456,49.05017],[8.445393,49.054091],[8.441476,49.056544],[8.438006,49.06032],[8.436062,49.063328],[8.428059,49.070661],[8.436557,49.091264],[8.431146,49.09022],[8.423469,49.090636],[8.418276,49.082977],[8.411436,49.081362],[8.410674,49.072844],[8.416451,49.070964],[8.40991,49.063082],[8.40537,49.065177],[8.394802,49.068757],[8.374295,49.069338],[8.373032,49.068018],[8.369585,49.069632],[8.365062,49.070299],[8.361792,49.069899],[8.357948,49.071108],[8.356336,49.066797],[8.354698,49.065589],[8.349534,49.064486],[8.343926,49.06642],[8.347474,49.069735],[8.346495,49.072051],[8.343045,49.075453],[8.340685,49.080491]]]},"properties":{"rs":82120000000,"name":"Karlsruhe"},"id":"relation/62518"},{"type":"Feature","geometry":{"type":"MultiPolygon","coordinates":[[[[9.39956,49.038357],[9.397553,49.037445],[9.386149,49.037659],[9.380698,49.037062],[9.378297,49.037822],[9.377162,49.040598],[9.372738,49.041408],[9.365687,49.040528],[9.35818,49.037618],[9.355098,49.036975],[9.354026,49.04005],[9.350054,49.041733],[9.342889,49.041949],[9.336986,49.040893],[9.334385,49.03904],[9.335388,49.037386],[9.333664,49.035586],[9.328784,49.037692],[9.322303,49.036797],[9.317845,49.034882],[9.313722,49.03418],[9.306897,49.034401],[9.299723,49.032292],[9.29677,49.033267],[9.291506,49.033008],[9.287786,49.0348],[9.286876,49.038529],[9.28856,49.042625],[9.28245,49.04389],[9.283058,49.041247],[9.279637,49.040257],[9.276853,49.035936],[9.270371,49.03778],[9.267135,49.035219],[9.269263,49.029939],[9.263255,49.030095],[9.258772,49.028685],[9.258522,49.027307],[9.255,49.026846],[9.24748,49.022463],[9.236991,49.020411],[9.231776,49.025474],[9.230335,49.028296],[9.228162,49.028685],[9.22398,49.031301],[9.22128,49.033806],[9.220007,49.03112],[9.214343,49.028676],[9.21081,49.028945],[9.204254,49.030515],[9.193639,49.030001],[9.189527,49.031258],[9.185926,49.030465],[9.179545,49.033588],[9.175622,49.038689],[9.173776,49.03892],[9.169885,49.0431],[9.171557,49.045074],[9.174408,49.051362],[9.167051,49.054321],[9.161,49.055067],[9.161093,49.055991],[9.155565,49.056308],[9.148833,49.054003],[9.144937,49.053498],[9.139959,49.053967],[9.136686,49.054968],[9.132653,49.057577],[9.127548,49.062815],[9.117578,49.064775],[9.116202,49.063425],[9.113276,49.063114],[9.108448,49.063686],[9.102055,49.063107],[9.100196,49.060274],[9.101538,49.057249],[9.106241,49.052157],[9.105091,49.051494],[9.088712,49.049725],[9.081075,49.04981],[9.081436,49.048138],[9.075813,49.047884],[9.064037,49.045425],[9.064111,49.043763],[9.061831,49.042544],[9.060759,49.040611],[9.061451,49.038068],[9.056438,49.038435],[9.060385,49.034295],[9.061311,49.032519],[9.060735,49.029708],[9.062214,49.027399],[9.055856,49.025628],[9.049789,49.025475],[9.043332,49.024374],[9.036433,49.025513],[9.034168,49.023746],[9.027044,49.024036],[9.03088,49.02765],[9.028509,49.027706],[9.023568,49.029095],[9.01669,49.028309],[9.018008,49.025347],[9.020059,49.024439],[9.015008,49.022456],[9.013584,49.020972],[9.006197,49.022154],[9.004357,49.023499],[8.99745,49.024653],[8.996331,49.025694],[8.987308,49.028314],[8.986901,49.031812],[8.98747,49.035042],[8.989318,49.037626],[8.986637,49.0381],[8.986084,49.039734],[8.982166,49.039825],[8.974652,49.041495],[8.970215,49.041609],[8.963339,49.041005],[8.965094,49.034646],[8.955236,49.037927],[8.951971,49.038272],[8.941444,49.037691],[8.937593,49.039668],[8.931208,49.040456],[8.928129,49.036796],[8.925973,49.038548],[8.919081,49.039821],[8.911528,49.039727],[8.908057,49.041185],[8.905316,49.040916],[8.899399,49.042521],[8.896591,49.043795],[8.88601,49.044784],[8.885117,49.039837],[8.880037,49.03918],[8.876112,49.03705],[8.875695,49.03565],[8.877398,49.032451],[8.881754,49.030194],[8.88778,49.029915],[8.895179,49.024846],[8.903542,49.022276],[8.904594,49.019679],[8.908308,49.016225],[8.916486,49.009815],[8.91915,49.008329],[8.916163,49.005001],[8.922018,49.002104],[8.92401,48.999374],[8.929476,48.996681],[8.933024,48.993224],[8.930388,48.989838],[8.923,48.990271],[8.921074,48.987095],[8.92384,48.98545],[8.923714,48.983714],[8.92024,48.98234],[8.92508,48.976723],[8.928007,48.975513],[8.930738,48.971327],[8.939253,48.968243],[8.941884,48.963882],[8.941512,48.961704],[8.945338,48.961738],[8.946422,48.958857],[8.946316,48.955072],[8.949218,48.953116],[8.945471,48.951849],[8.946707,48.944649],[8.945528,48.941956],[8.941797,48.938296],[8.938094,48.939258],[8.933366,48.939413],[8.930781,48.938079],[8.930114,48.936375],[8.923079,48.940098],[8.917783,48.939979],[8.91727,48.941697],[8.907203,48.941757],[8.904649,48.942273],[8.90275,48.938821],[8.902129,48.935164],[8.904087,48.929121],[8.905808,48.926315],[8.902938,48.925602],[8.900983,48.923719],[8.907104,48.922148],[8.907814,48.920686],[8.911958,48.922167],[8.915098,48.922389],[8.921043,48.920931],[8.92392,48.920897],[8.926286,48.919686],[8.924401,48.915868],[8.922631,48.914137],[8.918528,48.914241],[8.915381,48.912298],[8.909102,48.911991],[8.906675,48.909605],[8.909206,48.906262],[8.911953,48.906335],[8.913306,48.903807],[8.915122,48.902853],[8.915007,48.901047],[8.916912,48.899351],[8.912573,48.89744],[8.912708,48.895053],[8.914785,48.893842],[8.917562,48.888955],[8.916894,48.886786],[8.917617,48.883569],[8.920162,48.879474],[8.921031,48.876727],[8.923714,48.87486],[8.924346,48.871768],[8.928664,48.870626],[8.926733,48.86802],[8.928684,48.866483],[8.934199,48.867647],[8.942466,48.863626],[8.942572,48.86215],[8.945754,48.861407],[8.951773,48.857047],[8.957327,48.855707],[8.958873,48.851687],[8.962289,48.847635],[8.958819,48.842563],[8.956962,48.841061],[8.96036,48.838655],[8.96384,48.834659],[8.965534,48.830085],[8.96727,48.829314],[8.969779,48.832859],[8.975328,48.830854],[8.980121,48.830177],[8.984097,48.831011],[8.988242,48.833347],[8.992087,48.833554],[8.994696,48.832894],[9.00002,48.82777],[9.003889,48.828204],[9.004866,48.826946],[9.013682,48.828686],[9.021303,48.829383],[9.024984,48.828012],[9.030801,48.827819],[9.031023,48.82643],[9.036619,48.825734],[9.038323,48.82362],[9.037164,48.821571],[9.042912,48.821197],[9.043402,48.818302],[9.045347,48.814096],[9.040398,48.813477],[9.042561,48.809278],[9.037156,48.808209],[9.038855,48.803009],[9.03631,48.802753],[9.032667,48.800801],[9.03128,48.798276],[9.0335,48.795934],[9.038704,48.793955],[9.041682,48.791707],[9.04351,48.787261],[9.04207,48.783518],[9.044335,48.780259],[9.04575,48.776932],[9.048731,48.772632],[9.050386,48.771246],[9.050096,48.767759],[9.051914,48.76569],[9.051184,48.764169],[9.055037,48.76321],[9.064497,48.759251],[9.067676,48.756663],[9.070077,48.755586],[9.076868,48.755288],[9.076155,48.759349],[9.077627,48.764085],[9.075742,48.767327],[9.080576,48.767659],[9.085298,48.771861],[9.085715,48.773627],[9.083673,48.77556],[9.08682,48.77856],[9.085742,48.780796],[9.088066,48.782013],[9.075719,48.786872],[9.075248,48.789508],[9.077142,48.791688],[9.078092,48.794404],[9.080057,48.794805],[9.082075,48.79692],[9.084079,48.796783],[9.085637,48.806176],[9.087367,48.809768],[9.084135,48.809429],[9.080404,48.813091],[9.078344,48.812957],[9.07664,48.814571],[9.079636,48.815416],[9.079912,48.81838],[9.083399,48.81905],[9.084258,48.82412],[9.086717,48.826047],[9.086358,48.830631],[9.087985,48.832614],[9.093558,48.835523],[9.097248,48.832907],[9.099457,48.829187],[9.102732,48.828032],[9.108307,48.829342],[9.108747,48.824819],[9.112354,48.825207],[9.113978,48.823496],[9.122843,48.82475],[9.132163,48.827337],[9.138163,48.828042],[9.138816,48.831873],[9.138051,48.835333],[9.140098,48.838238],[9.136391,48.840382],[9.133644,48.843917],[9.140515,48.843727],[9.14316,48.844813],[9.139462,48.849899],[9.139003,48.85184],[9.133877,48.853025],[9.133776,48.857626],[9.140911,48.856251],[9.141006,48.861908],[9.146685,48.859942],[9.153628,48.860721],[9.15494,48.857001],[9.158381,48.856954],[9.161327,48.855994],[9.159392,48.854041],[9.163866,48.851396],[9.166665,48.850928],[9.16984,48.852216],[9.171397,48.848979],[9.17622,48.847518],[9.176757,48.849579],[9.179867,48.848711],[9.183313,48.849682],[9.186832,48.849318],[9.190002,48.847665],[9.1939,48.851179],[9.200057,48.851114],[9.204944,48.851762],[9.207671,48.852754],[9.205077,48.854447],[9.207584,48.855838],[9.20614,48.857369],[9.205917,48.86127],[9.212198,48.862635],[9.215874,48.865034],[9.219042,48.866287],[9.226674,48.864348],[9.230382,48.863804],[9.228479,48.858197],[9.230509,48.85698],[9.229883,48.854873],[9.233604,48.854016],[9.23275,48.850122],[9.238317,48.846367],[9.240878,48.847221],[9.243948,48.846737],[9.246104,48.848933],[9.249682,48.85422],[9.253037,48.857393],[9.254719,48.860874],[9.257695,48.860767],[9.259768,48.862753],[9.265194,48.860094],[9.270916,48.85953],[9.275875,48.860301],[9.283282,48.862861],[9.288759,48.863972],[9.290889,48.862026],[9.293611,48.862386],[9.295292,48.863867],[9.296945,48.86796],[9.299783,48.871166],[9.30589,48.874714],[9.305291,48.875888],[9.30154,48.875504],[9.297968,48.88419],[9.30045,48.885434],[9.299017,48.889178],[9.302548,48.88977],[9.305064,48.893712],[9.302919,48.894769],[9.305147,48.896687],[9.311833,48.897433],[9.313038,48.900494],[9.316192,48.90018],[9.315241,48.903732],[9.318272,48.904817],[9.327677,48.905468],[9.327846,48.906884],[9.333735,48.907657],[9.336283,48.909116],[9.337627,48.905521],[9.344926,48.905695],[9.349302,48.906906],[9.351175,48.905098],[9.355176,48.906175],[9.359385,48.90462],[9.363507,48.907072],[9.366518,48.906806],[9.369423,48.909268],[9.374797,48.909545],[9.374637,48.913957],[9.37027,48.914192],[9.364313,48.910332],[9.362343,48.91079],[9.362963,48.913506],[9.359745,48.915737],[9.361742,48.918299],[9.361012,48.921555],[9.362671,48.924109],[9.361236,48.925094],[9.35478,48.926422],[9.355148,48.928602],[9.35304,48.92938],[9.351613,48.933369],[9.349049,48.934299],[9.343981,48.930433],[9.340705,48.930224],[9.338746,48.92816],[9.333108,48.930503],[9.331904,48.932741],[9.328192,48.932398],[9.320543,48.933678],[9.319229,48.931895],[9.315035,48.934911],[9.316721,48.937127],[9.314956,48.940331],[9.315234,48.943346],[9.309856,48.945548],[9.307435,48.94742],[9.303347,48.948003],[9.304172,48.950517],[9.307921,48.952206],[9.312426,48.951293],[9.319443,48.951781],[9.323418,48.951085],[9.330677,48.951081],[9.338209,48.955833],[9.339832,48.959868],[9.346794,48.965276],[9.355424,48.965981],[9.361589,48.966838],[9.367856,48.966817],[9.371152,48.970576],[9.371722,48.972571],[9.369902,48.975598],[9.367794,48.97725],[9.365336,48.981412],[9.358658,48.984718],[9.354513,48.988229],[9.352079,48.988522],[9.350979,48.991032],[9.347097,48.990789],[9.348146,48.994186],[9.33866,48.995228],[9.333622,48.994554],[9.325544,48.997287],[9.326026,49.000085],[9.33219,49.000356],[9.337533,49.002002],[9.34058,49.000848],[9.344007,49.000939],[9.34565,49.003135],[9.344034,49.00486],[9.34889,49.00734],[9.349432,49.009939],[9.352978,49.010034],[9.360998,49.015568],[9.365767,49.014711],[9.372833,49.018542],[9.382236,49.01936],[9.384446,49.018686],[9.383757,49.023634],[9.380381,49.026864],[9.385026,49.028174],[9.38795,49.030017],[9.387893,49.031759],[9.397551,49.03311],[9.399791,49.034038],[9.39956,49.038357]]],[[[9.416869,49.048023],[9.414282,49.048732],[9.41254,49.051755],[9.415105,49.058137],[9.413956,49.060856],[9.410789,49.063384],[9.408183,49.061698],[9.402242,49.061288],[9.392633,49.058301],[9.386973,49.05961],[9.387959,49.05635],[9.383636,49.054163],[9.383194,49.051958],[9.388338,49.05172],[9.384729,49.049344],[9.38237,49.049381],[9.383241,49.046704],[9.391231,49.048299],[9.393404,49.047387],[9.398059,49.048645],[9.401334,49.048775],[9.399586,49.043995],[9.402292,49.043812],[9.412429,49.044482],[9.416869,49.048023]]]]},"properties":{"rs":81180000000,"name":"Landkreis Ludwigsburg"},"id":"relation/62536"},{"type":"Feature","geometry":{"type":"Polygon","coordinates":[[[9.855695,49.368157],[9.858334,49.369013],[9.865233,49.370053],[9.868449,49.373402],[9.874587,49.37362],[9.8779,49.374335],[9.878383,49.371742],[9.885383,49.368493],[9.887063,49.369562],[9.890903,49.370098],[9.892331,49.374735],[9.894354,49.374517],[9.895948,49.371942],[9.894741,49.369356],[9.903354,49.368446],[9.903499,49.367454],[9.911343,49.368247],[9.912798,49.369073],[9.909781,49.372558],[9.916708,49.373242],[9.923849,49.37319],[9.924725,49.371147],[9.929177,49.368989],[9.927249,49.365377],[9.928031,49.362355],[9.932579,49.360297],[9.933796,49.358152],[9.931137,49.357508],[9.933786,49.353564],[9.938244,49.355319],[9.940348,49.357948],[9.944037,49.359967],[9.94684,49.358774],[9.95495,49.360914],[9.960262,49.360169],[9.961219,49.362318],[9.965963,49.364518],[9.965541,49.36556],[9.969119,49.368907],[9.97212,49.374332],[9.973591,49.375716],[9.977732,49.377621],[9.980392,49.374312],[9.983342,49.373688],[9.988312,49.374272],[9.988808,49.372863],[9.994436,49.372041],[10.000166,49.372397],[10.000159,49.370857],[10.010598,49.370619],[10.018379,49.371037],[10.021021,49.369602],[10.02349,49.36984],[10.026517,49.368588],[10.037158,49.369452],[10.041667,49.36912],[10.039082,49.374048],[10.036733,49.376174],[10.034464,49.379663],[10.031679,49.381347],[10.035056,49.382411],[10.031862,49.384494],[10.037133,49.38437],[10.044242,49.384824],[10.044217,49.386123],[10.050934,49.389088],[10.054645,49.389691],[10.057096,49.388575],[10.066765,49.389608],[10.067587,49.392602],[10.079193,49.394321],[10.093327,49.3946],[10.105447,49.396062],[10.109128,49.395619],[10.113845,49.393705],[10.109363,49.391407],[10.107866,49.389675],[10.111855,49.38505],[10.118729,49.386383],[10.121702,49.387898],[10.126461,49.387902],[10.139957,49.385842],[10.144565,49.383554],[10.146063,49.385686],[10.146325,49.388306],[10.150548,49.388145],[10.156252,49.388665],[10.156764,49.390774],[10.161005,49.39038],[10.160693,49.394223],[10.161661,49.395562],[10.155399,49.396487],[10.154254,49.398683],[10.15123,49.399086],[10.147915,49.40055],[10.145718,49.402916],[10.1522,49.401245],[10.152413,49.404222],[10.149787,49.406677],[10.149894,49.409227],[10.147833,49.411158],[10.149299,49.412987],[10.146973,49.414128],[10.146381,49.417686],[10.144765,49.419858],[10.139741,49.423723],[10.137354,49.424663],[10.138318,49.428184],[10.133678,49.43212],[10.134874,49.433335],[10.133781,49.437141],[10.12872,49.438398],[10.121521,49.441338],[10.118892,49.443927],[10.112557,49.443287],[10.110171,49.442246],[10.105833,49.443287],[10.105838,49.444402],[10.097857,49.447345],[10.094879,49.448066],[10.097122,49.451311],[10.097142,49.456064],[10.10542,49.458083],[10.10896,49.46199],[10.11436,49.462548],[10.115912,49.461202],[10.12217,49.46379],[10.121086,49.465593],[10.117911,49.467602],[10.118258,49.472352],[10.115315,49.474128],[10.116295,49.478758],[10.111367,49.477906],[10.108028,49.482843],[10.101193,49.48565],[10.102191,49.489289],[10.100328,49.490945],[10.100981,49.494016],[10.104198,49.495596],[10.105049,49.497521],[10.110002,49.502025],[10.114442,49.502558],[10.118586,49.504308],[10.117502,49.507149],[10.120672,49.507249],[10.121251,49.511018],[10.116363,49.510426],[10.115507,49.512264],[10.108405,49.511349],[10.105682,49.515081],[10.100286,49.513684],[10.099394,49.514826],[10.090178,49.512897],[10.085994,49.512342],[10.082504,49.511173],[10.079725,49.513065],[10.083369,49.514534],[10.080189,49.518036],[10.081994,49.520073],[10.079009,49.523922],[10.080334,49.524416],[10.078839,49.527298],[10.080957,49.527945],[10.088001,49.528421],[10.089486,49.530457],[10.088587,49.533654],[10.091905,49.534415],[10.089119,49.538076],[10.087446,49.54226],[10.083869,49.542201],[10.083759,49.543583],[10.078682,49.543493],[10.075871,49.544434],[10.072442,49.544486],[10.066707,49.545529],[10.061672,49.545149],[10.061756,49.541701],[10.057096,49.540641],[10.061276,49.53747],[10.049676,49.53333],[10.045106,49.530663],[10.039776,49.528906],[10.041327,49.526198],[10.050637,49.520825],[10.054882,49.521181],[10.057171,49.519334],[10.057315,49.516869],[10.056093,49.514907],[10.051484,49.514412],[10.052641,49.509835],[10.050378,49.508077],[10.044803,49.505917],[10.03962,49.506066],[10.037424,49.504575],[10.032659,49.503533],[10.028163,49.503999],[10.027502,49.498446],[10.021569,49.488162],[10.016079,49.483852],[10.011042,49.482986],[10.003413,49.484307],[10.000797,49.486056],[9.997267,49.486356],[9.989248,49.485857],[9.982651,49.484111],[9.978464,49.483991],[9.974996,49.480971],[9.973435,49.481996],[9.975743,49.485256],[9.97353,49.485768],[9.965487,49.48414],[9.958945,49.484031],[9.954827,49.480684],[9.951167,49.4806],[9.948581,49.481663],[9.944907,49.481584],[9.933403,49.483757],[9.926699,49.484645],[9.913927,49.493188],[9.914424,49.495563],[9.916796,49.496932],[9.919413,49.502094],[9.921768,49.503667],[9.925132,49.50866],[9.922946,49.510226],[9.920248,49.514829],[9.917109,49.517643],[9.917613,49.521643],[9.921244,49.52376],[9.923703,49.524075],[9.92447,49.528259],[9.925787,49.530142],[9.924734,49.531967],[9.92709,49.536009],[9.923415,49.539899],[9.921329,49.541115],[9.920786,49.545347],[9.922188,49.546181],[9.920827,49.550244],[9.924276,49.5489],[9.927519,49.549534],[9.925808,49.553593],[9.922213,49.55436],[9.924811,49.557167],[9.924501,49.561379],[9.920908,49.563408],[9.915885,49.561605],[9.911041,49.56148],[9.906539,49.562441],[9.898875,49.560866],[9.897958,49.564243],[9.899426,49.567677],[9.90121,49.569137],[9.901161,49.572558],[9.903851,49.572985],[9.904987,49.577413],[9.906222,49.578962],[9.914047,49.583025],[9.910909,49.583567],[9.91223,49.585722],[9.908532,49.586319],[9.907473,49.584913],[9.90122,49.585842],[9.897785,49.587137],[9.89686,49.585371],[9.893162,49.583324],[9.887018,49.582436],[9.885952,49.580341],[9.880664,49.579727],[9.875138,49.578539],[9.873744,49.573397],[9.874242,49.571707],[9.869354,49.571116],[9.870007,49.568855],[9.864569,49.567777],[9.866969,49.559185],[9.866646,49.557497],[9.864362,49.555252],[9.86451,49.553741],[9.860482,49.553487],[9.861059,49.551132],[9.859491,49.548538],[9.859325,49.54592],[9.851724,49.545156],[9.843402,49.547483],[9.84061,49.55057],[9.827736,49.551613],[9.825774,49.553573],[9.818727,49.555342],[9.818133,49.55879],[9.811776,49.555696],[9.810084,49.557256],[9.816748,49.559611],[9.819592,49.56114],[9.827423,49.564299],[9.833085,49.567311],[9.838442,49.569496],[9.8372,49.570947],[9.8417,49.572812],[9.840638,49.574457],[9.846002,49.576153],[9.848785,49.57767],[9.846677,49.579794],[9.84761,49.581067],[9.846984,49.585069],[9.843058,49.588576],[9.841036,49.591706],[9.842376,49.593033],[9.841467,49.594765],[9.844042,49.595552],[9.84575,49.59792],[9.848799,49.597511],[9.854569,49.600093],[9.859539,49.602992],[9.859273,49.605469],[9.857362,49.608032],[9.862882,49.607466],[9.865524,49.608409],[9.870436,49.608849],[9.872817,49.609942],[9.872012,49.611517],[9.86915,49.6125],[9.867629,49.616037],[9.867709,49.621282],[9.86442,49.621765],[9.865598,49.624119],[9.863755,49.627849],[9.860978,49.631431],[9.857675,49.632383],[9.858775,49.633942],[9.85491,49.641498],[9.850041,49.644011],[9.845369,49.643683],[9.841885,49.644271],[9.837663,49.646069],[9.83609,49.647454],[9.83065,49.650344],[9.829636,49.654212],[9.832588,49.654462],[9.833859,49.656254],[9.828334,49.661285],[9.823903,49.663226],[9.821758,49.666149],[9.825642,49.667536],[9.823256,49.67204],[9.825265,49.672233],[9.825616,49.675484],[9.827473,49.67543],[9.828985,49.677805],[9.831152,49.678957],[9.830713,49.680817],[9.84116,49.681749],[9.840662,49.683588],[9.836983,49.682994],[9.836704,49.685373],[9.829531,49.688425],[9.835417,49.692208],[9.831895,49.70272],[9.828837,49.70356],[9.826882,49.705838],[9.823433,49.704677],[9.822665,49.707438],[9.820701,49.710454],[9.815813,49.712133],[9.809107,49.713757],[9.806581,49.715323],[9.805374,49.717448],[9.802649,49.719062],[9.796305,49.721134],[9.795779,49.7251],[9.796398,49.72745],[9.800243,49.729596],[9.799907,49.730973],[9.793853,49.731367],[9.791622,49.731007],[9.789952,49.728747],[9.789373,49.724739],[9.786946,49.721711],[9.779394,49.722456],[9.768468,49.718915],[9.760372,49.714281],[9.758339,49.712176],[9.752867,49.710114],[9.75192,49.708161],[9.750523,49.702178],[9.751522,49.699144],[9.749708,49.694969],[9.745387,49.69357],[9.745426,49.691846],[9.742069,49.691705],[9.738766,49.69006],[9.739417,49.688204],[9.736093,49.687752],[9.729563,49.688757],[9.727487,49.690966],[9.729165,49.697099],[9.728084,49.698845],[9.724341,49.701292],[9.719361,49.701961],[9.719712,49.703255],[9.716031,49.708049],[9.713577,49.713037],[9.714562,49.716617],[9.714159,49.720877],[9.712008,49.722677],[9.711846,49.726247],[9.71049,49.72705],[9.707359,49.725213],[9.704695,49.725191],[9.701247,49.720294],[9.700194,49.717385],[9.69623,49.719315],[9.691399,49.71801],[9.682579,49.717614],[9.677039,49.716325],[9.677873,49.71411],[9.677498,49.708353],[9.675888,49.701084],[9.674135,49.696729],[9.676125,49.693385],[9.662682,49.689202],[9.654638,49.688433],[9.653265,49.6871],[9.64909,49.688999],[9.648946,49.691626],[9.6451,49.690979],[9.643039,49.693335],[9.637467,49.692883],[9.632275,49.69319],[9.632884,49.695997],[9.630527,49.701709],[9.626538,49.70245],[9.62579,49.704979],[9.629817,49.710822],[9.631225,49.714618],[9.631007,49.716676],[9.634496,49.71872],[9.637037,49.718771],[9.64095,49.72037],[9.63855,49.722378],[9.642033,49.72345],[9.63531,49.728038],[9.631883,49.727863],[9.625512,49.731632],[9.630023,49.732179],[9.636378,49.731502],[9.637889,49.733478],[9.637874,49.738024],[9.643756,49.736735],[9.646945,49.739156],[9.639356,49.740169],[9.639256,49.742594],[9.644524,49.74386],[9.645494,49.746879],[9.64287,49.74991],[9.63888,49.751934],[9.637579,49.754927],[9.64006,49.757083],[9.644065,49.759143],[9.647002,49.762679],[9.65073,49.76582],[9.647941,49.76892],[9.64489,49.77511],[9.644909,49.777204],[9.65199,49.78061],[9.650955,49.781734],[9.649966,49.785752],[9.650858,49.787189],[9.648768,49.791294],[9.635707,49.787802],[9.630312,49.785826],[9.619498,49.783176],[9.608399,49.783174],[9.591441,49.780098],[9.588755,49.780617],[9.581347,49.77828],[9.576793,49.778839],[9.577824,49.780251],[9.576471,49.783009],[9.572957,49.78356],[9.566597,49.782631],[9.55957,49.779517],[9.557638,49.777585],[9.556686,49.773923],[9.557637,49.765869],[9.560184,49.760583],[9.567012,49.753572],[9.56891,49.750682],[9.568626,49.748256],[9.566294,49.745046],[9.564082,49.744251],[9.55856,49.744777],[9.555129,49.74663],[9.55353,49.749414],[9.552918,49.756167],[9.551605,49.760552],[9.550111,49.762972],[9.54597,49.766239],[9.542163,49.767583],[9.538392,49.767788],[9.534776,49.766783],[9.527381,49.761938],[9.523242,49.760827],[9.516371,49.762283],[9.512224,49.765701],[9.509527,49.769431],[9.509332,49.77146],[9.512531,49.779487],[9.512244,49.782586],[9.510481,49.784264],[9.504329,49.787879],[9.500901,49.788803],[9.484773,49.788191],[9.478974,49.786903],[9.472032,49.780991],[9.470395,49.775933],[9.467576,49.773044],[9.459538,49.769657],[9.45458,49.769762],[9.445693,49.773035],[9.443016,49.775495],[9.438279,49.783855],[9.43644,49.786226],[9.43232,49.788492],[9.42488,49.789577],[9.421097,49.789069],[9.41715,49.78673],[9.412069,49.782975],[9.405319,49.777327],[9.401251,49.775099],[9.396722,49.77389],[9.391869,49.77049],[9.389106,49.770171],[9.382278,49.773145],[9.377467,49.77742],[9.372853,49.778985],[9.368155,49.778818],[9.361832,49.773483],[9.352599,49.769449],[9.346885,49.768599],[9.34088,49.768434],[9.3332,49.769231],[9.32482,49.769444],[9.31925,49.768947],[9.315391,49.767912],[9.313278,49.765211],[9.3134,49.760281],[9.315077,49.757388],[9.319077,49.753883],[9.322821,49.749442],[9.323734,49.746478],[9.322903,49.743588],[9.3189,49.740822],[9.314597,49.740145],[9.301063,49.740659],[9.295688,49.74046],[9.296064,49.738651],[9.312248,49.734696],[9.316529,49.735263],[9.320034,49.732093],[9.322943,49.731066],[9.331017,49.732174],[9.33334,49.733611],[9.341533,49.734167],[9.346696,49.732703],[9.359022,49.730721],[9.363583,49.731547],[9.373785,49.728029],[9.373731,49.727384],[9.366835,49.726158],[9.36358,49.723771],[9.349702,49.721628],[9.345315,49.718703],[9.34419,49.717141],[9.347302,49.716313],[9.352551,49.716676],[9.352028,49.711849],[9.353249,49.711781],[9.353278,49.707318],[9.355912,49.706113],[9.357625,49.70416],[9.368211,49.70347],[9.377156,49.704169],[9.380671,49.70542],[9.382896,49.709418],[9.382018,49.714825],[9.38282,49.718277],[9.381703,49.723918],[9.380356,49.726139],[9.386446,49.728281],[9.385679,49.731923],[9.390326,49.730572],[9.399843,49.729652],[9.401455,49.725389],[9.401477,49.720649],[9.403883,49.720208],[9.407767,49.721901],[9.409596,49.717743],[9.412962,49.715463],[9.415198,49.712716],[9.418695,49.711778],[9.420437,49.708437],[9.420415,49.706634],[9.417634,49.705862],[9.416796,49.702329],[9.418192,49.69786],[9.422335,49.696143],[9.41929,49.69392],[9.420712,49.690912],[9.417756,49.687638],[9.414786,49.685718],[9.413033,49.683136],[9.40875,49.681538],[9.40681,49.679033],[9.413008,49.677388],[9.412165,49.675491],[9.40627,49.675803],[9.401501,49.674764],[9.396965,49.671896],[9.39909,49.669754],[9.407803,49.664764],[9.411415,49.663763],[9.415151,49.663175],[9.422016,49.663288],[9.427668,49.661193],[9.429647,49.658605],[9.434171,49.657379],[9.440721,49.658149],[9.446734,49.657096],[9.451348,49.655744],[9.451877,49.65127],[9.450135,49.649622],[9.453269,49.647855],[9.458348,49.647503],[9.469013,49.645781],[9.470756,49.644664],[9.47489,49.643742],[9.476331,49.642548],[9.483519,49.643356],[9.488078,49.644831],[9.491453,49.643443],[9.498938,49.641698],[9.497282,49.63962],[9.50189,49.637313],[9.506476,49.640226],[9.512882,49.641655],[9.517576,49.643333],[9.519989,49.643127],[9.524546,49.63671],[9.526571,49.635195],[9.52931,49.634902],[9.531393,49.636445],[9.538084,49.638973],[9.539269,49.639858],[9.542622,49.638461],[9.545807,49.63483],[9.547759,49.633973],[9.549552,49.630664],[9.548513,49.625214],[9.551725,49.621509],[9.546698,49.61961],[9.539713,49.619069],[9.537053,49.615527],[9.538835,49.610384],[9.538351,49.606804],[9.541333,49.60476],[9.541476,49.603363],[9.536791,49.601642],[9.535972,49.603801],[9.538875,49.604064],[9.538435,49.605915],[9.532165,49.605352],[9.529891,49.604569],[9.535249,49.601822],[9.53537,49.600331],[9.532534,49.599719],[9.530489,49.597121],[9.526672,49.597513],[9.524059,49.600211],[9.521108,49.599389],[9.515743,49.600162],[9.511135,49.601748],[9.50485,49.596444],[9.506856,49.594688],[9.505896,49.592635],[9.499068,49.587419],[9.503419,49.583526],[9.505937,49.578217],[9.505952,49.575152],[9.503904,49.572837],[9.503716,49.570858],[9.507114,49.568518],[9.507195,49.565863],[9.514704,49.558071],[9.5164,49.553916],[9.515443,49.552964],[9.516019,49.550198],[9.52038,49.549052],[9.517923,49.547797],[9.523789,49.543348],[9.522722,49.536379],[9.52746,49.535375],[9.531314,49.535779],[9.540399,49.532373],[9.542115,49.532779],[9.544368,49.530446],[9.543443,49.528012],[9.541375,49.526492],[9.541434,49.524705],[9.537202,49.519829],[9.531989,49.516137],[9.524124,49.514688],[9.526239,49.512645],[9.52014,49.511001],[9.519204,49.51431],[9.516243,49.514179],[9.512526,49.509296],[9.508134,49.505098],[9.505749,49.504627],[9.505767,49.501266],[9.499167,49.500078],[9.494951,49.502483],[9.494982,49.498293],[9.495849,49.495035],[9.494911,49.491393],[9.49113,49.489105],[9.491787,49.486971],[9.495877,49.485803],[9.503377,49.482925],[9.50674,49.481143],[9.512637,49.480336],[9.514168,49.475006],[9.517259,49.472352],[9.514071,49.470843],[9.512808,49.466985],[9.513223,49.463291],[9.51142,49.460629],[9.506264,49.458487],[9.505577,49.453904],[9.509099,49.447707],[9.513944,49.44542],[9.512066,49.443158],[9.510901,49.439006],[9.5123,49.438444],[9.516835,49.444393],[9.521245,49.444953],[9.527247,49.444124],[9.530225,49.443195],[9.537342,49.44759],[9.541476,49.449065],[9.554572,49.448279],[9.557802,49.447356],[9.562566,49.444867],[9.569222,49.443271],[9.570432,49.441925],[9.573074,49.442691],[9.576898,49.441267],[9.583852,49.441367],[9.589499,49.439823],[9.592001,49.435066],[9.595771,49.434909],[9.595612,49.430989],[9.600846,49.431302],[9.603786,49.426619],[9.606859,49.4258],[9.612393,49.427544],[9.615361,49.429007],[9.619599,49.430119],[9.623835,49.428301],[9.623053,49.426257],[9.629499,49.4262],[9.632375,49.428989],[9.635612,49.428654],[9.639637,49.430819],[9.642821,49.430314],[9.638842,49.424415],[9.640201,49.419812],[9.638119,49.415292],[9.639232,49.414327],[9.653437,49.416924],[9.65449,49.413884],[9.658725,49.413622],[9.66029,49.412708],[9.664533,49.413393],[9.668907,49.414906],[9.671398,49.415071],[9.670941,49.410822],[9.671567,49.406982],[9.676312,49.40824],[9.682438,49.408459],[9.680751,49.411355],[9.68127,49.4134],[9.684794,49.411694],[9.687238,49.409576],[9.690813,49.412007],[9.697164,49.414753],[9.697737,49.416006],[9.70178,49.417877],[9.705047,49.417446],[9.70915,49.415359],[9.712898,49.412383],[9.711455,49.406544],[9.709514,49.406505],[9.710613,49.401324],[9.712509,49.39937],[9.717588,49.397265],[9.723033,49.398507],[9.730712,49.398082],[9.740541,49.398819],[9.741784,49.396481],[9.748531,49.394093],[9.751305,49.395765],[9.750948,49.398155],[9.756667,49.402521],[9.759667,49.401056],[9.757637,49.397873],[9.761403,49.398075],[9.763435,49.396987],[9.76784,49.398899],[9.774682,49.393452],[9.779679,49.396378],[9.785443,49.400593],[9.788227,49.404986],[9.792786,49.407489],[9.800067,49.407813],[9.803529,49.403881],[9.802398,49.397055],[9.803566,49.396505],[9.808572,49.390989],[9.811614,49.388416],[9.818835,49.391551],[9.820582,49.389981],[9.828736,49.39378],[9.832336,49.394511],[9.833052,49.392657],[9.836947,49.390269],[9.833673,49.389161],[9.839471,49.385659],[9.842043,49.383292],[9.845304,49.38176],[9.848178,49.377646],[9.846792,49.37667],[9.845173,49.37201],[9.841761,49.370473],[9.843844,49.369018],[9.851607,49.36976],[9.852284,49.367937],[9.855695,49.368157]]]},"properties":{"rs":81280000000,"name":"Main-Tauber-Kreis"},"id":"relation/62542"},{"type":"Feature","geometry":{"type":"MultiPolygon","coordinates":[[[[8.817484,49.194145],[8.823124,49.19403],[8.824781,49.192306],[8.828097,49.191735],[8.830641,49.189816],[8.83122,49.187321],[8.833685,49.188292],[8.836504,49.188113],[8.841493,49.186213],[8.842695,49.184642],[8.847283,49.181974],[8.850133,49.181275],[8.855707,49.177865],[8.860304,49.176551],[8.863393,49.174367],[8.867197,49.17431],[8.870266,49.175903],[8.872888,49.174409],[8.878735,49.178855],[8.88582,49.179948],[8.887637,49.180747],[8.89612,49.181978],[8.893065,49.186339],[8.892578,49.189306],[8.893891,49.193737],[8.887954,49.196539],[8.888161,49.198668],[8.886324,49.200898],[8.886654,49.202506],[8.897031,49.202641],[8.902366,49.203928],[8.907803,49.205784],[8.913986,49.205349],[8.919939,49.207419],[8.923566,49.207569],[8.929391,49.20894],[8.946577,49.211914],[8.957174,49.213034],[8.963106,49.217237],[8.95843,49.221383],[8.962904,49.222132],[8.964596,49.227501],[8.972476,49.226931],[8.972758,49.228623],[8.97702,49.229083],[8.981712,49.231573],[8.984196,49.23221],[8.984559,49.234781],[8.987772,49.237388],[8.990378,49.237929],[8.989207,49.240528],[9.003936,49.241461],[9.006017,49.242601],[9.006791,49.24503],[9.01046,49.249157],[9.009011,49.250948],[9.002852,49.249841],[9.000875,49.252372],[8.997151,49.253231],[9.000297,49.254814],[9.002784,49.258597],[8.998864,49.2624],[8.99738,49.265623],[9.00233,49.265059],[9.005174,49.262539],[9.009774,49.26119],[9.015167,49.255243],[9.020799,49.257319],[9.021446,49.259296],[9.018062,49.259391],[9.015452,49.261645],[9.018234,49.265301],[9.021398,49.265413],[9.031941,49.269451],[9.031852,49.273396],[9.037025,49.276888],[9.039435,49.277215],[9.04181,49.279144],[9.041763,49.282597],[9.036447,49.284467],[9.037202,49.28604],[9.030036,49.286725],[9.027479,49.287629],[9.028525,49.290507],[9.021108,49.294991],[9.021442,49.298736],[9.023917,49.299435],[9.027052,49.297988],[9.02884,49.298479],[9.030867,49.296431],[9.034495,49.295396],[9.041401,49.294728],[9.049042,49.293026],[9.050416,49.296742],[9.056914,49.302979],[9.056573,49.305553],[9.053021,49.308322],[9.045974,49.309826],[9.042588,49.314704],[9.042752,49.315855],[9.045986,49.318632],[9.051345,49.322087],[9.047087,49.324109],[9.043228,49.321219],[9.038733,49.320458],[9.038181,49.319524],[9.033756,49.319741],[9.034234,49.322136],[9.028841,49.323675],[9.025624,49.326674],[9.016227,49.330899],[9.01341,49.332472],[9.011639,49.335467],[9.002988,49.337854],[8.99636,49.336639],[8.994883,49.336923],[8.993772,49.34121],[8.99276,49.342233],[8.988687,49.342637],[8.98395,49.341273],[8.981922,49.342547],[8.978347,49.339892],[8.972609,49.341053],[8.969499,49.344019],[8.966324,49.345809],[8.965715,49.348533],[8.968134,49.348867],[8.969947,49.351386],[8.96906,49.353984],[8.966659,49.356604],[8.968087,49.359168],[8.963085,49.36164],[8.954692,49.369174],[8.951661,49.370891],[8.940672,49.372294],[8.940144,49.374203],[8.940713,49.379419],[8.938722,49.388619],[8.941985,49.391701],[8.948582,49.395555],[8.958839,49.397316],[8.96311,49.398532],[8.97141,49.394663],[8.975593,49.3941],[8.983258,49.39941],[8.989364,49.40021],[8.989899,49.404944],[8.98907,49.411234],[8.985605,49.411959],[8.983131,49.418637],[8.991285,49.423962],[8.995807,49.425117],[9.002087,49.427413],[8.999947,49.422386],[9.000043,49.418007],[9.002228,49.416132],[9.008089,49.414465],[9.012632,49.414424],[9.016301,49.415339],[9.016844,49.41681],[9.025262,49.419808],[9.019387,49.426267],[9.027585,49.43168],[9.030717,49.435336],[9.034377,49.438119],[9.044656,49.44218],[9.047779,49.444649],[9.046124,49.448533],[9.043743,49.450345],[9.038733,49.457957],[9.035265,49.460946],[9.028747,49.468089],[9.026782,49.468139],[9.026084,49.472696],[9.030751,49.472444],[9.039885,49.474873],[9.042979,49.47488],[9.046977,49.477614],[9.049645,49.480365],[9.052455,49.481942],[9.0556,49.48079],[9.053894,49.477566],[9.058489,49.47653],[9.060095,49.482388],[9.05229,49.486602],[9.053121,49.487939],[9.056405,49.487181],[9.059617,49.485065],[9.066083,49.488286],[9.06818,49.490276],[9.071218,49.489741],[9.075627,49.49204],[9.077101,49.49433],[9.086481,49.500134],[9.077697,49.507528],[9.074745,49.508827],[9.070953,49.508986],[9.075554,49.520107],[9.077173,49.523247],[9.082165,49.523012],[9.083724,49.526298],[9.080167,49.525272],[9.070024,49.526601],[9.064235,49.530296],[9.060928,49.527191],[9.058331,49.521929],[9.054269,49.521447],[9.050266,49.520038],[9.048428,49.515675],[9.049915,49.513022],[9.047753,49.512167],[9.047445,49.510078],[9.041805,49.506509],[9.043253,49.500926],[9.040813,49.498432],[9.038179,49.499557],[9.028466,49.498331],[9.015855,49.498352],[9.01305,49.499289],[9.012892,49.500871],[9.010624,49.502448],[9.007427,49.502647],[9.005138,49.504046],[8.997807,49.504773],[8.992245,49.50338],[8.988136,49.505782],[8.986215,49.510249],[8.978967,49.508751],[8.976991,49.504698],[8.975239,49.503076],[8.967117,49.501409],[8.958024,49.502675],[8.95185,49.505189],[8.951288,49.502223],[8.954475,49.499667],[8.957893,49.495553],[8.956018,49.493538],[8.951667,49.491463],[8.95032,49.487276],[8.952233,49.483262],[8.948555,49.484667],[8.943155,49.485806],[8.939538,49.483435],[8.939391,49.480744],[8.934373,49.476711],[8.934635,49.472774],[8.931494,49.470552],[8.935613,49.465776],[8.94068,49.465222],[8.946603,49.459652],[8.951663,49.456012],[8.942077,49.451281],[8.936878,49.450603],[8.929764,49.450443],[8.926671,49.449329],[8.925389,49.447439],[8.925187,49.442532],[8.921954,49.440294],[8.912182,49.437704],[8.90904,49.437953],[8.905598,49.439887],[8.904704,49.443586],[8.90084,49.443165],[8.897181,49.433038],[8.894851,49.42463],[8.893215,49.4219],[8.885669,49.416616],[8.885034,49.417114],[8.8756,49.413754],[8.872033,49.412004],[8.870225,49.409533],[8.863807,49.402666],[8.855306,49.397067],[8.852165,49.395579],[8.848761,49.39537],[8.842568,49.398293],[8.840081,49.403268],[8.837985,49.405783],[8.834324,49.407415],[8.830082,49.407921],[8.826227,49.405987],[8.82532,49.400675],[8.822031,49.395569],[8.814902,49.396464],[8.812222,49.398766],[8.80378,49.40381],[8.808572,49.406499],[8.803974,49.407036],[8.801263,49.411012],[8.805776,49.410095],[8.807663,49.410864],[8.807486,49.412963],[8.805779,49.415722],[8.806899,49.416619],[8.805958,49.418979],[8.814192,49.42269],[8.820625,49.423103],[8.823789,49.422034],[8.826878,49.42211],[8.830407,49.423267],[8.83336,49.427072],[8.835688,49.428701],[8.836926,49.432338],[8.83265,49.436681],[8.833675,49.441349],[8.832891,49.445518],[8.834018,49.451253],[8.832233,49.452448],[8.832186,49.455948],[8.828943,49.460442],[8.823905,49.462583],[8.825135,49.467089],[8.827274,49.470498],[8.832565,49.472055],[8.838223,49.475581],[8.839521,49.474536],[8.848551,49.480563],[8.848664,49.481705],[8.851842,49.483752],[8.860049,49.480752],[8.861064,49.4787],[8.866412,49.474594],[8.863107,49.469558],[8.862033,49.465631],[8.866493,49.464448],[8.87349,49.466166],[8.876547,49.466434],[8.881471,49.470751],[8.884611,49.471886],[8.889434,49.475165],[8.890034,49.479296],[8.896605,49.483151],[8.900638,49.484805],[8.900747,49.487706],[8.899731,49.490444],[8.901146,49.49289],[8.900226,49.495353],[8.897357,49.496642],[8.900222,49.503131],[8.894243,49.50261],[8.887132,49.505411],[8.881797,49.506034],[8.87853,49.505718],[8.872985,49.504128],[8.862459,49.503082],[8.856431,49.501196],[8.850814,49.50114],[8.847658,49.501799],[8.844863,49.50061],[8.844722,49.498169],[8.83982,49.498266],[8.837337,49.495157],[8.83844,49.494345],[8.83546,49.492199],[8.83153,49.491531],[8.830164,49.493917],[8.817853,49.504852],[8.81713,49.506962],[8.819334,49.509916],[8.818868,49.512301],[8.821335,49.51332],[8.819732,49.516091],[8.820594,49.518127],[8.818848,49.521498],[8.822394,49.52442],[8.814454,49.525394],[8.810715,49.526616],[8.804327,49.52308],[8.802788,49.521283],[8.798274,49.51835],[8.796826,49.515439],[8.79743,49.51229],[8.791874,49.514083],[8.787465,49.513961],[8.781619,49.514958],[8.778595,49.517464],[8.772167,49.517963],[8.769419,49.515831],[8.766637,49.514791],[8.759556,49.516223],[8.754637,49.518537],[8.751191,49.521627],[8.743866,49.523048],[8.738816,49.522743],[8.737322,49.519056],[8.735271,49.519365],[8.728095,49.518439],[8.726678,49.52101],[8.727523,49.522816],[8.733596,49.520944],[8.73381,49.525233],[8.729884,49.52519],[8.724541,49.525931],[8.721158,49.52924],[8.722268,49.531835],[8.717004,49.533838],[8.714522,49.532207],[8.711605,49.531823],[8.709555,49.53408],[8.703455,49.537867],[8.705283,49.539462],[8.70649,49.542161],[8.704049,49.542488],[8.705055,49.546861],[8.703775,49.549923],[8.698543,49.549017],[8.696722,49.551349],[8.690479,49.556108],[8.691237,49.558269],[8.690181,49.560274],[8.691513,49.563688],[8.686949,49.567336],[8.684404,49.570317],[8.682871,49.588214],[8.683491,49.589779],[8.686464,49.591053],[8.692419,49.590016],[8.692925,49.591515],[8.69621,49.592122],[8.696792,49.596586],[8.698019,49.599409],[8.695239,49.603201],[8.693692,49.603745],[8.691323,49.606592],[8.689704,49.605376],[8.68206,49.603095],[8.680582,49.603987],[8.680067,49.606991],[8.677067,49.608399],[8.674212,49.607987],[8.671911,49.609175],[8.672373,49.613837],[8.674184,49.614639],[8.678009,49.61361],[8.677921,49.610893],[8.681607,49.608886],[8.685783,49.608024],[8.687281,49.609081],[8.687103,49.613457],[8.684657,49.61347],[8.683123,49.610881],[8.678107,49.612263],[8.678077,49.614098],[8.678678,49.614762],[8.680468,49.615475],[8.68165,49.615615],[8.682481,49.616895],[8.686589,49.615622],[8.693634,49.622334],[8.692665,49.623591],[8.686311,49.622534],[8.682668,49.624512],[8.678156,49.625697],[8.676664,49.624271],[8.670042,49.623762],[8.667332,49.621724],[8.662892,49.621584],[8.65387,49.618311],[8.652092,49.618294],[8.648703,49.620254],[8.645973,49.619276],[8.620751,49.615722],[8.613565,49.61439],[8.59405,49.610229],[8.595255,49.605487],[8.58939,49.604484],[8.590903,49.600406],[8.590569,49.596726],[8.594125,49.592776],[8.603343,49.593845],[8.604529,49.588292],[8.608725,49.575803],[8.608712,49.57072],[8.611427,49.563591],[8.617776,49.554683],[8.618145,49.548956],[8.619498,49.546814],[8.616388,49.544208],[8.616786,49.540297],[8.612591,49.540343],[8.606977,49.533463],[8.608205,49.530774],[8.608003,49.528326],[8.602982,49.530765],[8.598682,49.531582],[8.595968,49.530138],[8.593256,49.525901],[8.59278,49.523511],[8.591161,49.521721],[8.586237,49.522568],[8.582805,49.521625],[8.581299,49.519817],[8.583214,49.519309],[8.582742,49.511665],[8.58136,49.51],[8.582184,49.508237],[8.587033,49.502468],[8.578819,49.499948],[8.57197,49.497141],[8.573996,49.494715],[8.567556,49.493518],[8.56238,49.492031],[8.558526,49.492028],[8.552933,49.490923],[8.545945,49.482145],[8.543672,49.477255],[8.549971,49.477569],[8.556045,49.476602],[8.56028,49.4741],[8.563893,49.470105],[8.56724,49.465279],[8.570709,49.462304],[8.575266,49.460075],[8.58114,49.45925],[8.585499,49.460284],[8.58999,49.459538],[8.577764,49.445334],[8.581495,49.444394],[8.585092,49.441441],[8.587623,49.433253],[8.582909,49.42866],[8.58292,49.426506],[8.59045,49.427367],[8.592963,49.430133],[8.599885,49.427972],[8.609733,49.424242],[8.615974,49.428303],[8.62331,49.436631],[8.626743,49.439998],[8.628703,49.443115],[8.639305,49.44098],[8.643741,49.438944],[8.646552,49.436626],[8.65531,49.439943],[8.656308,49.438606],[8.665214,49.440227],[8.669915,49.441467],[8.671575,49.440834],[8.679192,49.442698],[8.682964,49.444],[8.686799,49.443048],[8.702235,49.445819],[8.709325,49.446198],[8.709519,49.447725],[8.715174,49.45242],[8.717828,49.45204],[8.721853,49.449346],[8.725438,49.448206],[8.732748,49.448569],[8.736852,49.449237],[8.739206,49.446386],[8.7457,49.446891],[8.744557,49.450429],[8.746235,49.453234],[8.746052,49.455642],[8.741807,49.456563],[8.741674,49.457558],[8.74547,49.459614],[8.750438,49.458958],[8.754686,49.459468],[8.757555,49.456702],[8.76329,49.456467],[8.767706,49.454193],[8.761703,49.450618],[8.761766,49.448136],[8.764728,49.446047],[8.766334,49.443584],[8.766398,49.437365],[8.77045,49.435737],[8.773252,49.435419],[8.776973,49.433155],[8.786537,49.432578],[8.78907,49.430067],[8.789978,49.425945],[8.791273,49.423259],[8.789394,49.419256],[8.790199,49.414964],[8.792762,49.411853],[8.79405,49.40719],[8.793591,49.405187],[8.7907,49.403068],[8.784682,49.401329],[8.778345,49.40224],[8.775853,49.397499],[8.775841,49.392457],[8.772677,49.388667],[8.768178,49.386789],[8.762899,49.387516],[8.762909,49.385993],[8.76883,49.379193],[8.759187,49.377808],[8.756198,49.37791],[8.750486,49.375439],[8.749506,49.373874],[8.744141,49.372795],[8.740729,49.374442],[8.738416,49.374491],[8.735724,49.372956],[8.732328,49.372224],[8.727404,49.375554],[8.724479,49.373747],[8.726259,49.369455],[8.730404,49.367933],[8.727717,49.365509],[8.727113,49.361989],[8.724937,49.357921],[8.71896,49.356351],[8.716396,49.356342],[8.710889,49.35511],[8.70964,49.35658],[8.701847,49.355815],[8.696953,49.358039],[8.687237,49.35886],[8.68706,49.359824],[8.675834,49.360668],[8.672443,49.361521],[8.67168,49.357818],[8.668764,49.358127],[8.664257,49.357496],[8.663203,49.354396],[8.657243,49.355195],[8.654541,49.353146],[8.651277,49.353254],[8.654561,49.356112],[8.658052,49.361776],[8.657142,49.362813],[8.649942,49.365978],[8.650841,49.367478],[8.646365,49.370464],[8.642835,49.368655],[8.640274,49.369977],[8.636657,49.360357],[8.633367,49.355489],[8.633234,49.352838],[8.630762,49.352065],[8.625625,49.352003],[8.620215,49.354073],[8.624466,49.359063],[8.622436,49.35947],[8.612129,49.363662],[8.607787,49.364932],[8.601004,49.366203],[8.605168,49.370272],[8.607484,49.37429],[8.606883,49.376751],[8.612581,49.378202],[8.624382,49.38067],[8.623785,49.381668],[8.628851,49.384706],[8.633401,49.385899],[8.634802,49.387302],[8.639916,49.386498],[8.6475,49.388537],[8.64343,49.393381],[8.638295,49.39272],[8.636591,49.405566],[8.633025,49.414928],[8.622851,49.409049],[8.612437,49.406203],[8.608794,49.407045],[8.603638,49.409079],[8.59864,49.409784],[8.584893,49.411041],[8.584256,49.41041],[8.574906,49.412659],[8.57343,49.415763],[8.565847,49.416899],[8.566368,49.417986],[8.546301,49.417348],[8.540596,49.416049],[8.543657,49.412006],[8.533806,49.4124],[8.529143,49.410362],[8.527437,49.412102],[8.524191,49.41134],[8.525136,49.417445],[8.522555,49.418234],[8.519499,49.416074],[8.516023,49.415815],[8.511923,49.413711],[8.50508,49.411856],[8.49741,49.411187],[8.496201,49.404365],[8.496378,49.402248],[8.493634,49.399813],[8.485285,49.395764],[8.473128,49.390437],[8.469027,49.389212],[8.465541,49.387397],[8.463549,49.384498],[8.463373,49.380419],[8.464183,49.376846],[8.466046,49.375475],[8.471045,49.373393],[8.47688,49.374658],[8.481542,49.377447],[8.486142,49.382048],[8.490699,49.385597],[8.495081,49.387536],[8.500592,49.389],[8.501347,49.381223],[8.50013,49.37249],[8.497686,49.365876],[8.494131,49.359868],[8.487812,49.352492],[8.481908,49.347487],[8.476183,49.343638],[8.460736,49.335509],[8.455228,49.331847],[8.452944,49.329607],[8.450691,49.325854],[8.450102,49.32276],[8.451806,49.317729],[8.454998,49.314509],[8.459734,49.312502],[8.472832,49.309938],[8.478895,49.307811],[8.483391,49.305239],[8.488062,49.299998],[8.489071,49.296362],[8.488261,49.291915],[8.487015,49.290148],[8.494449,49.287787],[8.497406,49.285911],[8.504824,49.283212],[8.50561,49.282207],[8.512914,49.278711],[8.519317,49.278227],[8.520604,49.277429],[8.522682,49.271405],[8.523189,49.268268],[8.526055,49.268389],[8.528736,49.267272],[8.543553,49.262835],[8.548046,49.269858],[8.575129,49.262244],[8.570491,49.254892],[8.614488,49.242137],[8.615085,49.241125],[8.625873,49.243433],[8.635006,49.240977],[8.639467,49.238083],[8.642719,49.235324],[8.644281,49.238589],[8.646909,49.240277],[8.654544,49.23918],[8.658738,49.237526],[8.659265,49.233242],[8.663479,49.232376],[8.669714,49.23284],[8.669092,49.231457],[8.673798,49.23124],[8.675131,49.229634],[8.681844,49.229205],[8.684349,49.228399],[8.690236,49.229193],[8.694853,49.231901],[8.697766,49.228401],[8.70136,49.226728],[8.704606,49.228792],[8.707767,49.231686],[8.71281,49.234556],[8.71701,49.235044],[8.718086,49.236137],[8.722678,49.238042],[8.724152,49.237685],[8.726941,49.232717],[8.727493,49.230196],[8.729525,49.228087],[8.736215,49.230112],[8.739361,49.225201],[8.744174,49.225294],[8.746595,49.223699],[8.75001,49.219797],[8.750788,49.217507],[8.747999,49.21679],[8.752862,49.205515],[8.760195,49.203132],[8.765527,49.202414],[8.770928,49.202697],[8.772388,49.20352],[8.776352,49.20099],[8.782798,49.198041],[8.789324,49.198497],[8.793842,49.200844],[8.801151,49.197841],[8.809312,49.199021],[8.81336,49.201331],[8.814931,49.199758],[8.814979,49.196357],[8.817484,49.194145]],[[8.669113,49.613282],[8.67129,49.614795],[8.671372,49.616973],[8.673122,49.620022],[8.674893,49.620804],[8.678186,49.620095],[8.678649,49.621643],[8.682081,49.620906],[8.685978,49.621644],[8.685484,49.618249],[8.683273,49.617913],[8.681826,49.616503],[8.680056,49.615384],[8.678634,49.614795],[8.677571,49.613987],[8.674187,49.614682],[8.669113,49.613282]]],[[[9.10049,49.561356],[9.098233,49.560472],[9.09198,49.561413],[9.089265,49.560685],[9.082656,49.561667],[9.080885,49.564505],[9.081059,49.570137],[9.07809,49.574796],[9.074128,49.575151],[9.074408,49.570178],[9.073219,49.566912],[9.071235,49.566078],[9.071196,49.563144],[9.074422,49.561688],[9.077044,49.557952],[9.080718,49.556645],[9.080404,49.554996],[9.084802,49.553212],[9.085397,49.549349],[9.086779,49.547249],[9.085797,49.544258],[9.087172,49.548276],[9.093832,49.548656],[9.095214,49.552821],[9.093767,49.554281],[9.097465,49.558402],[9.100741,49.559871],[9.10049,49.561356]]]]},"properties":{"rs":82260000000,"name":"Rhein-Neckar-Kreis"},"id":"relation/62577"},{"type":"Feature","geometry":{"type":"Polygon","coordinates":[[[9.527207,49.108016],[9.523888,49.107473],[9.51924,49.105136],[9.512882,49.105501],[9.510471,49.104089],[9.503241,49.103023],[9.502364,49.101779],[9.506667,49.099218],[9.501074,49.097969],[9.498498,49.097964],[9.497472,49.095983],[9.498402,49.091931],[9.500364,49.087462],[9.506222,49.088242],[9.500736,49.082019],[9.501389,49.078812],[9.505268,49.076305],[9.508742,49.074987],[9.509525,49.076309],[9.514724,49.075913],[9.517978,49.077206],[9.52057,49.073207],[9.518448,49.069665],[9.522018,49.066553],[9.522102,49.065097],[9.525927,49.064494],[9.528034,49.063228],[9.533065,49.06378],[9.534895,49.063066],[9.533878,49.061015],[9.53474,49.058077],[9.539812,49.056769],[9.542238,49.057382],[9.544348,49.055579],[9.549057,49.056018],[9.55184,49.054837],[9.555455,49.055684],[9.558001,49.054195],[9.561948,49.055255],[9.567829,49.053707],[9.571077,49.047259],[9.575212,49.049617],[9.575493,49.051799],[9.577294,49.05382],[9.582211,49.054581],[9.584335,49.055541],[9.58974,49.056575],[9.593056,49.0555],[9.598087,49.055432],[9.603406,49.054478],[9.603073,49.051442],[9.609952,49.05184],[9.614055,49.050681],[9.613447,49.048301],[9.607681,49.048116],[9.599389,49.046734],[9.595846,49.045743],[9.597762,49.042625],[9.597406,49.0415],[9.603224,49.040559],[9.608948,49.038271],[9.611213,49.035426],[9.605377,49.032897],[9.605291,49.031147],[9.607702,49.029787],[9.609618,49.026542],[9.612454,49.024366],[9.610953,49.021606],[9.606295,49.019704],[9.606709,49.017766],[9.604988,49.014874],[9.601726,49.013818],[9.602483,49.010883],[9.597565,49.007555],[9.600196,49.005803],[9.600323,49.004173],[9.609951,49.003679],[9.612505,49.002619],[9.616176,49.00555],[9.62872,49.004396],[9.632605,49.003767],[9.636737,49.004111],[9.638728,49.00133],[9.639025,48.998462],[9.643575,48.995077],[9.646553,48.994754],[9.650031,48.996192],[9.655396,48.99482],[9.656429,48.993103],[9.659193,48.993833],[9.666598,48.993789],[9.672173,48.990948],[9.673598,48.989363],[9.676354,48.98952],[9.675743,48.98705],[9.667571,48.987417],[9.663467,48.986537],[9.665622,48.984694],[9.666702,48.981386],[9.66961,48.978911],[9.671965,48.973748],[9.674937,48.973355],[9.676295,48.971602],[9.670648,48.969576],[9.663962,48.968423],[9.666869,48.961975],[9.672256,48.9631],[9.673166,48.964499],[9.676042,48.965353],[9.677693,48.967362],[9.680361,48.968551],[9.68665,48.9679],[9.693201,48.964179],[9.691556,48.962923],[9.697104,48.96465],[9.703173,48.963883],[9.704709,48.957577],[9.71007,48.956858],[9.712628,48.957443],[9.712646,48.959811],[9.715641,48.962042],[9.71612,48.964027],[9.718994,48.964221],[9.717683,48.966301],[9.720094,48.968323],[9.719311,48.971329],[9.723204,48.974469],[9.728055,48.971723],[9.731533,48.971521],[9.73704,48.970337],[9.736231,48.968633],[9.738064,48.963457],[9.740316,48.96203],[9.74056,48.960462],[9.743011,48.959821],[9.747474,48.956894],[9.750633,48.957367],[9.754217,48.956525],[9.755357,48.955389],[9.759555,48.956251],[9.763192,48.956059],[9.763623,48.95454],[9.759898,48.952842],[9.761522,48.951167],[9.76375,48.953512],[9.769485,48.955146],[9.770393,48.953785],[9.774535,48.953893],[9.778461,48.954821],[9.780989,48.952312],[9.789694,48.953993],[9.790581,48.955676],[9.794902,48.956118],[9.795843,48.953136],[9.794494,48.95133],[9.795051,48.947014],[9.797261,48.943493],[9.801512,48.943824],[9.805162,48.945353],[9.809097,48.944885],[9.812858,48.942663],[9.813006,48.939567],[9.815996,48.940167],[9.819151,48.939385],[9.822794,48.939914],[9.827081,48.938771],[9.832604,48.938822],[9.837282,48.938291],[9.840915,48.934917],[9.844951,48.934241],[9.844961,48.930734],[9.840627,48.930351],[9.836953,48.927434],[9.833582,48.927365],[9.828401,48.926337],[9.832525,48.922513],[9.834234,48.918118],[9.837901,48.917777],[9.845646,48.919797],[9.851967,48.919281],[9.855568,48.919735],[9.863666,48.923882],[9.869887,48.920869],[9.870557,48.918124],[9.874092,48.917504],[9.878817,48.918823],[9.878928,48.922558],[9.880143,48.924502],[9.882379,48.924055],[9.885288,48.92517],[9.88867,48.929032],[9.8925,48.930129],[9.893483,48.931913],[9.892073,48.936997],[9.896656,48.940811],[9.90094,48.943176],[9.899112,48.94766],[9.896526,48.948464],[9.891947,48.947575],[9.890576,48.948073],[9.892984,48.951173],[9.893291,48.953409],[9.898528,48.953743],[9.902365,48.955219],[9.906109,48.958161],[9.907716,48.960457],[9.906676,48.961579],[9.908233,48.963889],[9.917165,48.96794],[9.918359,48.965373],[9.923218,48.965625],[9.931368,48.958413],[9.936691,48.958202],[9.943857,48.961036],[9.946181,48.963287],[9.946351,48.965293],[9.948127,48.967014],[9.945186,48.968537],[9.942843,48.974725],[9.945545,48.973609],[9.955987,48.974444],[9.957968,48.976476],[9.96236,48.976841],[9.965678,48.97846],[9.974707,48.978693],[9.980323,48.980882],[9.983694,48.979684],[9.989407,48.979104],[9.998068,48.979619],[9.997869,48.980985],[10.001259,48.982086],[10.006027,48.981731],[10.008089,48.98061],[10.013572,48.981562],[10.014156,48.986078],[10.008378,48.986074],[10.005246,48.987495],[10.005192,48.98966],[10.000721,48.991442],[9.999922,48.994994],[9.997622,48.996671],[9.993188,49.003911],[9.993741,49.004975],[9.990936,49.012302],[9.98909,49.013459],[9.989473,49.015516],[9.992792,49.016248],[9.991681,49.018639],[9.988309,49.018453],[9.98602,49.019868],[9.98097,49.020118],[9.973801,49.01947],[9.973875,49.021215],[9.977132,49.02328],[9.980007,49.023922],[9.978413,49.028096],[9.97371,49.028125],[9.972981,49.030445],[9.978176,49.031266],[9.985291,49.03017],[9.987049,49.03158],[9.984187,49.034774],[9.983494,49.036904],[9.975042,49.040369],[9.977177,49.042412],[9.980249,49.042961],[9.981439,49.044682],[9.989538,49.043887],[9.992491,49.041414],[9.990457,49.040212],[9.986594,49.035934],[9.986012,49.034125],[9.987942,49.032756],[9.993006,49.033732],[9.997035,49.032866],[9.997488,49.034011],[10.001853,49.037069],[10.005792,49.038397],[10.006127,49.042034],[10.017416,49.044047],[10.013546,49.047563],[10.017108,49.049852],[10.016322,49.051533],[10.019863,49.052382],[10.023266,49.051587],[10.027874,49.048718],[10.0291,49.045653],[10.036729,49.047071],[10.037583,49.04412],[10.040637,49.043131],[10.044445,49.043263],[10.048364,49.041352],[10.050465,49.042889],[10.057272,49.044278],[10.059476,49.043777],[10.064893,49.044126],[10.070314,49.045095],[10.072833,49.046074],[10.076993,49.044062],[10.082712,49.0442],[10.087755,49.046028],[10.090477,49.043149],[10.098235,49.043329],[10.100847,49.043804],[10.102161,49.041069],[10.108834,49.041344],[10.108862,49.039004],[10.111984,49.038432],[10.115487,49.03669],[10.117733,49.037168],[10.117155,49.03985],[10.115158,49.041111],[10.115394,49.042955],[10.121322,49.046405],[10.130206,49.045393],[10.132771,49.043598],[10.13993,49.044887],[10.141604,49.042268],[10.147126,49.042406],[10.147258,49.045348],[10.144332,49.047],[10.147088,49.048697],[10.148846,49.051246],[10.152079,49.05259],[10.15586,49.052421],[10.159748,49.05303],[10.163031,49.055776],[10.171256,49.059897],[10.1743,49.060813],[10.176617,49.059442],[10.182556,49.059189],[10.189576,49.056494],[10.191725,49.054605],[10.188133,49.053226],[10.185724,49.051051],[10.186554,49.046562],[10.194134,49.041876],[10.198322,49.040582],[10.203039,49.040709],[10.208043,49.042042],[10.209519,49.041591],[10.2139,49.04408],[10.213485,49.045424],[10.221293,49.048028],[10.225949,49.047782],[10.234272,49.045711],[10.235875,49.047035],[10.234164,49.048842],[10.235608,49.054309],[10.241005,49.053996],[10.239661,49.056832],[10.246772,49.058515],[10.246555,49.05982],[10.251363,49.06042],[10.254935,49.05934],[10.257064,49.05967],[10.265486,49.061772],[10.258015,49.067128],[10.258007,49.070109],[10.253976,49.071211],[10.251839,49.072539],[10.246003,49.073946],[10.242525,49.072258],[10.239547,49.074628],[10.234252,49.074326],[10.234054,49.076262],[10.237825,49.077369],[10.239776,49.079246],[10.246989,49.079749],[10.250462,49.088446],[10.250411,49.091615],[10.246658,49.092215],[10.245458,49.090633],[10.242601,49.092064],[10.237967,49.091808],[10.235094,49.090445],[10.230537,49.090011],[10.228004,49.08911],[10.226137,49.090011],[10.225124,49.095622],[10.221361,49.097345],[10.213835,49.095408],[10.209628,49.094737],[10.20405,49.09736],[10.207811,49.099437],[10.209073,49.097594],[10.211396,49.098104],[10.209664,49.100461],[10.212236,49.101666],[10.216134,49.106011],[10.214364,49.108013],[10.213519,49.111381],[10.215423,49.113341],[10.221929,49.112488],[10.225415,49.111403],[10.227221,49.113277],[10.229855,49.113265],[10.229468,49.117037],[10.224768,49.119027],[10.225539,49.120021],[10.23012,49.11913],[10.237103,49.120492],[10.241276,49.122586],[10.23999,49.124081],[10.243451,49.125871],[10.251553,49.127379],[10.252795,49.129995],[10.257045,49.129069],[10.256761,49.130878],[10.251457,49.133991],[10.255578,49.138101],[10.25187,49.143684],[10.24839,49.146025],[10.248154,49.14926],[10.243918,49.148779],[10.238358,49.149432],[10.236182,49.152112],[10.231023,49.153469],[10.2312,49.15725],[10.227953,49.159904],[10.224113,49.161832],[10.220909,49.160306],[10.218601,49.163408],[10.215461,49.163658],[10.212925,49.162796],[10.211856,49.160412],[10.206701,49.159],[10.205118,49.155614],[10.202567,49.156381],[10.200003,49.155516],[10.198734,49.156954],[10.199119,49.160913],[10.195922,49.162607],[10.197245,49.16361],[10.192596,49.16757],[10.195134,49.169974],[10.190453,49.170791],[10.188457,49.172868],[10.183341,49.171828],[10.177268,49.173243],[10.177458,49.175158],[10.18058,49.176711],[10.181336,49.182566],[10.176379,49.18157],[10.17618,49.179901],[10.168088,49.178218],[10.16594,49.1805],[10.166128,49.181794],[10.160292,49.182999],[10.160492,49.185078],[10.156974,49.187692],[10.157174,49.190114],[10.15335,49.190054],[10.156987,49.192596],[10.150675,49.193463],[10.141994,49.19538],[10.140853,49.197813],[10.135476,49.199251],[10.132758,49.197677],[10.128961,49.197209],[10.128348,49.198772],[10.124865,49.198866],[10.124526,49.200675],[10.130756,49.203687],[10.127428,49.204174],[10.12717,49.20975],[10.129738,49.210497],[10.13206,49.209548],[10.139851,49.209983],[10.138509,49.214202],[10.139216,49.215903],[10.136424,49.217318],[10.132415,49.217276],[10.1287,49.220906],[10.125945,49.227228],[10.12787,49.227763],[10.126314,49.230177],[10.12653,49.23612],[10.123044,49.239263],[10.122829,49.240802],[10.124784,49.242699],[10.124441,49.245144],[10.12267,49.24673],[10.125374,49.249375],[10.126671,49.249054],[10.132177,49.251302],[10.132457,49.254075],[10.127164,49.253446],[10.125902,49.255874],[10.123713,49.255249],[10.119002,49.256104],[10.114289,49.255934],[10.109301,49.257839],[10.111934,49.258571],[10.115932,49.257192],[10.117155,49.25915],[10.116837,49.26421],[10.114465,49.265797],[10.120222,49.268928],[10.121456,49.272751],[10.1236,49.274956],[10.12641,49.274756],[10.128071,49.275943],[10.131185,49.274736],[10.122732,49.273367],[10.123308,49.270215],[10.127304,49.265664],[10.1263,49.262413],[10.127638,49.261512],[10.13137,49.263925],[10.133779,49.262233],[10.13653,49.264331],[10.138848,49.264996],[10.140951,49.267191],[10.147194,49.268439],[10.147642,49.269542],[10.144878,49.27519],[10.146356,49.277101],[10.150036,49.278372],[10.151334,49.280761],[10.153176,49.281775],[10.153376,49.284849],[10.149299,49.284673],[10.149851,49.288039],[10.145731,49.287443],[10.14119,49.288787],[10.142919,49.291252],[10.138347,49.291527],[10.13542,49.294655],[10.132332,49.304002],[10.131458,49.305065],[10.136407,49.308051],[10.135445,49.309648],[10.141689,49.313172],[10.145376,49.316403],[10.143335,49.319273],[10.142624,49.322555],[10.140257,49.322597],[10.139836,49.327066],[10.132949,49.326789],[10.127625,49.324705],[10.126686,49.326025],[10.120344,49.325271],[10.118614,49.328732],[10.114996,49.328392],[10.114076,49.329639],[10.110496,49.328818],[10.108961,49.332331],[10.112851,49.33241],[10.113096,49.335679],[10.108319,49.336],[10.108767,49.337948],[10.104456,49.338492],[10.102834,49.344462],[10.103897,49.346971],[10.107787,49.347445],[10.108657,49.351637],[10.114192,49.351941],[10.123787,49.350546],[10.123046,49.354656],[10.124528,49.356884],[10.118303,49.357866],[10.117705,49.359671],[10.11337,49.359734],[10.112716,49.362025],[10.113527,49.366624],[10.117338,49.366988],[10.116559,49.370203],[10.112245,49.373865],[10.107173,49.378875],[10.111855,49.38505],[10.107866,49.389675],[10.109363,49.391407],[10.113845,49.393705],[10.109128,49.395619],[10.105447,49.396062],[10.093327,49.3946],[10.079193,49.394321],[10.067587,49.392602],[10.066765,49.389608],[10.057096,49.388575],[10.054645,49.389691],[10.050934,49.389088],[10.044217,49.386123],[10.044242,49.384824],[10.037133,49.38437],[10.031862,49.384494],[10.035056,49.382411],[10.031679,49.381347],[10.034464,49.379663],[10.036733,49.376174],[10.039082,49.374048],[10.041667,49.36912],[10.037158,49.369452],[10.026517,49.368588],[10.02349,49.36984],[10.021021,49.369602],[10.018379,49.371037],[10.010598,49.370619],[10.000159,49.370857],[10.000166,49.372397],[9.994436,49.372041],[9.988808,49.372863],[9.988312,49.374272],[9.983342,49.373688],[9.980392,49.374312],[9.977732,49.377621],[9.973591,49.375716],[9.97212,49.374332],[9.969119,49.368907],[9.965541,49.36556],[9.965963,49.364518],[9.961219,49.362318],[9.960262,49.360169],[9.95495,49.360914],[9.94684,49.358774],[9.944037,49.359967],[9.940348,49.357948],[9.938244,49.355319],[9.933786,49.353564],[9.931137,49.357508],[9.933796,49.358152],[9.932579,49.360297],[9.928031,49.362355],[9.927249,49.365377],[9.929177,49.368989],[9.924725,49.371147],[9.923849,49.37319],[9.916708,49.373242],[9.909781,49.372558],[9.912798,49.369073],[9.911343,49.368247],[9.903499,49.367454],[9.903354,49.368446],[9.894741,49.369356],[9.895948,49.371942],[9.894354,49.374517],[9.892331,49.374735],[9.890903,49.370098],[9.887063,49.369562],[9.885383,49.368493],[9.878383,49.371742],[9.8779,49.374335],[9.874587,49.37362],[9.868449,49.373402],[9.865233,49.370053],[9.858334,49.369013],[9.855695,49.368157],[9.857046,49.366517],[9.857106,49.363827],[9.853007,49.363708],[9.85186,49.358784],[9.851871,49.355798],[9.856226,49.35369],[9.852897,49.351905],[9.845511,49.349996],[9.843246,49.350256],[9.842959,49.347206],[9.846262,49.34355],[9.847465,49.340338],[9.852501,49.335244],[9.856723,49.332497],[9.858758,49.328058],[9.85873,49.326625],[9.854706,49.325287],[9.850197,49.325217],[9.846488,49.321843],[9.851168,49.318133],[9.852909,49.314573],[9.855432,49.312587],[9.852703,49.310882],[9.844714,49.310303],[9.841295,49.307974],[9.848905,49.306962],[9.856984,49.306504],[9.859475,49.305067],[9.858103,49.303304],[9.853231,49.302264],[9.85394,49.301153],[9.854134,49.293678],[9.8603,49.293704],[9.860088,49.28991],[9.857884,49.288108],[9.854443,49.286698],[9.850368,49.287509],[9.845495,49.287126],[9.841719,49.285596],[9.837073,49.287365],[9.834756,49.286286],[9.834802,49.283147],[9.830704,49.278521],[9.823712,49.280482],[9.821391,49.279498],[9.825942,49.276292],[9.825171,49.274743],[9.826736,49.269942],[9.82514,49.269014],[9.827188,49.264942],[9.823402,49.263529],[9.818655,49.262939],[9.819542,49.261629],[9.814021,49.258175],[9.8041,49.257614],[9.796105,49.255855],[9.790502,49.255154],[9.788313,49.255418],[9.782499,49.252699],[9.77935,49.252507],[9.778135,49.250995],[9.775305,49.250313],[9.77124,49.246368],[9.766132,49.24873],[9.757937,49.245696],[9.763583,49.243162],[9.763974,49.23884],[9.762924,49.237677],[9.762809,49.23428],[9.764598,49.231397],[9.765641,49.227099],[9.764581,49.224686],[9.756374,49.224989],[9.752332,49.223914],[9.745533,49.22534],[9.741926,49.227427],[9.740919,49.226006],[9.735318,49.226445],[9.734516,49.223871],[9.739795,49.222707],[9.745322,49.222184],[9.748166,49.22055],[9.747188,49.218281],[9.749092,49.213963],[9.748591,49.211954],[9.754429,49.21114],[9.750349,49.208231],[9.751605,49.206198],[9.748611,49.203414],[9.748124,49.198599],[9.744203,49.194648],[9.740699,49.194157],[9.730317,49.194761],[9.726577,49.195775],[9.724049,49.195622],[9.723174,49.198699],[9.71704,49.198079],[9.718412,49.195683],[9.716095,49.195453],[9.713719,49.196915],[9.711779,49.194092],[9.706882,49.195165],[9.703979,49.193738],[9.704779,49.192444],[9.700462,49.192048],[9.699179,49.190104],[9.696024,49.189036],[9.695344,49.185796],[9.696977,49.180489],[9.693796,49.179238],[9.693818,49.176798],[9.690232,49.175165],[9.688931,49.172734],[9.690578,49.167962],[9.690204,49.166772],[9.685068,49.1644],[9.680387,49.163765],[9.674483,49.161975],[9.670856,49.15889],[9.671415,49.155343],[9.674177,49.15351],[9.672929,49.15],[9.669868,49.146366],[9.66596,49.145106],[9.665879,49.143428],[9.668191,49.142458],[9.666778,49.140847],[9.663803,49.139818],[9.660659,49.137474],[9.656876,49.136213],[9.651273,49.137482],[9.649373,49.141231],[9.65354,49.144422],[9.652312,49.145766],[9.649408,49.145264],[9.64674,49.143602],[9.647836,49.13933],[9.651203,49.134357],[9.651779,49.131424],[9.648777,49.128891],[9.645769,49.129116],[9.643538,49.127769],[9.639242,49.128038],[9.643224,49.134554],[9.642821,49.137136],[9.639822,49.138083],[9.635354,49.137612],[9.633949,49.138812],[9.629461,49.138542],[9.621953,49.135527],[9.617284,49.137772],[9.611655,49.136439],[9.608171,49.137009],[9.609403,49.147217],[9.61062,49.149518],[9.606636,49.150046],[9.606461,49.14739],[9.601199,49.141515],[9.591798,49.140546],[9.591795,49.13867],[9.585209,49.136845],[9.579604,49.133563],[9.581837,49.132085],[9.585089,49.131797],[9.583961,49.128498],[9.587745,49.127292],[9.5894,49.125734],[9.590129,49.122428],[9.59354,49.122055],[9.599824,49.119257],[9.602432,49.118776],[9.604441,49.12001],[9.607602,49.120004],[9.607633,49.121581],[9.612537,49.11959],[9.610883,49.118658],[9.610876,49.11592],[9.608944,49.114258],[9.609491,49.112695],[9.613413,49.108979],[9.609299,49.10526],[9.604575,49.105943],[9.604684,49.10753],[9.600873,49.108101],[9.592478,49.107917],[9.588125,49.111897],[9.593814,49.112531],[9.595199,49.11365],[9.591858,49.115162],[9.584687,49.116967],[9.582002,49.119006],[9.57794,49.119573],[9.57783,49.12202],[9.570747,49.121662],[9.570609,49.119707],[9.561843,49.118274],[9.559489,49.119865],[9.561006,49.124197],[9.563241,49.125018],[9.565836,49.123017],[9.570715,49.123921],[9.570868,49.125501],[9.568939,49.127588],[9.565818,49.129322],[9.564181,49.131375],[9.560326,49.131069],[9.557014,49.131716],[9.552002,49.133647],[9.548584,49.13247],[9.542974,49.128125],[9.540411,49.127091],[9.542155,49.125683],[9.54147,49.122377],[9.536409,49.123701],[9.532603,49.121337],[9.5311,49.118698],[9.532789,49.118333],[9.532021,49.114748],[9.539392,49.110837],[9.537156,49.107314],[9.539776,49.10444],[9.536665,49.101935],[9.534305,49.104083],[9.532009,49.104137],[9.531401,49.106879],[9.527207,49.108016]]]},"properties":{"rs":81270000000,"name":"Landkreis Schwäbisch Hall"},"id":"relation/62582"},{"type":"Feature","geometry":{"type":"Polygon","coordinates":[[[8.018905,47.841342],[8.018142,47.842377],[8.018469,47.846211],[8.009698,47.845544],[8.015189,47.850668],[8.020734,47.851786],[8.019707,47.856813],[8.022107,47.857337],[8.022412,47.859885],[8.019253,47.860895],[8.01725,47.86389],[8.012571,47.866123],[8.008116,47.866034],[8.004078,47.866595],[8.000018,47.86528],[7.991671,47.866866],[7.984246,47.865352],[7.983707,47.866865],[7.974627,47.867191],[7.969197,47.869738],[7.964732,47.870875],[7.956686,47.873766],[7.953822,47.875561],[7.947934,47.876114],[7.94249,47.879368],[7.938831,47.876653],[7.932443,47.874686],[7.929551,47.876698],[7.918756,47.876913],[7.914003,47.878525],[7.909625,47.876486],[7.905918,47.875737],[7.902294,47.876635],[7.89593,47.880307],[7.890193,47.878895],[7.888891,47.875084],[7.88946,47.872202],[7.886347,47.869024],[7.887913,47.867531],[7.882795,47.863556],[7.880072,47.857958],[7.877013,47.856577],[7.878879,47.850897],[7.87716,47.849055],[7.869758,47.847517],[7.867828,47.8458],[7.858664,47.840266],[7.855084,47.838438],[7.850499,47.838951],[7.844311,47.837797],[7.842194,47.836004],[7.845487,47.833429],[7.849094,47.831786],[7.848846,47.82927],[7.84568,47.826903],[7.843337,47.827206],[7.837162,47.822873],[7.83205,47.822401],[7.828958,47.821283],[7.826846,47.821524],[7.82189,47.818998],[7.822005,47.814717],[7.819244,47.812042],[7.811598,47.812082],[7.805339,47.811455],[7.802817,47.809836],[7.803317,47.807939],[7.802067,47.805489],[7.796247,47.805031],[7.793028,47.804255],[7.789609,47.802103],[7.785682,47.801281],[7.778063,47.803404],[7.777426,47.80212],[7.779413,47.797319],[7.783648,47.794232],[7.775937,47.790302],[7.773602,47.791724],[7.765409,47.793046],[7.757959,47.790491],[7.753665,47.790432],[7.749008,47.789699],[7.74674,47.790487],[7.742828,47.790165],[7.735883,47.790567],[7.732677,47.789513],[7.72911,47.789824],[7.72442,47.78918],[7.723538,47.787769],[7.717588,47.783627],[7.708589,47.783245],[7.704969,47.783613],[7.701236,47.778433],[7.697251,47.779401],[7.695862,47.780481],[7.692477,47.780183],[7.689727,47.777931],[7.684019,47.774276],[7.678579,47.773531],[7.672441,47.77147],[7.664165,47.776245],[7.662459,47.776795],[7.653306,47.7721],[7.651966,47.76961],[7.649325,47.767426],[7.638565,47.76531],[7.636215,47.763314],[7.629634,47.761225],[7.626916,47.759709],[7.624355,47.760763],[7.619477,47.757263],[7.614853,47.760252],[7.614742,47.764076],[7.615507,47.770584],[7.614581,47.772917],[7.616382,47.774576],[7.607732,47.775481],[7.604143,47.775026],[7.601999,47.773796],[7.597013,47.773491],[7.594252,47.772213],[7.588915,47.773224],[7.586041,47.772],[7.585059,47.770148],[7.581924,47.769774],[7.581088,47.767228],[7.579367,47.767417],[7.581091,47.773121],[7.573564,47.775554],[7.570607,47.770646],[7.572547,47.770341],[7.570085,47.766367],[7.57159,47.766106],[7.569288,47.762594],[7.566582,47.763165],[7.564918,47.760458],[7.565426,47.758881],[7.563491,47.75427],[7.558786,47.751885],[7.556085,47.751975],[7.550998,47.744055],[7.546116,47.74349],[7.54854,47.73876],[7.548412,47.731941],[7.546139,47.72586],[7.54355,47.72199],[7.540064,47.71821],[7.534384,47.714132],[7.515564,47.703754],[7.512846,47.701179],[7.511792,47.696968],[7.512908,47.694189],[7.518294,47.686611],[7.519713,47.682005],[7.519875,47.678853],[7.518894,47.67145],[7.52031,47.665864],[7.524111,47.660479],[7.529336,47.655856],[7.536397,47.650233],[7.542861,47.646273],[7.559841,47.637801],[7.565123,47.633969],[7.569545,47.628063],[7.572329,47.619265],[7.576247,47.6144],[7.585783,47.60931],[7.590863,47.60514],[7.593043,47.600752],[7.592366,47.595812],[7.589039,47.589897],[7.598462,47.587639],[7.604816,47.58493],[7.604054,47.581334],[7.605333,47.579883],[7.604882,47.577874],[7.613204,47.578156],[7.619134,47.57687],[7.628021,47.581365],[7.634102,47.585858],[7.636437,47.588372],[7.63963,47.590364],[7.64324,47.591341],[7.641784,47.594192],[7.64567,47.596955],[7.651066,47.595722],[7.655065,47.595395],[7.66733,47.591946],[7.675171,47.591982],[7.678064,47.595355],[7.683009,47.598493],[7.684716,47.596636],[7.679581,47.592247],[7.677381,47.591362],[7.67175,47.587276],[7.672069,47.585239],[7.680852,47.582684],[7.6819,47.577456],[7.683853,47.576657],[7.68367,47.573906],[7.688913,47.572425],[7.689653,47.571398],[7.687099,47.568384],[7.683754,47.568352],[7.6835,47.571254],[7.679101,47.5695],[7.675144,47.565423],[7.672449,47.563726],[7.670219,47.565832],[7.664227,47.565399],[7.658752,47.564477],[7.656156,47.562278],[7.654536,47.562367],[7.648276,47.559931],[7.64405,47.561284],[7.641259,47.561264],[7.636119,47.563917],[7.633956,47.561224],[7.639974,47.558165],[7.648996,47.548296],[7.652472,47.546579],[7.66058,47.545217],[7.662649,47.543032],[7.664826,47.538435],[7.667971,47.535764],[7.679215,47.532792],[7.694939,47.532496],[7.697336,47.532908],[7.706621,47.53719],[7.715559,47.540791],[7.720422,47.542028],[7.735726,47.542918],[7.75064,47.544276],[7.754142,47.545427],[7.757744,47.548204],[7.772836,47.552225],[7.782135,47.553011],[7.788174,47.554518],[7.79082,47.555913],[7.795685,47.557382],[7.798924,47.561598],[7.80301,47.56487],[7.810086,47.568308],[7.811649,47.570286],[7.813882,47.578547],[7.815541,47.582621],[7.819459,47.587267],[7.822544,47.587988],[7.827232,47.587637],[7.833981,47.586462],[7.836419,47.583562],[7.840223,47.582197],[7.845162,47.582209],[7.853512,47.583875],[7.859863,47.587259],[7.869397,47.588755],[7.876699,47.588438],[7.883119,47.588919],[7.886765,47.588625],[7.89267,47.587156],[7.895106,47.58576],[7.897321,47.587318],[7.901043,47.591771],[7.90163,47.595097],[7.902997,47.596967],[7.898377,47.599672],[7.901286,47.601895],[7.893978,47.605053],[7.889763,47.604756],[7.885443,47.608352],[7.885547,47.610229],[7.882016,47.612174],[7.878009,47.616953],[7.877362,47.619905],[7.878915,47.622365],[7.879354,47.625235],[7.878683,47.628046],[7.879353,47.629841],[7.87301,47.632112],[7.874689,47.63633],[7.872128,47.638024],[7.871201,47.641967],[7.871302,47.645094],[7.872764,47.645104],[7.880535,47.642281],[7.884202,47.644166],[7.886581,47.644589],[7.892392,47.644165],[7.893261,47.643351],[7.901336,47.646166],[7.90343,47.647797],[7.909868,47.650032],[7.912061,47.652574],[7.913062,47.658305],[7.911282,47.662023],[7.90922,47.663188],[7.911237,47.665198],[7.914116,47.664841],[7.917792,47.665568],[7.922392,47.669807],[7.920939,47.671747],[7.92693,47.67417],[7.933508,47.674283],[7.935516,47.675305],[7.939122,47.675526],[7.947665,47.679143],[7.950104,47.679164],[7.95039,47.681842],[7.955034,47.68289],[7.958511,47.685973],[7.961456,47.685197],[7.963566,47.687454],[7.96782,47.68962],[7.969051,47.69234],[7.974828,47.695008],[7.975226,47.696871],[7.977434,47.697996],[7.976608,47.700481],[7.979395,47.700689],[7.981466,47.703357],[7.979112,47.706074],[7.980951,47.71129],[7.979783,47.714275],[7.972681,47.719955],[7.97074,47.724678],[7.966252,47.727426],[7.963885,47.726713],[7.957678,47.730166],[7.961356,47.731421],[7.968444,47.734717],[7.970502,47.737013],[7.969588,47.738593],[7.975065,47.744855],[7.973038,47.746375],[7.972785,47.748651],[7.969854,47.752291],[7.971752,47.754119],[7.970961,47.758657],[7.973247,47.761664],[7.977343,47.762813],[7.979253,47.766703],[7.981013,47.767233],[7.984428,47.766497],[7.9871,47.76719],[7.990768,47.766157],[7.993032,47.766458],[7.996282,47.768545],[8.001586,47.769789],[8.002856,47.7717],[8.002978,47.774965],[8.001962,47.777651],[8.004161,47.781037],[8.003875,47.784139],[8.002181,47.786124],[8.001763,47.78863],[8.00454,47.794462],[8.002877,47.796265],[7.999116,47.796754],[7.997504,47.805365],[8.000948,47.813372],[8.001094,47.817056],[7.999757,47.820822],[8.00018,47.827593],[8.01171,47.837313],[8.018905,47.841342]]]},"properties":{"rs":83360000000,"name":"Landkreis Lörrach"},"id":"relation/62587"},{"type":"Feature","geometry":{"type":"Polygon","coordinates":[[[8.755519,48.504093],[8.75602,48.506807],[8.761036,48.505992],[8.76436,48.510202],[8.765327,48.512833],[8.764923,48.516364],[8.763713,48.518302],[8.765915,48.519293],[8.771801,48.519606],[8.770868,48.522144],[8.769148,48.522345],[8.765048,48.522223],[8.762824,48.523542],[8.763495,48.525159],[8.760159,48.525667],[8.756058,48.525102],[8.755477,48.526053],[8.760018,48.527291],[8.758406,48.530983],[8.763174,48.531921],[8.763824,48.534161],[8.762654,48.538081],[8.757886,48.538056],[8.758379,48.544479],[8.769683,48.546433],[8.77257,48.548388],[8.765474,48.54855],[8.766345,48.554619],[8.763441,48.555807],[8.758501,48.555915],[8.757048,48.561472],[8.758367,48.564793],[8.756296,48.566802],[8.756379,48.570784],[8.7503,48.570659],[8.752399,48.575323],[8.754822,48.575432],[8.7554,48.582646],[8.754107,48.587533],[8.751572,48.590699],[8.751435,48.593181],[8.746437,48.596109],[8.748113,48.598967],[8.748046,48.603416],[8.754276,48.601861],[8.759308,48.603769],[8.778021,48.598963],[8.789862,48.596563],[8.79489,48.594145],[8.793286,48.600894],[8.793367,48.60433],[8.794622,48.605277],[8.795013,48.608944],[8.79969,48.610284],[8.801144,48.611546],[8.79968,48.617762],[8.797439,48.620977],[8.798364,48.623627],[8.796699,48.625603],[8.790422,48.627276],[8.789876,48.629086],[8.79211,48.631879],[8.795628,48.634849],[8.790819,48.638277],[8.793489,48.639476],[8.79795,48.643207],[8.800384,48.643497],[8.796997,48.647803],[8.799261,48.648784],[8.799572,48.655087],[8.798663,48.658722],[8.813536,48.664222],[8.819327,48.664793],[8.8182,48.668255],[8.819135,48.669419],[8.825717,48.669528],[8.825581,48.673672],[8.827244,48.676741],[8.833971,48.678648],[8.834329,48.680249],[8.836853,48.683095],[8.839989,48.682841],[8.84219,48.685114],[8.851078,48.684521],[8.85489,48.690603],[8.858771,48.693279],[8.860171,48.695549],[8.863152,48.697365],[8.86072,48.703556],[8.857432,48.704677],[8.855128,48.706826],[8.857086,48.707971],[8.864481,48.710045],[8.867295,48.714723],[8.864,48.716015],[8.864757,48.719058],[8.868012,48.72061],[8.871841,48.721203],[8.873739,48.722975],[8.876254,48.721728],[8.877507,48.724994],[8.872314,48.727314],[8.870469,48.727355],[8.864694,48.729913],[8.861876,48.732207],[8.857661,48.733155],[8.854096,48.734681],[8.848117,48.735513],[8.839962,48.735448],[8.835051,48.736189],[8.829382,48.736437],[8.830064,48.739493],[8.833271,48.743159],[8.835478,48.751274],[8.835244,48.754345],[8.834046,48.755303],[8.826669,48.758504],[8.821195,48.762209],[8.819708,48.762644],[8.817583,48.76608],[8.813871,48.765263],[8.811776,48.765689],[8.805084,48.770459],[8.801104,48.772056],[8.799884,48.773992],[8.804559,48.777901],[8.798001,48.778711],[8.795384,48.780084],[8.791068,48.780134],[8.783556,48.776389],[8.782153,48.774347],[8.768809,48.777169],[8.760259,48.782349],[8.756332,48.790523],[8.752575,48.793943],[8.749147,48.796093],[8.745868,48.797309],[8.743,48.800388],[8.743073,48.801624],[8.739923,48.803362],[8.733733,48.801914],[8.730837,48.79963],[8.726927,48.798464],[8.722853,48.801246],[8.721037,48.804874],[8.722624,48.810587],[8.721834,48.812831],[8.719889,48.814608],[8.715091,48.815976],[8.714156,48.817241],[8.714822,48.820205],[8.713185,48.822729],[8.710435,48.824124],[8.713371,48.825415],[8.71356,48.827233],[8.709997,48.829646],[8.702088,48.832444],[8.697856,48.837155],[8.693852,48.838158],[8.69083,48.837872],[8.691212,48.835064],[8.693026,48.834771],[8.693969,48.832324],[8.697892,48.82965],[8.697959,48.828077],[8.694372,48.82719],[8.695543,48.825907],[8.700628,48.82477],[8.696882,48.822465],[8.695615,48.817434],[8.694737,48.816667],[8.690136,48.816453],[8.68498,48.815494],[8.67783,48.816722],[8.673388,48.815265],[8.6702,48.813247],[8.669489,48.811581],[8.665522,48.810209],[8.662872,48.8129],[8.653759,48.812177],[8.651453,48.813751],[8.645867,48.815267],[8.642407,48.817872],[8.641333,48.817421],[8.635415,48.819782],[8.632866,48.822462],[8.629847,48.823638],[8.626762,48.82352],[8.621597,48.824774],[8.617978,48.828346],[8.612379,48.827393],[8.609998,48.825243],[8.607892,48.821441],[8.606699,48.81785],[8.609025,48.812361],[8.608711,48.810364],[8.603307,48.810097],[8.597415,48.808383],[8.594301,48.810132],[8.595333,48.811971],[8.589504,48.815592],[8.587876,48.81868],[8.585761,48.816914],[8.579524,48.814387],[8.577676,48.814831],[8.572299,48.813761],[8.570221,48.81396],[8.564693,48.812416],[8.562846,48.810759],[8.55835,48.810517],[8.556671,48.805606],[8.554729,48.803855],[8.55466,48.801903],[8.552962,48.800727],[8.554118,48.797216],[8.551183,48.794019],[8.551348,48.792284],[8.547622,48.788028],[8.547159,48.786671],[8.541236,48.784426],[8.537165,48.784294],[8.534561,48.784972],[8.530135,48.784985],[8.528162,48.78771],[8.519098,48.794097],[8.516817,48.797334],[8.518879,48.800373],[8.527518,48.800715],[8.530978,48.801657],[8.532945,48.803873],[8.527346,48.806868],[8.52708,48.808794],[8.524056,48.811045],[8.517823,48.813293],[8.50498,48.814005],[8.502299,48.81881],[8.500604,48.819695],[8.493041,48.820241],[8.489635,48.819674],[8.483761,48.819964],[8.480606,48.818398],[8.476824,48.818422],[8.474529,48.8203],[8.468939,48.821997],[8.463677,48.821762],[8.457972,48.82255],[8.451662,48.820289],[8.44541,48.820855],[8.44352,48.820103],[8.443931,48.817831],[8.441742,48.812865],[8.438402,48.812168],[8.431717,48.814329],[8.434662,48.819237],[8.428874,48.823223],[8.425108,48.826734],[8.423888,48.826196],[8.420381,48.82931],[8.4188,48.833009],[8.416582,48.835745],[8.417315,48.83054],[8.408413,48.829832],[8.40164,48.831219],[8.396891,48.831327],[8.39228,48.83499],[8.39031,48.83327],[8.387709,48.834609],[8.381488,48.833504],[8.378971,48.830906],[8.382574,48.830103],[8.385563,48.828571],[8.38988,48.824762],[8.394847,48.824368],[8.403039,48.822977],[8.404443,48.822096],[8.403349,48.818776],[8.403626,48.816346],[8.40883,48.812176],[8.40827,48.808893],[8.40294,48.809103],[8.396742,48.81021],[8.393277,48.803927],[8.397186,48.802595],[8.399824,48.802562],[8.403448,48.800451],[8.407559,48.799062],[8.411225,48.79486],[8.414139,48.792633],[8.419968,48.793653],[8.422653,48.792161],[8.425692,48.792171],[8.424348,48.787428],[8.425902,48.785011],[8.425427,48.782321],[8.428862,48.778661],[8.431771,48.777775],[8.433423,48.774045],[8.431716,48.772882],[8.434445,48.769577],[8.430453,48.766422],[8.430222,48.763161],[8.42889,48.759437],[8.425721,48.756919],[8.42135,48.755265],[8.420645,48.753303],[8.421946,48.743704],[8.429893,48.746077],[8.435172,48.748306],[8.44299,48.752816],[8.442959,48.757055],[8.446349,48.759394],[8.449147,48.760023],[8.456276,48.760186],[8.459637,48.763013],[8.463597,48.764293],[8.466078,48.764268],[8.471483,48.762305],[8.476482,48.761911],[8.478927,48.760639],[8.4819,48.757561],[8.485238,48.755914],[8.483833,48.75368],[8.48397,48.75055],[8.482209,48.747716],[8.482077,48.745501],[8.479884,48.742845],[8.479841,48.740679],[8.476903,48.737],[8.474703,48.736253],[8.474873,48.73156],[8.475884,48.729402],[8.475775,48.724245],[8.472739,48.720808],[8.470246,48.719601],[8.459555,48.718835],[8.458329,48.717086],[8.459631,48.709342],[8.46072,48.705913],[8.467048,48.700331],[8.458889,48.697551],[8.452961,48.697725],[8.449976,48.699858],[8.447737,48.699512],[8.439161,48.695137],[8.443361,48.6925],[8.448016,48.686225],[8.448097,48.679488],[8.447017,48.672506],[8.445411,48.666188],[8.447718,48.663324],[8.446258,48.65995],[8.444016,48.658043],[8.439841,48.659909],[8.438725,48.661399],[8.430506,48.660087],[8.430758,48.657798],[8.436188,48.655504],[8.435344,48.650969],[8.431151,48.648315],[8.42995,48.644458],[8.422336,48.644477],[8.417642,48.646044],[8.416333,48.645745],[8.413738,48.642024],[8.413665,48.640333],[8.409577,48.639428],[8.414587,48.636219],[8.413024,48.635284],[8.405259,48.637791],[8.405347,48.636],[8.409721,48.63479],[8.418422,48.634848],[8.418702,48.637217],[8.42269,48.635866],[8.426774,48.632749],[8.429893,48.631304],[8.432528,48.626821],[8.434064,48.626022],[8.444232,48.625282],[8.444902,48.619796],[8.448561,48.617994],[8.453485,48.617732],[8.455001,48.614275],[8.460223,48.612369],[8.462455,48.609255],[8.467758,48.605628],[8.471511,48.611991],[8.474265,48.611735],[8.478699,48.610127],[8.480943,48.608464],[8.492251,48.604245],[8.493915,48.601426],[8.493278,48.59965],[8.49498,48.597607],[8.500311,48.594425],[8.505372,48.593144],[8.522272,48.591235],[8.526777,48.591938],[8.530437,48.591505],[8.533727,48.588977],[8.53878,48.588593],[8.541786,48.587624],[8.543412,48.586076],[8.543615,48.583159],[8.545656,48.582295],[8.552856,48.5752],[8.554234,48.575591],[8.55793,48.571404],[8.562896,48.569008],[8.566355,48.572339],[8.572673,48.576119],[8.575126,48.576524],[8.576811,48.574718],[8.576729,48.571692],[8.577679,48.570013],[8.578065,48.565048],[8.576261,48.561513],[8.57338,48.560425],[8.568482,48.559712],[8.563129,48.557282],[8.560245,48.555198],[8.559591,48.551203],[8.560151,48.549246],[8.574212,48.545697],[8.57661,48.548612],[8.580006,48.54674],[8.586134,48.544787],[8.591129,48.552955],[8.59539,48.55465],[8.596109,48.553399],[8.601733,48.550586],[8.602617,48.547096],[8.60478,48.549036],[8.606782,48.549395],[8.614624,48.545991],[8.614421,48.542179],[8.615639,48.541441],[8.620686,48.540999],[8.623576,48.539685],[8.627871,48.538946],[8.626205,48.53693],[8.620872,48.535702],[8.617714,48.531412],[8.615512,48.529491],[8.611732,48.527863],[8.610736,48.524469],[8.604301,48.524455],[8.602495,48.519557],[8.598612,48.515533],[8.598068,48.512153],[8.602176,48.507334],[8.605903,48.504603],[8.607934,48.504248],[8.611853,48.506099],[8.617014,48.507422],[8.618936,48.506464],[8.621365,48.50131],[8.624076,48.501669],[8.632632,48.501087],[8.635331,48.499875],[8.639696,48.503876],[8.643821,48.503462],[8.65372,48.504497],[8.656587,48.505302],[8.65781,48.50675],[8.663169,48.509054],[8.670387,48.510199],[8.674055,48.510109],[8.674003,48.508469],[8.676592,48.503399],[8.679099,48.500374],[8.685263,48.494473],[8.688398,48.492545],[8.691683,48.492073],[8.693884,48.487941],[8.693277,48.483939],[8.702499,48.483935],[8.702852,48.48679],[8.71066,48.486219],[8.716313,48.484757],[8.715564,48.48795],[8.721873,48.487935],[8.733701,48.487058],[8.735136,48.487412],[8.732997,48.490943],[8.733119,48.492559],[8.736766,48.492644],[8.736795,48.49457],[8.739801,48.496338],[8.738677,48.50357],[8.739297,48.504594],[8.748001,48.506539],[8.752003,48.506847],[8.755519,48.504093]]]},"properties":{"rs":82350000000,"name":"Landkreis Calw"},"id":"relation/62601"},{"type":"Feature","geometry":{"type":"MultiPolygon","coordinates":[[[[9.052627,47.702709],[9.049975,47.704842],[9.04821,47.707336],[9.040515,47.708269],[9.042443,47.705279],[9.044926,47.703743],[9.043296,47.701702],[9.040758,47.701409],[9.043998,47.697781],[9.042383,47.694351],[9.044021,47.693087],[9.049874,47.6918],[9.054115,47.69003],[9.060805,47.688869],[9.069837,47.685405],[9.073488,47.685226],[9.08011,47.684042],[9.081431,47.683132],[9.091799,47.686276],[9.082296,47.69047],[9.079333,47.692584],[9.077639,47.694739],[9.07545,47.695278],[9.072967,47.697693],[9.066719,47.698588],[9.061439,47.703026],[9.057041,47.704284],[9.056156,47.701987],[9.052627,47.702709]]],[[[9.200933,47.705157],[9.198669,47.707354],[9.196508,47.708047],[9.191121,47.707309],[9.188041,47.70395],[9.192608,47.703846],[9.194402,47.702673],[9.20053,47.702551],[9.200933,47.705157]]],[[[8.669418,47.684894],[8.672183,47.685279],[8.678626,47.687719],[8.683906,47.690811],[8.687839,47.694417],[8.691668,47.6953],[8.699026,47.69313],[8.704466,47.690492],[8.707614,47.689574],[8.714044,47.689583],[8.717873,47.69069],[8.71761,47.694942],[8.711379,47.696338],[8.711795,47.701749],[8.708908,47.704153],[8.707779,47.707809],[8.704627,47.713436],[8.70127,47.715199],[8.697413,47.713763],[8.689662,47.711724],[8.690308,47.709459],[8.683823,47.708737],[8.679916,47.710568],[8.68132,47.712424],[8.677133,47.713095],[8.674205,47.712699],[8.671362,47.711013],[8.664621,47.713382],[8.666006,47.70787],[8.673559,47.704896],[8.676389,47.698098],[8.674093,47.697875],[8.673931,47.695632],[8.669665,47.69363],[8.668369,47.692099],[8.659869,47.69133],[8.659691,47.689484],[8.664053,47.68815],[8.663416,47.685785],[8.669418,47.684894]]],[[[9.123502,47.674237],[9.120589,47.673716],[9.12121,47.671196],[9.124888,47.668511],[9.123502,47.674237]]],[[[9.01255,47.936906],[9.008149,47.934494],[9.001371,47.934256],[8.995472,47.932762],[8.983886,47.938024],[8.978557,47.937608],[8.980729,47.935269],[8.975389,47.929881],[8.976504,47.926144],[8.980874,47.924623],[8.973267,47.922243],[8.970085,47.923989],[8.964628,47.924394],[8.960015,47.929286],[8.953207,47.934089],[8.951287,47.931917],[8.945735,47.929126],[8.942942,47.928458],[8.932148,47.924573],[8.923494,47.922163],[8.919111,47.922131],[8.917349,47.920771],[8.905543,47.920069],[8.903203,47.919237],[8.904269,47.916674],[8.90077,47.91456],[8.897478,47.915521],[8.889715,47.913286],[8.880847,47.912558],[8.877448,47.911063],[8.875995,47.908177],[8.873035,47.906331],[8.872243,47.904699],[8.863745,47.898826],[8.864159,47.892999],[8.857285,47.890982],[8.858781,47.889191],[8.853452,47.885083],[8.852156,47.880931],[8.848002,47.878931],[8.826641,47.88124],[8.816292,47.888324],[8.818838,47.89307],[8.82144,47.895092],[8.819837,47.897379],[8.820545,47.899455],[8.823042,47.902363],[8.820306,47.903547],[8.820717,47.906642],[8.818675,47.908467],[8.819226,47.910304],[8.823893,47.911725],[8.824319,47.913565],[8.822084,47.915664],[8.824267,47.917263],[8.821686,47.922157],[8.81916,47.925516],[8.817107,47.925169],[8.814673,47.92293],[8.809148,47.919493],[8.803902,47.918582],[8.80097,47.916902],[8.799387,47.913456],[8.801864,47.910984],[8.803993,47.907043],[8.801222,47.902676],[8.798177,47.900746],[8.796756,47.896048],[8.800827,47.892741],[8.800342,47.891599],[8.802882,47.888704],[8.794249,47.891661],[8.79056,47.892374],[8.786754,47.8949],[8.77837,47.895253],[8.773528,47.894467],[8.769455,47.892035],[8.76655,47.891294],[8.760841,47.892257],[8.756072,47.891765],[8.751622,47.890578],[8.745722,47.888039],[8.737507,47.88684],[8.732874,47.885499],[8.728754,47.889663],[8.727117,47.897506],[8.725786,47.900721],[8.724196,47.902081],[8.721607,47.899414],[8.714547,47.894633],[8.716092,47.892345],[8.717045,47.8877],[8.711017,47.885017],[8.708642,47.880061],[8.706886,47.879843],[8.702879,47.884177],[8.695368,47.888155],[8.690577,47.888221],[8.691609,47.884586],[8.690974,47.881968],[8.696677,47.876541],[8.694852,47.875594],[8.695291,47.870173],[8.697957,47.867828],[8.697836,47.864094],[8.695941,47.861872],[8.696226,47.860153],[8.691297,47.860038],[8.687958,47.857247],[8.691603,47.852427],[8.687236,47.852343],[8.678323,47.849585],[8.674713,47.849969],[8.67206,47.848577],[8.668178,47.850229],[8.66771,47.848074],[8.662228,47.848212],[8.658239,47.846794],[8.656019,47.848487],[8.650664,47.850807],[8.650665,47.853589],[8.645743,47.855358],[8.640243,47.854552],[8.636752,47.850789],[8.637951,47.849129],[8.634691,47.847766],[8.634217,47.845736],[8.629481,47.841712],[8.628434,47.839864],[8.628805,47.832964],[8.626326,47.82758],[8.626918,47.822267],[8.623795,47.819903],[8.622743,47.817639],[8.625129,47.814035],[8.6214,47.813749],[8.61881,47.811768],[8.616966,47.809195],[8.619177,47.805415],[8.617372,47.803004],[8.613925,47.801227],[8.618602,47.798323],[8.617897,47.796047],[8.622137,47.794866],[8.620491,47.788957],[8.615752,47.787152],[8.615081,47.783977],[8.618771,47.778154],[8.623355,47.777286],[8.621031,47.771841],[8.619403,47.769818],[8.61943,47.767668],[8.625022,47.763899],[8.627687,47.759401],[8.631653,47.758196],[8.633931,47.760253],[8.642383,47.765216],[8.644458,47.764314],[8.647553,47.766969],[8.645332,47.768535],[8.649321,47.77038],[8.652953,47.773403],[8.651107,47.774348],[8.648098,47.77407],[8.650068,47.781343],[8.649164,47.784295],[8.645444,47.78723],[8.645749,47.790711],[8.646933,47.794714],[8.64892,47.794992],[8.649605,47.798461],[8.653331,47.799899],[8.656863,47.800441],[8.660298,47.796332],[8.660002,47.794],[8.657393,47.79175],[8.662299,47.791769],[8.665245,47.790365],[8.66756,47.787703],[8.671105,47.787597],[8.677095,47.785725],[8.678409,47.786788],[8.682369,47.783698],[8.683319,47.780493],[8.683212,47.777301],[8.688627,47.773521],[8.683585,47.770598],[8.686793,47.765281],[8.688709,47.758359],[8.694795,47.755745],[8.697345,47.756635],[8.699099,47.759285],[8.703292,47.761109],[8.706994,47.763683],[8.709541,47.763145],[8.714089,47.765415],[8.721388,47.763094],[8.727327,47.762268],[8.730809,47.759608],[8.728945,47.757969],[8.741137,47.751985],[8.741438,47.748183],[8.739537,47.746518],[8.734271,47.746558],[8.731003,47.745844],[8.728053,47.746139],[8.726591,47.745035],[8.723622,47.74565],[8.72162,47.743956],[8.720231,47.741002],[8.714589,47.738594],[8.714194,47.736317],[8.711144,47.730148],[8.713783,47.727759],[8.717926,47.721627],[8.721531,47.721745],[8.724672,47.72016],[8.732985,47.718516],[8.736292,47.716337],[8.7322,47.711767],[8.731071,47.707572],[8.72845,47.702454],[8.726486,47.696623],[8.728023,47.692764],[8.735486,47.692698],[8.741984,47.691177],[8.750913,47.690814],[8.759167,47.688951],[8.765868,47.686493],[8.769512,47.684594],[8.774914,47.680621],[8.787721,47.675729],[8.791332,47.67497],[8.796034,47.675335],[8.793514,47.680113],[8.79596,47.684429],[8.796818,47.688103],[8.80009,47.691858],[8.805376,47.691545],[8.810095,47.693362],[8.806319,47.696519],[8.804063,47.696337],[8.797584,47.697216],[8.798523,47.700446],[8.796823,47.702752],[8.790749,47.705294],[8.787404,47.704586],[8.779812,47.705677],[8.774222,47.705928],[8.769376,47.706854],[8.769659,47.70917],[8.771479,47.710077],[8.772867,47.713224],[8.770311,47.715031],[8.769697,47.717837],[8.774606,47.719132],[8.776523,47.720763],[8.776298,47.722732],[8.780712,47.721602],[8.783625,47.726166],[8.786592,47.726344],[8.7918,47.728807],[8.799182,47.727127],[8.799106,47.728885],[8.796465,47.734556],[8.79943,47.736132],[8.807567,47.737145],[8.807097,47.73469],[8.80853,47.731219],[8.812163,47.730432],[8.80978,47.727562],[8.805608,47.725908],[8.808462,47.72462],[8.812691,47.723774],[8.818517,47.717652],[8.825363,47.718716],[8.82554,47.717033],[8.818926,47.713307],[8.822317,47.712422],[8.823752,47.710985],[8.830072,47.71188],[8.833576,47.714567],[8.840664,47.712814],[8.84575,47.711165],[8.845849,47.708565],[8.848328,47.703377],[8.854687,47.704881],[8.861017,47.704138],[8.864156,47.705239],[8.868281,47.705387],[8.872957,47.703784],[8.870985,47.701493],[8.873737,47.698191],[8.876133,47.696856],[8.874439,47.694301],[8.87104,47.693431],[8.86604,47.693823],[8.866292,47.696389],[8.863214,47.698437],[8.860193,47.696512],[8.858066,47.698751],[8.855874,47.69729],[8.851831,47.696718],[8.850803,47.694669],[8.854736,47.694508],[8.857708,47.692657],[8.85634,47.689101],[8.853408,47.687837],[8.851075,47.685595],[8.850531,47.681177],[8.856253,47.680277],[8.860559,47.680312],[8.867873,47.675897],[8.870643,47.671705],[8.873426,47.670219],[8.876154,47.66045],[8.875421,47.656246],[8.878786,47.656634],[8.880075,47.655387],[8.883227,47.655776],[8.888389,47.654157],[8.88989,47.654293],[8.893299,47.652249],[8.897698,47.652748],[8.901599,47.654806],[8.907699,47.655526],[8.912826,47.655321],[8.915028,47.657207],[8.925008,47.66017],[8.928342,47.659955],[8.92978,47.658754],[8.938516,47.658752],[8.938731,47.66092],[8.942978,47.66362],[8.947731,47.665279],[8.94988,47.667158],[8.958997,47.670635],[8.962379,47.671216],[8.967535,47.671086],[8.971305,47.671881],[8.974002,47.676078],[8.977203,47.677962],[8.982547,47.679159],[8.987544,47.68167],[8.991276,47.682266],[8.993472,47.684095],[8.998407,47.686658],[9.002876,47.691751],[9.007453,47.695641],[9.006761,47.697004],[8.997532,47.704827],[8.992651,47.70717],[8.988901,47.707845],[8.972731,47.711937],[8.968652,47.714468],[8.961627,47.71723],[8.95474,47.720723],[8.949352,47.721509],[8.943843,47.723692],[8.94027,47.728401],[8.941646,47.731953],[8.944394,47.733904],[8.949654,47.735976],[8.952743,47.735649],[8.956873,47.737056],[8.961694,47.737241],[8.968736,47.734986],[8.974047,47.735379],[8.983789,47.732253],[8.988921,47.729479],[8.991386,47.729406],[8.993217,47.727489],[8.99658,47.72684],[8.999181,47.725286],[9.004307,47.726074],[9.006241,47.723542],[9.007966,47.723531],[9.009922,47.720628],[9.014501,47.719596],[9.015873,47.721633],[9.014361,47.723413],[9.010432,47.725559],[9.008055,47.72763],[9.003814,47.729173],[9.001018,47.731022],[9.000374,47.733672],[8.990731,47.734423],[8.985794,47.736417],[8.984146,47.737788],[8.983147,47.741157],[8.9862,47.743009],[8.989616,47.743653],[8.997071,47.742384],[9.001723,47.737774],[9.005995,47.735593],[9.008132,47.735692],[9.01292,47.732897],[9.02353,47.72826],[9.028219,47.727299],[9.03512,47.72661],[9.036792,47.723915],[9.045784,47.722211],[9.050474,47.719898],[9.066977,47.714528],[9.067554,47.71243],[9.071299,47.712272],[9.080704,47.708854],[9.085815,47.708242],[9.093667,47.705716],[9.096734,47.702861],[9.099699,47.702186],[9.103255,47.697738],[9.106156,47.695609],[9.107266,47.692041],[9.104356,47.691095],[9.102687,47.688149],[9.099193,47.687272],[9.093841,47.689324],[9.094451,47.687168],[9.097578,47.685963],[9.105591,47.686116],[9.105745,47.685302],[9.111927,47.685223],[9.117271,47.681565],[9.118953,47.678768],[9.123464,47.676187],[9.126174,47.67383],[9.127051,47.671638],[9.126734,47.668565],[9.128497,47.667319],[9.133508,47.666819],[9.138706,47.664832],[9.141893,47.665243],[9.148878,47.669103],[9.150486,47.66753],[9.157839,47.665763],[9.160009,47.662843],[9.169738,47.656023],[9.175492,47.655773],[9.17591,47.654003],[9.181817,47.655957],[9.181213,47.65793],[9.181909,47.660445],[9.177846,47.664813],[9.181136,47.666322],[9.18652,47.666797],[9.191175,47.666679],[9.194517,47.665524],[9.207354,47.662976],[9.214451,47.665749],[9.218044,47.665961],[9.214104,47.670279],[9.210259,47.676251],[9.211382,47.682348],[9.207631,47.687263],[9.202169,47.691431],[9.195314,47.694827],[9.187356,47.697729],[9.185232,47.702165],[9.182323,47.703234],[9.17956,47.706651],[9.180031,47.709956],[9.181258,47.711739],[9.180189,47.716659],[9.178507,47.720383],[9.17763,47.726064],[9.174954,47.730157],[9.174532,47.733203],[9.170672,47.735764],[9.166872,47.736464],[9.162592,47.738303],[9.156459,47.741705],[9.151321,47.745635],[9.149275,47.748718],[9.145447,47.747899],[9.137257,47.746888],[9.13003,47.75003],[9.126008,47.75248],[9.119295,47.757728],[9.110304,47.762026],[9.105262,47.762729],[9.100508,47.764726],[9.091763,47.766726],[9.089428,47.768055],[9.080512,47.771876],[9.073491,47.776123],[9.069366,47.777829],[9.065525,47.78046],[9.06396,47.782474],[9.06107,47.783806],[9.055987,47.789068],[9.051383,47.791041],[9.049156,47.79297],[9.047785,47.796221],[9.045865,47.796425],[9.041909,47.798667],[9.039669,47.800661],[9.034737,47.801662],[9.03099,47.804613],[9.031293,47.808137],[9.033857,47.809052],[9.033788,47.811429],[9.039494,47.81514],[9.039221,47.817643],[9.044658,47.816499],[9.053051,47.815323],[9.055109,47.814057],[9.061187,47.815137],[9.065082,47.813295],[9.070659,47.806923],[9.074702,47.808547],[9.074823,47.809988],[9.077282,47.812307],[9.079976,47.81183],[9.082254,47.812624],[9.083279,47.814701],[9.080251,47.817374],[9.076534,47.819688],[9.078256,47.823475],[9.080268,47.824856],[9.080618,47.827657],[9.079039,47.832338],[9.07601,47.83272],[9.073301,47.834285],[9.072576,47.836784],[9.069877,47.838148],[9.070701,47.840611],[9.073937,47.842067],[9.071277,47.84412],[9.071664,47.846206],[9.069659,47.846572],[9.066743,47.848945],[9.068629,47.852004],[9.065675,47.854202],[9.065934,47.85609],[9.07014,47.858565],[9.074157,47.859136],[9.076024,47.858427],[9.085017,47.857597],[9.086433,47.852772],[9.088708,47.850268],[9.090888,47.850658],[9.092093,47.848395],[9.095252,47.846232],[9.097801,47.846558],[9.099047,47.843927],[9.101312,47.843621],[9.103823,47.841567],[9.107596,47.841999],[9.10947,47.84455],[9.111777,47.843996],[9.113842,47.841288],[9.120847,47.842066],[9.122401,47.844869],[9.128939,47.846781],[9.125708,47.850109],[9.128084,47.854092],[9.124346,47.855897],[9.119628,47.857368],[9.121853,47.861837],[9.12608,47.860715],[9.132114,47.862561],[9.13756,47.859093],[9.138596,47.861726],[9.134131,47.863258],[9.130535,47.865136],[9.133403,47.868255],[9.136856,47.869874],[9.139877,47.869863],[9.145947,47.873361],[9.145361,47.875761],[9.148811,47.882012],[9.14732,47.885042],[9.146904,47.888855],[9.145579,47.891702],[9.146614,47.893743],[9.149969,47.895493],[9.146536,47.898053],[9.142484,47.898108],[9.137199,47.897303],[9.133141,47.898912],[9.128542,47.898242],[9.126557,47.900714],[9.121782,47.902206],[9.117442,47.904711],[9.114006,47.905379],[9.111165,47.906898],[9.104484,47.905532],[9.102148,47.910448],[9.099136,47.911828],[9.097306,47.914322],[9.094183,47.913745],[9.084557,47.916502],[9.076156,47.917095],[9.071516,47.916723],[9.067275,47.915477],[9.06476,47.915983],[9.065581,47.919903],[9.066852,47.921893],[9.066571,47.924611],[9.068951,47.927024],[9.068952,47.930059],[9.071216,47.932546],[9.075539,47.934225],[9.081548,47.940168],[9.073465,47.94252],[9.066225,47.941317],[9.062868,47.94],[9.054982,47.938586],[9.048493,47.935455],[9.044369,47.936359],[9.032764,47.936529],[9.02499,47.935489],[9.020403,47.937222],[9.01255,47.936906]]]]},"properties":{"rs":83350000000,"name":"Landkreis Konstanz"},"id":"relation/62603"},{"type":"Feature","geometry":{"type":"MultiPolygon","coordinates":[[[[8.303964,48.34905],[8.299326,48.348678],[8.297211,48.351642],[8.291201,48.357872],[8.287398,48.358056],[8.283898,48.360487],[8.275994,48.362022],[8.273944,48.363012],[8.268771,48.359722],[8.266106,48.364354],[8.259613,48.366107],[8.256044,48.364292],[8.25413,48.362133],[8.25143,48.365052],[8.253674,48.370391],[8.259664,48.375821],[8.261509,48.375939],[8.26333,48.37958],[8.255626,48.380388],[8.25547,48.382163],[8.247338,48.38555],[8.247782,48.387823],[8.247041,48.395353],[8.240455,48.397136],[8.232842,48.401381],[8.234335,48.403287],[8.241085,48.405608],[8.240969,48.411376],[8.245714,48.413707],[8.25222,48.41315],[8.254599,48.413666],[8.255137,48.418007],[8.259443,48.422459],[8.259387,48.424127],[8.255438,48.425629],[8.254116,48.428448],[8.254077,48.43362],[8.256142,48.434289],[8.261267,48.43343],[8.264386,48.435522],[8.263117,48.439797],[8.264407,48.442294],[8.268406,48.44719],[8.268829,48.448972],[8.266394,48.453567],[8.266614,48.45535],[8.264735,48.457143],[8.264317,48.462994],[8.268268,48.46922],[8.266908,48.473242],[8.270871,48.477125],[8.274957,48.479091],[8.273722,48.480787],[8.272231,48.486259],[8.269812,48.487612],[8.26657,48.490669],[8.257674,48.49365],[8.251677,48.494163],[8.249091,48.493168],[8.244689,48.493088],[8.241935,48.491697],[8.23988,48.493961],[8.235149,48.495991],[8.234178,48.497466],[8.228765,48.4978],[8.225418,48.501222],[8.222356,48.503434],[8.219116,48.507161],[8.218525,48.511215],[8.22121,48.51242],[8.222494,48.514236],[8.220941,48.518467],[8.219393,48.519926],[8.213333,48.521846],[8.214759,48.527989],[8.213314,48.529272],[8.21522,48.532801],[8.215592,48.535525],[8.219343,48.536909],[8.219465,48.538862],[8.215566,48.54286],[8.216886,48.54664],[8.216979,48.551155],[8.213756,48.554428],[8.212634,48.558163],[8.220103,48.560051],[8.223001,48.561904],[8.228692,48.564509],[8.229589,48.568993],[8.235349,48.571817],[8.236881,48.576036],[8.235639,48.580283],[8.228169,48.580027],[8.227284,48.583009],[8.223252,48.584745],[8.220306,48.587519],[8.220341,48.592532],[8.21692,48.596943],[8.209864,48.599766],[8.206479,48.602184],[8.209108,48.604199],[8.21382,48.605328],[8.216576,48.605334],[8.222052,48.603184],[8.231391,48.606146],[8.234369,48.606111],[8.240672,48.604126],[8.24746,48.602832],[8.24856,48.608598],[8.244147,48.608839],[8.239343,48.610262],[8.232928,48.61118],[8.233968,48.616042],[8.238832,48.615709],[8.240737,48.61774],[8.242067,48.623354],[8.241046,48.62924],[8.236628,48.629658],[8.228796,48.631067],[8.227228,48.627357],[8.219846,48.628979],[8.214818,48.62918],[8.20151,48.628802],[8.200324,48.627949],[8.195065,48.631674],[8.180715,48.640074],[8.178772,48.638903],[8.176584,48.639673],[8.170223,48.638226],[8.161906,48.640356],[8.164911,48.645459],[8.16085,48.646258],[8.156346,48.649443],[8.152798,48.649357],[8.151346,48.651054],[8.146184,48.653569],[8.141066,48.653506],[8.136792,48.657019],[8.134649,48.65516],[8.126442,48.654668],[8.122983,48.651489],[8.121755,48.649081],[8.116011,48.65031],[8.112401,48.650194],[8.107864,48.651254],[8.104487,48.655022],[8.096382,48.656234],[8.094731,48.658934],[8.0898,48.660871],[8.088579,48.663336],[8.084524,48.66258],[8.083385,48.665614],[8.080985,48.665431],[8.072993,48.67184],[8.07455,48.673494],[8.066731,48.674136],[8.065718,48.671675],[8.062639,48.671809],[8.062978,48.674314],[8.053844,48.674406],[8.047342,48.676257],[8.038706,48.676062],[8.033303,48.674826],[8.033281,48.678087],[8.037836,48.679423],[8.036565,48.68212],[8.031992,48.683083],[8.02914,48.681647],[8.019607,48.679498],[8.018191,48.682209],[8.020415,48.686528],[8.015754,48.687759],[8.014234,48.687238],[8.016868,48.683027],[8.014508,48.681068],[8.009676,48.684829],[8.007581,48.684996],[8.001762,48.687282],[7.995126,48.687231],[7.989393,48.68841],[7.982224,48.687245],[7.974861,48.688905],[7.973503,48.691486],[7.978036,48.695388],[7.980815,48.699262],[7.984748,48.698916],[7.990535,48.70114],[7.986841,48.704762],[7.989275,48.706119],[7.98048,48.707884],[7.981299,48.711815],[7.977461,48.713062],[7.977339,48.714484],[7.970182,48.717083],[7.964257,48.71728],[7.959277,48.718476],[7.948618,48.709894],[7.936264,48.699673],[7.89386,48.665362],[7.888289,48.661657],[7.88341,48.659352],[7.860008,48.65005],[7.84902,48.647208],[7.844278,48.645338],[7.841739,48.643542],[7.837624,48.637796],[7.833457,48.62599],[7.830023,48.619402],[7.822807,48.611194],[7.804995,48.592798],[7.801339,48.586943],[7.800203,48.580413],[7.801101,48.575569],[7.803999,48.567543],[7.80514,48.562503],[7.805862,48.554798],[7.805705,48.549911],[7.803838,48.541503],[7.80377,48.534293],[7.806036,48.526565],[7.806755,48.521743],[7.806146,48.516689],[7.80473,48.512588],[7.800361,48.506439],[7.794704,48.501619],[7.788929,48.498959],[7.782463,48.496852],[7.773725,48.493473],[7.770267,48.491666],[7.767706,48.488748],[7.767142,48.486263],[7.767292,48.476985],[7.766717,48.464173],[7.76586,48.458945],[7.76318,48.45118],[7.761003,48.446844],[7.749258,48.427342],[7.744956,48.419776],[7.73712,48.406666],[7.735055,48.402606],[7.732599,48.395677],[7.731247,48.388813],[7.731016,48.384248],[7.731638,48.377805],[7.733154,48.371381],[7.738628,48.355329],[7.745748,48.332628],[7.745053,48.328638],[7.741494,48.322995],[7.737195,48.31968],[7.733232,48.31758],[7.720293,48.314255],[7.707337,48.310684],[7.700359,48.307275],[7.69448,48.302644],[7.690672,48.297045],[7.689664,48.294291],[7.689232,48.290082],[7.689342,48.284142],[7.688896,48.279679],[7.685777,48.270381],[7.680878,48.257159],[7.691722,48.25601],[7.69718,48.256743],[7.698787,48.258616],[7.702736,48.260511],[7.711455,48.259353],[7.718772,48.25493],[7.719394,48.252987],[7.722478,48.252256],[7.722567,48.250571],[7.727994,48.245903],[7.73079,48.244557],[7.7347,48.235836],[7.740166,48.237873],[7.740749,48.236396],[7.745028,48.237851],[7.745944,48.240234],[7.753548,48.239082],[7.753992,48.240051],[7.75929,48.240011],[7.765321,48.241036],[7.768013,48.242214],[7.772389,48.24182],[7.779237,48.240355],[7.782018,48.238701],[7.77996,48.236292],[7.782505,48.234342],[7.785604,48.234115],[7.792417,48.235149],[7.795634,48.232836],[7.799214,48.23207],[7.801941,48.229948],[7.8079,48.228546],[7.81475,48.224561],[7.818452,48.225098],[7.824592,48.228795],[7.827144,48.229702],[7.830915,48.234619],[7.839425,48.233877],[7.846795,48.232567],[7.849223,48.233841],[7.854097,48.231011],[7.856427,48.22857],[7.862812,48.228446],[7.865252,48.2271],[7.87223,48.224524],[7.878899,48.224956],[7.883443,48.22252],[7.885994,48.222343],[7.889185,48.22327],[7.89786,48.220742],[7.904295,48.220718],[7.914403,48.21863],[7.917721,48.218375],[7.916895,48.215234],[7.914818,48.214402],[7.909379,48.214725],[7.903999,48.213762],[7.907049,48.211138],[7.91132,48.211024],[7.916029,48.209834],[7.92848,48.208655],[7.932861,48.20957],[7.93462,48.21111],[7.939648,48.20884],[7.939997,48.207536],[7.947482,48.204007],[7.949031,48.202542],[7.95679,48.205668],[7.958893,48.205449],[7.962487,48.206726],[7.967733,48.205695],[7.970961,48.205857],[7.975354,48.204048],[7.977795,48.201886],[7.981397,48.201728],[7.991411,48.208546],[8.001422,48.210031],[8.00283,48.213091],[7.997655,48.216612],[7.997059,48.218334],[7.993096,48.221495],[7.993764,48.223722],[8.000176,48.226406],[8.001383,48.228468],[8.006982,48.228481],[8.014619,48.231995],[8.017778,48.234222],[8.022716,48.232757],[8.026086,48.232641],[8.030224,48.231572],[8.028768,48.227005],[8.02959,48.225183],[8.033814,48.222891],[8.036005,48.222532],[8.043095,48.22318],[8.051242,48.221551],[8.055154,48.224873],[8.06708,48.22738],[8.072548,48.226118],[8.071634,48.224345],[8.079085,48.222801],[8.079669,48.224183],[8.084073,48.222139],[8.088034,48.217913],[8.090602,48.216254],[8.091327,48.213696],[8.099137,48.209124],[8.104373,48.208121],[8.107125,48.20933],[8.10864,48.211348],[8.111492,48.211924],[8.116026,48.210281],[8.121527,48.212539],[8.12464,48.216451],[8.12391,48.218885],[8.126388,48.220399],[8.132594,48.217751],[8.136561,48.21943],[8.139153,48.219687],[8.141752,48.222995],[8.14541,48.224153],[8.146618,48.22573],[8.150987,48.227928],[8.157843,48.228939],[8.165849,48.225693],[8.16656,48.219667],[8.169966,48.216119],[8.172318,48.215458],[8.170927,48.21324],[8.171886,48.210382],[8.175431,48.207765],[8.180459,48.206905],[8.182913,48.204593],[8.184756,48.204893],[8.187832,48.202308],[8.186704,48.200144],[8.181731,48.196011],[8.180426,48.193238],[8.180618,48.19072],[8.179158,48.187965],[8.179914,48.183995],[8.186172,48.18276],[8.192049,48.177583],[8.194559,48.17987],[8.195856,48.177657],[8.19846,48.176583],[8.197875,48.174633],[8.207094,48.171892],[8.208613,48.170545],[8.205853,48.16838],[8.205864,48.16649],[8.208935,48.164957],[8.212546,48.166924],[8.21442,48.164765],[8.212927,48.160726],[8.217128,48.15901],[8.225832,48.158388],[8.230292,48.161193],[8.230874,48.16418],[8.234951,48.168841],[8.23916,48.169815],[8.237619,48.172598],[8.239703,48.174663],[8.23769,48.180181],[8.242076,48.180616],[8.243503,48.181469],[8.242004,48.185259],[8.244348,48.185543],[8.24768,48.184057],[8.252329,48.18311],[8.253726,48.181605],[8.258396,48.179561],[8.260001,48.177824],[8.263723,48.177469],[8.26613,48.175965],[8.272401,48.175844],[8.272961,48.174682],[8.279543,48.171808],[8.282016,48.171576],[8.286969,48.176968],[8.29111,48.180322],[8.293094,48.183695],[8.29918,48.183756],[8.30769,48.189101],[8.310061,48.19152],[8.310764,48.195581],[8.309003,48.199099],[8.311788,48.202417],[8.313006,48.205362],[8.31141,48.21018],[8.312222,48.213634],[8.304826,48.215137],[8.298142,48.21778],[8.29991,48.220469],[8.298816,48.221959],[8.296083,48.221607],[8.29498,48.227244],[8.293311,48.23017],[8.293498,48.234494],[8.301096,48.240995],[8.298747,48.242158],[8.290937,48.243514],[8.289295,48.246631],[8.287135,48.247699],[8.290584,48.251105],[8.292405,48.253955],[8.29596,48.256485],[8.296678,48.258339],[8.289716,48.259854],[8.286804,48.26142],[8.289427,48.262358],[8.291267,48.264488],[8.291523,48.268465],[8.290371,48.270737],[8.288167,48.271482],[8.288332,48.275645],[8.286886,48.277317],[8.287591,48.280611],[8.287247,48.283657],[8.282773,48.2806],[8.280798,48.281235],[8.276955,48.286791],[8.27739,48.289545],[8.283616,48.287762],[8.286136,48.288255],[8.286947,48.290149],[8.290233,48.290749],[8.292335,48.288944],[8.297323,48.291599],[8.301254,48.292058],[8.304923,48.293706],[8.307809,48.293938],[8.316426,48.291959],[8.322961,48.291895],[8.324448,48.296953],[8.322812,48.299305],[8.326565,48.299008],[8.329432,48.299766],[8.329315,48.302578],[8.324948,48.308907],[8.322434,48.31742],[8.32382,48.318371],[8.322149,48.322439],[8.323303,48.326182],[8.321977,48.330437],[8.319134,48.333988],[8.317434,48.337183],[8.31417,48.339688],[8.308258,48.341895],[8.306884,48.34362],[8.3081,48.346401],[8.303964,48.34905]]],[[[8.063391,48.705744],[8.068753,48.706034],[8.071416,48.707744],[8.072604,48.710914],[8.069333,48.712955],[8.063087,48.711822],[8.060692,48.70895],[8.058577,48.708001],[8.054125,48.703309],[8.050377,48.702082],[8.047617,48.698623],[8.045629,48.69829],[8.042632,48.695241],[8.047658,48.692356],[8.05167,48.693449],[8.049706,48.695545],[8.050832,48.697299],[8.049793,48.698804],[8.05291,48.699594],[8.053101,48.69682],[8.057891,48.698764],[8.060602,48.701676],[8.063391,48.705744]]],[[[8.023378,48.691696],[8.025048,48.693199],[8.017325,48.695767],[8.015734,48.694297],[8.023378,48.691696]]]]},"properties":{"rs":83170000000,"name":"Ortenaukreis"},"id":"relation/62624"},{"type":"Feature","geometry":{"type":"Polygon","coordinates":[[[9.603786,49.426619],[9.600846,49.431302],[9.595612,49.430989],[9.595771,49.434909],[9.592001,49.435066],[9.589499,49.439823],[9.583852,49.441367],[9.576898,49.441267],[9.573074,49.442691],[9.570432,49.441925],[9.569222,49.443271],[9.562566,49.444867],[9.557802,49.447356],[9.554572,49.448279],[9.541476,49.449065],[9.537342,49.44759],[9.530225,49.443195],[9.527247,49.444124],[9.521245,49.444953],[9.516835,49.444393],[9.5123,49.438444],[9.510901,49.439006],[9.512066,49.443158],[9.513944,49.44542],[9.509099,49.447707],[9.505577,49.453904],[9.506264,49.458487],[9.51142,49.460629],[9.513223,49.463291],[9.512808,49.466985],[9.514071,49.470843],[9.517259,49.472352],[9.514168,49.475006],[9.512637,49.480336],[9.50674,49.481143],[9.503377,49.482925],[9.495877,49.485803],[9.491787,49.486971],[9.49113,49.489105],[9.494911,49.491393],[9.495849,49.495035],[9.494982,49.498293],[9.494951,49.502483],[9.499167,49.500078],[9.505767,49.501266],[9.505749,49.504627],[9.508134,49.505098],[9.512526,49.509296],[9.516243,49.514179],[9.519204,49.51431],[9.52014,49.511001],[9.526239,49.512645],[9.524124,49.514688],[9.531989,49.516137],[9.537202,49.519829],[9.541434,49.524705],[9.541375,49.526492],[9.543443,49.528012],[9.544368,49.530446],[9.542115,49.532779],[9.540399,49.532373],[9.531314,49.535779],[9.52746,49.535375],[9.522722,49.536379],[9.523789,49.543348],[9.517923,49.547797],[9.52038,49.549052],[9.516019,49.550198],[9.515443,49.552964],[9.5164,49.553916],[9.514704,49.558071],[9.507195,49.565863],[9.507114,49.568518],[9.503716,49.570858],[9.503904,49.572837],[9.505952,49.575152],[9.505937,49.578217],[9.503419,49.583526],[9.499068,49.587419],[9.505896,49.592635],[9.506856,49.594688],[9.50485,49.596444],[9.511135,49.601748],[9.515743,49.600162],[9.521108,49.599389],[9.524059,49.600211],[9.526672,49.597513],[9.530489,49.597121],[9.532534,49.599719],[9.53537,49.600331],[9.535249,49.601822],[9.529891,49.604569],[9.532165,49.605352],[9.538435,49.605915],[9.538875,49.604064],[9.535972,49.603801],[9.536791,49.601642],[9.541476,49.603363],[9.541333,49.60476],[9.538351,49.606804],[9.538835,49.610384],[9.537053,49.615527],[9.539713,49.619069],[9.546698,49.61961],[9.551725,49.621509],[9.548513,49.625214],[9.549552,49.630664],[9.547759,49.633973],[9.545807,49.63483],[9.542622,49.638461],[9.539269,49.639858],[9.538084,49.638973],[9.531393,49.636445],[9.52931,49.634902],[9.526571,49.635195],[9.524546,49.63671],[9.519989,49.643127],[9.517576,49.643333],[9.512882,49.641655],[9.506476,49.640226],[9.50189,49.637313],[9.497282,49.63962],[9.498938,49.641698],[9.491453,49.643443],[9.488078,49.644831],[9.483519,49.643356],[9.476331,49.642548],[9.47489,49.643742],[9.470756,49.644664],[9.469013,49.645781],[9.458348,49.647503],[9.453269,49.647855],[9.450135,49.649622],[9.451877,49.65127],[9.451348,49.655744],[9.446734,49.657096],[9.440721,49.658149],[9.434171,49.657379],[9.429647,49.658605],[9.427668,49.661193],[9.422016,49.663288],[9.415151,49.663175],[9.411415,49.663763],[9.411942,49.660869],[9.419482,49.658873],[9.416454,49.653768],[9.410705,49.650155],[9.406104,49.645463],[9.399562,49.645292],[9.395279,49.646008],[9.388487,49.644912],[9.383747,49.642776],[9.380626,49.643854],[9.378621,49.646746],[9.374781,49.64985],[9.371265,49.651575],[9.367469,49.657163],[9.35957,49.653495],[9.348754,49.649659],[9.344712,49.644947],[9.343243,49.644232],[9.335499,49.644693],[9.330418,49.647217],[9.325423,49.648092],[9.321616,49.649807],[9.317313,49.650655],[9.31353,49.653686],[9.304087,49.654902],[9.306488,49.650717],[9.304913,49.649794],[9.299308,49.64844],[9.296257,49.645983],[9.290834,49.644022],[9.289717,49.641714],[9.285405,49.63579],[9.281943,49.63711],[9.278178,49.637686],[9.272552,49.635169],[9.272193,49.633886],[9.275467,49.631448],[9.271633,49.628205],[9.270466,49.626423],[9.273839,49.625499],[9.2772,49.622474],[9.277777,49.620283],[9.283558,49.617487],[9.285127,49.614793],[9.267238,49.608566],[9.264689,49.606826],[9.264845,49.601864],[9.260084,49.597672],[9.25929,49.593225],[9.255158,49.594286],[9.249395,49.593557],[9.246226,49.589797],[9.24889,49.587834],[9.249156,49.58467],[9.245938,49.58474],[9.240772,49.582649],[9.240451,49.581436],[9.235376,49.58085],[9.227963,49.579133],[9.224517,49.578972],[9.222836,49.577901],[9.219992,49.578161],[9.214469,49.576603],[9.210903,49.577906],[9.205814,49.57605],[9.202997,49.576703],[9.195063,49.574431],[9.193584,49.574471],[9.187316,49.576879],[9.183951,49.575978],[9.180739,49.573731],[9.178656,49.575584],[9.175567,49.575905],[9.173776,49.577861],[9.169855,49.57743],[9.164907,49.575396],[9.163386,49.577225],[9.159178,49.579642],[9.152737,49.579686],[9.152511,49.578644],[9.144604,49.578308],[9.13718,49.575613],[9.131265,49.575743],[9.124982,49.574768],[9.120543,49.573495],[9.117377,49.573788],[9.114197,49.575088],[9.108339,49.579217],[9.102729,49.577487],[9.099994,49.571157],[9.100249,49.566282],[9.099697,49.56425],[9.10049,49.561356],[9.100741,49.559871],[9.097465,49.558402],[9.093767,49.554281],[9.095214,49.552821],[9.093832,49.548656],[9.087172,49.548276],[9.085797,49.544258],[9.084768,49.542821],[9.089583,49.541826],[9.095089,49.541483],[9.099832,49.537958],[9.103864,49.538078],[9.104271,49.536081],[9.108999,49.536473],[9.115511,49.533769],[9.115786,49.5301],[9.117252,49.528314],[9.119947,49.527552],[9.121527,49.524767],[9.126651,49.521586],[9.123624,49.519809],[9.126286,49.516763],[9.123441,49.516044],[9.119864,49.512161],[9.117285,49.512816],[9.106693,49.509705],[9.105512,49.513339],[9.106403,49.515391],[9.105357,49.517329],[9.101534,49.519759],[9.099793,49.526193],[9.088575,49.525558],[9.083724,49.526298],[9.082165,49.523012],[9.077173,49.523247],[9.075554,49.520107],[9.070953,49.508986],[9.074745,49.508827],[9.077697,49.507528],[9.086481,49.500134],[9.077101,49.49433],[9.075627,49.49204],[9.071218,49.489741],[9.06818,49.490276],[9.066083,49.488286],[9.059617,49.485065],[9.056405,49.487181],[9.053121,49.487939],[9.05229,49.486602],[9.060095,49.482388],[9.058489,49.47653],[9.053894,49.477566],[9.0556,49.48079],[9.052455,49.481942],[9.049645,49.480365],[9.046977,49.477614],[9.042979,49.47488],[9.039885,49.474873],[9.030751,49.472444],[9.026084,49.472696],[9.026782,49.468139],[9.028747,49.468089],[9.035265,49.460946],[9.038733,49.457957],[9.043743,49.450345],[9.046124,49.448533],[9.047779,49.444649],[9.044656,49.44218],[9.034377,49.438119],[9.030717,49.435336],[9.027585,49.43168],[9.019387,49.426267],[9.025262,49.419808],[9.016844,49.41681],[9.016301,49.415339],[9.012632,49.414424],[9.008089,49.414465],[9.002228,49.416132],[9.000043,49.418007],[8.999947,49.422386],[9.002087,49.427413],[8.995807,49.425117],[8.991285,49.423962],[8.983131,49.418637],[8.985605,49.411959],[8.98907,49.411234],[8.989899,49.404944],[8.989364,49.40021],[8.983258,49.39941],[8.975593,49.3941],[8.97141,49.394663],[8.96311,49.398532],[8.958839,49.397316],[8.948582,49.395555],[8.941985,49.391701],[8.938722,49.388619],[8.940713,49.379419],[8.940144,49.374203],[8.940672,49.372294],[8.951661,49.370891],[8.954692,49.369174],[8.963085,49.36164],[8.968087,49.359168],[8.966659,49.356604],[8.96906,49.353984],[8.969947,49.351386],[8.968134,49.348867],[8.965715,49.348533],[8.966324,49.345809],[8.969499,49.344019],[8.972609,49.341053],[8.978347,49.339892],[8.981922,49.342547],[8.98395,49.341273],[8.988687,49.342637],[8.99276,49.342233],[8.993772,49.34121],[8.994883,49.336923],[8.99636,49.336639],[9.002988,49.337854],[9.011639,49.335467],[9.01341,49.332472],[9.016227,49.330899],[9.025624,49.326674],[9.028841,49.323675],[9.034234,49.322136],[9.033756,49.319741],[9.038181,49.319524],[9.038733,49.320458],[9.043228,49.321219],[9.047087,49.324109],[9.051345,49.322087],[9.045986,49.318632],[9.042752,49.315855],[9.042588,49.314704],[9.045974,49.309826],[9.053021,49.308322],[9.056573,49.305553],[9.056914,49.302979],[9.050416,49.296742],[9.049042,49.293026],[9.048618,49.290318],[9.050273,49.286566],[9.058127,49.284781],[9.063051,49.284482],[9.065496,49.28298],[9.068723,49.279094],[9.071426,49.278309],[9.077931,49.278804],[9.083098,49.279799],[9.088195,49.28003],[9.095713,49.279146],[9.101476,49.279613],[9.107124,49.278925],[9.109662,49.277374],[9.116534,49.276632],[9.115109,49.272439],[9.121878,49.27192],[9.126631,49.272942],[9.135768,49.272987],[9.148014,49.274384],[9.150567,49.273925],[9.155163,49.281306],[9.155234,49.283401],[9.153387,49.285759],[9.148862,49.286953],[9.143781,49.287273],[9.136753,49.2862],[9.131136,49.289907],[9.130696,49.293315],[9.132926,49.295989],[9.136326,49.296257],[9.143015,49.292726],[9.148114,49.293201],[9.15226,49.296249],[9.154015,49.295552],[9.156647,49.299753],[9.156743,49.301728],[9.155233,49.306904],[9.15494,49.31042],[9.156948,49.311872],[9.159614,49.323695],[9.161831,49.323311],[9.161986,49.32743],[9.162775,49.328701],[9.167641,49.326677],[9.173553,49.323408],[9.182041,49.325588],[9.184685,49.32535],[9.192699,49.327439],[9.197908,49.326822],[9.201009,49.325358],[9.205847,49.324072],[9.208952,49.319711],[9.211283,49.314968],[9.217442,49.312865],[9.220189,49.310764],[9.220818,49.307622],[9.224238,49.308451],[9.227168,49.311314],[9.231314,49.309703],[9.233636,49.306063],[9.240498,49.302134],[9.24097,49.298765],[9.243391,49.297882],[9.246637,49.299587],[9.251694,49.298448],[9.252717,49.299888],[9.251994,49.30215],[9.257925,49.3032],[9.257748,49.304436],[9.261655,49.306115],[9.260448,49.307618],[9.26135,49.313463],[9.263669,49.314528],[9.262505,49.31759],[9.265309,49.323776],[9.270302,49.330927],[9.273602,49.329945],[9.277644,49.330315],[9.287467,49.329892],[9.288852,49.332475],[9.289038,49.335354],[9.293565,49.342059],[9.293038,49.344072],[9.294472,49.347577],[9.301697,49.350446],[9.303162,49.351805],[9.309963,49.355272],[9.315309,49.357259],[9.311131,49.361461],[9.309994,49.365018],[9.310464,49.36886],[9.30926,49.371556],[9.310457,49.376965],[9.313561,49.379655],[9.316534,49.381114],[9.317087,49.384206],[9.320424,49.385347],[9.324807,49.385839],[9.329269,49.387588],[9.332366,49.387539],[9.335125,49.385259],[9.338153,49.385063],[9.343806,49.380176],[9.347123,49.376445],[9.353143,49.373613],[9.355542,49.370239],[9.353582,49.369289],[9.35486,49.366613],[9.358716,49.367873],[9.360167,49.366454],[9.368129,49.367118],[9.376738,49.362978],[9.386186,49.365825],[9.397536,49.365517],[9.399218,49.366339],[9.404429,49.365341],[9.408415,49.362049],[9.411827,49.361395],[9.414351,49.359361],[9.417063,49.358956],[9.421836,49.359974],[9.424019,49.358162],[9.427282,49.358425],[9.431985,49.36053],[9.435023,49.361169],[9.4406,49.36385],[9.443462,49.364353],[9.442772,49.36813],[9.443236,49.371149],[9.451469,49.374979],[9.44962,49.379799],[9.444854,49.382942],[9.44682,49.384078],[9.445654,49.386957],[9.446213,49.390963],[9.453943,49.393599],[9.458332,49.393326],[9.461811,49.394681],[9.464595,49.396948],[9.46883,49.391824],[9.472049,49.39087],[9.473156,49.386498],[9.474438,49.384676],[9.477058,49.385247],[9.482787,49.383893],[9.484951,49.384085],[9.489051,49.382137],[9.500395,49.380534],[9.503034,49.377384],[9.508158,49.375246],[9.512961,49.375402],[9.517376,49.378181],[9.520155,49.381047],[9.525016,49.380547],[9.528044,49.381781],[9.531593,49.381997],[9.536088,49.37986],[9.541784,49.379463],[9.545579,49.377395],[9.553996,49.376895],[9.556599,49.377442],[9.55955,49.376495],[9.563883,49.378094],[9.566227,49.376144],[9.572157,49.376397],[9.574149,49.379083],[9.573981,49.380418],[9.576364,49.38331],[9.575842,49.385056],[9.580065,49.386307],[9.586916,49.389206],[9.593788,49.391663],[9.591962,49.39378],[9.589273,49.393328],[9.590606,49.401164],[9.586001,49.399316],[9.582193,49.403087],[9.5791,49.402165],[9.577081,49.406211],[9.574582,49.407237],[9.573733,49.410444],[9.570659,49.411874],[9.573417,49.413402],[9.570663,49.416716],[9.57919,49.419461],[9.588954,49.421724],[9.59328,49.423162],[9.59624,49.423235],[9.600748,49.42575],[9.603786,49.426619]]]},"properties":{"rs":82250000000,"name":"Neckar-Odenwald-Kreis"},"id":"relation/62626"},{"type":"Feature","geometry":{"type":"Polygon","coordinates":[[[8.60268,48.073971],[8.607413,48.070358],[8.61829,48.060894],[8.620748,48.060366],[8.622788,48.056615],[8.629503,48.054133],[8.631463,48.052224],[8.63589,48.050401],[8.636539,48.048937],[8.63188,48.044026],[8.637947,48.041628],[8.639884,48.037074],[8.644106,48.033835],[8.638716,48.027315],[8.636578,48.023647],[8.637009,48.022078],[8.634914,48.019493],[8.630682,48.018012],[8.630187,48.014858],[8.634873,48.012115],[8.639113,48.011586],[8.640033,48.006464],[8.642693,48.00391],[8.6583,47.999462],[8.66029,47.998084],[8.654987,47.995742],[8.652112,47.991889],[8.651456,47.98994],[8.653602,47.985512],[8.657584,47.981908],[8.658144,47.976851],[8.661148,47.972646],[8.663378,47.97095],[8.657451,47.971175],[8.653356,47.973542],[8.64808,47.974391],[8.649375,47.972571],[8.647432,47.968075],[8.643373,47.968784],[8.6423,47.970453],[8.636074,47.972018],[8.636232,47.969182],[8.63806,47.968438],[8.63963,47.965684],[8.642888,47.964891],[8.646667,47.962175],[8.643265,47.960125],[8.637737,47.960976],[8.636221,47.955374],[8.635556,47.950256],[8.630701,47.946864],[8.629055,47.946893],[8.629057,47.949693],[8.621817,47.948957],[8.614977,47.951696],[8.609786,47.952024],[8.603716,47.951578],[8.59734,47.948722],[8.593651,47.945734],[8.588504,47.944934],[8.587461,47.941836],[8.586313,47.935354],[8.587415,47.932922],[8.588142,47.926378],[8.58746,47.925291],[8.589576,47.920487],[8.594643,47.919619],[8.594146,47.917121],[8.591202,47.91519],[8.593281,47.91334],[8.590038,47.912726],[8.590821,47.908408],[8.590383,47.906261],[8.592106,47.902781],[8.59805,47.897167],[8.60019,47.899132],[8.612338,47.895535],[8.613589,47.892413],[8.61605,47.892142],[8.620899,47.888893],[8.620596,47.887181],[8.616569,47.884836],[8.614552,47.880048],[8.607847,47.877002],[8.616563,47.871227],[8.624628,47.868738],[8.628495,47.864669],[8.634532,47.860297],[8.638421,47.855706],[8.640243,47.854552],[8.645743,47.855358],[8.650665,47.853589],[8.650664,47.850807],[8.656019,47.848487],[8.658239,47.846794],[8.662228,47.848212],[8.66771,47.848074],[8.668178,47.850229],[8.67206,47.848577],[8.674713,47.849969],[8.678323,47.849585],[8.687236,47.852343],[8.691603,47.852427],[8.687958,47.857247],[8.691297,47.860038],[8.696226,47.860153],[8.695941,47.861872],[8.697836,47.864094],[8.697957,47.867828],[8.695291,47.870173],[8.694852,47.875594],[8.696677,47.876541],[8.690974,47.881968],[8.691609,47.884586],[8.690577,47.888221],[8.695368,47.888155],[8.702879,47.884177],[8.706886,47.879843],[8.708642,47.880061],[8.711017,47.885017],[8.717045,47.8877],[8.716092,47.892345],[8.714547,47.894633],[8.721607,47.899414],[8.724196,47.902081],[8.725786,47.900721],[8.727117,47.897506],[8.728754,47.889663],[8.732874,47.885499],[8.737507,47.88684],[8.745722,47.888039],[8.751622,47.890578],[8.756072,47.891765],[8.760841,47.892257],[8.76655,47.891294],[8.769455,47.892035],[8.773528,47.894467],[8.77837,47.895253],[8.786754,47.8949],[8.79056,47.892374],[8.794249,47.891661],[8.802882,47.888704],[8.800342,47.891599],[8.800827,47.892741],[8.796756,47.896048],[8.798177,47.900746],[8.801222,47.902676],[8.803993,47.907043],[8.801864,47.910984],[8.799387,47.913456],[8.80097,47.916902],[8.803902,47.918582],[8.809148,47.919493],[8.814673,47.92293],[8.817107,47.925169],[8.81916,47.925516],[8.821686,47.922157],[8.824267,47.917263],[8.822084,47.915664],[8.824319,47.913565],[8.823893,47.911725],[8.819226,47.910304],[8.818675,47.908467],[8.820717,47.906642],[8.820306,47.903547],[8.823042,47.902363],[8.820545,47.899455],[8.819837,47.897379],[8.82144,47.895092],[8.818838,47.89307],[8.816292,47.888324],[8.826641,47.88124],[8.848002,47.878931],[8.852156,47.880931],[8.853452,47.885083],[8.858781,47.889191],[8.857285,47.890982],[8.864159,47.892999],[8.863745,47.898826],[8.872243,47.904699],[8.873035,47.906331],[8.875995,47.908177],[8.877448,47.911063],[8.880847,47.912558],[8.889715,47.913286],[8.897478,47.915521],[8.90077,47.91456],[8.904269,47.916674],[8.903203,47.919237],[8.905543,47.920069],[8.917349,47.920771],[8.919111,47.922131],[8.923494,47.922163],[8.932148,47.924573],[8.942942,47.928458],[8.945735,47.929126],[8.951287,47.931917],[8.953207,47.934089],[8.960015,47.929286],[8.964628,47.924394],[8.970085,47.923989],[8.973267,47.922243],[8.980874,47.924623],[8.976504,47.926144],[8.975389,47.929881],[8.980729,47.935269],[8.978557,47.937608],[8.983886,47.938024],[8.995472,47.932762],[9.001371,47.934256],[9.008149,47.934494],[9.01255,47.936906],[9.012778,47.93877],[9.011652,47.942508],[9.016697,47.943268],[9.020429,47.947523],[9.014734,47.95],[9.014097,47.953674],[9.014678,47.955128],[9.01954,47.960824],[9.019852,47.963441],[9.015535,47.965084],[9.011762,47.973807],[9.014153,47.978252],[9.018572,47.977966],[9.021294,47.979265],[9.021268,47.984048],[9.019535,47.988588],[9.018222,47.990378],[9.012223,47.993774],[9.009943,47.996015],[9.007373,47.994462],[9.006296,47.999523],[9.010045,48.001964],[9.013938,48.003365],[9.014087,48.006041],[9.012841,48.011169],[9.013015,48.016077],[9.010894,48.017332],[9.007752,48.024371],[9.005217,48.026999],[9.001429,48.027108],[8.998048,48.028845],[8.992639,48.030188],[8.989418,48.029969],[8.982076,48.032767],[8.978949,48.032503],[8.9716,48.040376],[8.964695,48.039337],[8.963136,48.037424],[8.95974,48.035867],[8.960036,48.033447],[8.958088,48.030738],[8.958448,48.028247],[8.95178,48.029671],[8.95066,48.031386],[8.950557,48.035732],[8.952113,48.039],[8.954612,48.042376],[8.949764,48.044221],[8.945518,48.043127],[8.939747,48.046517],[8.935507,48.046568],[8.934863,48.049485],[8.93711,48.05254],[8.934951,48.05483],[8.937546,48.057526],[8.935226,48.05832],[8.94075,48.060583],[8.945577,48.059829],[8.947239,48.056203],[8.951505,48.056422],[8.956436,48.055281],[8.968038,48.056267],[8.975087,48.055155],[8.987782,48.057869],[8.992905,48.064374],[8.996556,48.067244],[8.997094,48.070769],[8.994852,48.072725],[8.990249,48.073618],[8.987578,48.076843],[8.983719,48.079802],[8.980004,48.085612],[8.97142,48.087388],[8.962836,48.091055],[8.958816,48.095111],[8.954727,48.102421],[8.9538,48.107431],[8.944895,48.105621],[8.939233,48.103559],[8.932581,48.103723],[8.925436,48.104782],[8.919286,48.106753],[8.915862,48.108473],[8.913498,48.110576],[8.898333,48.109991],[8.894998,48.106204],[8.891569,48.10678],[8.886557,48.10546],[8.88364,48.107645],[8.8836,48.110453],[8.881678,48.116021],[8.878924,48.117317],[8.878195,48.121343],[8.8746,48.122126],[8.870936,48.12596],[8.867375,48.128123],[8.868741,48.129134],[8.86672,48.132364],[8.867062,48.135183],[8.865055,48.13517],[8.860086,48.143615],[8.853719,48.145181],[8.849749,48.149622],[8.843197,48.149892],[8.83775,48.150635],[8.83579,48.151618],[8.83175,48.149462],[8.830683,48.152016],[8.829644,48.157563],[8.830335,48.161717],[8.832727,48.163186],[8.832714,48.164787],[8.82952,48.167143],[8.8283,48.171149],[8.820386,48.17362],[8.816665,48.173721],[8.816543,48.175703],[8.814532,48.179759],[8.813982,48.182467],[8.808873,48.184427],[8.807449,48.183856],[8.79522,48.184661],[8.790498,48.182704],[8.78689,48.183121],[8.78181,48.182835],[8.781187,48.1796],[8.7782,48.182059],[8.767919,48.181349],[8.768855,48.17705],[8.767262,48.177081],[8.765392,48.174676],[8.761974,48.173415],[8.763472,48.17128],[8.764207,48.163079],[8.754999,48.159816],[8.751271,48.159569],[8.752264,48.157676],[8.752979,48.153398],[8.748064,48.15284],[8.744435,48.150082],[8.745863,48.145493],[8.74129,48.143016],[8.735063,48.142699],[8.734,48.140693],[8.725886,48.138916],[8.723048,48.140878],[8.713364,48.14038],[8.709435,48.140928],[8.706884,48.140161],[8.705449,48.138261],[8.702323,48.136335],[8.699608,48.132563],[8.69007,48.129605],[8.685917,48.125776],[8.68597,48.120441],[8.682365,48.118184],[8.679891,48.117709],[8.6736,48.119348],[8.66982,48.12097],[8.661452,48.120609],[8.657211,48.1194],[8.648304,48.114668],[8.647641,48.113245],[8.640153,48.109209],[8.644297,48.108663],[8.643532,48.105678],[8.634079,48.105662],[8.637303,48.102194],[8.636772,48.101337],[8.632475,48.100929],[8.620127,48.097579],[8.613636,48.096203],[8.61224,48.092957],[8.608953,48.08941],[8.606174,48.089279],[8.599377,48.085138],[8.602481,48.083743],[8.600249,48.076609],[8.60268,48.073971]]]},"properties":{"rs":83270000000,"name":"Landkreis Tuttlingen"},"id":"relation/62682"},{"type":"Feature","geometry":{"type":"Polygon","coordinates":[[[8.282016,48.171576],[8.279543,48.171808],[8.272961,48.174682],[8.272401,48.175844],[8.26613,48.175965],[8.263723,48.177469],[8.260001,48.177824],[8.258396,48.179561],[8.253726,48.181605],[8.252329,48.18311],[8.24768,48.184057],[8.244348,48.185543],[8.242004,48.185259],[8.243503,48.181469],[8.242076,48.180616],[8.23769,48.180181],[8.239703,48.174663],[8.237619,48.172598],[8.23916,48.169815],[8.234951,48.168841],[8.230874,48.16418],[8.230292,48.161193],[8.225832,48.158388],[8.217128,48.15901],[8.212927,48.160726],[8.21442,48.164765],[8.212546,48.166924],[8.208935,48.164957],[8.205864,48.16649],[8.205853,48.16838],[8.208613,48.170545],[8.207094,48.171892],[8.197875,48.174633],[8.19846,48.176583],[8.195856,48.177657],[8.194559,48.17987],[8.192049,48.177583],[8.186172,48.18276],[8.179914,48.183995],[8.176874,48.182031],[8.171627,48.179826],[8.167899,48.174195],[8.158205,48.173613],[8.155917,48.173938],[8.145573,48.166765],[8.140585,48.164614],[8.136095,48.163813],[8.134622,48.158522],[8.139871,48.155088],[8.140144,48.152979],[8.139162,48.149397],[8.142103,48.144212],[8.142051,48.140662],[8.138442,48.13896],[8.135211,48.13653],[8.128671,48.135366],[8.126123,48.133611],[8.125183,48.131491],[8.128354,48.129477],[8.127164,48.125402],[8.129896,48.121081],[8.132658,48.117735],[8.13612,48.115692],[8.140655,48.114875],[8.142921,48.113085],[8.14291,48.110298],[8.145126,48.108548],[8.150521,48.100287],[8.153521,48.099518],[8.153958,48.097813],[8.149521,48.094352],[8.150109,48.092738],[8.145478,48.085468],[8.151985,48.081231],[8.153035,48.079503],[8.15614,48.077626],[8.158936,48.077268],[8.160486,48.078831],[8.164878,48.076842],[8.166429,48.075362],[8.164148,48.073978],[8.161116,48.070644],[8.160444,48.068813],[8.15712,48.068255],[8.152746,48.068503],[8.148512,48.067598],[8.143741,48.070498],[8.140415,48.071844],[8.137849,48.071825],[8.13479,48.073705],[8.129635,48.073614],[8.124844,48.07126],[8.122436,48.071809],[8.121161,48.070089],[8.117437,48.06789],[8.117088,48.066352],[8.110558,48.064125],[8.109492,48.062275],[8.112909,48.05884],[8.113418,48.056165],[8.118742,48.05535],[8.122381,48.053271],[8.125426,48.052558],[8.124317,48.044044],[8.127362,48.040511],[8.121519,48.03861],[8.115885,48.034969],[8.117595,48.029375],[8.115593,48.028656],[8.115851,48.026607],[8.11929,48.026235],[8.122538,48.024821],[8.124268,48.022124],[8.124128,48.02014],[8.126536,48.015552],[8.131523,48.014482],[8.136022,48.010553],[8.13771,48.008662],[8.141161,48.008404],[8.144591,48.003408],[8.148511,48.000988],[8.156386,48.001464],[8.163645,47.998281],[8.161498,47.996993],[8.161537,47.9938],[8.166146,47.991629],[8.167808,47.993128],[8.171339,47.9943],[8.18388,47.992618],[8.190055,47.993634],[8.192068,47.993026],[8.194228,47.989868],[8.19394,47.986766],[8.196546,47.983705],[8.200758,47.984035],[8.205501,47.98645],[8.210255,47.987713],[8.211653,47.988991],[8.214759,47.989106],[8.215133,47.992616],[8.218072,47.996336],[8.21982,47.997255],[8.22494,47.99767],[8.231058,47.996191],[8.239227,47.993154],[8.248254,47.996237],[8.253083,47.994769],[8.254638,47.991911],[8.260331,47.991698],[8.270478,47.993459],[8.272641,47.9909],[8.28421,47.987062],[8.291894,47.987657],[8.294524,47.98847],[8.298435,47.99127],[8.302302,47.99135],[8.30666,47.992888],[8.31012,47.993133],[8.313726,47.992476],[8.319869,47.988677],[8.321521,47.984168],[8.319981,47.978799],[8.314756,47.976741],[8.316261,47.974056],[8.314362,47.96973],[8.30601,47.970551],[8.307138,47.964864],[8.303182,47.965892],[8.299515,47.965701],[8.29645,47.962934],[8.296597,47.958908],[8.293693,47.958374],[8.29019,47.961305],[8.287592,47.961248],[8.281675,47.958669],[8.277164,47.959535],[8.274886,47.9586],[8.270902,47.953642],[8.273113,47.951856],[8.275645,47.95223],[8.282759,47.950872],[8.292291,47.951986],[8.30115,47.952034],[8.3025,47.949426],[8.307028,47.950704],[8.31378,47.951829],[8.315824,47.950399],[8.316319,47.946642],[8.314181,47.945993],[8.3144,47.943524],[8.318419,47.943386],[8.32299,47.940996],[8.328794,47.940314],[8.335359,47.938975],[8.338587,47.938875],[8.343595,47.936128],[8.348065,47.934589],[8.349911,47.931866],[8.352559,47.930431],[8.357291,47.929186],[8.354441,47.925698],[8.362923,47.922641],[8.370729,47.921652],[8.369503,47.920616],[8.373311,47.9186],[8.38021,47.91615],[8.380655,47.913667],[8.385112,47.912268],[8.389183,47.91221],[8.397069,47.908968],[8.397167,47.907538],[8.3998,47.905819],[8.402825,47.905231],[8.40856,47.905073],[8.410875,47.903793],[8.41297,47.900847],[8.411973,47.899054],[8.404948,47.89611],[8.406214,47.894847],[8.415797,47.894097],[8.418724,47.891669],[8.421752,47.890256],[8.419857,47.887537],[8.42256,47.885674],[8.421929,47.882848],[8.426161,47.880631],[8.430265,47.880729],[8.434649,47.87884],[8.434656,47.877197],[8.439606,47.876468],[8.437437,47.874334],[8.437413,47.867999],[8.438908,47.863512],[8.436142,47.861482],[8.435064,47.859408],[8.437789,47.857174],[8.438768,47.854185],[8.443701,47.856518],[8.450523,47.854746],[8.453829,47.852719],[8.455679,47.852735],[8.464798,47.849455],[8.466852,47.847341],[8.469219,47.846342],[8.472015,47.84671],[8.472226,47.843147],[8.473329,47.842395],[8.471609,47.838645],[8.469832,47.837309],[8.47017,47.831392],[8.472528,47.829294],[8.476572,47.831111],[8.481604,47.82999],[8.487321,47.83194],[8.490898,47.830337],[8.496087,47.829841],[8.497109,47.828191],[8.500232,47.828241],[8.505991,47.830433],[8.506922,47.826439],[8.509441,47.823585],[8.5081,47.820407],[8.509293,47.817326],[8.512254,47.815608],[8.513727,47.811707],[8.509683,47.809053],[8.508231,47.805371],[8.503066,47.803779],[8.501434,47.802647],[8.497079,47.801465],[8.491961,47.797013],[8.497206,47.796415],[8.503043,47.796771],[8.505184,47.795736],[8.511208,47.797581],[8.515403,47.795532],[8.515416,47.793309],[8.518695,47.791326],[8.528058,47.791803],[8.53087,47.789874],[8.530215,47.786937],[8.528798,47.785787],[8.521226,47.783317],[8.512778,47.779595],[8.510312,47.776198],[8.516384,47.77329],[8.52018,47.770532],[8.521879,47.773862],[8.526454,47.778022],[8.532447,47.77804],[8.535631,47.779797],[8.541368,47.78156],[8.550421,47.783602],[8.552903,47.784642],[8.556331,47.783881],[8.561539,47.780732],[8.562874,47.777902],[8.566077,47.778336],[8.573992,47.780368],[8.577318,47.781674],[8.574404,47.787088],[8.574945,47.789637],[8.561975,47.792607],[8.562481,47.796572],[8.562501,47.802321],[8.563809,47.805395],[8.568028,47.808454],[8.570339,47.806253],[8.573201,47.80602],[8.57592,47.801729],[8.575309,47.799592],[8.57988,47.800121],[8.587733,47.802664],[8.592851,47.798717],[8.59824,47.802423],[8.600846,47.803024],[8.61141,47.80191],[8.613925,47.801227],[8.617372,47.803004],[8.619177,47.805415],[8.616966,47.809195],[8.61881,47.811768],[8.6214,47.813749],[8.625129,47.814035],[8.622743,47.817639],[8.623795,47.819903],[8.626918,47.822267],[8.626326,47.82758],[8.628805,47.832964],[8.628434,47.839864],[8.629481,47.841712],[8.634217,47.845736],[8.634691,47.847766],[8.637951,47.849129],[8.636752,47.850789],[8.640243,47.854552],[8.638421,47.855706],[8.634532,47.860297],[8.628495,47.864669],[8.624628,47.868738],[8.616563,47.871227],[8.607847,47.877002],[8.614552,47.880048],[8.616569,47.884836],[8.620596,47.887181],[8.620899,47.888893],[8.61605,47.892142],[8.613589,47.892413],[8.612338,47.895535],[8.60019,47.899132],[8.59805,47.897167],[8.592106,47.902781],[8.590383,47.906261],[8.590821,47.908408],[8.590038,47.912726],[8.593281,47.91334],[8.591202,47.91519],[8.594146,47.917121],[8.594643,47.919619],[8.589576,47.920487],[8.58746,47.925291],[8.588142,47.926378],[8.587415,47.932922],[8.586313,47.935354],[8.587461,47.941836],[8.588504,47.944934],[8.593651,47.945734],[8.59734,47.948722],[8.603716,47.951578],[8.609786,47.952024],[8.614977,47.951696],[8.621817,47.948957],[8.629057,47.949693],[8.629055,47.946893],[8.630701,47.946864],[8.635556,47.950256],[8.636221,47.955374],[8.637737,47.960976],[8.643265,47.960125],[8.646667,47.962175],[8.642888,47.964891],[8.63963,47.965684],[8.63806,47.968438],[8.636232,47.969182],[8.636074,47.972018],[8.6423,47.970453],[8.643373,47.968784],[8.647432,47.968075],[8.649375,47.972571],[8.64808,47.974391],[8.653356,47.973542],[8.657451,47.971175],[8.663378,47.97095],[8.661148,47.972646],[8.658144,47.976851],[8.657584,47.981908],[8.653602,47.985512],[8.651456,47.98994],[8.652112,47.991889],[8.654987,47.995742],[8.66029,47.998084],[8.6583,47.999462],[8.642693,48.00391],[8.640033,48.006464],[8.639113,48.011586],[8.634873,48.012115],[8.630187,48.014858],[8.630682,48.018012],[8.634914,48.019493],[8.637009,48.022078],[8.636578,48.023647],[8.638716,48.027315],[8.644106,48.033835],[8.639884,48.037074],[8.637947,48.041628],[8.63188,48.044026],[8.636539,48.048937],[8.63589,48.050401],[8.631463,48.052224],[8.629503,48.054133],[8.622788,48.056615],[8.620748,48.060366],[8.61829,48.060894],[8.607413,48.070358],[8.60268,48.073971],[8.599137,48.072843],[8.596672,48.071118],[8.589369,48.072508],[8.583005,48.071838],[8.581874,48.075432],[8.577656,48.076175],[8.571952,48.07847],[8.567188,48.07974],[8.569182,48.081566],[8.573734,48.081807],[8.572785,48.084474],[8.578195,48.088197],[8.575514,48.089676],[8.573771,48.091894],[8.575061,48.093491],[8.569957,48.096382],[8.571476,48.099875],[8.568437,48.100488],[8.567563,48.098534],[8.563073,48.098551],[8.561286,48.101387],[8.558654,48.101908],[8.555589,48.104414],[8.55174,48.106564],[8.547897,48.107905],[8.545827,48.111343],[8.542817,48.113673],[8.543199,48.114806],[8.55141,48.122423],[8.552061,48.12885],[8.556513,48.127803],[8.558271,48.129854],[8.551523,48.131992],[8.549231,48.133775],[8.544275,48.135298],[8.536601,48.136527],[8.535255,48.137909],[8.53854,48.141658],[8.537202,48.143547],[8.525082,48.14538],[8.520377,48.145787],[8.524799,48.148537],[8.528919,48.150251],[8.526799,48.151384],[8.525935,48.153449],[8.522858,48.154721],[8.522393,48.156642],[8.519951,48.160207],[8.517628,48.166744],[8.512086,48.167629],[8.506442,48.167126],[8.500891,48.167177],[8.492716,48.168212],[8.487509,48.168259],[8.481112,48.168933],[8.478977,48.170352],[8.477576,48.176521],[8.486783,48.177879],[8.490593,48.179234],[8.489092,48.182051],[8.480239,48.179346],[8.474372,48.178759],[8.470049,48.17989],[8.465176,48.179866],[8.465778,48.177169],[8.459534,48.178897],[8.459968,48.180961],[8.457378,48.18135],[8.455536,48.178254],[8.452774,48.177617],[8.44843,48.18082],[8.445728,48.180434],[8.435798,48.181962],[8.433401,48.17844],[8.435161,48.175594],[8.438284,48.173703],[8.444772,48.171153],[8.440381,48.167839],[8.438643,48.165106],[8.445752,48.162487],[8.447685,48.162375],[8.445769,48.15849],[8.442679,48.156227],[8.435029,48.159024],[8.429074,48.159343],[8.427371,48.164443],[8.424288,48.167524],[8.420335,48.168456],[8.417024,48.167392],[8.407245,48.167255],[8.406317,48.170602],[8.405149,48.171494],[8.398363,48.170808],[8.390758,48.172125],[8.383258,48.175031],[8.378535,48.173865],[8.372332,48.171557],[8.368912,48.169834],[8.355799,48.16514],[8.35523,48.166128],[8.342633,48.163487],[8.340678,48.162396],[8.33081,48.162222],[8.327306,48.161822],[8.319103,48.163627],[8.319094,48.166185],[8.312802,48.169486],[8.306854,48.173127],[8.301667,48.167255],[8.29795,48.166034],[8.290132,48.167512],[8.285917,48.167652],[8.286887,48.169692],[8.282016,48.171576]]]},"properties":{"rs":83260000000,"name":"Schwarzwald-Baar-Kreis"},"id":"relation/62690"},{"type":"Feature","geometry":{"type":"Polygon","coordinates":[[[8.57343,49.415763],[8.573179,49.4236],[8.579833,49.426199],[8.58292,49.426506],[8.582909,49.42866],[8.587623,49.433253],[8.585092,49.441441],[8.581495,49.444394],[8.577764,49.445334],[8.58999,49.459538],[8.585499,49.460284],[8.58114,49.45925],[8.575266,49.460075],[8.570709,49.462304],[8.56724,49.465279],[8.563893,49.470105],[8.56028,49.4741],[8.556045,49.476602],[8.549971,49.477569],[8.543672,49.477255],[8.545945,49.482145],[8.552933,49.490923],[8.558526,49.492028],[8.56238,49.492031],[8.567556,49.493518],[8.573996,49.494715],[8.57197,49.497141],[8.578819,49.499948],[8.587033,49.502468],[8.582184,49.508237],[8.58136,49.51],[8.582742,49.511665],[8.583214,49.519309],[8.581299,49.519817],[8.573035,49.52159],[8.566976,49.51918],[8.55616,49.521591],[8.551161,49.52435],[8.542218,49.528137],[8.532403,49.536405],[8.526479,49.547876],[8.516657,49.555498],[8.499788,49.568134],[8.495153,49.572867],[8.481763,49.574496],[8.481707,49.577738],[8.474571,49.580678],[8.476125,49.5844],[8.472979,49.585066],[8.464537,49.589507],[8.447421,49.59047],[8.440331,49.58942],[8.440415,49.58719],[8.43831,49.583882],[8.429718,49.584699],[8.422497,49.583727],[8.423765,49.579472],[8.423503,49.576167],[8.421664,49.572233],[8.417437,49.567404],[8.41492,49.563001],[8.414168,49.557339],[8.415228,49.552608],[8.41725,49.549014],[8.423145,49.541908],[8.435809,49.512142],[8.435935,49.510842],[8.440639,49.499614],[8.442406,49.493682],[8.446732,49.488471],[8.451553,49.485006],[8.456378,49.480919],[8.459999,49.477164],[8.463256,49.472259],[8.463971,49.469898],[8.462324,49.466199],[8.45972,49.46444],[8.449208,49.461668],[8.444806,49.459476],[8.442438,49.456866],[8.441613,49.454633],[8.442998,49.449863],[8.446646,49.446738],[8.451718,49.444577],[8.461604,49.443256],[8.466692,49.443204],[8.483752,49.443989],[8.491772,49.443621],[8.499252,49.442488],[8.505256,49.439452],[8.507669,49.436267],[8.508314,49.433595],[8.507181,49.42956],[8.502738,49.422837],[8.500027,49.4179],[8.49741,49.411187],[8.50508,49.411856],[8.511923,49.413711],[8.516023,49.415815],[8.519499,49.416074],[8.522555,49.418234],[8.525136,49.417445],[8.524191,49.41134],[8.527437,49.412102],[8.529143,49.410362],[8.533806,49.4124],[8.543657,49.412006],[8.540596,49.416049],[8.546301,49.417348],[8.566368,49.417986],[8.565847,49.416899],[8.57343,49.415763]]]},"properties":{"rs":82220000000,"name":"Mannheim"},"id":"relation/62691"},{"type":"Feature","geometry":{"type":"MultiPolygon","coordinates":[[[[9.626501,48.773598],[9.634289,48.773192],[9.63456,48.772055],[9.648049,48.773143],[9.651496,48.771465],[9.655522,48.771283],[9.658485,48.770369],[9.660228,48.771781],[9.67031,48.774226],[9.678196,48.774383],[9.682404,48.777129],[9.689732,48.777498],[9.696937,48.77705],[9.704834,48.779177],[9.711254,48.779011],[9.715998,48.777509],[9.715546,48.774883],[9.713563,48.772769],[9.716467,48.772313],[9.7193,48.77074],[9.721736,48.770861],[9.727379,48.76969],[9.729662,48.768528],[9.732895,48.768572],[9.733835,48.773079],[9.736915,48.77616],[9.74017,48.774224],[9.743531,48.774648],[9.743795,48.772862],[9.748416,48.766919],[9.75042,48.765548],[9.752202,48.762526],[9.751847,48.760154],[9.749502,48.759178],[9.748812,48.75585],[9.752372,48.751717],[9.754664,48.752734],[9.760135,48.753665],[9.763723,48.753668],[9.762443,48.747071],[9.76371,48.746074],[9.769226,48.745781],[9.771112,48.744012],[9.773743,48.744498],[9.776001,48.747459],[9.781605,48.744761],[9.779987,48.741502],[9.780354,48.740061],[9.783198,48.738104],[9.785405,48.7407],[9.791702,48.734981],[9.786111,48.735406],[9.785834,48.734458],[9.790015,48.732982],[9.793711,48.73082],[9.787749,48.726875],[9.789429,48.725399],[9.789796,48.723022],[9.792343,48.722861],[9.792064,48.720809],[9.797274,48.720408],[9.801986,48.719339],[9.802071,48.71762],[9.806198,48.716863],[9.807571,48.720132],[9.805462,48.721247],[9.805199,48.723406],[9.812683,48.724943],[9.817618,48.724383],[9.823795,48.725062],[9.823426,48.727494],[9.827811,48.726206],[9.831536,48.72791],[9.834358,48.728314],[9.838181,48.73027],[9.845353,48.728238],[9.85304,48.724632],[9.858455,48.725922],[9.861141,48.725144],[9.865091,48.721885],[9.869682,48.721087],[9.872344,48.719563],[9.877645,48.718379],[9.880144,48.716472],[9.885879,48.714571],[9.887641,48.716461],[9.887371,48.719291],[9.894064,48.718551],[9.899855,48.718355],[9.902849,48.715931],[9.90791,48.725466],[9.906601,48.729849],[9.903057,48.727005],[9.899834,48.725458],[9.895746,48.725864],[9.896088,48.728156],[9.893085,48.72925],[9.897484,48.731966],[9.893089,48.73348],[9.891242,48.732635],[9.889148,48.735202],[9.88876,48.740353],[9.885641,48.737406],[9.882795,48.738801],[9.883071,48.744896],[9.882568,48.751127],[9.887885,48.751724],[9.89156,48.750458],[9.892492,48.748929],[9.889288,48.745912],[9.890114,48.74421],[9.893388,48.744488],[9.904522,48.746579],[9.90414,48.749934],[9.908506,48.753764],[9.910415,48.753173],[9.908972,48.745477],[9.909727,48.743907],[9.924074,48.742809],[9.932105,48.740979],[9.932997,48.73592],[9.93095,48.733156],[9.932941,48.73044],[9.937885,48.731164],[9.940441,48.732458],[9.944955,48.732376],[9.945754,48.729297],[9.951331,48.728866],[9.958886,48.730293],[9.961318,48.727126],[9.963912,48.725908],[9.969958,48.725135],[9.98082,48.728214],[9.98738,48.72715],[9.997269,48.726596],[9.995858,48.729008],[10.004759,48.73158],[10.005633,48.733982],[10.002803,48.734828],[10.002327,48.737015],[10.005862,48.737535],[10.007031,48.736227],[10.007823,48.732054],[10.014194,48.733157],[10.01555,48.732765],[10.018236,48.736018],[10.017303,48.740278],[10.014034,48.745658],[10.012789,48.749566],[10.01004,48.752045],[10.012507,48.755041],[10.012139,48.757577],[10.015718,48.759925],[10.016618,48.762032],[10.023239,48.765312],[10.027524,48.765991],[10.034372,48.764613],[10.037046,48.765381],[10.038838,48.764435],[10.038551,48.7614],[10.041048,48.758755],[10.046627,48.757521],[10.048626,48.750085],[10.045123,48.747304],[10.051599,48.746205],[10.058728,48.746271],[10.063346,48.74759],[10.069331,48.746899],[10.06996,48.748815],[10.074643,48.750831],[10.078324,48.75332],[10.085343,48.757008],[10.090239,48.757094],[10.089968,48.754716],[10.09549,48.753288],[10.096993,48.755588],[10.097674,48.760962],[10.099674,48.763039],[10.101782,48.763033],[10.104525,48.759653],[10.109342,48.7601],[10.112382,48.759206],[10.11764,48.760208],[10.118343,48.76471],[10.123764,48.765795],[10.134224,48.766138],[10.135396,48.769232],[10.133034,48.769795],[10.135405,48.775728],[10.140274,48.773997],[10.142035,48.779503],[10.14746,48.78299],[10.144638,48.785107],[10.150838,48.787178],[10.152878,48.785363],[10.149736,48.780422],[10.153672,48.778419],[10.150025,48.773013],[10.153583,48.771217],[10.15832,48.770687],[10.164659,48.771095],[10.164901,48.768193],[10.160376,48.766394],[10.161044,48.76041],[10.163887,48.755481],[10.170865,48.753577],[10.171592,48.751873],[10.170433,48.749512],[10.175782,48.748172],[10.175476,48.753032],[10.176621,48.757681],[10.179792,48.764572],[10.180143,48.76809],[10.17957,48.776766],[10.194135,48.77815],[10.194757,48.776564],[10.199982,48.777242],[10.207802,48.780976],[10.211616,48.781715],[10.214796,48.78323],[10.221074,48.783114],[10.224497,48.78066],[10.227302,48.774534],[10.227034,48.771632],[10.233343,48.772901],[10.240048,48.772536],[10.241958,48.769342],[10.244852,48.77046],[10.250167,48.770751],[10.253496,48.767395],[10.251292,48.762877],[10.252104,48.76195],[10.256805,48.761491],[10.261708,48.759717],[10.26503,48.757564],[10.26831,48.756673],[10.275623,48.756436],[10.275474,48.755075],[10.282239,48.755564],[10.283314,48.753817],[10.288851,48.754523],[10.289618,48.752337],[10.288818,48.750532],[10.292623,48.74736],[10.295918,48.747655],[10.295721,48.745441],[10.303028,48.74281],[10.30869,48.742129],[10.308512,48.739542],[10.317196,48.740679],[10.317967,48.738699],[10.323352,48.737725],[10.331863,48.739043],[10.329712,48.736714],[10.318411,48.732941],[10.320846,48.73162],[10.325497,48.732825],[10.332397,48.732958],[10.334979,48.733992],[10.336009,48.731984],[10.33964,48.732532],[10.342464,48.730701],[10.345693,48.731193],[10.346283,48.733471],[10.350578,48.734098],[10.35499,48.731352],[10.358419,48.730532],[10.360113,48.732698],[10.36383,48.734339],[10.362491,48.736152],[10.36335,48.740395],[10.363263,48.743475],[10.365839,48.743993],[10.36873,48.738871],[10.375342,48.737688],[10.380723,48.739235],[10.382909,48.738458],[10.386553,48.740826],[10.384892,48.743901],[10.386583,48.745602],[10.385871,48.748252],[10.397805,48.747361],[10.398371,48.742712],[10.403039,48.741926],[10.404695,48.74038],[10.410719,48.74072],[10.411884,48.742434],[10.418633,48.741838],[10.423563,48.744188],[10.425279,48.745817],[10.420921,48.747995],[10.417119,48.751406],[10.418585,48.753827],[10.422381,48.753116],[10.424571,48.755078],[10.424595,48.756641],[10.418353,48.763044],[10.417198,48.765175],[10.417713,48.769653],[10.412107,48.770517],[10.412763,48.772315],[10.415844,48.772518],[10.416704,48.776252],[10.420261,48.775993],[10.418162,48.772864],[10.420888,48.772485],[10.428299,48.773555],[10.434351,48.776376],[10.431771,48.778804],[10.427016,48.780305],[10.428919,48.781582],[10.427404,48.786473],[10.429846,48.788231],[10.434651,48.787656],[10.434168,48.789749],[10.42933,48.790038],[10.427753,48.79155],[10.430689,48.79358],[10.422908,48.79442],[10.420322,48.796215],[10.420989,48.799128],[10.423432,48.800675],[10.429203,48.80004],[10.432631,48.80066],[10.438083,48.80313],[10.440695,48.804841],[10.442614,48.808243],[10.447494,48.809696],[10.450678,48.81134],[10.447153,48.812405],[10.447505,48.816402],[10.449027,48.817967],[10.446895,48.819085],[10.448902,48.820616],[10.446512,48.82422],[10.449619,48.825147],[10.44824,48.827834],[10.449288,48.830366],[10.448003,48.831846],[10.443231,48.832116],[10.443746,48.833404],[10.438964,48.835155],[10.43646,48.83515],[10.431927,48.837032],[10.426446,48.837],[10.427406,48.842869],[10.429384,48.843158],[10.429016,48.845656],[10.445082,48.849547],[10.447997,48.849618],[10.449949,48.85087],[10.44989,48.852921],[10.452581,48.853299],[10.452436,48.856486],[10.453857,48.860327],[10.448342,48.861324],[10.450354,48.864761],[10.448465,48.865794],[10.451596,48.867859],[10.452628,48.873475],[10.446959,48.877355],[10.448283,48.880882],[10.450218,48.883026],[10.452967,48.884254],[10.453905,48.887399],[10.453348,48.890174],[10.449364,48.891038],[10.450088,48.893194],[10.444689,48.894018],[10.442099,48.89572],[10.440748,48.898714],[10.437474,48.899787],[10.42868,48.901015],[10.424187,48.902986],[10.423859,48.905191],[10.42495,48.907635],[10.430785,48.905962],[10.430805,48.907922],[10.435896,48.907873],[10.436519,48.909084],[10.443856,48.908461],[10.444132,48.910742],[10.447668,48.911272],[10.45401,48.914999],[10.454674,48.91707],[10.456905,48.917058],[10.45684,48.92045],[10.453855,48.923281],[10.452005,48.92655],[10.449122,48.926033],[10.445251,48.93005],[10.44117,48.931013],[10.437925,48.933469],[10.440005,48.935439],[10.447151,48.934298],[10.448997,48.934476],[10.449293,48.937021],[10.448069,48.940023],[10.444861,48.940358],[10.44564,48.943727],[10.442981,48.945908],[10.438103,48.945593],[10.434961,48.944229],[10.430809,48.946304],[10.429727,48.947617],[10.430604,48.951866],[10.428361,48.955977],[10.426256,48.95584],[10.423838,48.959179],[10.419423,48.959141],[10.420794,48.961133],[10.425102,48.960652],[10.423565,48.964804],[10.421118,48.96591],[10.418444,48.965479],[10.418419,48.968263],[10.411964,48.968555],[10.408742,48.966808],[10.403706,48.966793],[10.402875,48.969568],[10.403075,48.972929],[10.401531,48.974354],[10.405451,48.975894],[10.409424,48.975562],[10.410276,48.978545],[10.408681,48.980321],[10.405815,48.980296],[10.404944,48.982362],[10.40274,48.982057],[10.401213,48.986076],[10.397115,48.986646],[10.394721,48.988421],[10.391566,48.989403],[10.381642,48.988286],[10.378686,48.990498],[10.381856,48.991583],[10.382879,48.994194],[10.38084,48.996734],[10.382016,48.999231],[10.379494,49.000082],[10.37603,48.999587],[10.372956,49.00335],[10.358763,49.003963],[10.354069,49.004724],[10.355041,49.008282],[10.357262,49.011453],[10.355452,49.014495],[10.352943,49.015264],[10.349009,49.015142],[10.346621,49.017493],[10.345803,49.020475],[10.348818,49.020727],[10.350478,49.024893],[10.350192,49.028308],[10.336911,49.027414],[10.33659,49.029676],[10.333463,49.032036],[10.332156,49.031345],[10.331617,49.027697],[10.328571,49.030257],[10.326082,49.024899],[10.320554,49.026753],[10.317018,49.028535],[10.312601,49.029847],[10.309139,49.032032],[10.307782,49.031261],[10.303161,49.032316],[10.302039,49.038289],[10.300596,49.040374],[10.295193,49.042505],[10.292767,49.040792],[10.289917,49.040869],[10.285235,49.037991],[10.284823,49.036573],[10.277098,49.038334],[10.274422,49.040794],[10.277023,49.042667],[10.269818,49.042675],[10.267227,49.043322],[10.266846,49.045006],[10.263683,49.044958],[10.259128,49.042801],[10.25494,49.038691],[10.252185,49.038996],[10.250337,49.040423],[10.24981,49.042522],[10.252681,49.044304],[10.255588,49.045012],[10.251892,49.049643],[10.256885,49.052964],[10.257526,49.055446],[10.257064,49.05967],[10.254935,49.05934],[10.251363,49.06042],[10.246555,49.05982],[10.246772,49.058515],[10.239661,49.056832],[10.241005,49.053996],[10.235608,49.054309],[10.234164,49.048842],[10.235875,49.047035],[10.234272,49.045711],[10.225949,49.047782],[10.221293,49.048028],[10.213485,49.045424],[10.2139,49.04408],[10.209519,49.041591],[10.208043,49.042042],[10.203039,49.040709],[10.198322,49.040582],[10.194134,49.041876],[10.186554,49.046562],[10.185724,49.051051],[10.188133,49.053226],[10.191725,49.054605],[10.189576,49.056494],[10.182556,49.059189],[10.176617,49.059442],[10.1743,49.060813],[10.171256,49.059897],[10.163031,49.055776],[10.159748,49.05303],[10.15586,49.052421],[10.152079,49.05259],[10.148846,49.051246],[10.147088,49.048697],[10.144332,49.047],[10.147258,49.045348],[10.147126,49.042406],[10.141604,49.042268],[10.13993,49.044887],[10.132771,49.043598],[10.130206,49.045393],[10.121322,49.046405],[10.115394,49.042955],[10.115158,49.041111],[10.117155,49.03985],[10.117733,49.037168],[10.115487,49.03669],[10.111984,49.038432],[10.108862,49.039004],[10.108834,49.041344],[10.102161,49.041069],[10.100847,49.043804],[10.098235,49.043329],[10.090477,49.043149],[10.087755,49.046028],[10.082712,49.0442],[10.076993,49.044062],[10.072833,49.046074],[10.070314,49.045095],[10.064893,49.044126],[10.059476,49.043777],[10.057272,49.044278],[10.050465,49.042889],[10.048364,49.041352],[10.044445,49.043263],[10.040637,49.043131],[10.037583,49.04412],[10.036729,49.047071],[10.0291,49.045653],[10.027874,49.048718],[10.023266,49.051587],[10.019863,49.052382],[10.016322,49.051533],[10.017108,49.049852],[10.013546,49.047563],[10.017416,49.044047],[10.006127,49.042034],[10.005792,49.038397],[10.001853,49.037069],[9.997488,49.034011],[9.997035,49.032866],[9.993006,49.033732],[9.987942,49.032756],[9.986012,49.034125],[9.986594,49.035934],[9.990457,49.040212],[9.992491,49.041414],[9.989538,49.043887],[9.981439,49.044682],[9.980249,49.042961],[9.977177,49.042412],[9.975042,49.040369],[9.983494,49.036904],[9.984187,49.034774],[9.987049,49.03158],[9.985291,49.03017],[9.978176,49.031266],[9.972981,49.030445],[9.97371,49.028125],[9.978413,49.028096],[9.980007,49.023922],[9.977132,49.02328],[9.973875,49.021215],[9.973801,49.01947],[9.98097,49.020118],[9.98602,49.019868],[9.988309,49.018453],[9.991681,49.018639],[9.992792,49.016248],[9.989473,49.015516],[9.98909,49.013459],[9.990936,49.012302],[9.993741,49.004975],[9.993188,49.003911],[9.997622,48.996671],[9.999922,48.994994],[10.000721,48.991442],[10.005192,48.98966],[10.005246,48.987495],[10.008378,48.986074],[10.014156,48.986078],[10.013572,48.981562],[10.008089,48.98061],[10.006027,48.981731],[10.001259,48.982086],[9.997869,48.980985],[9.998068,48.979619],[9.989407,48.979104],[9.983694,48.979684],[9.980323,48.980882],[9.974707,48.978693],[9.965678,48.97846],[9.96236,48.976841],[9.957968,48.976476],[9.955987,48.974444],[9.945545,48.973609],[9.942843,48.974725],[9.945186,48.968537],[9.948127,48.967014],[9.946351,48.965293],[9.946181,48.963287],[9.943857,48.961036],[9.936691,48.958202],[9.931368,48.958413],[9.923218,48.965625],[9.918359,48.965373],[9.917165,48.96794],[9.908233,48.963889],[9.906676,48.961579],[9.907716,48.960457],[9.906109,48.958161],[9.902365,48.955219],[9.898528,48.953743],[9.893291,48.953409],[9.892984,48.951173],[9.890576,48.948073],[9.891947,48.947575],[9.896526,48.948464],[9.899112,48.94766],[9.90094,48.943176],[9.896656,48.940811],[9.892073,48.936997],[9.893483,48.931913],[9.8925,48.930129],[9.88867,48.929032],[9.885288,48.92517],[9.882379,48.924055],[9.880143,48.924502],[9.878928,48.922558],[9.878817,48.918823],[9.874092,48.917504],[9.870557,48.918124],[9.869887,48.920869],[9.863666,48.923882],[9.855568,48.919735],[9.851967,48.919281],[9.845646,48.919797],[9.837901,48.917777],[9.834234,48.918118],[9.832525,48.922513],[9.828401,48.926337],[9.833582,48.927365],[9.836953,48.927434],[9.840627,48.930351],[9.844961,48.930734],[9.844951,48.934241],[9.840915,48.934917],[9.837282,48.938291],[9.832604,48.938822],[9.827081,48.938771],[9.822794,48.939914],[9.819151,48.939385],[9.815996,48.940167],[9.813006,48.939567],[9.812858,48.942663],[9.809097,48.944885],[9.805162,48.945353],[9.801512,48.943824],[9.797261,48.943493],[9.795051,48.947014],[9.794494,48.95133],[9.795843,48.953136],[9.794902,48.956118],[9.790581,48.955676],[9.789694,48.953993],[9.780989,48.952312],[9.778461,48.954821],[9.774535,48.953893],[9.770393,48.953785],[9.769485,48.955146],[9.76375,48.953512],[9.761522,48.951167],[9.759898,48.952842],[9.763623,48.95454],[9.763192,48.956059],[9.759555,48.956251],[9.755357,48.955389],[9.754217,48.956525],[9.750633,48.957367],[9.747474,48.956894],[9.743011,48.959821],[9.74056,48.960462],[9.740316,48.96203],[9.738064,48.963457],[9.736231,48.968633],[9.73704,48.970337],[9.731533,48.971521],[9.728055,48.971723],[9.723204,48.974469],[9.719311,48.971329],[9.720094,48.968323],[9.717683,48.966301],[9.718994,48.964221],[9.71612,48.964027],[9.715641,48.962042],[9.712646,48.959811],[9.712628,48.957443],[9.71007,48.956858],[9.704709,48.957577],[9.703173,48.963883],[9.697104,48.96465],[9.691556,48.962923],[9.690642,48.960755],[9.69172,48.959152],[9.687791,48.954233],[9.688467,48.952457],[9.696027,48.951328],[9.69769,48.950462],[9.695683,48.946202],[9.692507,48.946897],[9.688066,48.946613],[9.686911,48.944783],[9.680962,48.944037],[9.678216,48.944447],[9.673914,48.939614],[9.67588,48.939204],[9.679754,48.935753],[9.679452,48.933282],[9.683233,48.931593],[9.686583,48.92645],[9.691779,48.927827],[9.695595,48.927494],[9.699592,48.928509],[9.700485,48.927632],[9.699448,48.923125],[9.700467,48.92162],[9.697362,48.917186],[9.69978,48.916414],[9.700303,48.9135],[9.705472,48.909687],[9.709431,48.912314],[9.711259,48.912419],[9.71678,48.91502],[9.720874,48.913811],[9.716156,48.908186],[9.720832,48.907443],[9.724831,48.908241],[9.730718,48.905378],[9.734572,48.904723],[9.738413,48.902673],[9.741351,48.9021],[9.74533,48.899316],[9.747644,48.896716],[9.746559,48.892637],[9.737855,48.890036],[9.742584,48.889161],[9.748518,48.886971],[9.750968,48.884892],[9.752013,48.881249],[9.750829,48.877636],[9.74232,48.875708],[9.741722,48.874254],[9.74498,48.871977],[9.749391,48.869985],[9.750865,48.867533],[9.75078,48.863114],[9.753531,48.862828],[9.760535,48.855764],[9.762923,48.855839],[9.76503,48.854049],[9.756885,48.853035],[9.753093,48.849344],[9.757901,48.846733],[9.764748,48.845338],[9.766906,48.840386],[9.769242,48.836741],[9.769728,48.83395],[9.76605,48.832126],[9.761472,48.828347],[9.757181,48.828504],[9.752624,48.823659],[9.745139,48.821365],[9.736278,48.819798],[9.729371,48.817237],[9.724426,48.81611],[9.72067,48.814423],[9.71644,48.816591],[9.713823,48.819343],[9.711984,48.823224],[9.710515,48.828366],[9.702824,48.827854],[9.699851,48.825772],[9.694514,48.825353],[9.694515,48.822185],[9.690795,48.823177],[9.687665,48.823105],[9.680625,48.825115],[9.678799,48.823831],[9.673528,48.824582],[9.669179,48.823406],[9.663707,48.824327],[9.662043,48.823718],[9.658497,48.825248],[9.656673,48.824146],[9.657259,48.819976],[9.65496,48.817466],[9.649095,48.819787],[9.643437,48.818917],[9.644261,48.814993],[9.651363,48.809787],[9.646739,48.80765],[9.645343,48.805968],[9.642527,48.805394],[9.642174,48.803265],[9.644222,48.80209],[9.643699,48.798629],[9.64534,48.797775],[9.639049,48.79541],[9.635421,48.796168],[9.635039,48.794238],[9.628557,48.792891],[9.628554,48.789422],[9.623804,48.787706],[9.620531,48.787767],[9.619039,48.783487],[9.619916,48.782942],[9.619713,48.778314],[9.622141,48.77786],[9.621182,48.77593],[9.623831,48.775317],[9.626501,48.773598]]],[[[9.780273,48.733444],[9.768111,48.730577],[9.766049,48.728487],[9.769292,48.727396],[9.771439,48.725595],[9.77532,48.725443],[9.77806,48.728201],[9.78096,48.728791],[9.778618,48.731386],[9.780273,48.733444]]]]},"properties":{"rs":81360000000,"name":"Ostalbkreis"},"id":"relation/62708"},{"type":"Feature","geometry":{"type":"Polygon","coordinates":[[[7.895106,47.58576],[7.905156,47.578684],[7.910645,47.571066],[7.911578,47.567739],[7.910756,47.565241],[7.907411,47.561308],[7.907284,47.559164],[7.90946,47.553556],[7.911605,47.551039],[7.916512,47.54798],[7.923733,47.546763],[7.928835,47.547103],[7.933511,47.546801],[7.940915,47.544348],[7.946822,47.544069],[7.949161,47.545967],[7.951218,47.549881],[7.952425,47.554543],[7.954302,47.556208],[7.960283,47.558058],[7.9697,47.555936],[7.980552,47.555086],[7.996591,47.556482],[8.000891,47.55636],[8.008102,47.55459],[8.014984,47.551095],[8.020716,47.550405],[8.027558,47.551946],[8.038929,47.553262],[8.047695,47.555917],[8.050798,47.557974],[8.058028,47.561849],[8.059182,47.563455],[8.063672,47.563353],[8.067203,47.564501],[8.073124,47.56281],[8.07958,47.558672],[8.08388,47.557548],[8.09025,47.557829],[8.09593,47.560244],[8.098905,47.562223],[8.101544,47.566606],[8.103069,47.576246],[8.106189,47.580015],[8.110141,47.582751],[8.117171,47.583931],[8.124647,47.583332],[8.134904,47.583494],[8.138159,47.585783],[8.13763,47.589235],[8.138598,47.590458],[8.147394,47.595317],[8.152271,47.595931],[8.160057,47.593608],[8.162761,47.593617],[8.165823,47.594698],[8.170635,47.598188],[8.173182,47.600641],[8.177832,47.603086],[8.182855,47.604218],[8.187316,47.607511],[8.193124,47.615607],[8.197193,47.618575],[8.201032,47.620306],[8.205365,47.621061],[8.21214,47.620567],[8.217792,47.618664],[8.220735,47.616583],[8.222993,47.611482],[8.2237,47.607752],[8.227132,47.605015],[8.230914,47.606629],[8.236984,47.612162],[8.23918,47.61288],[8.244625,47.61246],[8.252937,47.614666],[8.256912,47.615316],[8.260718,47.614511],[8.263073,47.610174],[8.265399,47.609334],[8.273944,47.611194],[8.27914,47.611712],[8.287756,47.610588],[8.294629,47.607883],[8.29728,47.606088],[8.297844,47.604383],[8.295797,47.59752],[8.295282,47.59369],[8.297588,47.58926],[8.30081,47.586849],[8.309644,47.583935],[8.312512,47.58231],[8.320167,47.575379],[8.324983,47.572367],[8.332491,47.570552],[8.339573,47.570278],[8.347564,47.570818],[8.358242,47.570005],[8.366212,47.568743],[8.370158,47.568532],[8.377667,47.567284],[8.382783,47.565659],[8.384865,47.566623],[8.388931,47.572715],[8.393914,47.576171],[8.396643,47.577175],[8.399439,47.577094],[8.40642,47.574946],[8.413435,47.571582],[8.422363,47.569028],[8.427452,47.567261],[8.431502,47.566569],[8.439485,47.56755],[8.449976,47.570914],[8.456168,47.572436],[8.46287,47.572033],[8.468954,47.573825],[8.475493,47.577349],[8.477913,47.578006],[8.485775,47.577248],[8.490992,47.579763],[8.49475,47.581033],[8.494153,47.582244],[8.488692,47.58783],[8.483267,47.586919],[8.481025,47.585205],[8.475443,47.584529],[8.466869,47.584248],[8.46482,47.588009],[8.460523,47.588379],[8.461221,47.592667],[8.460004,47.595017],[8.457024,47.597381],[8.456675,47.602327],[8.46363,47.602266],[8.468531,47.603861],[8.471431,47.607005],[8.475025,47.607721],[8.478113,47.610995],[8.479192,47.615229],[8.483293,47.613693],[8.4846,47.614754],[8.488472,47.615055],[8.49333,47.614437],[8.503158,47.617281],[8.505949,47.617183],[8.508313,47.618943],[8.508243,47.622064],[8.510198,47.623351],[8.514433,47.623581],[8.512771,47.625602],[8.515303,47.627108],[8.514832,47.630125],[8.515647,47.633791],[8.520756,47.634316],[8.52562,47.63171],[8.53172,47.631915],[8.538934,47.630974],[8.53868,47.626302],[8.542924,47.627049],[8.544319,47.625153],[8.550505,47.625356],[8.557884,47.624456],[8.559214,47.621901],[8.561979,47.619269],[8.562918,47.616702],[8.569322,47.617201],[8.571231,47.612485],[8.569989,47.610821],[8.566378,47.60986],[8.5664,47.606093],[8.563887,47.602863],[8.56164,47.601306],[8.563994,47.598478],[8.566643,47.597147],[8.56978,47.598134],[8.57217,47.597823],[8.574869,47.595508],[8.576875,47.596824],[8.582577,47.596138],[8.584259,47.599797],[8.587731,47.601724],[8.591134,47.602275],[8.592548,47.606128],[8.595746,47.605587],[8.603443,47.610944],[8.605141,47.614632],[8.604296,47.617802],[8.599612,47.623805],[8.597024,47.630486],[8.596807,47.635087],[8.595287,47.640873],[8.595691,47.643038],[8.601407,47.645704],[8.604005,47.650918],[8.607563,47.652445],[8.612374,47.649887],[8.61407,47.646604],[8.613756,47.643877],[8.610697,47.64186],[8.605445,47.641611],[8.602805,47.639706],[8.604761,47.637657],[8.607646,47.637001],[8.615596,47.6377],[8.619777,47.638781],[8.623184,47.640782],[8.624866,47.642602],[8.628854,47.649656],[8.62792,47.653449],[8.619336,47.659421],[8.614537,47.661558],[8.612832,47.660803],[8.608804,47.663418],[8.606908,47.666463],[8.605974,47.669523],[8.606706,47.672105],[8.598027,47.672708],[8.595913,47.669203],[8.593169,47.666803],[8.591444,47.667463],[8.587723,47.666318],[8.577714,47.661464],[8.573733,47.662709],[8.570879,47.664747],[8.569105,47.664152],[8.563437,47.668138],[8.563664,47.669998],[8.559708,47.670236],[8.556681,47.669251],[8.552662,47.669003],[8.549693,47.667436],[8.546335,47.66728],[8.539932,47.665086],[8.538833,47.663362],[8.541567,47.656881],[8.536045,47.658564],[8.533829,47.659936],[8.533419,47.663129],[8.531034,47.661733],[8.526899,47.660487],[8.528005,47.65798],[8.529975,47.656973],[8.529043,47.655103],[8.532904,47.651406],[8.533782,47.649111],[8.531772,47.645753],[8.529819,47.645942],[8.523796,47.644895],[8.519972,47.645555],[8.513639,47.647505],[8.509029,47.646692],[8.503174,47.647328],[8.499149,47.646413],[8.493676,47.64616],[8.493698,47.643037],[8.490534,47.642376],[8.487404,47.645076],[8.485183,47.643926],[8.48278,47.644091],[8.481439,47.645618],[8.482179,47.647449],[8.480368,47.649243],[8.476423,47.650109],[8.473026,47.649126],[8.473392,47.647358],[8.477394,47.645992],[8.477704,47.644645],[8.471547,47.642671],[8.473485,47.638416],[8.46999,47.639328],[8.467099,47.641552],[8.46371,47.648475],[8.467123,47.656042],[8.463629,47.656328],[8.459948,47.65372],[8.457272,47.652747],[8.45365,47.654782],[8.450515,47.655018],[8.445102,47.653874],[8.43861,47.65739],[8.436601,47.657393],[8.435266,47.659498],[8.431978,47.662146],[8.423629,47.666873],[8.415019,47.666154],[8.412196,47.666342],[8.405576,47.6742],[8.406338,47.676241],[8.40946,47.67903],[8.416185,47.679797],[8.418345,47.682795],[8.420773,47.683882],[8.418182,47.688199],[8.411965,47.694419],[8.406397,47.695578],[8.405201,47.698554],[8.409453,47.703297],[8.414289,47.706774],[8.417115,47.710191],[8.420133,47.709522],[8.42533,47.711736],[8.426074,47.711306],[8.431713,47.714632],[8.435162,47.717579],[8.438064,47.718555],[8.445341,47.723067],[8.454233,47.723529],[8.454592,47.727126],[8.457032,47.729184],[8.45364,47.730505],[8.451366,47.733198],[8.449785,47.738134],[8.45076,47.740173],[8.455833,47.742809],[8.456016,47.748464],[8.457487,47.750255],[8.462937,47.751704],[8.467118,47.754393],[8.469544,47.759943],[8.473132,47.76408],[8.481548,47.768324],[8.484086,47.770943],[8.48902,47.773208],[8.490988,47.771676],[8.495351,47.770752],[8.498347,47.772465],[8.502293,47.77365],[8.509598,47.774628],[8.510312,47.776198],[8.512778,47.779595],[8.521226,47.783317],[8.528798,47.785787],[8.530215,47.786937],[8.53087,47.789874],[8.528058,47.791803],[8.518695,47.791326],[8.515416,47.793309],[8.515403,47.795532],[8.511208,47.797581],[8.505184,47.795736],[8.503043,47.796771],[8.497206,47.796415],[8.491961,47.797013],[8.497079,47.801465],[8.501434,47.802647],[8.503066,47.803779],[8.508231,47.805371],[8.509683,47.809053],[8.513727,47.811707],[8.512254,47.815608],[8.509293,47.817326],[8.5081,47.820407],[8.509441,47.823585],[8.506922,47.826439],[8.505991,47.830433],[8.500232,47.828241],[8.497109,47.828191],[8.496087,47.829841],[8.490898,47.830337],[8.487321,47.83194],[8.481604,47.82999],[8.476572,47.831111],[8.472528,47.829294],[8.47017,47.831392],[8.469832,47.837309],[8.471609,47.838645],[8.473329,47.842395],[8.472226,47.843147],[8.472015,47.84671],[8.469219,47.846342],[8.466852,47.847341],[8.464798,47.849455],[8.455679,47.852735],[8.453829,47.852719],[8.450523,47.854746],[8.443701,47.856518],[8.438768,47.854185],[8.436207,47.851616],[8.433978,47.852995],[8.431345,47.852532],[8.429457,47.853867],[8.421731,47.853591],[8.418827,47.851748],[8.415211,47.851544],[8.41116,47.852409],[8.410718,47.850241],[8.408122,47.850902],[8.406634,47.8479],[8.404829,47.848333],[8.402761,47.845574],[8.399027,47.845721],[8.397653,47.842521],[8.393918,47.843253],[8.392338,47.841396],[8.389281,47.840484],[8.386176,47.84164],[8.384201,47.840165],[8.378543,47.841709],[8.375552,47.84046],[8.370781,47.840098],[8.368312,47.841235],[8.357245,47.844713],[8.350677,47.842603],[8.346882,47.844086],[8.343585,47.842822],[8.33628,47.844889],[8.333553,47.844797],[8.330816,47.845817],[8.328609,47.843519],[8.325256,47.845111],[8.323408,47.842645],[8.320826,47.8421],[8.317449,47.843968],[8.314799,47.843301],[8.309468,47.84531],[8.307707,47.848094],[8.304534,47.848381],[8.302264,47.846464],[8.29769,47.846892],[8.294331,47.848324],[8.291611,47.848554],[8.292308,47.850563],[8.290583,47.853557],[8.281029,47.852657],[8.273703,47.851399],[8.265686,47.851816],[8.259385,47.850139],[8.254821,47.847095],[8.253239,47.845359],[8.254316,47.842658],[8.256992,47.841097],[8.257923,47.83852],[8.252313,47.837154],[8.250261,47.837453],[8.247608,47.835089],[8.244187,47.834559],[8.241691,47.835129],[8.233468,47.833539],[8.230435,47.832275],[8.23196,47.828203],[8.233916,47.825196],[8.228325,47.822895],[8.22576,47.822672],[8.216771,47.824956],[8.212434,47.823803],[8.209642,47.822346],[8.209531,47.820723],[8.214261,47.814726],[8.219809,47.810767],[8.222187,47.808238],[8.221634,47.804285],[8.219345,47.799603],[8.221683,47.797758],[8.226925,47.795143],[8.22248,47.793292],[8.218391,47.794602],[8.215107,47.794809],[8.214851,47.793109],[8.212153,47.789467],[8.208295,47.78692],[8.207146,47.785337],[8.21241,47.780314],[8.213096,47.778905],[8.211737,47.776751],[8.217066,47.77302],[8.21713,47.7668],[8.219941,47.76784],[8.228651,47.766713],[8.231595,47.76385],[8.228874,47.762218],[8.22267,47.76445],[8.210443,47.764549],[8.203455,47.761993],[8.19959,47.761843],[8.195195,47.762751],[8.192108,47.754575],[8.196146,47.751586],[8.193007,47.747481],[8.190366,47.750736],[8.191968,47.752315],[8.1888,47.755484],[8.191101,47.758646],[8.189059,47.761017],[8.192443,47.763006],[8.191696,47.766223],[8.189649,47.768001],[8.187217,47.767366],[8.185001,47.768704],[8.186446,47.771084],[8.183751,47.774118],[8.185113,47.775581],[8.182929,47.777073],[8.184372,47.781977],[8.182903,47.78315],[8.178909,47.781988],[8.172831,47.780938],[8.172221,47.777507],[8.170118,47.775877],[8.16404,47.774121],[8.16093,47.773999],[8.160613,47.772316],[8.156927,47.773216],[8.154322,47.772721],[8.151514,47.777781],[8.14748,47.783417],[8.146274,47.786191],[8.143921,47.786368],[8.134914,47.785472],[8.134432,47.788167],[8.129782,47.792032],[8.124232,47.791208],[8.120118,47.789031],[8.114319,47.793454],[8.122477,47.793636],[8.124563,47.801935],[8.120452,47.80181],[8.116588,47.804323],[8.10686,47.806061],[8.101239,47.805254],[8.097124,47.808946],[8.096775,47.811115],[8.093519,47.8144],[8.094081,47.818228],[8.089705,47.821956],[8.088147,47.826262],[8.085637,47.831044],[8.087044,47.835958],[8.086217,47.838449],[8.081159,47.840967],[8.079718,47.848291],[8.077062,47.848438],[8.077038,47.851134],[8.074506,47.854271],[8.071279,47.853229],[8.070522,47.855451],[8.067754,47.855363],[8.067176,47.857354],[8.058668,47.857294],[8.057562,47.858542],[8.048265,47.85759],[8.043039,47.856411],[8.043481,47.852764],[8.034496,47.852027],[8.027531,47.850038],[8.027651,47.84697],[8.026045,47.84531],[8.018905,47.841342],[8.01171,47.837313],[8.00018,47.827593],[7.999757,47.820822],[8.001094,47.817056],[8.000948,47.813372],[7.997504,47.805365],[7.999116,47.796754],[8.002877,47.796265],[8.00454,47.794462],[8.001763,47.78863],[8.002181,47.786124],[8.003875,47.784139],[8.004161,47.781037],[8.001962,47.777651],[8.002978,47.774965],[8.002856,47.7717],[8.001586,47.769789],[7.996282,47.768545],[7.993032,47.766458],[7.990768,47.766157],[7.9871,47.76719],[7.984428,47.766497],[7.981013,47.767233],[7.979253,47.766703],[7.977343,47.762813],[7.973247,47.761664],[7.970961,47.758657],[7.971752,47.754119],[7.969854,47.752291],[7.972785,47.748651],[7.973038,47.746375],[7.975065,47.744855],[7.969588,47.738593],[7.970502,47.737013],[7.968444,47.734717],[7.961356,47.731421],[7.957678,47.730166],[7.963885,47.726713],[7.966252,47.727426],[7.97074,47.724678],[7.972681,47.719955],[7.979783,47.714275],[7.980951,47.71129],[7.979112,47.706074],[7.981466,47.703357],[7.979395,47.700689],[7.976608,47.700481],[7.977434,47.697996],[7.975226,47.696871],[7.974828,47.695008],[7.969051,47.69234],[7.96782,47.68962],[7.963566,47.687454],[7.961456,47.685197],[7.958511,47.685973],[7.955034,47.68289],[7.95039,47.681842],[7.950104,47.679164],[7.947665,47.679143],[7.939122,47.675526],[7.935516,47.675305],[7.933508,47.674283],[7.92693,47.67417],[7.920939,47.671747],[7.922392,47.669807],[7.917792,47.665568],[7.914116,47.664841],[7.911237,47.665198],[7.90922,47.663188],[7.911282,47.662023],[7.913062,47.658305],[7.912061,47.652574],[7.909868,47.650032],[7.90343,47.647797],[7.901336,47.646166],[7.893261,47.643351],[7.892392,47.644165],[7.886581,47.644589],[7.884202,47.644166],[7.880535,47.642281],[7.872764,47.645104],[7.871302,47.645094],[7.871201,47.641967],[7.872128,47.638024],[7.874689,47.63633],[7.87301,47.632112],[7.879353,47.629841],[7.878683,47.628046],[7.879354,47.625235],[7.878915,47.622365],[7.877362,47.619905],[7.878009,47.616953],[7.882016,47.612174],[7.885547,47.610229],[7.885443,47.608352],[7.889763,47.604756],[7.893978,47.605053],[7.901286,47.601895],[7.898377,47.599672],[7.902997,47.596967],[7.90163,47.595097],[7.901043,47.591771],[7.897321,47.587318],[7.895106,47.58576]]]},"properties":{"rs":83370000000,"name":"Landkreis Waldshut"},"id":"relation/62716"},{"type":"Feature","geometry":{"type":"Polygon","coordinates":[[[8.928684,48.866483],[8.92512,48.86553],[8.923317,48.866458],[8.919552,48.866505],[8.913031,48.863499],[8.906624,48.862793],[8.902328,48.860469],[8.899058,48.856926],[8.898301,48.851619],[8.894638,48.8466],[8.884516,48.841435],[8.883354,48.84221],[8.871483,48.836263],[8.871973,48.835367],[8.877565,48.834533],[8.88569,48.830267],[8.875421,48.82587],[8.874638,48.824256],[8.877388,48.823537],[8.876537,48.821602],[8.872734,48.822667],[8.874132,48.819824],[8.871694,48.817301],[8.873807,48.815829],[8.87795,48.818175],[8.877195,48.820553],[8.883835,48.819715],[8.886426,48.81879],[8.891581,48.822348],[8.899195,48.821179],[8.901802,48.818201],[8.899338,48.815052],[8.894236,48.813143],[8.890987,48.813081],[8.891614,48.808902],[8.890928,48.807222],[8.891559,48.803408],[8.898587,48.80165],[8.900333,48.800508],[8.897723,48.798634],[8.895197,48.798093],[8.889448,48.800947],[8.887425,48.803049],[8.881336,48.798771],[8.878944,48.798537],[8.871722,48.796445],[8.868812,48.794493],[8.867626,48.792283],[8.864108,48.792624],[8.853054,48.792507],[8.84726,48.792967],[8.844902,48.795261],[8.84255,48.799511],[8.834293,48.798413],[8.831356,48.797533],[8.827634,48.794537],[8.825416,48.791395],[8.81865,48.788447],[8.813902,48.784109],[8.811313,48.781],[8.807663,48.780899],[8.804559,48.777901],[8.799884,48.773992],[8.801104,48.772056],[8.805084,48.770459],[8.811776,48.765689],[8.813871,48.765263],[8.817583,48.76608],[8.819708,48.762644],[8.821195,48.762209],[8.826669,48.758504],[8.834046,48.755303],[8.835244,48.754345],[8.835478,48.751274],[8.833271,48.743159],[8.830064,48.739493],[8.829382,48.736437],[8.835051,48.736189],[8.839962,48.735448],[8.848117,48.735513],[8.854096,48.734681],[8.857661,48.733155],[8.861876,48.732207],[8.864694,48.729913],[8.870469,48.727355],[8.872314,48.727314],[8.877507,48.724994],[8.876254,48.721728],[8.873739,48.722975],[8.871841,48.721203],[8.868012,48.72061],[8.864757,48.719058],[8.864,48.716015],[8.867295,48.714723],[8.864481,48.710045],[8.857086,48.707971],[8.855128,48.706826],[8.857432,48.704677],[8.86072,48.703556],[8.863152,48.697365],[8.860171,48.695549],[8.858771,48.693279],[8.85489,48.690603],[8.851078,48.684521],[8.84219,48.685114],[8.839989,48.682841],[8.836853,48.683095],[8.834329,48.680249],[8.833971,48.678648],[8.827244,48.676741],[8.825581,48.673672],[8.825717,48.669528],[8.819135,48.669419],[8.8182,48.668255],[8.819327,48.664793],[8.813536,48.664222],[8.798663,48.658722],[8.799572,48.655087],[8.799261,48.648784],[8.796997,48.647803],[8.800384,48.643497],[8.79795,48.643207],[8.793489,48.639476],[8.790819,48.638277],[8.795628,48.634849],[8.79211,48.631879],[8.789876,48.629086],[8.790422,48.627276],[8.796699,48.625603],[8.798364,48.623627],[8.797439,48.620977],[8.79968,48.617762],[8.801144,48.611546],[8.79969,48.610284],[8.795013,48.608944],[8.794622,48.605277],[8.793367,48.60433],[8.793286,48.600894],[8.79489,48.594145],[8.789862,48.596563],[8.778021,48.598963],[8.759308,48.603769],[8.754276,48.601861],[8.748046,48.603416],[8.748113,48.598967],[8.746437,48.596109],[8.751435,48.593181],[8.751572,48.590699],[8.754107,48.587533],[8.7554,48.582646],[8.754822,48.575432],[8.752399,48.575323],[8.7503,48.570659],[8.756379,48.570784],[8.756296,48.566802],[8.758367,48.564793],[8.757048,48.561472],[8.758501,48.555915],[8.763441,48.555807],[8.766345,48.554619],[8.765474,48.54855],[8.77257,48.548388],[8.769683,48.546433],[8.758379,48.544479],[8.757886,48.538056],[8.762654,48.538081],[8.763824,48.534161],[8.763174,48.531921],[8.758406,48.530983],[8.760018,48.527291],[8.755477,48.526053],[8.756058,48.525102],[8.760159,48.525667],[8.763495,48.525159],[8.762824,48.523542],[8.765048,48.522223],[8.769148,48.522345],[8.771562,48.524103],[8.780854,48.521421],[8.790033,48.520259],[8.792501,48.516116],[8.792728,48.513798],[8.796498,48.512512],[8.796578,48.510532],[8.803992,48.50863],[8.804439,48.506477],[8.80969,48.507136],[8.817736,48.507282],[8.825459,48.506398],[8.836159,48.504223],[8.833777,48.500052],[8.840637,48.497721],[8.844701,48.498467],[8.84668,48.503457],[8.844188,48.507538],[8.849464,48.509742],[8.853363,48.509927],[8.858543,48.512228],[8.86593,48.514789],[8.864578,48.516776],[8.862429,48.517337],[8.858314,48.516743],[8.85582,48.518967],[8.857442,48.520283],[8.854679,48.522733],[8.859408,48.527183],[8.857097,48.529293],[8.852954,48.531376],[8.853219,48.53292],[8.851328,48.537084],[8.866495,48.540187],[8.869515,48.539633],[8.873864,48.540232],[8.877215,48.539409],[8.886949,48.541762],[8.885674,48.543925],[8.889031,48.544654],[8.888665,48.55176],[8.890835,48.5582],[8.888553,48.560702],[8.890039,48.564313],[8.893989,48.562611],[8.895524,48.564503],[8.897816,48.563337],[8.909502,48.569968],[8.910471,48.572051],[8.912737,48.572625],[8.914411,48.570946],[8.917805,48.572154],[8.919362,48.570046],[8.924175,48.570981],[8.925915,48.569083],[8.928589,48.569188],[8.931963,48.567438],[8.932599,48.564406],[8.945193,48.567548],[8.940366,48.570557],[8.939584,48.573294],[8.937254,48.574471],[8.935922,48.577504],[8.93886,48.57932],[8.941471,48.577628],[8.944799,48.579322],[8.949192,48.579984],[8.947786,48.586019],[8.950249,48.587445],[8.953992,48.588331],[8.956089,48.586562],[8.966156,48.587138],[8.974994,48.589265],[8.976906,48.590653],[8.981618,48.588525],[8.992995,48.584183],[8.995077,48.584414],[8.996885,48.58647],[9.00598,48.5882],[9.009131,48.586893],[9.013435,48.586217],[9.018449,48.581544],[9.02139,48.579457],[9.025742,48.578665],[9.031104,48.578404],[9.034839,48.575959],[9.035965,48.579901],[9.038301,48.58175],[9.038127,48.584695],[9.041093,48.587817],[9.045029,48.588708],[9.045242,48.590276],[9.049918,48.591686],[9.052018,48.593092],[9.05648,48.593662],[9.056918,48.59145],[9.063645,48.592532],[9.065606,48.59334],[9.070853,48.593659],[9.076198,48.5901],[9.078713,48.589996],[9.07911,48.59309],[9.077941,48.598071],[9.081479,48.597484],[9.083239,48.600018],[9.089144,48.602975],[9.087197,48.605717],[9.085552,48.610109],[9.088252,48.61319],[9.091177,48.612507],[9.092365,48.614399],[9.095755,48.615941],[9.096494,48.617362],[9.095653,48.621556],[9.107437,48.622792],[9.107282,48.617322],[9.108548,48.616136],[9.113505,48.616525],[9.115517,48.614869],[9.11553,48.6128],[9.113836,48.611648],[9.111917,48.608339],[9.112575,48.607254],[9.110147,48.60523],[9.112276,48.603409],[9.117207,48.602108],[9.11983,48.600737],[9.123263,48.600142],[9.127371,48.60042],[9.13143,48.601691],[9.134865,48.601204],[9.14043,48.602667],[9.151356,48.604877],[9.149792,48.606547],[9.149068,48.61258],[9.144003,48.618114],[9.153835,48.621014],[9.16036,48.621933],[9.167635,48.624825],[9.167795,48.625831],[9.165509,48.630405],[9.165074,48.632522],[9.168127,48.634239],[9.172514,48.63303],[9.170912,48.636734],[9.16853,48.637927],[9.168505,48.639337],[9.16509,48.644422],[9.159679,48.648363],[9.158346,48.651143],[9.153258,48.658707],[9.150458,48.660181],[9.149676,48.662151],[9.145909,48.664475],[9.140061,48.664767],[9.134947,48.667551],[9.132137,48.669926],[9.12713,48.670616],[9.126159,48.672261],[9.123856,48.67265],[9.122509,48.676674],[9.117542,48.678794],[9.115207,48.67732],[9.10751,48.67754],[9.098281,48.679074],[9.096052,48.680585],[9.093523,48.677994],[9.093047,48.673708],[9.0901,48.674687],[9.088175,48.673592],[9.085922,48.67457],[9.084884,48.676847],[9.085921,48.679598],[9.085155,48.680837],[9.087685,48.683637],[9.090174,48.684853],[9.095816,48.685852],[9.100135,48.687722],[9.107491,48.687136],[9.10976,48.688927],[9.114055,48.690412],[9.107041,48.695091],[9.108504,48.698077],[9.106327,48.701457],[9.102108,48.704296],[9.099777,48.702533],[9.093949,48.705814],[9.10641,48.710507],[9.100335,48.711672],[9.086927,48.715235],[9.073871,48.723089],[9.069648,48.725968],[9.062808,48.727379],[9.063387,48.728854],[9.06726,48.730567],[9.066622,48.734154],[9.062672,48.734066],[9.056535,48.733123],[9.054023,48.737429],[9.054698,48.738229],[9.051628,48.740516],[9.045708,48.741264],[9.042163,48.740584],[9.038601,48.741318],[9.039832,48.743458],[9.044957,48.746118],[9.045727,48.7471],[9.052692,48.748137],[9.058467,48.746871],[9.063578,48.747957],[9.062286,48.750119],[9.062891,48.752609],[9.065236,48.755386],[9.067676,48.756663],[9.064497,48.759251],[9.055037,48.76321],[9.051184,48.764169],[9.051914,48.76569],[9.050096,48.767759],[9.050386,48.771246],[9.048731,48.772632],[9.04575,48.776932],[9.044335,48.780259],[9.04207,48.783518],[9.04351,48.787261],[9.041682,48.791707],[9.038704,48.793955],[9.0335,48.795934],[9.03128,48.798276],[9.032667,48.800801],[9.03631,48.802753],[9.038855,48.803009],[9.037156,48.808209],[9.042561,48.809278],[9.040398,48.813477],[9.045347,48.814096],[9.043402,48.818302],[9.042912,48.821197],[9.037164,48.821571],[9.038323,48.82362],[9.036619,48.825734],[9.031023,48.82643],[9.030801,48.827819],[9.024984,48.828012],[9.021303,48.829383],[9.013682,48.828686],[9.004866,48.826946],[9.003889,48.828204],[9.00002,48.82777],[8.994696,48.832894],[8.992087,48.833554],[8.988242,48.833347],[8.984097,48.831011],[8.980121,48.830177],[8.975328,48.830854],[8.969779,48.832859],[8.96727,48.829314],[8.965534,48.830085],[8.96384,48.834659],[8.96036,48.838655],[8.956962,48.841061],[8.958819,48.842563],[8.962289,48.847635],[8.958873,48.851687],[8.957327,48.855707],[8.951773,48.857047],[8.945754,48.861407],[8.942572,48.86215],[8.942466,48.863626],[8.934199,48.867647],[8.928684,48.866483]]]},"properties":{"rs":81150000000,"name":"Landkreis Böblingen"},"id":"relation/62721"},{"type":"Feature","geometry":{"type":"Polygon","coordinates":[[[8.493041,48.820241],[8.500604,48.819695],[8.502299,48.81881],[8.50498,48.814005],[8.517823,48.813293],[8.524056,48.811045],[8.52708,48.808794],[8.527346,48.806868],[8.532945,48.803873],[8.530978,48.801657],[8.527518,48.800715],[8.518879,48.800373],[8.516817,48.797334],[8.519098,48.794097],[8.528162,48.78771],[8.530135,48.784985],[8.534561,48.784972],[8.537165,48.784294],[8.541236,48.784426],[8.547159,48.786671],[8.547622,48.788028],[8.551348,48.792284],[8.551183,48.794019],[8.554118,48.797216],[8.552962,48.800727],[8.55466,48.801903],[8.554729,48.803855],[8.556671,48.805606],[8.55835,48.810517],[8.562846,48.810759],[8.564693,48.812416],[8.570221,48.81396],[8.572299,48.813761],[8.577676,48.814831],[8.579524,48.814387],[8.585761,48.816914],[8.587876,48.81868],[8.589504,48.815592],[8.595333,48.811971],[8.594301,48.810132],[8.597415,48.808383],[8.603307,48.810097],[8.608711,48.810364],[8.609025,48.812361],[8.606699,48.81785],[8.607892,48.821441],[8.609998,48.825243],[8.612379,48.827393],[8.617978,48.828346],[8.621597,48.824774],[8.626762,48.82352],[8.629847,48.823638],[8.632866,48.822462],[8.635415,48.819782],[8.641333,48.817421],[8.642407,48.817872],[8.645867,48.815267],[8.651453,48.813751],[8.653759,48.812177],[8.662872,48.8129],[8.665522,48.810209],[8.669489,48.811581],[8.6702,48.813247],[8.673388,48.815265],[8.67783,48.816722],[8.68498,48.815494],[8.690136,48.816453],[8.694737,48.816667],[8.695615,48.817434],[8.696882,48.822465],[8.700628,48.82477],[8.695543,48.825907],[8.694372,48.82719],[8.697959,48.828077],[8.697892,48.82965],[8.693969,48.832324],[8.693026,48.834771],[8.691212,48.835064],[8.685084,48.834802],[8.680761,48.835104],[8.676927,48.837598],[8.673915,48.840458],[8.669701,48.841367],[8.667306,48.840384],[8.666495,48.836436],[8.658932,48.834671],[8.656025,48.838053],[8.652743,48.83844],[8.64977,48.84084],[8.644196,48.842621],[8.641063,48.842917],[8.634402,48.845218],[8.630454,48.848273],[8.628346,48.855044],[8.639208,48.857792],[8.640248,48.859407],[8.638117,48.861798],[8.639174,48.864344],[8.644615,48.865283],[8.646903,48.867853],[8.64686,48.870577],[8.648055,48.874013],[8.64747,48.876206],[8.648992,48.879832],[8.644128,48.884685],[8.644354,48.88759],[8.643067,48.892607],[8.64021,48.896607],[8.637428,48.899356],[8.631267,48.899244],[8.627555,48.90445],[8.627845,48.906452],[8.630213,48.907402],[8.627529,48.909718],[8.629043,48.912547],[8.631901,48.914132],[8.637561,48.91521],[8.640538,48.916688],[8.644587,48.917485],[8.649637,48.919985],[8.652895,48.918017],[8.657545,48.912992],[8.665002,48.90917],[8.675606,48.909575],[8.680948,48.909319],[8.679709,48.912607],[8.680328,48.914376],[8.683458,48.916174],[8.687071,48.916879],[8.68916,48.91913],[8.694195,48.92116],[8.693868,48.922339],[8.700513,48.924396],[8.713777,48.923273],[8.715902,48.921981],[8.719239,48.922793],[8.722112,48.925728],[8.724743,48.926456],[8.725055,48.929703],[8.735169,48.926911],[8.745425,48.92865],[8.749697,48.925565],[8.755051,48.924358],[8.755015,48.922999],[8.763115,48.916214],[8.763708,48.913515],[8.761834,48.912806],[8.763215,48.908234],[8.762014,48.905765],[8.762574,48.904304],[8.756938,48.899345],[8.769322,48.894555],[8.774801,48.89275],[8.774767,48.890346],[8.776523,48.886145],[8.786039,48.887901],[8.787875,48.88791],[8.792822,48.890142],[8.793143,48.886234],[8.791031,48.883884],[8.790559,48.881724],[8.792246,48.877199],[8.791162,48.872029],[8.794512,48.86742],[8.801457,48.864483],[8.808322,48.86276],[8.806872,48.858851],[8.802751,48.857751],[8.790005,48.855342],[8.78728,48.854237],[8.781361,48.854207],[8.775755,48.852528],[8.776593,48.850496],[8.772336,48.846799],[8.769916,48.84798],[8.768125,48.843866],[8.770063,48.840233],[8.768972,48.835242],[8.766169,48.83547],[8.764487,48.834222],[8.759129,48.833431],[8.751437,48.836376],[8.746205,48.83647],[8.747469,48.839191],[8.749379,48.840926],[8.747838,48.842997],[8.74498,48.843006],[8.740158,48.844029],[8.738892,48.845222],[8.732227,48.844],[8.735525,48.842443],[8.735259,48.839055],[8.739819,48.840883],[8.743548,48.839639],[8.741031,48.835439],[8.743663,48.832839],[8.749288,48.83035],[8.748199,48.827337],[8.744785,48.824121],[8.742382,48.822881],[8.732082,48.82312],[8.7283,48.822041],[8.723507,48.819923],[8.716925,48.82492],[8.719108,48.826027],[8.715451,48.831476],[8.711955,48.833348],[8.710151,48.835334],[8.706776,48.836989],[8.709367,48.839739],[8.698941,48.838303],[8.697856,48.837155],[8.702088,48.832444],[8.709997,48.829646],[8.71356,48.827233],[8.713371,48.825415],[8.710435,48.824124],[8.713185,48.822729],[8.714822,48.820205],[8.714156,48.817241],[8.715091,48.815976],[8.719889,48.814608],[8.721834,48.812831],[8.722624,48.810587],[8.721037,48.804874],[8.722853,48.801246],[8.726927,48.798464],[8.730837,48.79963],[8.733733,48.801914],[8.739923,48.803362],[8.743073,48.801624],[8.743,48.800388],[8.745868,48.797309],[8.749147,48.796093],[8.752575,48.793943],[8.756332,48.790523],[8.760259,48.782349],[8.768809,48.777169],[8.782153,48.774347],[8.783556,48.776389],[8.791068,48.780134],[8.795384,48.780084],[8.798001,48.778711],[8.804559,48.777901],[8.807663,48.780899],[8.811313,48.781],[8.813902,48.784109],[8.81865,48.788447],[8.825416,48.791395],[8.827634,48.794537],[8.831356,48.797533],[8.834293,48.798413],[8.84255,48.799511],[8.844902,48.795261],[8.84726,48.792967],[8.853054,48.792507],[8.864108,48.792624],[8.867626,48.792283],[8.868812,48.794493],[8.871722,48.796445],[8.878944,48.798537],[8.881336,48.798771],[8.887425,48.803049],[8.889448,48.800947],[8.895197,48.798093],[8.897723,48.798634],[8.900333,48.800508],[8.898587,48.80165],[8.891559,48.803408],[8.890928,48.807222],[8.891614,48.808902],[8.890987,48.813081],[8.894236,48.813143],[8.899338,48.815052],[8.901802,48.818201],[8.899195,48.821179],[8.891581,48.822348],[8.886426,48.81879],[8.883835,48.819715],[8.877195,48.820553],[8.87795,48.818175],[8.873807,48.815829],[8.871694,48.817301],[8.874132,48.819824],[8.872734,48.822667],[8.876537,48.821602],[8.877388,48.823537],[8.874638,48.824256],[8.875421,48.82587],[8.88569,48.830267],[8.877565,48.834533],[8.871973,48.835367],[8.871483,48.836263],[8.883354,48.84221],[8.884516,48.841435],[8.894638,48.8466],[8.898301,48.851619],[8.899058,48.856926],[8.902328,48.860469],[8.906624,48.862793],[8.913031,48.863499],[8.919552,48.866505],[8.923317,48.866458],[8.92512,48.86553],[8.928684,48.866483],[8.926733,48.86802],[8.928664,48.870626],[8.924346,48.871768],[8.923714,48.87486],[8.921031,48.876727],[8.920162,48.879474],[8.917617,48.883569],[8.916894,48.886786],[8.917562,48.888955],[8.914785,48.893842],[8.912708,48.895053],[8.912573,48.89744],[8.916912,48.899351],[8.915007,48.901047],[8.915122,48.902853],[8.913306,48.903807],[8.911953,48.906335],[8.909206,48.906262],[8.906675,48.909605],[8.909102,48.911991],[8.915381,48.912298],[8.918528,48.914241],[8.922631,48.914137],[8.924401,48.915868],[8.926286,48.919686],[8.92392,48.920897],[8.921043,48.920931],[8.915098,48.922389],[8.911958,48.922167],[8.907814,48.920686],[8.907104,48.922148],[8.900983,48.923719],[8.902938,48.925602],[8.905808,48.926315],[8.904087,48.929121],[8.902129,48.935164],[8.90275,48.938821],[8.904649,48.942273],[8.907203,48.941757],[8.91727,48.941697],[8.917783,48.939979],[8.923079,48.940098],[8.930114,48.936375],[8.930781,48.938079],[8.933366,48.939413],[8.938094,48.939258],[8.941797,48.938296],[8.945528,48.941956],[8.946707,48.944649],[8.945471,48.951849],[8.949218,48.953116],[8.946316,48.955072],[8.946422,48.958857],[8.945338,48.961738],[8.941512,48.961704],[8.941884,48.963882],[8.939253,48.968243],[8.930738,48.971327],[8.928007,48.975513],[8.92508,48.976723],[8.92024,48.98234],[8.923714,48.983714],[8.92384,48.98545],[8.921074,48.987095],[8.923,48.990271],[8.930388,48.989838],[8.933024,48.993224],[8.929476,48.996681],[8.92401,48.999374],[8.922018,49.002104],[8.916163,49.005001],[8.91915,49.008329],[8.916486,49.009815],[8.908308,49.016225],[8.904594,49.019679],[8.903542,49.022276],[8.895179,49.024846],[8.88778,49.029915],[8.881754,49.030194],[8.877398,49.032451],[8.875695,49.03565],[8.875349,49.037115],[8.872324,49.037047],[8.873053,49.043483],[8.871385,49.050122],[8.87731,49.049485],[8.880496,49.056496],[8.877693,49.05854],[8.875731,49.059853],[8.873157,49.059712],[8.867874,49.061384],[8.859457,49.061466],[8.853664,49.062091],[8.84909,49.061798],[8.839845,49.06209],[8.842097,49.059179],[8.839931,49.057089],[8.839787,49.053379],[8.83788,49.051027],[8.834841,49.049842],[8.834354,49.045622],[8.836,49.045486],[8.835771,49.041898],[8.836583,49.039933],[8.83893,49.038137],[8.833652,49.037808],[8.828929,49.036278],[8.821548,49.03749],[8.817118,49.035359],[8.811916,49.033728],[8.808854,49.03527],[8.802893,49.036482],[8.803835,49.038626],[8.807376,49.040264],[8.804633,49.04282],[8.797176,49.045518],[8.791442,49.045607],[8.786459,49.045186],[8.784258,49.046114],[8.779056,49.045786],[8.776822,49.042043],[8.769025,49.040588],[8.759555,49.041303],[8.759156,49.044798],[8.755344,49.045276],[8.748886,49.039615],[8.744013,49.036942],[8.744763,49.035368],[8.744546,49.031946],[8.741821,49.030187],[8.733875,49.028091],[8.732288,49.026797],[8.733388,49.022608],[8.73272,49.019345],[8.730684,49.018817],[8.729684,49.016251],[8.733888,49.014006],[8.737339,49.008205],[8.734371,49.007127],[8.736988,49.001622],[8.73553,48.999794],[8.732461,48.998493],[8.732778,48.994286],[8.727058,48.993065],[8.723611,48.990093],[8.718378,48.990421],[8.712496,48.988527],[8.710509,48.988974],[8.707173,48.994157],[8.70427,48.993672],[8.703583,48.99543],[8.699756,48.996222],[8.688686,48.992939],[8.683739,48.992361],[8.682717,48.994474],[8.676803,48.99297],[8.672208,48.993478],[8.667457,48.996612],[8.665772,49.001598],[8.660646,49.007672],[8.653885,49.004208],[8.649525,49.003527],[8.647568,49.002431],[8.647542,48.994774],[8.648168,48.989822],[8.643463,48.989276],[8.634769,48.990523],[8.632961,48.991915],[8.627005,48.993444],[8.617139,48.992494],[8.612318,48.991174],[8.607234,48.988391],[8.604663,48.986421],[8.60187,48.985599],[8.596128,48.985388],[8.59494,48.986409],[8.589331,48.986986],[8.585179,48.989068],[8.580139,48.989894],[8.577227,48.989738],[8.574689,48.988176],[8.572768,48.985528],[8.573343,48.982636],[8.572102,48.98108],[8.569639,48.981212],[8.568906,48.978541],[8.569828,48.977289],[8.5673,48.975439],[8.563024,48.974726],[8.557361,48.970264],[8.560405,48.967366],[8.558325,48.96654],[8.558198,48.963272],[8.55945,48.961843],[8.551186,48.955355],[8.549165,48.953032],[8.544483,48.954044],[8.542063,48.952191],[8.538067,48.952956],[8.535423,48.946872],[8.535784,48.94422],[8.539682,48.942871],[8.538787,48.940234],[8.542724,48.93617],[8.540558,48.932251],[8.536849,48.93096],[8.534397,48.929179],[8.53517,48.926888],[8.541369,48.9268],[8.551194,48.927958],[8.554561,48.926676],[8.553489,48.922884],[8.553855,48.920213],[8.547529,48.919138],[8.544793,48.917468],[8.542277,48.914102],[8.541287,48.90997],[8.533984,48.903395],[8.532684,48.905188],[8.528222,48.902941],[8.525502,48.902746],[8.523273,48.899819],[8.521581,48.901575],[8.518034,48.899632],[8.516613,48.894107],[8.51787,48.891513],[8.517551,48.888695],[8.51614,48.887469],[8.522517,48.880666],[8.526558,48.879985],[8.524409,48.87674],[8.521271,48.873531],[8.521766,48.87262],[8.519549,48.86977],[8.519256,48.867816],[8.515765,48.864931],[8.513178,48.864316],[8.509333,48.860356],[8.506126,48.858548],[8.500503,48.858376],[8.493141,48.854059],[8.490496,48.850747],[8.48657,48.848713],[8.476838,48.848232],[8.468065,48.845515],[8.472068,48.841991],[8.476066,48.840166],[8.474168,48.838753],[8.473994,48.835225],[8.477704,48.83083],[8.478538,48.828613],[8.48068,48.82774],[8.481027,48.825929],[8.484914,48.824177],[8.489581,48.822852],[8.493041,48.820241]]]},"properties":{"rs":82360000000,"name":"Enzkreis"},"id":"relation/62723"},{"type":"Feature","geometry":{"type":"Polygon","coordinates":[[[8.877693,49.05854],[8.880496,49.056496],[8.87731,49.049485],[8.871385,49.050122],[8.873053,49.043483],[8.872324,49.037047],[8.875349,49.037115],[8.875695,49.03565],[8.876112,49.03705],[8.880037,49.03918],[8.885117,49.039837],[8.88601,49.044784],[8.896591,49.043795],[8.899399,49.042521],[8.905316,49.040916],[8.908057,49.041185],[8.911528,49.039727],[8.919081,49.039821],[8.925973,49.038548],[8.928129,49.036796],[8.931208,49.040456],[8.937593,49.039668],[8.941444,49.037691],[8.951971,49.038272],[8.955236,49.037927],[8.965094,49.034646],[8.963339,49.041005],[8.970215,49.041609],[8.974652,49.041495],[8.982166,49.039825],[8.986084,49.039734],[8.986637,49.0381],[8.989318,49.037626],[8.98747,49.035042],[8.986901,49.031812],[8.987308,49.028314],[8.996331,49.025694],[8.99745,49.024653],[9.004357,49.023499],[9.006197,49.022154],[9.013584,49.020972],[9.015008,49.022456],[9.020059,49.024439],[9.018008,49.025347],[9.01669,49.028309],[9.023568,49.029095],[9.028509,49.027706],[9.03088,49.02765],[9.027044,49.024036],[9.034168,49.023746],[9.036433,49.025513],[9.043332,49.024374],[9.049789,49.025475],[9.055856,49.025628],[9.062214,49.027399],[9.060735,49.029708],[9.061311,49.032519],[9.060385,49.034295],[9.056438,49.038435],[9.061451,49.038068],[9.060759,49.040611],[9.061831,49.042544],[9.064111,49.043763],[9.064037,49.045425],[9.075813,49.047884],[9.081436,49.048138],[9.081075,49.04981],[9.088712,49.049725],[9.105091,49.051494],[9.106241,49.052157],[9.101538,49.057249],[9.100196,49.060274],[9.102055,49.063107],[9.108448,49.063686],[9.113276,49.063114],[9.116202,49.063425],[9.117578,49.064775],[9.127548,49.062815],[9.132653,49.057577],[9.136686,49.054968],[9.139959,49.053967],[9.144937,49.053498],[9.148833,49.054003],[9.155565,49.056308],[9.161093,49.055991],[9.161,49.055067],[9.167051,49.054321],[9.174408,49.051362],[9.171557,49.045074],[9.169885,49.0431],[9.173776,49.03892],[9.175622,49.038689],[9.179545,49.033588],[9.185926,49.030465],[9.189527,49.031258],[9.193639,49.030001],[9.204254,49.030515],[9.21081,49.028945],[9.214343,49.028676],[9.220007,49.03112],[9.22128,49.033806],[9.22398,49.031301],[9.228162,49.028685],[9.230335,49.028296],[9.231776,49.025474],[9.236991,49.020411],[9.24748,49.022463],[9.255,49.026846],[9.258522,49.027307],[9.258772,49.028685],[9.263255,49.030095],[9.269263,49.029939],[9.267135,49.035219],[9.270371,49.03778],[9.276853,49.035936],[9.279637,49.040257],[9.283058,49.041247],[9.28245,49.04389],[9.28856,49.042625],[9.286876,49.038529],[9.287786,49.0348],[9.291506,49.033008],[9.29677,49.033267],[9.299723,49.032292],[9.306897,49.034401],[9.313722,49.03418],[9.317845,49.034882],[9.322303,49.036797],[9.328784,49.037692],[9.333664,49.035586],[9.335388,49.037386],[9.334385,49.03904],[9.336986,49.040893],[9.342889,49.041949],[9.350054,49.041733],[9.354026,49.04005],[9.355098,49.036975],[9.35818,49.037618],[9.365687,49.040528],[9.372738,49.041408],[9.377162,49.040598],[9.378297,49.037822],[9.380698,49.037062],[9.386149,49.037659],[9.397553,49.037445],[9.39956,49.038357],[9.399586,49.043995],[9.401334,49.048775],[9.398059,49.048645],[9.393404,49.047387],[9.391231,49.048299],[9.383241,49.046704],[9.38237,49.049381],[9.384729,49.049344],[9.388338,49.05172],[9.383194,49.051958],[9.383636,49.054163],[9.387959,49.05635],[9.386973,49.05961],[9.392633,49.058301],[9.402242,49.061288],[9.408183,49.061698],[9.410789,49.063384],[9.413956,49.060856],[9.415105,49.058137],[9.41254,49.051755],[9.414282,49.048732],[9.416869,49.048023],[9.422177,49.047018],[9.424581,49.051893],[9.430431,49.049195],[9.441026,49.052075],[9.438313,49.053587],[9.440187,49.05469],[9.436499,49.057601],[9.435607,49.060131],[9.438939,49.062283],[9.440283,49.065551],[9.449545,49.070537],[9.45078,49.072962],[9.454325,49.073802],[9.459535,49.072979],[9.463972,49.071463],[9.467372,49.071918],[9.470214,49.073746],[9.477669,49.075781],[9.480899,49.075464],[9.486021,49.07593],[9.495266,49.074755],[9.498918,49.078511],[9.501389,49.078812],[9.500736,49.082019],[9.506222,49.088242],[9.500364,49.087462],[9.498402,49.091931],[9.497472,49.095983],[9.498498,49.097964],[9.501074,49.097969],[9.506667,49.099218],[9.502364,49.101779],[9.503241,49.103023],[9.510471,49.104089],[9.512882,49.105501],[9.51924,49.105136],[9.523888,49.107473],[9.527207,49.108016],[9.522924,49.111918],[9.517173,49.114323],[9.511533,49.115167],[9.510726,49.117032],[9.515754,49.119503],[9.515088,49.120997],[9.509475,49.122187],[9.512989,49.126222],[9.511294,49.128147],[9.510431,49.131554],[9.508463,49.133677],[9.5006,49.131388],[9.500793,49.133861],[9.492594,49.138992],[9.488717,49.139162],[9.482795,49.134793],[9.483765,49.133009],[9.481378,49.131031],[9.484284,49.129457],[9.487104,49.124896],[9.490589,49.122387],[9.489802,49.117884],[9.489958,49.113967],[9.488002,49.111639],[9.484298,49.111044],[9.48094,49.109535],[9.477847,49.109279],[9.475292,49.112663],[9.473314,49.11094],[9.469202,49.11219],[9.465208,49.111215],[9.46122,49.112457],[9.457078,49.11289],[9.455991,49.108748],[9.4567,49.105005],[9.446093,49.10233],[9.441545,49.099927],[9.44267,49.097837],[9.441056,49.095889],[9.437132,49.096866],[9.435662,49.100397],[9.433228,49.103374],[9.435563,49.10349],[9.43717,49.110581],[9.441185,49.112115],[9.438849,49.115378],[9.442728,49.117573],[9.447771,49.117336],[9.446068,49.119781],[9.441076,49.123175],[9.438667,49.124235],[9.435487,49.127066],[9.438924,49.128259],[9.436942,49.130029],[9.433785,49.131361],[9.432506,49.129671],[9.428086,49.130462],[9.427838,49.126651],[9.422989,49.125723],[9.421617,49.126985],[9.419972,49.131097],[9.420593,49.133607],[9.423158,49.135667],[9.422613,49.138346],[9.431453,49.141676],[9.434736,49.141409],[9.437741,49.143332],[9.436461,49.145876],[9.434111,49.147997],[9.432169,49.151201],[9.428787,49.150205],[9.427278,49.151588],[9.410244,49.147098],[9.401982,49.145437],[9.400405,49.146552],[9.397229,49.146552],[9.393592,49.148361],[9.386071,49.148724],[9.382579,49.152242],[9.380669,49.156975],[9.379329,49.15807],[9.374324,49.158392],[9.37551,49.164466],[9.372859,49.165743],[9.367559,49.164978],[9.364479,49.166086],[9.358535,49.16681],[9.357733,49.16882],[9.351112,49.169955],[9.348679,49.171073],[9.343476,49.170603],[9.343269,49.174379],[9.350914,49.174581],[9.356402,49.175721],[9.356191,49.177679],[9.360575,49.178598],[9.367394,49.178468],[9.369883,49.180134],[9.365499,49.182263],[9.364548,49.183705],[9.369049,49.188949],[9.370319,49.191378],[9.376858,49.194908],[9.382264,49.196866],[9.388493,49.198083],[9.389418,49.196859],[9.39715,49.197951],[9.401817,49.197789],[9.407304,49.196142],[9.412095,49.193983],[9.418403,49.195473],[9.417959,49.197341],[9.422532,49.197754],[9.425703,49.199857],[9.422474,49.202391],[9.426542,49.20356],[9.433216,49.210354],[9.439563,49.214154],[9.440293,49.216383],[9.443318,49.21797],[9.448175,49.218767],[9.450218,49.221259],[9.448322,49.223972],[9.441719,49.227215],[9.436821,49.227792],[9.434027,49.227355],[9.425439,49.227714],[9.424175,49.234936],[9.420456,49.234953],[9.421482,49.240192],[9.420303,49.242387],[9.414392,49.246189],[9.415904,49.2486],[9.419931,49.249358],[9.42159,49.252615],[9.42799,49.255863],[9.426975,49.257095],[9.429203,49.259385],[9.423689,49.262407],[9.425535,49.266231],[9.424841,49.267469],[9.427152,49.270437],[9.427672,49.272871],[9.429439,49.273361],[9.433526,49.276745],[9.432253,49.278539],[9.433916,49.279704],[9.432753,49.282791],[9.439363,49.281838],[9.444253,49.283205],[9.445006,49.286944],[9.442775,49.288282],[9.43985,49.288139],[9.439185,49.289881],[9.445384,49.291369],[9.45518,49.288243],[9.460722,49.288695],[9.465078,49.289995],[9.470234,49.292711],[9.47086,49.294429],[9.473987,49.295473],[9.47721,49.298876],[9.481066,49.299296],[9.489284,49.298562],[9.494263,49.299793],[9.49944,49.299539],[9.505299,49.300637],[9.514814,49.303864],[9.513493,49.306155],[9.517363,49.310373],[9.515294,49.312497],[9.5157,49.313851],[9.508617,49.314155],[9.502521,49.312854],[9.491517,49.315195],[9.486256,49.317587],[9.48057,49.317452],[9.480738,49.319005],[9.477457,49.319357],[9.476912,49.321209],[9.473395,49.321713],[9.471658,49.32349],[9.470356,49.327614],[9.468041,49.331363],[9.465324,49.338005],[9.467343,49.339951],[9.465383,49.343421],[9.465437,49.347108],[9.457609,49.349403],[9.460605,49.351074],[9.460965,49.352881],[9.463953,49.355225],[9.459589,49.355894],[9.457151,49.357135],[9.454715,49.360263],[9.452486,49.359667],[9.449649,49.361001],[9.447116,49.360757],[9.444504,49.36454],[9.443462,49.364353],[9.4406,49.36385],[9.435023,49.361169],[9.431985,49.36053],[9.427282,49.358425],[9.424019,49.358162],[9.421836,49.359974],[9.417063,49.358956],[9.414351,49.359361],[9.411827,49.361395],[9.408415,49.362049],[9.404429,49.365341],[9.399218,49.366339],[9.397536,49.365517],[9.386186,49.365825],[9.376738,49.362978],[9.368129,49.367118],[9.360167,49.366454],[9.358716,49.367873],[9.35486,49.366613],[9.353582,49.369289],[9.355542,49.370239],[9.353143,49.373613],[9.347123,49.376445],[9.343806,49.380176],[9.338153,49.385063],[9.335125,49.385259],[9.332366,49.387539],[9.329269,49.387588],[9.324807,49.385839],[9.320424,49.385347],[9.317087,49.384206],[9.316534,49.381114],[9.313561,49.379655],[9.310457,49.376965],[9.30926,49.371556],[9.310464,49.36886],[9.309994,49.365018],[9.311131,49.361461],[9.315309,49.357259],[9.309963,49.355272],[9.303162,49.351805],[9.301697,49.350446],[9.294472,49.347577],[9.293038,49.344072],[9.293565,49.342059],[9.289038,49.335354],[9.288852,49.332475],[9.287467,49.329892],[9.277644,49.330315],[9.273602,49.329945],[9.270302,49.330927],[9.265309,49.323776],[9.262505,49.31759],[9.263669,49.314528],[9.26135,49.313463],[9.260448,49.307618],[9.261655,49.306115],[9.257748,49.304436],[9.257925,49.3032],[9.251994,49.30215],[9.252717,49.299888],[9.251694,49.298448],[9.246637,49.299587],[9.243391,49.297882],[9.24097,49.298765],[9.240498,49.302134],[9.233636,49.306063],[9.231314,49.309703],[9.227168,49.311314],[9.224238,49.308451],[9.220818,49.307622],[9.220189,49.310764],[9.217442,49.312865],[9.211283,49.314968],[9.208952,49.319711],[9.205847,49.324072],[9.201009,49.325358],[9.197908,49.326822],[9.192699,49.327439],[9.184685,49.32535],[9.182041,49.325588],[9.173553,49.323408],[9.167641,49.326677],[9.162775,49.328701],[9.161986,49.32743],[9.161831,49.323311],[9.159614,49.323695],[9.156948,49.311872],[9.15494,49.31042],[9.155233,49.306904],[9.156743,49.301728],[9.156647,49.299753],[9.154015,49.295552],[9.15226,49.296249],[9.148114,49.293201],[9.143015,49.292726],[9.136326,49.296257],[9.132926,49.295989],[9.130696,49.293315],[9.131136,49.289907],[9.136753,49.2862],[9.143781,49.287273],[9.148862,49.286953],[9.153387,49.285759],[9.155234,49.283401],[9.155163,49.281306],[9.150567,49.273925],[9.148014,49.274384],[9.135768,49.272987],[9.126631,49.272942],[9.121878,49.27192],[9.115109,49.272439],[9.116534,49.276632],[9.109662,49.277374],[9.107124,49.278925],[9.101476,49.279613],[9.095713,49.279146],[9.088195,49.28003],[9.083098,49.279799],[9.077931,49.278804],[9.071426,49.278309],[9.068723,49.279094],[9.065496,49.28298],[9.063051,49.284482],[9.058127,49.284781],[9.050273,49.286566],[9.048618,49.290318],[9.049042,49.293026],[9.041401,49.294728],[9.034495,49.295396],[9.030867,49.296431],[9.02884,49.298479],[9.027052,49.297988],[9.023917,49.299435],[9.021442,49.298736],[9.021108,49.294991],[9.028525,49.290507],[9.027479,49.287629],[9.030036,49.286725],[9.037202,49.28604],[9.036447,49.284467],[9.041763,49.282597],[9.04181,49.279144],[9.039435,49.277215],[9.037025,49.276888],[9.031852,49.273396],[9.031941,49.269451],[9.021398,49.265413],[9.018234,49.265301],[9.015452,49.261645],[9.018062,49.259391],[9.021446,49.259296],[9.020799,49.257319],[9.015167,49.255243],[9.009774,49.26119],[9.005174,49.262539],[9.00233,49.265059],[8.99738,49.265623],[8.998864,49.2624],[9.002784,49.258597],[9.000297,49.254814],[8.997151,49.253231],[9.000875,49.252372],[9.002852,49.249841],[9.009011,49.250948],[9.01046,49.249157],[9.006791,49.24503],[9.006017,49.242601],[9.003936,49.241461],[8.989207,49.240528],[8.990378,49.237929],[8.987772,49.237388],[8.984559,49.234781],[8.984196,49.23221],[8.981712,49.231573],[8.97702,49.229083],[8.972758,49.228623],[8.972476,49.226931],[8.964596,49.227501],[8.962904,49.222132],[8.95843,49.221383],[8.963106,49.217237],[8.957174,49.213034],[8.946577,49.211914],[8.929391,49.20894],[8.923566,49.207569],[8.919939,49.207419],[8.913986,49.205349],[8.907803,49.205784],[8.902366,49.203928],[8.897031,49.202641],[8.886654,49.202506],[8.886324,49.200898],[8.888161,49.198668],[8.887954,49.196539],[8.893891,49.193737],[8.892578,49.189306],[8.893065,49.186339],[8.89612,49.181978],[8.887637,49.180747],[8.88582,49.179948],[8.878735,49.178855],[8.872888,49.174409],[8.870266,49.175903],[8.867197,49.17431],[8.863393,49.174367],[8.860304,49.176551],[8.855707,49.177865],[8.850133,49.181275],[8.847283,49.181974],[8.842695,49.184642],[8.841493,49.186213],[8.836504,49.188113],[8.833685,49.188292],[8.83122,49.187321],[8.830641,49.189816],[8.828097,49.191735],[8.824781,49.192306],[8.823124,49.19403],[8.817484,49.194145],[8.824348,49.191798],[8.825752,49.189295],[8.825737,49.18629],[8.823376,49.18398],[8.824216,49.178009],[8.819574,49.174719],[8.818672,49.171511],[8.819977,49.168472],[8.817407,49.167651],[8.81614,49.161472],[8.817925,49.157168],[8.822057,49.156072],[8.824921,49.160164],[8.829874,49.161979],[8.832762,49.156029],[8.842196,49.150251],[8.835494,49.148363],[8.837255,49.145776],[8.83793,49.139978],[8.830787,49.139585],[8.831327,49.138696],[8.827378,49.135225],[8.826936,49.132607],[8.831284,49.129448],[8.825969,49.127638],[8.828473,49.125386],[8.837311,49.127054],[8.844697,49.126949],[8.857819,49.12594],[8.859498,49.12609],[8.861767,49.129851],[8.869835,49.132069],[8.871784,49.12998],[8.874704,49.128846],[8.873377,49.125103],[8.876497,49.123919],[8.87724,49.120153],[8.878514,49.118156],[8.881461,49.119464],[8.884651,49.11659],[8.887499,49.117383],[8.889709,49.115341],[8.890598,49.112256],[8.890135,49.107204],[8.891062,49.105085],[8.891863,49.099514],[8.894375,49.097875],[8.894258,49.095526],[8.891722,49.094184],[8.892481,49.087037],[8.893282,49.084879],[8.889802,49.080266],[8.886359,49.080112],[8.884342,49.080953],[8.878905,49.079288],[8.868623,49.077521],[8.874626,49.07634],[8.874734,49.075077],[8.868824,49.072351],[8.868362,49.070122],[8.876316,49.069652],[8.876948,49.067475],[8.879344,49.064067],[8.877746,49.061579],[8.879483,49.059855],[8.877693,49.05854]],[[9.148686,49.108504],[9.150297,49.111344],[9.146038,49.113164],[9.141548,49.117148],[9.139745,49.11681],[9.130632,49.125056],[9.133017,49.126534],[9.132982,49.129027],[9.140034,49.129328],[9.140662,49.131288],[9.143909,49.132385],[9.151317,49.137648],[9.152831,49.140358],[9.156103,49.140341],[9.158243,49.142124],[9.159175,49.145124],[9.158451,49.146692],[9.160603,49.149715],[9.155078,49.15085],[9.145755,49.151675],[9.146132,49.154668],[9.140692,49.154263],[9.138034,49.155982],[9.133542,49.157248],[9.134433,49.159866],[9.1332,49.164129],[9.130134,49.167935],[9.129193,49.170637],[9.120237,49.170435],[9.115652,49.169047],[9.108597,49.168804],[9.099462,49.16939],[9.099391,49.171267],[9.091177,49.170469],[9.087398,49.173717],[9.085323,49.176721],[9.082213,49.179191],[9.079592,49.178946],[9.079841,49.183916],[9.075761,49.183506],[9.074594,49.185764],[9.072283,49.185315],[9.066481,49.188571],[9.062411,49.189447],[9.05577,49.193198],[9.054286,49.194955],[9.046239,49.195852],[9.045936,49.197401],[9.056474,49.197099],[9.060299,49.198665],[9.066861,49.198715],[9.07138,49.197367],[9.080783,49.197645],[9.083247,49.198789],[9.08609,49.197076],[9.09298,49.19698],[9.098028,49.196085],[9.105432,49.195812],[9.10912,49.197533],[9.1081,49.201442],[9.108739,49.205097],[9.110965,49.207489],[9.115489,49.209728],[9.118538,49.208592],[9.127187,49.209129],[9.136432,49.20811],[9.148637,49.208591],[9.159805,49.206572],[9.16068,49.203776],[9.163449,49.203562],[9.164789,49.191123],[9.169511,49.192488],[9.175796,49.192721],[9.175982,49.191235],[9.181408,49.191069],[9.186105,49.191474],[9.18526,49.189035],[9.202143,49.186022],[9.2068,49.186975],[9.208227,49.186233],[9.2129,49.187898],[9.218608,49.181883],[9.218453,49.17748],[9.219441,49.171739],[9.221352,49.170072],[9.225708,49.170836],[9.228026,49.170138],[9.236822,49.169131],[9.23663,49.167331],[9.238291,49.164088],[9.240019,49.163845],[9.247087,49.164974],[9.249683,49.164619],[9.249396,49.162693],[9.257242,49.163113],[9.258082,49.160171],[9.260358,49.159245],[9.262314,49.155943],[9.254334,49.154081],[9.25489,49.15026],[9.256811,49.148513],[9.260652,49.148579],[9.263186,49.146154],[9.269938,49.145526],[9.272145,49.144446],[9.270837,49.140757],[9.274537,49.139793],[9.276725,49.138175],[9.2755,49.135727],[9.27839,49.134296],[9.277501,49.130724],[9.277678,49.125644],[9.274089,49.12192],[9.27811,49.119928],[9.285321,49.120447],[9.289614,49.118875],[9.297514,49.119665],[9.29811,49.117931],[9.301148,49.116923],[9.301967,49.114917],[9.295175,49.11254],[9.292278,49.112724],[9.289543,49.114516],[9.285908,49.115107],[9.280742,49.113691],[9.268058,49.111034],[9.267668,49.108726],[9.265251,49.108417],[9.258376,49.109405],[9.254006,49.10856],[9.25297,49.107225],[9.255222,49.105552],[9.254304,49.103852],[9.243003,49.104402],[9.234796,49.105734],[9.226055,49.10608],[9.223809,49.108019],[9.217049,49.10743],[9.215643,49.107972],[9.215381,49.111303],[9.213781,49.112267],[9.204962,49.112968],[9.202007,49.112179],[9.19677,49.106833],[9.19376,49.107977],[9.193161,49.105518],[9.189552,49.105316],[9.189013,49.103566],[9.185631,49.104227],[9.180722,49.104128],[9.177619,49.105001],[9.175513,49.102709],[9.179747,49.099988],[9.176522,49.096621],[9.17625,49.094396],[9.170751,49.094979],[9.168699,49.093361],[9.163819,49.095144],[9.161344,49.092888],[9.157419,49.095086],[9.154744,49.098014],[9.150508,49.10149],[9.148686,49.108504]]]},"properties":{"rs":81250000000,"name":"Landkreis Heilbronn"},"id":"relation/62750"},{"type":"Feature","geometry":{"type":"Polygon","coordinates":[[[9.148686,49.108504],[9.150508,49.10149],[9.154744,49.098014],[9.157419,49.095086],[9.161344,49.092888],[9.163819,49.095144],[9.168699,49.093361],[9.170751,49.094979],[9.17625,49.094396],[9.176522,49.096621],[9.179747,49.099988],[9.175513,49.102709],[9.177619,49.105001],[9.180722,49.104128],[9.185631,49.104227],[9.189013,49.103566],[9.189552,49.105316],[9.193161,49.105518],[9.19376,49.107977],[9.19677,49.106833],[9.202007,49.112179],[9.204962,49.112968],[9.213781,49.112267],[9.215381,49.111303],[9.215643,49.107972],[9.217049,49.10743],[9.223809,49.108019],[9.226055,49.10608],[9.234796,49.105734],[9.243003,49.104402],[9.254304,49.103852],[9.255222,49.105552],[9.25297,49.107225],[9.254006,49.10856],[9.258376,49.109405],[9.265251,49.108417],[9.267668,49.108726],[9.268058,49.111034],[9.280742,49.113691],[9.285908,49.115107],[9.289543,49.114516],[9.292278,49.112724],[9.295175,49.11254],[9.301967,49.114917],[9.301148,49.116923],[9.29811,49.117931],[9.297514,49.119665],[9.289614,49.118875],[9.285321,49.120447],[9.27811,49.119928],[9.274089,49.12192],[9.277678,49.125644],[9.277501,49.130724],[9.27839,49.134296],[9.2755,49.135727],[9.276725,49.138175],[9.274537,49.139793],[9.270837,49.140757],[9.272145,49.144446],[9.269938,49.145526],[9.263186,49.146154],[9.260652,49.148579],[9.256811,49.148513],[9.25489,49.15026],[9.254334,49.154081],[9.262314,49.155943],[9.260358,49.159245],[9.258082,49.160171],[9.257242,49.163113],[9.249396,49.162693],[9.249683,49.164619],[9.247087,49.164974],[9.240019,49.163845],[9.238291,49.164088],[9.23663,49.167331],[9.236822,49.169131],[9.228026,49.170138],[9.225708,49.170836],[9.221352,49.170072],[9.219441,49.171739],[9.218453,49.17748],[9.218608,49.181883],[9.2129,49.187898],[9.208227,49.186233],[9.2068,49.186975],[9.202143,49.186022],[9.18526,49.189035],[9.186105,49.191474],[9.181408,49.191069],[9.175982,49.191235],[9.175796,49.192721],[9.169511,49.192488],[9.164789,49.191123],[9.163449,49.203562],[9.16068,49.203776],[9.159805,49.206572],[9.148637,49.208591],[9.136432,49.20811],[9.127187,49.209129],[9.118538,49.208592],[9.115489,49.209728],[9.110965,49.207489],[9.108739,49.205097],[9.1081,49.201442],[9.10912,49.197533],[9.105432,49.195812],[9.098028,49.196085],[9.09298,49.19698],[9.08609,49.197076],[9.083247,49.198789],[9.080783,49.197645],[9.07138,49.197367],[9.066861,49.198715],[9.060299,49.198665],[9.056474,49.197099],[9.045936,49.197401],[9.046239,49.195852],[9.054286,49.194955],[9.05577,49.193198],[9.062411,49.189447],[9.066481,49.188571],[9.072283,49.185315],[9.074594,49.185764],[9.075761,49.183506],[9.079841,49.183916],[9.079592,49.178946],[9.082213,49.179191],[9.085323,49.176721],[9.087398,49.173717],[9.091177,49.170469],[9.099391,49.171267],[9.099462,49.16939],[9.108597,49.168804],[9.115652,49.169047],[9.120237,49.170435],[9.129193,49.170637],[9.130134,49.167935],[9.1332,49.164129],[9.134433,49.159866],[9.133542,49.157248],[9.138034,49.155982],[9.140692,49.154263],[9.146132,49.154668],[9.145755,49.151675],[9.155078,49.15085],[9.160603,49.149715],[9.158451,49.146692],[9.159175,49.145124],[9.158243,49.142124],[9.156103,49.140341],[9.152831,49.140358],[9.151317,49.137648],[9.143909,49.132385],[9.140662,49.131288],[9.140034,49.129328],[9.132982,49.129027],[9.133017,49.126534],[9.130632,49.125056],[9.139745,49.11681],[9.141548,49.117148],[9.146038,49.113164],[9.150297,49.111344],[9.148686,49.108504]]]},"properties":{"rs":81210000000,"name":"Heilbronn"},"id":"relation/62751"},{"type":"Feature","geometry":{"type":"Polygon","coordinates":[[[7.824762,48.068895],[7.820088,48.070359],[7.817422,48.069619],[7.814954,48.071058],[7.805202,48.06375],[7.805892,48.061901],[7.803496,48.061027],[7.796339,48.060955],[7.796975,48.058978],[7.795246,48.05543],[7.79288,48.05363],[7.795168,48.052184],[7.793409,48.04382],[7.791702,48.042044],[7.790426,48.036635],[7.786931,48.03207],[7.79034,48.027362],[7.786166,48.025324],[7.782234,48.02533],[7.781131,48.022784],[7.779243,48.02125],[7.769767,48.015111],[7.769568,48.017081],[7.766591,48.019111],[7.758976,48.022223],[7.758194,48.018842],[7.751405,48.02142],[7.75153,48.022943],[7.746294,48.026357],[7.743932,48.026656],[7.737809,48.03087],[7.733809,48.032825],[7.734495,48.03644],[7.733636,48.038386],[7.730351,48.038252],[7.727257,48.035763],[7.721582,48.033837],[7.719636,48.034634],[7.713689,48.03303],[7.708408,48.035296],[7.702175,48.027768],[7.703441,48.025959],[7.704579,48.020385],[7.703604,48.018654],[7.706018,48.016264],[7.704701,48.011828],[7.708408,48.011033],[7.699193,48.008468],[7.694306,48.005477],[7.693719,48.003862],[7.689776,48.002463],[7.685834,47.999979],[7.681539,47.998213],[7.67831,47.994717],[7.678788,47.991662],[7.682131,47.989181],[7.684878,47.98807],[7.682172,47.98325],[7.680224,47.983211],[7.678117,47.978348],[7.678477,47.975061],[7.667569,47.973634],[7.666538,47.971222],[7.662006,47.965651],[7.664747,47.965081],[7.668075,47.962457],[7.671377,47.964249],[7.677561,47.959241],[7.679511,47.960882],[7.683811,47.962286],[7.687797,47.961088],[7.689419,47.963542],[7.695681,47.961851],[7.698653,47.959687],[7.707537,47.963695],[7.717275,47.969049],[7.718693,47.968775],[7.721811,47.972628],[7.725133,47.974617],[7.724415,47.975576],[7.727629,47.978122],[7.729186,47.977058],[7.736298,47.980077],[7.739266,47.980056],[7.745658,47.978692],[7.756777,47.980525],[7.755964,47.978815],[7.763372,47.976812],[7.767946,47.978467],[7.769913,47.977621],[7.772281,47.974905],[7.776274,47.973872],[7.780407,47.970655],[7.792166,47.968363],[7.79563,47.966268],[7.802136,47.964077],[7.806134,47.964625],[7.813138,47.967715],[7.816584,47.96766],[7.818695,47.970184],[7.823127,47.972747],[7.826714,47.972283],[7.828458,47.972936],[7.836528,47.972569],[7.837427,47.971162],[7.834628,47.966603],[7.837434,47.96567],[7.839404,47.96387],[7.84297,47.964102],[7.848606,47.961637],[7.84854,47.958469],[7.849495,47.956732],[7.854136,47.954771],[7.853993,47.952548],[7.855681,47.950093],[7.85832,47.948924],[7.863402,47.950077],[7.866536,47.950189],[7.87116,47.95129],[7.875604,47.949074],[7.878779,47.94855],[7.878184,47.945644],[7.878837,47.943216],[7.876398,47.940211],[7.877193,47.935297],[7.875563,47.932013],[7.873804,47.931177],[7.868884,47.933886],[7.867721,47.932188],[7.868461,47.929622],[7.86578,47.928293],[7.866304,47.925517],[7.86298,47.922682],[7.862481,47.920801],[7.86363,47.917507],[7.862363,47.915647],[7.863039,47.913253],[7.866805,47.911437],[7.871501,47.904513],[7.874976,47.903578],[7.882164,47.904285],[7.884461,47.903956],[7.890806,47.90626],[7.892805,47.909933],[7.896933,47.910777],[7.898462,47.911944],[7.902803,47.912325],[7.908412,47.914319],[7.910094,47.918276],[7.9067,47.924253],[7.908857,47.929049],[7.912596,47.929762],[7.91494,47.93167],[7.917265,47.935079],[7.921994,47.936835],[7.92487,47.940092],[7.924185,47.941477],[7.924917,47.945024],[7.924264,47.947233],[7.924743,47.95104],[7.920734,47.953443],[7.917159,47.958052],[7.914731,47.962942],[7.915237,47.965021],[7.917834,47.967257],[7.921791,47.967436],[7.922577,47.969667],[7.924516,47.970757],[7.921097,47.972565],[7.920663,47.974457],[7.917612,47.974734],[7.913985,47.97941],[7.92441,47.980837],[7.925217,47.981655],[7.925188,47.985528],[7.929285,47.988615],[7.930844,47.991133],[7.930197,47.99539],[7.927998,47.998648],[7.92721,48.001345],[7.928151,48.002604],[7.927847,48.005975],[7.928629,48.008234],[7.928201,48.01085],[7.926268,48.013812],[7.921882,48.01563],[7.912942,48.011868],[7.910728,48.013019],[7.907215,48.013246],[7.90402,48.012374],[7.901697,48.010005],[7.887687,48.010239],[7.884353,48.011705],[7.876123,48.014122],[7.872497,48.016519],[7.873118,48.019871],[7.876059,48.021056],[7.880492,48.019545],[7.88437,48.021391],[7.886561,48.018419],[7.889546,48.016527],[7.89412,48.016584],[7.895557,48.018145],[7.890917,48.019285],[7.884986,48.022918],[7.882251,48.0225],[7.878521,48.026865],[7.875469,48.031341],[7.871033,48.029881],[7.870305,48.032132],[7.866987,48.034071],[7.863646,48.03511],[7.860378,48.034992],[7.854416,48.036646],[7.854117,48.043921],[7.850366,48.051361],[7.846022,48.05243],[7.843165,48.054469],[7.839245,48.055724],[7.834776,48.058634],[7.832481,48.061865],[7.827417,48.065599],[7.824762,48.068895]]]},"properties":{"rs":83110000000,"name":"Freiburg im Breisgau"},"id":"relation/62768"},{"type":"Feature","geometry":{"type":"Polygon","coordinates":[[[8.58292,49.426506],[8.579833,49.426199],[8.573179,49.4236],[8.57343,49.415763],[8.574906,49.412659],[8.584256,49.41041],[8.584893,49.411041],[8.59864,49.409784],[8.603638,49.409079],[8.608794,49.407045],[8.612437,49.406203],[8.622851,49.409049],[8.633025,49.414928],[8.636591,49.405566],[8.638295,49.39272],[8.64343,49.393381],[8.6475,49.388537],[8.639916,49.386498],[8.634802,49.387302],[8.633401,49.385899],[8.628851,49.384706],[8.623785,49.381668],[8.624382,49.38067],[8.612581,49.378202],[8.606883,49.376751],[8.607484,49.37429],[8.605168,49.370272],[8.601004,49.366203],[8.607787,49.364932],[8.612129,49.363662],[8.622436,49.35947],[8.624466,49.359063],[8.620215,49.354073],[8.625625,49.352003],[8.630762,49.352065],[8.633234,49.352838],[8.633367,49.355489],[8.636657,49.360357],[8.640274,49.369977],[8.642835,49.368655],[8.646365,49.370464],[8.650841,49.367478],[8.649942,49.365978],[8.657142,49.362813],[8.658052,49.361776],[8.654561,49.356112],[8.651277,49.353254],[8.654541,49.353146],[8.657243,49.355195],[8.663203,49.354396],[8.664257,49.357496],[8.668764,49.358127],[8.67168,49.357818],[8.672443,49.361521],[8.675834,49.360668],[8.68706,49.359824],[8.687237,49.35886],[8.696953,49.358039],[8.701847,49.355815],[8.70964,49.35658],[8.710889,49.35511],[8.716396,49.356342],[8.71896,49.356351],[8.724937,49.357921],[8.727113,49.361989],[8.727717,49.365509],[8.730404,49.367933],[8.726259,49.369455],[8.724479,49.373747],[8.727404,49.375554],[8.732328,49.372224],[8.735724,49.372956],[8.738416,49.374491],[8.740729,49.374442],[8.744141,49.372795],[8.749506,49.373874],[8.750486,49.375439],[8.756198,49.37791],[8.759187,49.377808],[8.76883,49.379193],[8.762909,49.385993],[8.762899,49.387516],[8.768178,49.386789],[8.772677,49.388667],[8.775841,49.392457],[8.775853,49.397499],[8.778345,49.40224],[8.784682,49.401329],[8.7907,49.403068],[8.793591,49.405187],[8.79405,49.40719],[8.792762,49.411853],[8.790199,49.414964],[8.789394,49.419256],[8.791273,49.423259],[8.789978,49.425945],[8.78907,49.430067],[8.786537,49.432578],[8.776973,49.433155],[8.773252,49.435419],[8.77045,49.435737],[8.766398,49.437365],[8.766334,49.443584],[8.764728,49.446047],[8.761766,49.448136],[8.761703,49.450618],[8.767706,49.454193],[8.76329,49.456467],[8.757555,49.456702],[8.754686,49.459468],[8.750438,49.458958],[8.74547,49.459614],[8.741674,49.457558],[8.741807,49.456563],[8.746052,49.455642],[8.746235,49.453234],[8.744557,49.450429],[8.7457,49.446891],[8.739206,49.446386],[8.736852,49.449237],[8.732748,49.448569],[8.725438,49.448206],[8.721853,49.449346],[8.717828,49.45204],[8.715174,49.45242],[8.709519,49.447725],[8.709325,49.446198],[8.702235,49.445819],[8.686799,49.443048],[8.682964,49.444],[8.679192,49.442698],[8.671575,49.440834],[8.669915,49.441467],[8.665214,49.440227],[8.656308,49.438606],[8.65531,49.439943],[8.646552,49.436626],[8.643741,49.438944],[8.639305,49.44098],[8.628703,49.443115],[8.626743,49.439998],[8.62331,49.436631],[8.615974,49.428303],[8.609733,49.424242],[8.599885,49.427972],[8.592963,49.430133],[8.59045,49.427367],[8.58292,49.426506]]]},"properties":{"rs":82210000000,"name":"Heidelberg"},"id":"relation/285864"},{"type":"Feature","geometry":{"type":"Polygon","coordinates":[[[7.680878,48.257159],[7.6738,48.238587],[7.66807,48.224454],[7.664806,48.219514],[7.66107,48.216598],[7.64922,48.210901],[7.64505,48.208109],[7.642515,48.205217],[7.6333,48.189257],[7.630224,48.184591],[7.625258,48.179421],[7.60274,48.160043],[7.59935,48.1549],[7.598986,48.150881],[7.600517,48.143028],[7.600514,48.140323],[7.597928,48.134488],[7.594328,48.131292],[7.589335,48.128856],[7.582288,48.126052],[7.578077,48.121948],[7.576915,48.11802],[7.577227,48.115606],[7.591349,48.108061],[7.596746,48.110109],[7.60241,48.110297],[7.604863,48.108253],[7.613998,48.106695],[7.615346,48.108169],[7.620342,48.110534],[7.624871,48.110788],[7.626466,48.111548],[7.630439,48.1113],[7.634216,48.112374],[7.638148,48.111613],[7.642452,48.112676],[7.643906,48.110743],[7.64857,48.107614],[7.650371,48.10923],[7.654178,48.110295],[7.658919,48.109392],[7.661226,48.109907],[7.665814,48.109555],[7.669289,48.111599],[7.673479,48.110487],[7.676304,48.112684],[7.681259,48.115381],[7.685258,48.115625],[7.689004,48.116811],[7.691476,48.113147],[7.696185,48.112246],[7.698707,48.112679],[7.700481,48.110846],[7.700156,48.10648],[7.704569,48.106308],[7.707203,48.10744],[7.711355,48.107911],[7.713667,48.109264],[7.717775,48.110378],[7.726493,48.110332],[7.731997,48.107839],[7.742881,48.109722],[7.751511,48.11244],[7.75811,48.107931],[7.758934,48.105771],[7.758832,48.101811],[7.761529,48.100707],[7.760496,48.097958],[7.754148,48.088164],[7.75485,48.084447],[7.758182,48.083418],[7.762502,48.085912],[7.767849,48.086308],[7.769191,48.087305],[7.777342,48.085663],[7.779121,48.082475],[7.785184,48.082865],[7.78491,48.086615],[7.789877,48.084223],[7.794106,48.080914],[7.798232,48.07972],[7.803127,48.076778],[7.810173,48.073938],[7.811287,48.07482],[7.817049,48.072105],[7.819698,48.072356],[7.822561,48.071463],[7.824762,48.068895],[7.827417,48.065599],[7.832481,48.061865],[7.834776,48.058634],[7.839245,48.055724],[7.843165,48.054469],[7.846022,48.05243],[7.850366,48.051361],[7.84994,48.053529],[7.857326,48.055653],[7.859713,48.055034],[7.86515,48.05574],[7.870177,48.055491],[7.871612,48.054164],[7.880456,48.053216],[7.887496,48.053102],[7.892394,48.053554],[7.894166,48.055435],[7.902392,48.057319],[7.907316,48.056005],[7.910841,48.055749],[7.912875,48.05412],[7.910164,48.051839],[7.91237,48.048747],[7.917499,48.046896],[7.920457,48.050747],[7.920691,48.054033],[7.918557,48.057486],[7.91999,48.059745],[7.919406,48.061804],[7.921812,48.065278],[7.924272,48.063744],[7.929103,48.063717],[7.931869,48.062007],[7.936229,48.060982],[7.941677,48.060544],[7.945837,48.058237],[7.951088,48.057398],[7.952339,48.05995],[7.956647,48.06379],[7.958888,48.063756],[7.963294,48.061932],[7.966363,48.0631],[7.971643,48.063444],[7.974054,48.061917],[7.97757,48.061614],[7.982697,48.063154],[7.987308,48.06342],[7.992344,48.062216],[7.997245,48.062661],[7.999413,48.060922],[8.004231,48.059346],[8.011835,48.062553],[8.014216,48.062459],[8.018982,48.059097],[8.023626,48.058577],[8.030144,48.05933],[8.036491,48.05814],[8.038881,48.059108],[8.044103,48.059516],[8.046596,48.05863],[8.050185,48.059389],[8.052221,48.062189],[8.057175,48.063276],[8.062127,48.06275],[8.06674,48.063242],[8.066974,48.061869],[8.073564,48.057735],[8.074269,48.054557],[8.074528,48.048348],[8.077101,48.043937],[8.086643,48.042724],[8.090085,48.043562],[8.093397,48.042949],[8.090578,48.039061],[8.093212,48.036552],[8.094569,48.039029],[8.098263,48.039728],[8.101009,48.034521],[8.10455,48.033553],[8.105455,48.031599],[8.110523,48.028505],[8.110075,48.026684],[8.11222,48.025348],[8.112425,48.022903],[8.118981,48.021087],[8.117072,48.020172],[8.117294,48.017798],[8.119324,48.016885],[8.121734,48.011527],[8.125336,48.011747],[8.129188,48.010568],[8.13098,48.008133],[8.135824,48.009136],[8.136022,48.010553],[8.131523,48.014482],[8.126536,48.015552],[8.124128,48.02014],[8.124268,48.022124],[8.122538,48.024821],[8.11929,48.026235],[8.115851,48.026607],[8.115593,48.028656],[8.117595,48.029375],[8.115885,48.034969],[8.121519,48.03861],[8.127362,48.040511],[8.124317,48.044044],[8.125426,48.052558],[8.122381,48.053271],[8.118742,48.05535],[8.113418,48.056165],[8.112909,48.05884],[8.109492,48.062275],[8.110558,48.064125],[8.117088,48.066352],[8.117437,48.06789],[8.121161,48.070089],[8.122436,48.071809],[8.124844,48.07126],[8.129635,48.073614],[8.13479,48.073705],[8.137849,48.071825],[8.140415,48.071844],[8.143741,48.070498],[8.148512,48.067598],[8.152746,48.068503],[8.15712,48.068255],[8.160444,48.068813],[8.161116,48.070644],[8.164148,48.073978],[8.166429,48.075362],[8.164878,48.076842],[8.160486,48.078831],[8.158936,48.077268],[8.15614,48.077626],[8.153035,48.079503],[8.151985,48.081231],[8.145478,48.085468],[8.150109,48.092738],[8.149521,48.094352],[8.153958,48.097813],[8.153521,48.099518],[8.150521,48.100287],[8.145126,48.108548],[8.14291,48.110298],[8.142921,48.113085],[8.140655,48.114875],[8.13612,48.115692],[8.132658,48.117735],[8.129896,48.121081],[8.127164,48.125402],[8.128354,48.129477],[8.125183,48.131491],[8.126123,48.133611],[8.128671,48.135366],[8.135211,48.13653],[8.138442,48.13896],[8.142051,48.140662],[8.142103,48.144212],[8.139162,48.149397],[8.140144,48.152979],[8.139871,48.155088],[8.134622,48.158522],[8.136095,48.163813],[8.140585,48.164614],[8.145573,48.166765],[8.155917,48.173938],[8.158205,48.173613],[8.167899,48.174195],[8.171627,48.179826],[8.176874,48.182031],[8.179914,48.183995],[8.179158,48.187965],[8.180618,48.19072],[8.180426,48.193238],[8.181731,48.196011],[8.186704,48.200144],[8.187832,48.202308],[8.184756,48.204893],[8.182913,48.204593],[8.180459,48.206905],[8.175431,48.207765],[8.171886,48.210382],[8.170927,48.21324],[8.172318,48.215458],[8.169966,48.216119],[8.16656,48.219667],[8.165849,48.225693],[8.157843,48.228939],[8.150987,48.227928],[8.146618,48.22573],[8.14541,48.224153],[8.141752,48.222995],[8.139153,48.219687],[8.136561,48.21943],[8.132594,48.217751],[8.126388,48.220399],[8.12391,48.218885],[8.12464,48.216451],[8.121527,48.212539],[8.116026,48.210281],[8.111492,48.211924],[8.10864,48.211348],[8.107125,48.20933],[8.104373,48.208121],[8.099137,48.209124],[8.091327,48.213696],[8.090602,48.216254],[8.088034,48.217913],[8.084073,48.222139],[8.079669,48.224183],[8.079085,48.222801],[8.071634,48.224345],[8.072548,48.226118],[8.06708,48.22738],[8.055154,48.224873],[8.051242,48.221551],[8.043095,48.22318],[8.036005,48.222532],[8.033814,48.222891],[8.02959,48.225183],[8.028768,48.227005],[8.030224,48.231572],[8.026086,48.232641],[8.022716,48.232757],[8.017778,48.234222],[8.014619,48.231995],[8.006982,48.228481],[8.001383,48.228468],[8.000176,48.226406],[7.993764,48.223722],[7.993096,48.221495],[7.997059,48.218334],[7.997655,48.216612],[8.00283,48.213091],[8.001422,48.210031],[7.991411,48.208546],[7.981397,48.201728],[7.977795,48.201886],[7.975354,48.204048],[7.970961,48.205857],[7.967733,48.205695],[7.962487,48.206726],[7.958893,48.205449],[7.95679,48.205668],[7.949031,48.202542],[7.947482,48.204007],[7.939997,48.207536],[7.939648,48.20884],[7.93462,48.21111],[7.932861,48.20957],[7.92848,48.208655],[7.916029,48.209834],[7.91132,48.211024],[7.907049,48.211138],[7.903999,48.213762],[7.909379,48.214725],[7.914818,48.214402],[7.916895,48.215234],[7.917721,48.218375],[7.914403,48.21863],[7.904295,48.220718],[7.89786,48.220742],[7.889185,48.22327],[7.885994,48.222343],[7.883443,48.22252],[7.878899,48.224956],[7.87223,48.224524],[7.865252,48.2271],[7.862812,48.228446],[7.856427,48.22857],[7.854097,48.231011],[7.849223,48.233841],[7.846795,48.232567],[7.839425,48.233877],[7.830915,48.234619],[7.827144,48.229702],[7.824592,48.228795],[7.818452,48.225098],[7.81475,48.224561],[7.8079,48.228546],[7.801941,48.229948],[7.799214,48.23207],[7.795634,48.232836],[7.792417,48.235149],[7.785604,48.234115],[7.782505,48.234342],[7.77996,48.236292],[7.782018,48.238701],[7.779237,48.240355],[7.772389,48.24182],[7.768013,48.242214],[7.765321,48.241036],[7.75929,48.240011],[7.753992,48.240051],[7.753548,48.239082],[7.745944,48.240234],[7.745028,48.237851],[7.740749,48.236396],[7.740166,48.237873],[7.7347,48.235836],[7.73079,48.244557],[7.727994,48.245903],[7.722567,48.250571],[7.722478,48.252256],[7.719394,48.252987],[7.718772,48.25493],[7.711455,48.259353],[7.702736,48.260511],[7.698787,48.258616],[7.69718,48.256743],[7.691722,48.25601],[7.680878,48.257159]]]},"properties":{"rs":83160000000,"name":"Landkreis Emmendingen"},"id":"relation/1946117"},{"type":"Feature","geometry":{"type":"Polygon","coordinates":[[[8.018905,47.841342],[8.026045,47.84531],[8.027651,47.84697],[8.027531,47.850038],[8.034496,47.852027],[8.043481,47.852764],[8.043039,47.856411],[8.048265,47.85759],[8.057562,47.858542],[8.058668,47.857294],[8.067176,47.857354],[8.067754,47.855363],[8.070522,47.855451],[8.071279,47.853229],[8.074506,47.854271],[8.077038,47.851134],[8.077062,47.848438],[8.079718,47.848291],[8.081159,47.840967],[8.086217,47.838449],[8.087044,47.835958],[8.085637,47.831044],[8.088147,47.826262],[8.089705,47.821956],[8.094081,47.818228],[8.093519,47.8144],[8.096775,47.811115],[8.097124,47.808946],[8.101239,47.805254],[8.10686,47.806061],[8.116588,47.804323],[8.120452,47.80181],[8.124563,47.801935],[8.122477,47.793636],[8.114319,47.793454],[8.120118,47.789031],[8.124232,47.791208],[8.129782,47.792032],[8.134432,47.788167],[8.134914,47.785472],[8.143921,47.786368],[8.146274,47.786191],[8.14748,47.783417],[8.151514,47.777781],[8.154322,47.772721],[8.156927,47.773216],[8.160613,47.772316],[8.16093,47.773999],[8.16404,47.774121],[8.170118,47.775877],[8.172221,47.777507],[8.172831,47.780938],[8.178909,47.781988],[8.182903,47.78315],[8.184372,47.781977],[8.182929,47.777073],[8.185113,47.775581],[8.183751,47.774118],[8.186446,47.771084],[8.185001,47.768704],[8.187217,47.767366],[8.189649,47.768001],[8.191696,47.766223],[8.192443,47.763006],[8.189059,47.761017],[8.191101,47.758646],[8.1888,47.755484],[8.191968,47.752315],[8.190366,47.750736],[8.193007,47.747481],[8.196146,47.751586],[8.192108,47.754575],[8.195195,47.762751],[8.19959,47.761843],[8.203455,47.761993],[8.210443,47.764549],[8.22267,47.76445],[8.228874,47.762218],[8.231595,47.76385],[8.228651,47.766713],[8.219941,47.76784],[8.21713,47.7668],[8.217066,47.77302],[8.211737,47.776751],[8.213096,47.778905],[8.21241,47.780314],[8.207146,47.785337],[8.208295,47.78692],[8.212153,47.789467],[8.214851,47.793109],[8.215107,47.794809],[8.218391,47.794602],[8.22248,47.793292],[8.226925,47.795143],[8.221683,47.797758],[8.219345,47.799603],[8.221634,47.804285],[8.222187,47.808238],[8.219809,47.810767],[8.214261,47.814726],[8.209531,47.820723],[8.209642,47.822346],[8.212434,47.823803],[8.216771,47.824956],[8.22576,47.822672],[8.228325,47.822895],[8.233916,47.825196],[8.23196,47.828203],[8.230435,47.832275],[8.233468,47.833539],[8.241691,47.835129],[8.244187,47.834559],[8.247608,47.835089],[8.250261,47.837453],[8.252313,47.837154],[8.257923,47.83852],[8.256992,47.841097],[8.254316,47.842658],[8.253239,47.845359],[8.254821,47.847095],[8.259385,47.850139],[8.265686,47.851816],[8.273703,47.851399],[8.281029,47.852657],[8.290583,47.853557],[8.292308,47.850563],[8.291611,47.848554],[8.294331,47.848324],[8.29769,47.846892],[8.302264,47.846464],[8.304534,47.848381],[8.307707,47.848094],[8.309468,47.84531],[8.314799,47.843301],[8.317449,47.843968],[8.320826,47.8421],[8.323408,47.842645],[8.325256,47.845111],[8.328609,47.843519],[8.330816,47.845817],[8.333553,47.844797],[8.33628,47.844889],[8.343585,47.842822],[8.346882,47.844086],[8.350677,47.842603],[8.357245,47.844713],[8.368312,47.841235],[8.370781,47.840098],[8.375552,47.84046],[8.378543,47.841709],[8.384201,47.840165],[8.386176,47.84164],[8.389281,47.840484],[8.392338,47.841396],[8.393918,47.843253],[8.397653,47.842521],[8.399027,47.845721],[8.402761,47.845574],[8.404829,47.848333],[8.406634,47.8479],[8.408122,47.850902],[8.410718,47.850241],[8.41116,47.852409],[8.415211,47.851544],[8.418827,47.851748],[8.421731,47.853591],[8.429457,47.853867],[8.431345,47.852532],[8.433978,47.852995],[8.436207,47.851616],[8.438768,47.854185],[8.437789,47.857174],[8.435064,47.859408],[8.436142,47.861482],[8.438908,47.863512],[8.437413,47.867999],[8.437437,47.874334],[8.439606,47.876468],[8.434656,47.877197],[8.434649,47.87884],[8.430265,47.880729],[8.426161,47.880631],[8.421929,47.882848],[8.42256,47.885674],[8.419857,47.887537],[8.421752,47.890256],[8.418724,47.891669],[8.415797,47.894097],[8.406214,47.894847],[8.404948,47.89611],[8.411973,47.899054],[8.41297,47.900847],[8.410875,47.903793],[8.40856,47.905073],[8.402825,47.905231],[8.3998,47.905819],[8.397167,47.907538],[8.397069,47.908968],[8.389183,47.91221],[8.385112,47.912268],[8.380655,47.913667],[8.38021,47.91615],[8.373311,47.9186],[8.369503,47.920616],[8.370729,47.921652],[8.362923,47.922641],[8.354441,47.925698],[8.357291,47.929186],[8.352559,47.930431],[8.349911,47.931866],[8.348065,47.934589],[8.343595,47.936128],[8.338587,47.938875],[8.335359,47.938975],[8.328794,47.940314],[8.32299,47.940996],[8.318419,47.943386],[8.3144,47.943524],[8.314181,47.945993],[8.316319,47.946642],[8.315824,47.950399],[8.31378,47.951829],[8.307028,47.950704],[8.3025,47.949426],[8.30115,47.952034],[8.292291,47.951986],[8.282759,47.950872],[8.275645,47.95223],[8.273113,47.951856],[8.270902,47.953642],[8.274886,47.9586],[8.277164,47.959535],[8.281675,47.958669],[8.287592,47.961248],[8.29019,47.961305],[8.293693,47.958374],[8.296597,47.958908],[8.29645,47.962934],[8.299515,47.965701],[8.303182,47.965892],[8.307138,47.964864],[8.30601,47.970551],[8.314362,47.96973],[8.316261,47.974056],[8.314756,47.976741],[8.319981,47.978799],[8.321521,47.984168],[8.319869,47.988677],[8.313726,47.992476],[8.31012,47.993133],[8.30666,47.992888],[8.302302,47.99135],[8.298435,47.99127],[8.294524,47.98847],[8.291894,47.987657],[8.28421,47.987062],[8.272641,47.9909],[8.270478,47.993459],[8.260331,47.991698],[8.254638,47.991911],[8.253083,47.994769],[8.248254,47.996237],[8.239227,47.993154],[8.231058,47.996191],[8.22494,47.99767],[8.21982,47.997255],[8.218072,47.996336],[8.215133,47.992616],[8.214759,47.989106],[8.211653,47.988991],[8.210255,47.987713],[8.205501,47.98645],[8.200758,47.984035],[8.196546,47.983705],[8.19394,47.986766],[8.194228,47.989868],[8.192068,47.993026],[8.190055,47.993634],[8.18388,47.992618],[8.171339,47.9943],[8.167808,47.993128],[8.166146,47.991629],[8.161537,47.9938],[8.161498,47.996993],[8.163645,47.998281],[8.156386,48.001464],[8.148511,48.000988],[8.144591,48.003408],[8.141161,48.008404],[8.13771,48.008662],[8.136022,48.010553],[8.135824,48.009136],[8.13098,48.008133],[8.129188,48.010568],[8.125336,48.011747],[8.121734,48.011527],[8.119324,48.016885],[8.117294,48.017798],[8.117072,48.020172],[8.118981,48.021087],[8.112425,48.022903],[8.11222,48.025348],[8.110075,48.026684],[8.110523,48.028505],[8.105455,48.031599],[8.10455,48.033553],[8.101009,48.034521],[8.098263,48.039728],[8.094569,48.039029],[8.093212,48.036552],[8.090578,48.039061],[8.093397,48.042949],[8.090085,48.043562],[8.086643,48.042724],[8.077101,48.043937],[8.074528,48.048348],[8.074269,48.054557],[8.073564,48.057735],[8.066974,48.061869],[8.06674,48.063242],[8.062127,48.06275],[8.057175,48.063276],[8.052221,48.062189],[8.050185,48.059389],[8.046596,48.05863],[8.044103,48.059516],[8.038881,48.059108],[8.036491,48.05814],[8.030144,48.05933],[8.023626,48.058577],[8.018982,48.059097],[8.014216,48.062459],[8.011835,48.062553],[8.004231,48.059346],[7.999413,48.060922],[7.997245,48.062661],[7.992344,48.062216],[7.987308,48.06342],[7.982697,48.063154],[7.97757,48.061614],[7.974054,48.061917],[7.971643,48.063444],[7.966363,48.0631],[7.963294,48.061932],[7.958888,48.063756],[7.956647,48.06379],[7.952339,48.05995],[7.951088,48.057398],[7.945837,48.058237],[7.941677,48.060544],[7.936229,48.060982],[7.931869,48.062007],[7.929103,48.063717],[7.924272,48.063744],[7.921812,48.065278],[7.919406,48.061804],[7.91999,48.059745],[7.918557,48.057486],[7.920691,48.054033],[7.920457,48.050747],[7.917499,48.046896],[7.91237,48.048747],[7.910164,48.051839],[7.912875,48.05412],[7.910841,48.055749],[7.907316,48.056005],[7.902392,48.057319],[7.894166,48.055435],[7.892394,48.053554],[7.887496,48.053102],[7.880456,48.053216],[7.871612,48.054164],[7.870177,48.055491],[7.86515,48.05574],[7.859713,48.055034],[7.857326,48.055653],[7.84994,48.053529],[7.850366,48.051361],[7.854117,48.043921],[7.854416,48.036646],[7.860378,48.034992],[7.863646,48.03511],[7.866987,48.034071],[7.870305,48.032132],[7.871033,48.029881],[7.875469,48.031341],[7.878521,48.026865],[7.882251,48.0225],[7.884986,48.022918],[7.890917,48.019285],[7.895557,48.018145],[7.89412,48.016584],[7.889546,48.016527],[7.886561,48.018419],[7.88437,48.021391],[7.880492,48.019545],[7.876059,48.021056],[7.873118,48.019871],[7.872497,48.016519],[7.876123,48.014122],[7.884353,48.011705],[7.887687,48.010239],[7.901697,48.010005],[7.90402,48.012374],[7.907215,48.013246],[7.910728,48.013019],[7.912942,48.011868],[7.921882,48.01563],[7.926268,48.013812],[7.928201,48.01085],[7.928629,48.008234],[7.927847,48.005975],[7.928151,48.002604],[7.92721,48.001345],[7.927998,47.998648],[7.930197,47.99539],[7.930844,47.991133],[7.929285,47.988615],[7.925188,47.985528],[7.925217,47.981655],[7.92441,47.980837],[7.913985,47.97941],[7.917612,47.974734],[7.920663,47.974457],[7.921097,47.972565],[7.924516,47.970757],[7.922577,47.969667],[7.921791,47.967436],[7.917834,47.967257],[7.915237,47.965021],[7.914731,47.962942],[7.917159,47.958052],[7.920734,47.953443],[7.924743,47.95104],[7.924264,47.947233],[7.924917,47.945024],[7.924185,47.941477],[7.92487,47.940092],[7.921994,47.936835],[7.917265,47.935079],[7.91494,47.93167],[7.912596,47.929762],[7.908857,47.929049],[7.9067,47.924253],[7.910094,47.918276],[7.908412,47.914319],[7.902803,47.912325],[7.898462,47.911944],[7.896933,47.910777],[7.892805,47.909933],[7.890806,47.90626],[7.884461,47.903956],[7.882164,47.904285],[7.874976,47.903578],[7.871501,47.904513],[7.866805,47.911437],[7.863039,47.913253],[7.862363,47.915647],[7.86363,47.917507],[7.862481,47.920801],[7.86298,47.922682],[7.866304,47.925517],[7.86578,47.928293],[7.868461,47.929622],[7.867721,47.932188],[7.868884,47.933886],[7.873804,47.931177],[7.875563,47.932013],[7.877193,47.935297],[7.876398,47.940211],[7.878837,47.943216],[7.878184,47.945644],[7.878779,47.94855],[7.875604,47.949074],[7.87116,47.95129],[7.866536,47.950189],[7.863402,47.950077],[7.85832,47.948924],[7.855681,47.950093],[7.853993,47.952548],[7.854136,47.954771],[7.849495,47.956732],[7.84854,47.958469],[7.848606,47.961637],[7.84297,47.964102],[7.839404,47.96387],[7.837434,47.96567],[7.834628,47.966603],[7.837427,47.971162],[7.836528,47.972569],[7.828458,47.972936],[7.826714,47.972283],[7.823127,47.972747],[7.818695,47.970184],[7.816584,47.96766],[7.813138,47.967715],[7.806134,47.964625],[7.802136,47.964077],[7.79563,47.966268],[7.792166,47.968363],[7.780407,47.970655],[7.776274,47.973872],[7.772281,47.974905],[7.769913,47.977621],[7.767946,47.978467],[7.763372,47.976812],[7.755964,47.978815],[7.756777,47.980525],[7.745658,47.978692],[7.739266,47.980056],[7.736298,47.980077],[7.729186,47.977058],[7.727629,47.978122],[7.724415,47.975576],[7.725133,47.974617],[7.721811,47.972628],[7.718693,47.968775],[7.717275,47.969049],[7.707537,47.963695],[7.698653,47.959687],[7.695681,47.961851],[7.689419,47.963542],[7.687797,47.961088],[7.683811,47.962286],[7.679511,47.960882],[7.677561,47.959241],[7.671377,47.964249],[7.668075,47.962457],[7.664747,47.965081],[7.662006,47.965651],[7.666538,47.971222],[7.667569,47.973634],[7.678477,47.975061],[7.678117,47.978348],[7.680224,47.983211],[7.682172,47.98325],[7.684878,47.98807],[7.682131,47.989181],[7.678788,47.991662],[7.67831,47.994717],[7.681539,47.998213],[7.685834,47.999979],[7.689776,48.002463],[7.693719,48.003862],[7.694306,48.005477],[7.699193,48.008468],[7.708408,48.011033],[7.704701,48.011828],[7.706018,48.016264],[7.703604,48.018654],[7.704579,48.020385],[7.703441,48.025959],[7.702175,48.027768],[7.708408,48.035296],[7.713689,48.03303],[7.719636,48.034634],[7.721582,48.033837],[7.727257,48.035763],[7.730351,48.038252],[7.733636,48.038386],[7.734495,48.03644],[7.733809,48.032825],[7.737809,48.03087],[7.743932,48.026656],[7.746294,48.026357],[7.75153,48.022943],[7.751405,48.02142],[7.758194,48.018842],[7.758976,48.022223],[7.766591,48.019111],[7.769568,48.017081],[7.769767,48.015111],[7.779243,48.02125],[7.781131,48.022784],[7.782234,48.02533],[7.786166,48.025324],[7.79034,48.027362],[7.786931,48.03207],[7.790426,48.036635],[7.791702,48.042044],[7.793409,48.04382],[7.795168,48.052184],[7.79288,48.05363],[7.795246,48.05543],[7.796975,48.058978],[7.796339,48.060955],[7.803496,48.061027],[7.805892,48.061901],[7.805202,48.06375],[7.814954,48.071058],[7.817422,48.069619],[7.820088,48.070359],[7.824762,48.068895],[7.822561,48.071463],[7.819698,48.072356],[7.817049,48.072105],[7.811287,48.07482],[7.810173,48.073938],[7.803127,48.076778],[7.798232,48.07972],[7.794106,48.080914],[7.789877,48.084223],[7.78491,48.086615],[7.785184,48.082865],[7.779121,48.082475],[7.777342,48.085663],[7.769191,48.087305],[7.767849,48.086308],[7.762502,48.085912],[7.758182,48.083418],[7.75485,48.084447],[7.754148,48.088164],[7.760496,48.097958],[7.761529,48.100707],[7.758832,48.101811],[7.758934,48.105771],[7.75811,48.107931],[7.751511,48.11244],[7.742881,48.109722],[7.731997,48.107839],[7.726493,48.110332],[7.717775,48.110378],[7.713667,48.109264],[7.711355,48.107911],[7.707203,48.10744],[7.704569,48.106308],[7.700156,48.10648],[7.700481,48.110846],[7.698707,48.112679],[7.696185,48.112246],[7.691476,48.113147],[7.689004,48.116811],[7.685258,48.115625],[7.681259,48.115381],[7.676304,48.112684],[7.673479,48.110487],[7.669289,48.111599],[7.665814,48.109555],[7.661226,48.109907],[7.658919,48.109392],[7.654178,48.110295],[7.650371,48.10923],[7.64857,48.107614],[7.643906,48.110743],[7.642452,48.112676],[7.638148,48.111613],[7.634216,48.112374],[7.630439,48.1113],[7.626466,48.111548],[7.624871,48.110788],[7.620342,48.110534],[7.615346,48.108169],[7.613998,48.106695],[7.604863,48.108253],[7.60241,48.110297],[7.596746,48.110109],[7.591349,48.108061],[7.577227,48.115606],[7.579519,48.107022],[7.579288,48.101469],[7.578033,48.097452],[7.576247,48.094351],[7.572839,48.090292],[7.571009,48.087233],[7.569545,48.08325],[7.569227,48.079134],[7.569802,48.075552],[7.572687,48.063082],[7.573809,48.057204],[7.573632,48.050581],[7.5723,48.045477],[7.56897,48.038241],[7.56873,48.035406],[7.570453,48.031626],[7.578464,48.025069],[7.602679,48.005854],[7.608998,48.0001],[7.615189,47.992106],[7.619192,47.984211],[7.621815,47.976548],[7.621897,47.972499],[7.621029,47.969273],[7.618995,47.965917],[7.611048,47.955686],[7.606811,47.951748],[7.58869,47.937761],[7.58534,47.934263],[7.581885,47.9284],[7.580688,47.923615],[7.580621,47.920028],[7.582976,47.905186],[7.582575,47.900198],[7.579237,47.894434],[7.575539,47.891194],[7.571891,47.889077],[7.565746,47.886685],[7.562254,47.884774],[7.559655,47.882518],[7.556578,47.878036],[7.555744,47.874827],[7.555435,47.86899],[7.556452,47.864862],[7.561578,47.856096],[7.563136,47.851717],[7.563437,47.846704],[7.562719,47.842001],[7.56156,47.83907],[7.558614,47.834321],[7.553104,47.828006],[7.54871,47.820961],[7.545811,47.812688],[7.543379,47.807661],[7.531367,47.786684],[7.530029,47.782553],[7.529844,47.776117],[7.531498,47.769789],[7.536162,47.761057],[7.540064,47.754844],[7.546116,47.74349],[7.550998,47.744055],[7.556085,47.751975],[7.558786,47.751885],[7.563491,47.75427],[7.565426,47.758881],[7.564918,47.760458],[7.566582,47.763165],[7.569288,47.762594],[7.57159,47.766106],[7.570085,47.766367],[7.572547,47.770341],[7.570607,47.770646],[7.573564,47.775554],[7.581091,47.773121],[7.579367,47.767417],[7.581088,47.767228],[7.581924,47.769774],[7.585059,47.770148],[7.586041,47.772],[7.588915,47.773224],[7.594252,47.772213],[7.597013,47.773491],[7.601999,47.773796],[7.604143,47.775026],[7.607732,47.775481],[7.616382,47.774576],[7.614581,47.772917],[7.615507,47.770584],[7.614742,47.764076],[7.614853,47.760252],[7.619477,47.757263],[7.624355,47.760763],[7.626916,47.759709],[7.629634,47.761225],[7.636215,47.763314],[7.638565,47.76531],[7.649325,47.767426],[7.651966,47.76961],[7.653306,47.7721],[7.662459,47.776795],[7.664165,47.776245],[7.672441,47.77147],[7.678579,47.773531],[7.684019,47.774276],[7.689727,47.777931],[7.692477,47.780183],[7.695862,47.780481],[7.697251,47.779401],[7.701236,47.778433],[7.704969,47.783613],[7.708589,47.783245],[7.717588,47.783627],[7.723538,47.787769],[7.72442,47.78918],[7.72911,47.789824],[7.732677,47.789513],[7.735883,47.790567],[7.742828,47.790165],[7.74674,47.790487],[7.749008,47.789699],[7.753665,47.790432],[7.757959,47.790491],[7.765409,47.793046],[7.773602,47.791724],[7.775937,47.790302],[7.783648,47.794232],[7.779413,47.797319],[7.777426,47.80212],[7.778063,47.803404],[7.785682,47.801281],[7.789609,47.802103],[7.793028,47.804255],[7.796247,47.805031],[7.802067,47.805489],[7.803317,47.807939],[7.802817,47.809836],[7.805339,47.811455],[7.811598,47.812082],[7.819244,47.812042],[7.822005,47.814717],[7.82189,47.818998],[7.826846,47.821524],[7.828958,47.821283],[7.83205,47.822401],[7.837162,47.822873],[7.843337,47.827206],[7.84568,47.826903],[7.848846,47.82927],[7.849094,47.831786],[7.845487,47.833429],[7.842194,47.836004],[7.844311,47.837797],[7.850499,47.838951],[7.855084,47.838438],[7.858664,47.840266],[7.867828,47.8458],[7.869758,47.847517],[7.87716,47.849055],[7.878879,47.850897],[7.877013,47.856577],[7.880072,47.857958],[7.882795,47.863556],[7.887913,47.867531],[7.886347,47.869024],[7.88946,47.872202],[7.888891,47.875084],[7.890193,47.878895],[7.89593,47.880307],[7.902294,47.876635],[7.905918,47.875737],[7.909625,47.876486],[7.914003,47.878525],[7.918756,47.876913],[7.929551,47.876698],[7.932443,47.874686],[7.938831,47.876653],[7.94249,47.879368],[7.947934,47.876114],[7.953822,47.875561],[7.956686,47.873766],[7.964732,47.870875],[7.969197,47.869738],[7.974627,47.867191],[7.983707,47.866865],[7.984246,47.865352],[7.991671,47.866866],[8.000018,47.86528],[8.004078,47.866595],[8.008116,47.866034],[8.012571,47.866123],[8.01725,47.86389],[8.019253,47.860895],[8.022412,47.859885],[8.022107,47.857337],[8.019707,47.856813],[8.020734,47.851786],[8.015189,47.850668],[8.009698,47.845544],[8.018469,47.846211],[8.018142,47.842377],[8.018905,47.841342]]]},"properties":{"rs":83150000000,"name":"Landkreis Breisgau-Hochschwarzwald"},"id":"relation/1946367"},{"type":"Feature","geometry":{"type":"Polygon","coordinates":[[[9.243948,48.846737],[9.240878,48.847221],[9.238317,48.846367],[9.23275,48.850122],[9.233604,48.854016],[9.229883,48.854873],[9.230509,48.85698],[9.228479,48.858197],[9.230382,48.863804],[9.226674,48.864348],[9.219042,48.866287],[9.215874,48.865034],[9.212198,48.862635],[9.205917,48.86127],[9.20614,48.857369],[9.207584,48.855838],[9.205077,48.854447],[9.207671,48.852754],[9.204944,48.851762],[9.200057,48.851114],[9.1939,48.851179],[9.190002,48.847665],[9.186832,48.849318],[9.183313,48.849682],[9.179867,48.848711],[9.176757,48.849579],[9.17622,48.847518],[9.171397,48.848979],[9.16984,48.852216],[9.166665,48.850928],[9.163866,48.851396],[9.159392,48.854041],[9.161327,48.855994],[9.158381,48.856954],[9.15494,48.857001],[9.153628,48.860721],[9.146685,48.859942],[9.141006,48.861908],[9.140911,48.856251],[9.133776,48.857626],[9.133877,48.853025],[9.139003,48.85184],[9.139462,48.849899],[9.14316,48.844813],[9.140515,48.843727],[9.133644,48.843917],[9.136391,48.840382],[9.140098,48.838238],[9.138051,48.835333],[9.138816,48.831873],[9.138163,48.828042],[9.132163,48.827337],[9.122843,48.82475],[9.113978,48.823496],[9.112354,48.825207],[9.108747,48.824819],[9.108307,48.829342],[9.102732,48.828032],[9.099457,48.829187],[9.097248,48.832907],[9.093558,48.835523],[9.087985,48.832614],[9.086358,48.830631],[9.086717,48.826047],[9.084258,48.82412],[9.083399,48.81905],[9.079912,48.81838],[9.079636,48.815416],[9.07664,48.814571],[9.078344,48.812957],[9.080404,48.813091],[9.084135,48.809429],[9.087367,48.809768],[9.085637,48.806176],[9.084079,48.796783],[9.082075,48.79692],[9.080057,48.794805],[9.078092,48.794404],[9.077142,48.791688],[9.075248,48.789508],[9.075719,48.786872],[9.088066,48.782013],[9.085742,48.780796],[9.08682,48.77856],[9.083673,48.77556],[9.085715,48.773627],[9.085298,48.771861],[9.080576,48.767659],[9.075742,48.767327],[9.077627,48.764085],[9.076155,48.759349],[9.076868,48.755288],[9.070077,48.755586],[9.067676,48.756663],[9.065236,48.755386],[9.062891,48.752609],[9.062286,48.750119],[9.063578,48.747957],[9.058467,48.746871],[9.052692,48.748137],[9.045727,48.7471],[9.044957,48.746118],[9.039832,48.743458],[9.038601,48.741318],[9.042163,48.740584],[9.045708,48.741264],[9.051628,48.740516],[9.054698,48.738229],[9.054023,48.737429],[9.056535,48.733123],[9.062672,48.734066],[9.066622,48.734154],[9.06726,48.730567],[9.063387,48.728854],[9.062808,48.727379],[9.069648,48.725968],[9.073871,48.723089],[9.086927,48.715235],[9.100335,48.711672],[9.10641,48.710507],[9.113358,48.708999],[9.121743,48.708048],[9.134172,48.70924],[9.139699,48.709449],[9.143739,48.70906],[9.169505,48.705372],[9.175127,48.703488],[9.191283,48.695845],[9.198641,48.693207],[9.205008,48.692315],[9.222449,48.692201],[9.226788,48.692502],[9.244948,48.694556],[9.243817,48.697148],[9.239339,48.697387],[9.238217,48.70404],[9.238694,48.706324],[9.241091,48.708983],[9.239894,48.711215],[9.234629,48.711336],[9.230698,48.709612],[9.229209,48.711666],[9.224706,48.71483],[9.221577,48.719017],[9.218959,48.720694],[9.216553,48.723763],[9.212481,48.726392],[9.212529,48.728779],[9.215237,48.731921],[9.219783,48.732544],[9.222227,48.731467],[9.226385,48.731465],[9.225912,48.735053],[9.232024,48.735457],[9.234396,48.737722],[9.237727,48.736174],[9.23997,48.737565],[9.242757,48.741933],[9.245103,48.744302],[9.246847,48.742018],[9.251638,48.740115],[9.252673,48.741906],[9.260559,48.743598],[9.259953,48.744814],[9.265156,48.748762],[9.270698,48.756802],[9.27228,48.755807],[9.275606,48.756502],[9.274596,48.76157],[9.272337,48.762464],[9.274433,48.764951],[9.274792,48.767705],[9.27646,48.770018],[9.280395,48.768206],[9.288369,48.768816],[9.289437,48.769975],[9.292913,48.770542],[9.297293,48.772895],[9.296579,48.773641],[9.302328,48.775768],[9.304669,48.774169],[9.307883,48.773861],[9.314319,48.774469],[9.316023,48.778218],[9.31545,48.778981],[9.307535,48.778291],[9.307096,48.780895],[9.303571,48.780337],[9.299584,48.778785],[9.293644,48.782287],[9.296029,48.78447],[9.29929,48.785581],[9.29534,48.788702],[9.291191,48.786699],[9.288634,48.787615],[9.291388,48.79075],[9.288516,48.790849],[9.284451,48.789829],[9.277864,48.78984],[9.274664,48.791226],[9.272125,48.794095],[9.269362,48.79262],[9.263006,48.792485],[9.262272,48.79486],[9.258623,48.795475],[9.254365,48.79461],[9.25138,48.792776],[9.248023,48.79506],[9.250919,48.79783],[9.250309,48.799063],[9.254739,48.800711],[9.253208,48.810054],[9.256809,48.810771],[9.255251,48.812949],[9.25315,48.819405],[9.250285,48.818631],[9.247784,48.821558],[9.245453,48.823107],[9.243355,48.822906],[9.243421,48.825898],[9.241364,48.826252],[9.240363,48.829934],[9.242799,48.83334],[9.245236,48.83454],[9.239365,48.836056],[9.240157,48.83875],[9.237167,48.841998],[9.242058,48.844602],[9.243948,48.846737]]]},"properties":{"rs":81110000000,"name":"Stuttgart"},"id":"relation/2793104"},{"type":"Feature","geometry":{"type":"MultiPolygon","coordinates":[[[[9.13143,48.601691],[9.131816,48.599912],[9.130401,48.595268],[9.130827,48.590657],[9.127571,48.585842],[9.125841,48.582112],[9.12637,48.581235],[9.127299,48.574003],[9.128269,48.569596],[9.125437,48.566598],[9.134147,48.563598],[9.139922,48.562838],[9.141402,48.559595],[9.14673,48.557021],[9.151013,48.553416],[9.151025,48.549647],[9.151852,48.547111],[9.150979,48.545377],[9.159514,48.546498],[9.171181,48.549985],[9.172753,48.546801],[9.170658,48.545949],[9.174109,48.542696],[9.175851,48.538908],[9.174,48.536973],[9.172627,48.533802],[9.173559,48.53261],[9.172123,48.529752],[9.173463,48.527507],[9.168728,48.52414],[9.162741,48.522437],[9.155756,48.527329],[9.151865,48.526437],[9.148082,48.524721],[9.142242,48.523851],[9.138291,48.522679],[9.137156,48.51938],[9.137391,48.517511],[9.139332,48.515355],[9.136576,48.510592],[9.136416,48.509154],[9.138588,48.507597],[9.137126,48.5053],[9.142379,48.503936],[9.14143,48.500421],[9.145533,48.499668],[9.148164,48.500094],[9.149653,48.496933],[9.153873,48.49391],[9.153366,48.492198],[9.145471,48.489574],[9.141234,48.489225],[9.136558,48.486339],[9.1276,48.48344],[9.125431,48.481966],[9.127275,48.479727],[9.125303,48.477995],[9.122259,48.477168],[9.120029,48.475411],[9.120315,48.473543],[9.124742,48.472471],[9.125775,48.470938],[9.131817,48.470439],[9.134286,48.468541],[9.139,48.468032],[9.136071,48.463615],[9.13645,48.461654],[9.134668,48.458115],[9.139275,48.457242],[9.130448,48.452337],[9.129478,48.450629],[9.126785,48.449322],[9.126446,48.447637],[9.123401,48.446939],[9.119704,48.444759],[9.122198,48.442546],[9.117967,48.439753],[9.118541,48.438109],[9.114866,48.435146],[9.119342,48.43289],[9.120853,48.430932],[9.116697,48.429406],[9.118584,48.425963],[9.125303,48.422033],[9.122977,48.420191],[9.124923,48.419258],[9.127629,48.420724],[9.132316,48.419149],[9.136202,48.416469],[9.139326,48.416638],[9.141751,48.415663],[9.147813,48.411121],[9.144621,48.408314],[9.143605,48.405786],[9.141026,48.403082],[9.13839,48.405075],[9.133184,48.402914],[9.131623,48.399484],[9.128483,48.39907],[9.124807,48.396833],[9.130078,48.393856],[9.12773,48.391438],[9.122463,48.390598],[9.121283,48.389176],[9.122059,48.385664],[9.123749,48.382944],[9.117296,48.382802],[9.118185,48.381094],[9.121435,48.379755],[9.127479,48.38151],[9.128038,48.378682],[9.12704,48.377259],[9.129163,48.372978],[9.13286,48.373448],[9.135767,48.370409],[9.137657,48.371459],[9.145462,48.371094],[9.15214,48.369805],[9.157984,48.370616],[9.166319,48.368718],[9.169278,48.369142],[9.172049,48.368105],[9.17939,48.367432],[9.178753,48.361133],[9.177776,48.35962],[9.173081,48.358086],[9.167285,48.353098],[9.167592,48.351701],[9.170384,48.349348],[9.173764,48.344255],[9.179358,48.3428],[9.180915,48.341777],[9.188511,48.342664],[9.188381,48.339135],[9.193979,48.336525],[9.197055,48.335854],[9.200964,48.3364],[9.203831,48.334673],[9.206612,48.334745],[9.21277,48.333124],[9.214884,48.334399],[9.215029,48.337458],[9.220528,48.338581],[9.218117,48.331733],[9.215791,48.330394],[9.214986,48.328025],[9.217473,48.321774],[9.216073,48.318687],[9.216509,48.316548],[9.213365,48.313729],[9.20962,48.308669],[9.205002,48.310558],[9.201914,48.310144],[9.199378,48.308039],[9.196029,48.308855],[9.190859,48.308081],[9.187743,48.310165],[9.178313,48.311261],[9.175227,48.310889],[9.16748,48.311025],[9.161516,48.313048],[9.16228,48.309278],[9.160738,48.306329],[9.163469,48.305816],[9.167901,48.303638],[9.172039,48.303718],[9.171683,48.300716],[9.172838,48.297926],[9.177244,48.293971],[9.177875,48.291187],[9.183102,48.285499],[9.18395,48.282216],[9.187124,48.280553],[9.187764,48.281201],[9.195239,48.281698],[9.196528,48.284091],[9.200234,48.286732],[9.20841,48.286072],[9.209269,48.283924],[9.211239,48.283293],[9.216762,48.283897],[9.220922,48.278169],[9.220924,48.273604],[9.221894,48.27133],[9.22164,48.267545],[9.225071,48.266691],[9.231515,48.2684],[9.236656,48.270301],[9.241906,48.270274],[9.245219,48.267762],[9.252601,48.268503],[9.261496,48.271887],[9.264708,48.273883],[9.26674,48.276217],[9.267109,48.278397],[9.271375,48.280206],[9.269642,48.28885],[9.272741,48.285814],[9.275428,48.284432],[9.277954,48.28448],[9.280185,48.286116],[9.287655,48.28431],[9.291605,48.285917],[9.292802,48.280394],[9.295094,48.277086],[9.293989,48.275905],[9.297292,48.272555],[9.298229,48.270496],[9.301051,48.267389],[9.303743,48.267233],[9.306974,48.265741],[9.309305,48.265984],[9.310328,48.258817],[9.317724,48.258054],[9.323581,48.258837],[9.32581,48.257434],[9.331129,48.256016],[9.33109,48.254082],[9.336224,48.248535],[9.345135,48.242965],[9.350642,48.241034],[9.347464,48.239566],[9.362314,48.226791],[9.365581,48.226647],[9.367664,48.222896],[9.367353,48.218412],[9.36908,48.215726],[9.37187,48.215429],[9.377151,48.210028],[9.377753,48.208352],[9.38021,48.207102],[9.38418,48.206473],[9.381893,48.204141],[9.386628,48.198111],[9.38821,48.198859],[9.391483,48.196616],[9.394609,48.197283],[9.399366,48.196784],[9.404073,48.198427],[9.404279,48.199408],[9.40843,48.201254],[9.413413,48.202425],[9.41847,48.201539],[9.422537,48.202818],[9.425656,48.201427],[9.426743,48.198829],[9.423988,48.19539],[9.438008,48.194944],[9.439639,48.200155],[9.438676,48.202425],[9.440852,48.204826],[9.450398,48.20513],[9.452265,48.206616],[9.456354,48.207919],[9.464041,48.207897],[9.470699,48.20089],[9.467712,48.197794],[9.474445,48.1989],[9.479982,48.201247],[9.484374,48.202316],[9.48678,48.20364],[9.483413,48.206405],[9.493387,48.209979],[9.495747,48.209518],[9.499982,48.212033],[9.498894,48.214822],[9.498687,48.218168],[9.493889,48.218772],[9.499441,48.223095],[9.492994,48.225325],[9.490899,48.228257],[9.49042,48.232566],[9.489995,48.237396],[9.48907,48.239442],[9.490427,48.24239],[9.497802,48.244591],[9.500551,48.245026],[9.513048,48.249958],[9.519024,48.251313],[9.525924,48.25378],[9.523085,48.254501],[9.521983,48.256432],[9.52609,48.258449],[9.527885,48.26058],[9.530474,48.260559],[9.530428,48.263343],[9.523863,48.261413],[9.524871,48.266136],[9.526759,48.266904],[9.525207,48.268861],[9.518852,48.267018],[9.516285,48.26893],[9.514216,48.26924],[9.506614,48.268866],[9.507985,48.274427],[9.506007,48.27582],[9.506125,48.278666],[9.508591,48.281132],[9.514359,48.280312],[9.517528,48.281626],[9.52185,48.282435],[9.523367,48.284127],[9.530078,48.284457],[9.532253,48.287826],[9.536623,48.289619],[9.538935,48.289469],[9.541383,48.291831],[9.548914,48.29303],[9.553581,48.291799],[9.557241,48.293989],[9.556822,48.295709],[9.553324,48.29728],[9.551432,48.300153],[9.554979,48.302359],[9.55549,48.306267],[9.544222,48.307643],[9.542591,48.310529],[9.539112,48.312064],[9.536589,48.312241],[9.533726,48.313933],[9.534198,48.318406],[9.539742,48.318439],[9.542014,48.320228],[9.544345,48.319451],[9.5499,48.319873],[9.550193,48.322118],[9.554011,48.324455],[9.554926,48.326219],[9.553843,48.32892],[9.557884,48.328739],[9.557935,48.332037],[9.567914,48.329916],[9.57523,48.329411],[9.579317,48.327138],[9.580658,48.328448],[9.579197,48.331975],[9.580438,48.33466],[9.586296,48.339775],[9.588759,48.346511],[9.591607,48.349842],[9.589867,48.353767],[9.592016,48.355844],[9.588478,48.356755],[9.58859,48.359308],[9.590696,48.363187],[9.588334,48.364122],[9.588035,48.366083],[9.592341,48.366619],[9.597049,48.369642],[9.599658,48.370069],[9.599221,48.372546],[9.601888,48.374071],[9.600301,48.377393],[9.597972,48.377284],[9.59447,48.375697],[9.59381,48.377094],[9.587077,48.376328],[9.582305,48.377282],[9.581527,48.380382],[9.589596,48.382145],[9.590318,48.384729],[9.587639,48.385377],[9.584426,48.387274],[9.583508,48.389937],[9.581236,48.391292],[9.580572,48.393023],[9.582809,48.395496],[9.588626,48.395965],[9.588989,48.396959],[9.593156,48.398493],[9.601355,48.398642],[9.607593,48.398353],[9.611892,48.396535],[9.621328,48.396049],[9.621863,48.401627],[9.625305,48.40149],[9.625557,48.405749],[9.623622,48.41416],[9.62815,48.414464],[9.629411,48.417939],[9.634763,48.417496],[9.637466,48.423577],[9.635128,48.427247],[9.634138,48.433905],[9.630944,48.43899],[9.630682,48.442507],[9.628087,48.446726],[9.62524,48.448777],[9.625615,48.451684],[9.6248,48.453432],[9.620236,48.456471],[9.618522,48.45982],[9.615416,48.463224],[9.615312,48.465779],[9.61336,48.469865],[9.613417,48.471747],[9.608219,48.472054],[9.603836,48.472913],[9.594473,48.475827],[9.591331,48.477741],[9.589209,48.481472],[9.590322,48.485463],[9.588395,48.486773],[9.581825,48.489063],[9.585576,48.489718],[9.586398,48.492786],[9.589557,48.499048],[9.588137,48.50004],[9.583647,48.500184],[9.580059,48.50361],[9.58848,48.50563],[9.587831,48.509309],[9.591484,48.512408],[9.587565,48.513371],[9.586607,48.514901],[9.588878,48.518553],[9.585722,48.522297],[9.586636,48.524098],[9.585366,48.526842],[9.582311,48.529384],[9.582016,48.532821],[9.584653,48.535103],[9.584904,48.536903],[9.582512,48.538986],[9.579214,48.538789],[9.573194,48.539977],[9.569964,48.539318],[9.564989,48.537237],[9.564599,48.535339],[9.559672,48.531955],[9.556013,48.531165],[9.55134,48.528884],[9.544867,48.527831],[9.541848,48.526454],[9.539592,48.527296],[9.532024,48.526967],[9.533392,48.521734],[9.535337,48.521419],[9.532362,48.51791],[9.533153,48.516676],[9.530976,48.513594],[9.528678,48.51554],[9.524756,48.515778],[9.521925,48.519937],[9.520307,48.518034],[9.518135,48.518437],[9.516093,48.520342],[9.512251,48.52185],[9.510665,48.523331],[9.510136,48.526372],[9.504334,48.526901],[9.508603,48.523748],[9.50971,48.521009],[9.506732,48.518416],[9.502576,48.517342],[9.505786,48.514526],[9.501773,48.512492],[9.498535,48.514713],[9.4974,48.517856],[9.497518,48.521704],[9.494671,48.520715],[9.490728,48.52111],[9.488604,48.520108],[9.490856,48.517462],[9.47949,48.518249],[9.471993,48.515417],[9.473989,48.512357],[9.46835,48.513536],[9.466106,48.51612],[9.474687,48.521161],[9.473785,48.522926],[9.476134,48.523881],[9.480125,48.523475],[9.480529,48.52518],[9.479245,48.527193],[9.482227,48.528301],[9.489234,48.527605],[9.490273,48.530511],[9.48268,48.535176],[9.474113,48.536976],[9.472055,48.538401],[9.466595,48.538816],[9.4641,48.54031],[9.46426,48.543796],[9.463204,48.544466],[9.455702,48.544739],[9.450657,48.546397],[9.449075,48.545111],[9.444783,48.544179],[9.440598,48.542465],[9.439825,48.540139],[9.435895,48.540598],[9.429914,48.543734],[9.426303,48.543782],[9.424343,48.540827],[9.420837,48.541808],[9.416887,48.538581],[9.41953,48.537654],[9.418396,48.536232],[9.41413,48.535754],[9.408622,48.538978],[9.40626,48.537862],[9.40688,48.535578],[9.400479,48.534615],[9.397593,48.533454],[9.395585,48.531374],[9.393554,48.530858],[9.391215,48.531983],[9.389869,48.534475],[9.385987,48.534421],[9.38421,48.535681],[9.379849,48.535386],[9.37899,48.53451],[9.373833,48.533874],[9.369488,48.534493],[9.365934,48.539317],[9.362611,48.542835],[9.358376,48.54448],[9.353759,48.543234],[9.349582,48.543766],[9.348496,48.545106],[9.343553,48.546265],[9.340159,48.548393],[9.337571,48.547235],[9.336691,48.543565],[9.331351,48.540425],[9.327079,48.540559],[9.322449,48.546976],[9.320419,48.54799],[9.318347,48.546455],[9.314564,48.546252],[9.313991,48.547361],[9.317616,48.550013],[9.316415,48.551279],[9.31917,48.552483],[9.316975,48.554616],[9.320712,48.556507],[9.31926,48.559414],[9.314936,48.561965],[9.311578,48.562827],[9.312624,48.564722],[9.321416,48.568976],[9.322776,48.574113],[9.319712,48.577006],[9.315994,48.578696],[9.314749,48.580389],[9.31142,48.581028],[9.307514,48.57699],[9.303889,48.577207],[9.29978,48.575524],[9.29619,48.569715],[9.297212,48.5685],[9.29571,48.565765],[9.293994,48.565355],[9.289354,48.566183],[9.285436,48.565195],[9.284483,48.566852],[9.281919,48.56636],[9.27911,48.568493],[9.276719,48.566935],[9.273375,48.567004],[9.26806,48.565793],[9.26192,48.56677],[9.259922,48.569235],[9.254424,48.568319],[9.252207,48.571874],[9.247427,48.57448],[9.24162,48.576438],[9.24117,48.578614],[9.237441,48.57847],[9.23646,48.574437],[9.234985,48.574853],[9.231844,48.571568],[9.229579,48.572348],[9.228171,48.567802],[9.225151,48.566318],[9.223359,48.567668],[9.216593,48.567802],[9.208546,48.572471],[9.207341,48.574092],[9.208267,48.579135],[9.206497,48.583677],[9.20293,48.58651],[9.197769,48.588136],[9.198092,48.591603],[9.202814,48.591933],[9.205687,48.593144],[9.205258,48.596456],[9.207208,48.599053],[9.20516,48.603269],[9.202952,48.604016],[9.196692,48.601454],[9.185762,48.598277],[9.184168,48.598679],[9.179756,48.603689],[9.175521,48.60525],[9.170763,48.604835],[9.165909,48.605286],[9.161914,48.604943],[9.155434,48.605912],[9.151356,48.604877],[9.14043,48.602667],[9.134865,48.601204],[9.13143,48.601691]],[[9.171877,48.604449],[9.17126,48.59854],[9.163873,48.597445],[9.168094,48.600584],[9.163884,48.601408],[9.164183,48.604372],[9.171877,48.604449]]],[[[9.145271,48.547156],[9.146632,48.542611],[9.150494,48.545156],[9.149076,48.547405],[9.145271,48.547156]]]]},"properties":{"rs":84150000000,"name":"Landkreis Reutlingen"},"id":"relation/2796980"},{"type":"Feature","geometry":{"type":"Polygon","coordinates":[[[8.773824,48.416304],[8.777627,48.415759],[8.791665,48.416665],[8.794654,48.417492],[8.799845,48.412886],[8.800388,48.407444],[8.807176,48.408095],[8.809624,48.407261],[8.81393,48.407495],[8.816455,48.406587],[8.828178,48.406948],[8.83125,48.406473],[8.833446,48.410352],[8.839804,48.411797],[8.846466,48.412148],[8.854594,48.413702],[8.857243,48.413596],[8.865175,48.415576],[8.869511,48.414735],[8.871209,48.411862],[8.875173,48.409156],[8.872016,48.406956],[8.873981,48.404701],[8.873785,48.402697],[8.869682,48.400968],[8.868937,48.399361],[8.875995,48.39708],[8.882203,48.399711],[8.891095,48.399405],[8.893327,48.395543],[8.893886,48.393311],[8.899538,48.39267],[8.904772,48.393269],[8.909383,48.394922],[8.913108,48.393657],[8.924623,48.391892],[8.926957,48.390252],[8.935708,48.390805],[8.942994,48.389099],[8.950006,48.388735],[8.950533,48.386893],[8.95282,48.385962],[8.953936,48.380818],[8.958174,48.381027],[8.958507,48.382235],[8.96621,48.383674],[8.971976,48.385309],[8.975731,48.384675],[8.984073,48.382513],[8.987935,48.382852],[8.990884,48.381903],[8.99287,48.384222],[8.992735,48.386328],[8.994408,48.38711],[8.999177,48.387065],[8.998557,48.38159],[9.003298,48.376779],[9.00553,48.375762],[9.01003,48.377109],[9.012909,48.375283],[9.019986,48.374212],[9.022211,48.374674],[9.022337,48.371615],[9.025969,48.37099],[9.029504,48.371889],[9.0347,48.370761],[9.041599,48.372946],[9.047258,48.373226],[9.056912,48.372427],[9.059481,48.372947],[9.069409,48.376401],[9.066479,48.372442],[9.063499,48.371612],[9.058875,48.371682],[9.060012,48.369356],[9.057983,48.3681],[9.059089,48.365841],[9.067026,48.366702],[9.071823,48.367775],[9.072809,48.367174],[9.070705,48.363619],[9.072559,48.362785],[9.079902,48.365198],[9.084471,48.363748],[9.0843,48.367862],[9.087246,48.367238],[9.090101,48.369567],[9.096377,48.370992],[9.094647,48.368303],[9.097399,48.366677],[9.104297,48.368066],[9.109727,48.373877],[9.115165,48.373558],[9.117369,48.372089],[9.122329,48.372443],[9.125853,48.37066],[9.130452,48.371478],[9.129163,48.372978],[9.12704,48.377259],[9.128038,48.378682],[9.127479,48.38151],[9.121435,48.379755],[9.118185,48.381094],[9.117296,48.382802],[9.123749,48.382944],[9.122059,48.385664],[9.121283,48.389176],[9.122463,48.390598],[9.12773,48.391438],[9.130078,48.393856],[9.124807,48.396833],[9.128483,48.39907],[9.131623,48.399484],[9.133184,48.402914],[9.13839,48.405075],[9.141026,48.403082],[9.143605,48.405786],[9.144621,48.408314],[9.147813,48.411121],[9.141751,48.415663],[9.139326,48.416638],[9.136202,48.416469],[9.132316,48.419149],[9.127629,48.420724],[9.124923,48.419258],[9.122977,48.420191],[9.125303,48.422033],[9.118584,48.425963],[9.116697,48.429406],[9.120853,48.430932],[9.119342,48.43289],[9.114866,48.435146],[9.118541,48.438109],[9.117967,48.439753],[9.122198,48.442546],[9.119704,48.444759],[9.123401,48.446939],[9.126446,48.447637],[9.126785,48.449322],[9.129478,48.450629],[9.130448,48.452337],[9.139275,48.457242],[9.134668,48.458115],[9.13645,48.461654],[9.136071,48.463615],[9.139,48.468032],[9.134286,48.468541],[9.131817,48.470439],[9.125775,48.470938],[9.124742,48.472471],[9.120315,48.473543],[9.120029,48.475411],[9.122259,48.477168],[9.125303,48.477995],[9.127275,48.479727],[9.125431,48.481966],[9.1276,48.48344],[9.136558,48.486339],[9.141234,48.489225],[9.145471,48.489574],[9.153366,48.492198],[9.153873,48.49391],[9.149653,48.496933],[9.148164,48.500094],[9.145533,48.499668],[9.14143,48.500421],[9.142379,48.503936],[9.137126,48.5053],[9.138588,48.507597],[9.136416,48.509154],[9.136576,48.510592],[9.139332,48.515355],[9.137391,48.517511],[9.137156,48.51938],[9.138291,48.522679],[9.142242,48.523851],[9.148082,48.524721],[9.151865,48.526437],[9.155756,48.527329],[9.162741,48.522437],[9.168728,48.52414],[9.173463,48.527507],[9.172123,48.529752],[9.173559,48.53261],[9.172627,48.533802],[9.174,48.536973],[9.175851,48.538908],[9.174109,48.542696],[9.170658,48.545949],[9.172753,48.546801],[9.171181,48.549985],[9.159514,48.546498],[9.150979,48.545377],[9.151852,48.547111],[9.151025,48.549647],[9.151013,48.553416],[9.14673,48.557021],[9.141402,48.559595],[9.139922,48.562838],[9.134147,48.563598],[9.125437,48.566598],[9.128269,48.569596],[9.127299,48.574003],[9.12637,48.581235],[9.125841,48.582112],[9.127571,48.585842],[9.130827,48.590657],[9.130401,48.595268],[9.131816,48.599912],[9.13143,48.601691],[9.127371,48.60042],[9.123263,48.600142],[9.11983,48.600737],[9.117207,48.602108],[9.112276,48.603409],[9.110147,48.60523],[9.112575,48.607254],[9.111917,48.608339],[9.113836,48.611648],[9.11553,48.6128],[9.115517,48.614869],[9.113505,48.616525],[9.108548,48.616136],[9.107282,48.617322],[9.107437,48.622792],[9.095653,48.621556],[9.096494,48.617362],[9.095755,48.615941],[9.092365,48.614399],[9.091177,48.612507],[9.088252,48.61319],[9.085552,48.610109],[9.087197,48.605717],[9.089144,48.602975],[9.083239,48.600018],[9.081479,48.597484],[9.077941,48.598071],[9.07911,48.59309],[9.078713,48.589996],[9.076198,48.5901],[9.070853,48.593659],[9.065606,48.59334],[9.063645,48.592532],[9.056918,48.59145],[9.05648,48.593662],[9.052018,48.593092],[9.049918,48.591686],[9.045242,48.590276],[9.045029,48.588708],[9.041093,48.587817],[9.038127,48.584695],[9.038301,48.58175],[9.035965,48.579901],[9.034839,48.575959],[9.031104,48.578404],[9.025742,48.578665],[9.02139,48.579457],[9.018449,48.581544],[9.013435,48.586217],[9.009131,48.586893],[9.00598,48.5882],[8.996885,48.58647],[8.995077,48.584414],[8.992995,48.584183],[8.981618,48.588525],[8.976906,48.590653],[8.974994,48.589265],[8.966156,48.587138],[8.956089,48.586562],[8.953992,48.588331],[8.950249,48.587445],[8.947786,48.586019],[8.949192,48.579984],[8.944799,48.579322],[8.941471,48.577628],[8.93886,48.57932],[8.935922,48.577504],[8.937254,48.574471],[8.939584,48.573294],[8.940366,48.570557],[8.945193,48.567548],[8.932599,48.564406],[8.931963,48.567438],[8.928589,48.569188],[8.925915,48.569083],[8.924175,48.570981],[8.919362,48.570046],[8.917805,48.572154],[8.914411,48.570946],[8.912737,48.572625],[8.910471,48.572051],[8.909502,48.569968],[8.897816,48.563337],[8.895524,48.564503],[8.893989,48.562611],[8.890039,48.564313],[8.888553,48.560702],[8.890835,48.5582],[8.888665,48.55176],[8.889031,48.544654],[8.885674,48.543925],[8.886949,48.541762],[8.877215,48.539409],[8.873864,48.540232],[8.869515,48.539633],[8.866495,48.540187],[8.851328,48.537084],[8.853219,48.53292],[8.852954,48.531376],[8.857097,48.529293],[8.859408,48.527183],[8.854679,48.522733],[8.857442,48.520283],[8.85582,48.518967],[8.858314,48.516743],[8.862429,48.517337],[8.864578,48.516776],[8.86593,48.514789],[8.858543,48.512228],[8.853363,48.509927],[8.849464,48.509742],[8.844188,48.507538],[8.84668,48.503457],[8.844701,48.498467],[8.840637,48.497721],[8.833777,48.500052],[8.836159,48.504223],[8.825459,48.506398],[8.817736,48.507282],[8.80969,48.507136],[8.804439,48.506477],[8.803992,48.50863],[8.796578,48.510532],[8.796498,48.512512],[8.792728,48.513798],[8.792501,48.516116],[8.790033,48.520259],[8.780854,48.521421],[8.771562,48.524103],[8.769148,48.522345],[8.770868,48.522144],[8.771801,48.519606],[8.765915,48.519293],[8.763713,48.518302],[8.764923,48.516364],[8.765327,48.512833],[8.76436,48.510202],[8.761036,48.505992],[8.75602,48.506807],[8.755519,48.504093],[8.761932,48.503903],[8.765942,48.503238],[8.768844,48.501697],[8.770094,48.497145],[8.772364,48.495245],[8.773747,48.490357],[8.776155,48.48752],[8.778418,48.486942],[8.780542,48.484275],[8.78448,48.4859],[8.78839,48.486324],[8.792289,48.485993],[8.795264,48.484963],[8.795804,48.481689],[8.798533,48.481919],[8.799288,48.479995],[8.802574,48.480741],[8.80321,48.478511],[8.806983,48.479077],[8.806731,48.476746],[8.809097,48.473218],[8.81162,48.473809],[8.812776,48.470264],[8.818277,48.470363],[8.823874,48.468039],[8.825434,48.465781],[8.830126,48.463142],[8.825795,48.461927],[8.823991,48.462953],[8.817671,48.462371],[8.817985,48.46075],[8.810333,48.459066],[8.810398,48.455838],[8.807545,48.456655],[8.805256,48.454676],[8.793494,48.452134],[8.790133,48.452001],[8.788434,48.449542],[8.78935,48.447852],[8.786801,48.446643],[8.781747,48.446937],[8.778089,48.444731],[8.780651,48.444175],[8.782328,48.441229],[8.775709,48.437986],[8.772916,48.438826],[8.769174,48.438067],[8.770647,48.434898],[8.770314,48.432998],[8.763764,48.428377],[8.763838,48.426472],[8.769976,48.424973],[8.770508,48.422617],[8.778022,48.421285],[8.776364,48.419854],[8.770517,48.418966],[8.768359,48.416396],[8.773824,48.416304]],[[9.145271,48.547156],[9.149076,48.547405],[9.150494,48.545156],[9.146632,48.542611],[9.145271,48.547156]]]},"properties":{"rs":84160000000,"name":"Landkreis Tübingen"},"id":"relation/2797036"},{"type":"Feature","geometry":{"type":"Polygon","coordinates":[[[8.751271,48.159569],[8.754999,48.159816],[8.764207,48.163079],[8.763472,48.17128],[8.761974,48.173415],[8.765392,48.174676],[8.767262,48.177081],[8.768855,48.17705],[8.767919,48.181349],[8.7782,48.182059],[8.781187,48.1796],[8.78181,48.182835],[8.78689,48.183121],[8.790498,48.182704],[8.79522,48.184661],[8.807449,48.183856],[8.808873,48.184427],[8.813982,48.182467],[8.814532,48.179759],[8.816543,48.175703],[8.816665,48.173721],[8.820386,48.17362],[8.8283,48.171149],[8.82952,48.167143],[8.832714,48.164787],[8.832727,48.163186],[8.830335,48.161717],[8.829644,48.157563],[8.830683,48.152016],[8.83175,48.149462],[8.83579,48.151618],[8.83775,48.150635],[8.843197,48.149892],[8.849749,48.149622],[8.853719,48.145181],[8.860086,48.143615],[8.865055,48.13517],[8.867062,48.135183],[8.86672,48.132364],[8.868741,48.129134],[8.867375,48.128123],[8.870936,48.12596],[8.8746,48.122126],[8.878195,48.121343],[8.878924,48.117317],[8.881678,48.116021],[8.8836,48.110453],[8.88364,48.107645],[8.886557,48.10546],[8.891569,48.10678],[8.894998,48.106204],[8.898333,48.109991],[8.913498,48.110576],[8.915862,48.108473],[8.919286,48.106753],[8.925436,48.104782],[8.932581,48.103723],[8.939233,48.103559],[8.944895,48.105621],[8.9538,48.107431],[8.951172,48.111269],[8.950451,48.116052],[8.955901,48.120113],[8.961878,48.11947],[8.968416,48.120383],[8.975653,48.123185],[8.983842,48.124516],[8.986048,48.126998],[8.987779,48.130813],[8.987377,48.133301],[8.993123,48.139227],[8.992732,48.140385],[8.998121,48.143962],[9.001339,48.150421],[9.005013,48.15489],[9.010752,48.159593],[9.01802,48.159249],[9.021711,48.160416],[9.023405,48.162184],[9.032717,48.164901],[9.03944,48.161834],[9.045994,48.159758],[9.058586,48.154679],[9.062099,48.154672],[9.063729,48.151687],[9.072985,48.150377],[9.076242,48.150619],[9.087962,48.148755],[9.09363,48.151185],[9.097366,48.152247],[9.105555,48.15287],[9.111853,48.157462],[9.114191,48.155328],[9.117705,48.149036],[9.121106,48.144952],[9.127168,48.146075],[9.134632,48.145789],[9.14082,48.142204],[9.144246,48.141296],[9.149084,48.141152],[9.15225,48.13838],[9.156301,48.135785],[9.157424,48.13959],[9.155792,48.141888],[9.157234,48.144115],[9.163629,48.14529],[9.166915,48.148213],[9.167154,48.150731],[9.165645,48.153382],[9.171099,48.153031],[9.174231,48.153771],[9.17582,48.159389],[9.174198,48.16154],[9.176157,48.163621],[9.181408,48.166478],[9.182232,48.170198],[9.188567,48.171577],[9.187073,48.173836],[9.181935,48.177586],[9.182297,48.180023],[9.180694,48.181011],[9.175098,48.180557],[9.17436,48.18181],[9.180609,48.182319],[9.177055,48.187946],[9.178443,48.191175],[9.177711,48.193922],[9.175454,48.19604],[9.175063,48.198233],[9.179568,48.198714],[9.178726,48.201383],[9.179843,48.202174],[9.181007,48.205712],[9.185513,48.208314],[9.181064,48.212468],[9.180191,48.214949],[9.172434,48.216005],[9.169152,48.217309],[9.166882,48.219078],[9.159832,48.222179],[9.156916,48.222245],[9.154768,48.223458],[9.134581,48.227297],[9.130805,48.22927],[9.127195,48.229679],[9.127257,48.233357],[9.126304,48.234453],[9.121479,48.234723],[9.119187,48.235672],[9.111793,48.236339],[9.110781,48.238564],[9.112003,48.243209],[9.111226,48.247087],[9.109558,48.248517],[9.109068,48.252087],[9.116721,48.254315],[9.119719,48.256612],[9.1238,48.258374],[9.128803,48.259823],[9.133175,48.262695],[9.137276,48.261884],[9.140631,48.262831],[9.148817,48.262027],[9.150406,48.263089],[9.158704,48.265245],[9.161555,48.265386],[9.162133,48.267251],[9.166504,48.26856],[9.167702,48.267763],[9.17321,48.267673],[9.177464,48.269622],[9.182886,48.26983],[9.187676,48.27234],[9.18755,48.276196],[9.189118,48.277518],[9.187124,48.280553],[9.18395,48.282216],[9.183102,48.285499],[9.177875,48.291187],[9.177244,48.293971],[9.172838,48.297926],[9.171683,48.300716],[9.172039,48.303718],[9.167901,48.303638],[9.163469,48.305816],[9.160738,48.306329],[9.16228,48.309278],[9.161516,48.313048],[9.16748,48.311025],[9.175227,48.310889],[9.178313,48.311261],[9.187743,48.310165],[9.190859,48.308081],[9.196029,48.308855],[9.199378,48.308039],[9.201914,48.310144],[9.205002,48.310558],[9.20962,48.308669],[9.213365,48.313729],[9.216509,48.316548],[9.216073,48.318687],[9.217473,48.321774],[9.214986,48.328025],[9.215791,48.330394],[9.218117,48.331733],[9.220528,48.338581],[9.215029,48.337458],[9.214884,48.334399],[9.21277,48.333124],[9.206612,48.334745],[9.203831,48.334673],[9.200964,48.3364],[9.197055,48.335854],[9.193979,48.336525],[9.188381,48.339135],[9.188511,48.342664],[9.180915,48.341777],[9.179358,48.3428],[9.173764,48.344255],[9.170384,48.349348],[9.167592,48.351701],[9.167285,48.353098],[9.173081,48.358086],[9.177776,48.35962],[9.178753,48.361133],[9.17939,48.367432],[9.172049,48.368105],[9.169278,48.369142],[9.166319,48.368718],[9.157984,48.370616],[9.15214,48.369805],[9.145462,48.371094],[9.137657,48.371459],[9.135767,48.370409],[9.13286,48.373448],[9.129163,48.372978],[9.130452,48.371478],[9.125853,48.37066],[9.122329,48.372443],[9.117369,48.372089],[9.115165,48.373558],[9.109727,48.373877],[9.104297,48.368066],[9.097399,48.366677],[9.094647,48.368303],[9.096377,48.370992],[9.090101,48.369567],[9.087246,48.367238],[9.0843,48.367862],[9.084471,48.363748],[9.079902,48.365198],[9.072559,48.362785],[9.070705,48.363619],[9.072809,48.367174],[9.071823,48.367775],[9.067026,48.366702],[9.059089,48.365841],[9.057983,48.3681],[9.060012,48.369356],[9.058875,48.371682],[9.063499,48.371612],[9.066479,48.372442],[9.069409,48.376401],[9.059481,48.372947],[9.056912,48.372427],[9.047258,48.373226],[9.041599,48.372946],[9.0347,48.370761],[9.029504,48.371889],[9.025969,48.37099],[9.022337,48.371615],[9.022211,48.374674],[9.019986,48.374212],[9.012909,48.375283],[9.01003,48.377109],[9.00553,48.375762],[9.003298,48.376779],[8.998557,48.38159],[8.999177,48.387065],[8.994408,48.38711],[8.992735,48.386328],[8.99287,48.384222],[8.990884,48.381903],[8.987935,48.382852],[8.984073,48.382513],[8.975731,48.384675],[8.971976,48.385309],[8.96621,48.383674],[8.958507,48.382235],[8.958174,48.381027],[8.953936,48.380818],[8.95282,48.385962],[8.950533,48.386893],[8.950006,48.388735],[8.942994,48.389099],[8.935708,48.390805],[8.926957,48.390252],[8.924623,48.391892],[8.913108,48.393657],[8.909383,48.394922],[8.904772,48.393269],[8.899538,48.39267],[8.893886,48.393311],[8.893327,48.395543],[8.891095,48.399405],[8.882203,48.399711],[8.875995,48.39708],[8.868937,48.399361],[8.869682,48.400968],[8.873785,48.402697],[8.873981,48.404701],[8.872016,48.406956],[8.875173,48.409156],[8.871209,48.411862],[8.869511,48.414735],[8.865175,48.415576],[8.857243,48.413596],[8.854594,48.413702],[8.846466,48.412148],[8.839804,48.411797],[8.833446,48.410352],[8.83125,48.406473],[8.828178,48.406948],[8.816455,48.406587],[8.81393,48.407495],[8.809624,48.407261],[8.807176,48.408095],[8.800388,48.407444],[8.799845,48.412886],[8.794654,48.417492],[8.791665,48.416665],[8.777627,48.415759],[8.773824,48.416304],[8.767572,48.414001],[8.765033,48.413721],[8.766602,48.410158],[8.764666,48.405644],[8.761028,48.403627],[8.760416,48.399445],[8.759136,48.397021],[8.757057,48.395964],[8.75525,48.392343],[8.751813,48.391677],[8.748699,48.390053],[8.748688,48.38809],[8.751718,48.387327],[8.755186,48.384507],[8.757957,48.38365],[8.757707,48.381977],[8.746325,48.378637],[8.737174,48.377668],[8.735476,48.376204],[8.736394,48.373126],[8.733121,48.368858],[8.732005,48.366155],[8.736396,48.364104],[8.734057,48.360311],[8.739783,48.358523],[8.744235,48.358626],[8.744847,48.357226],[8.742856,48.354194],[8.743636,48.349745],[8.74331,48.347526],[8.739548,48.346643],[8.736947,48.344366],[8.728676,48.344588],[8.723251,48.341965],[8.718154,48.34134],[8.713938,48.339151],[8.713443,48.33598],[8.710579,48.332611],[8.70041,48.330699],[8.697063,48.328587],[8.697971,48.327162],[8.706452,48.32339],[8.71114,48.323925],[8.713971,48.322535],[8.719363,48.321172],[8.720438,48.3183],[8.718647,48.314819],[8.709725,48.312145],[8.700631,48.309801],[8.690911,48.305651],[8.685171,48.303887],[8.683138,48.30525],[8.677572,48.303794],[8.671203,48.304901],[8.667221,48.304946],[8.667334,48.303406],[8.663105,48.300619],[8.663241,48.297224],[8.66233,48.295268],[8.656568,48.294701],[8.654195,48.293283],[8.648789,48.293307],[8.650321,48.288428],[8.653282,48.286266],[8.656679,48.285696],[8.659558,48.283424],[8.66713,48.284223],[8.67108,48.283253],[8.675531,48.28354],[8.679354,48.2831],[8.683616,48.280919],[8.683603,48.278585],[8.679285,48.278004],[8.674188,48.273623],[8.672551,48.271519],[8.668398,48.269572],[8.66805,48.268349],[8.672278,48.267489],[8.676628,48.265544],[8.679682,48.266971],[8.685098,48.267072],[8.689238,48.263323],[8.692819,48.260863],[8.696544,48.260081],[8.69739,48.257941],[8.703851,48.258576],[8.706484,48.257664],[8.707221,48.254417],[8.709248,48.251965],[8.702709,48.251539],[8.704008,48.248646],[8.699547,48.248053],[8.700616,48.245715],[8.697957,48.24537],[8.701105,48.236198],[8.702816,48.233821],[8.708085,48.235105],[8.710223,48.231684],[8.708777,48.229702],[8.703238,48.227825],[8.702362,48.224515],[8.704195,48.222089],[8.707159,48.222633],[8.710436,48.21938],[8.709901,48.218148],[8.712893,48.214904],[8.712294,48.213605],[8.712906,48.209386],[8.719476,48.20754],[8.723504,48.20799],[8.723883,48.204641],[8.726208,48.204052],[8.72952,48.204658],[8.732351,48.203006],[8.736652,48.201795],[8.741274,48.20262],[8.744275,48.200952],[8.741209,48.199105],[8.742869,48.197849],[8.7392,48.193572],[8.74027,48.192798],[8.737022,48.189711],[8.734042,48.187889],[8.726971,48.186221],[8.723155,48.184698],[8.719341,48.181226],[8.72289,48.174747],[8.725882,48.170546],[8.728757,48.170177],[8.733579,48.168062],[8.739217,48.169312],[8.746252,48.166907],[8.749315,48.165013],[8.749053,48.161357],[8.751271,48.159569]]]},"properties":{"rs":84170000000,"name":"Zollernalbkreis"},"id":"relation/2797573"},{"type":"Feature","geometry":{"type":"Polygon","coordinates":[[[10.031555,48.455805],[10.031413,48.457499],[10.036924,48.458658],[10.039086,48.457931],[10.046301,48.458184],[10.052166,48.457105],[10.057895,48.45731],[10.060271,48.456173],[10.056638,48.453603],[10.063258,48.454311],[10.064366,48.457208],[10.074175,48.459784],[10.083757,48.46278],[10.087386,48.463461],[10.08644,48.465957],[10.090156,48.46622],[10.090149,48.467486],[10.094135,48.467269],[10.093519,48.469004],[10.096433,48.470483],[10.100557,48.470566],[10.101403,48.47283],[10.103383,48.472606],[10.103429,48.475369],[10.105155,48.477597],[10.112358,48.475938],[10.117381,48.475393],[10.116647,48.473437],[10.11913,48.473063],[10.117218,48.468071],[10.119305,48.465387],[10.120939,48.465314],[10.123379,48.460649],[10.125374,48.460985],[10.127646,48.456928],[10.13155,48.457435],[10.133914,48.454919],[10.141882,48.456491],[10.154793,48.457599],[10.155592,48.458078],[10.168,48.459663],[10.172361,48.459216],[10.172595,48.462181],[10.177985,48.463296],[10.176791,48.46655],[10.174306,48.467713],[10.177376,48.469958],[10.183446,48.466445],[10.184486,48.467165],[10.181236,48.469595],[10.186001,48.47106],[10.184476,48.472914],[10.177245,48.47024],[10.17637,48.471346],[10.18307,48.473915],[10.180834,48.475345],[10.187505,48.477042],[10.195066,48.479975],[10.218008,48.488327],[10.235611,48.488787],[10.241622,48.491849],[10.23745,48.500169],[10.234461,48.505677],[10.228095,48.505117],[10.226581,48.506998],[10.231101,48.508312],[10.238307,48.507659],[10.23398,48.509882],[10.230965,48.51049],[10.227633,48.510663],[10.225339,48.514249],[10.220007,48.512826],[10.2171,48.513953],[10.212852,48.518129],[10.215357,48.519436],[10.213533,48.521623],[10.21682,48.523598],[10.213743,48.525049],[10.213298,48.527589],[10.209811,48.532055],[10.21495,48.531059],[10.21493,48.533172],[10.211669,48.532484],[10.211252,48.534959],[10.20663,48.534237],[10.204867,48.537371],[10.203417,48.537073],[10.202825,48.541574],[10.20072,48.542552],[10.194817,48.541387],[10.191659,48.54205],[10.188968,48.545303],[10.193947,48.5457],[10.192132,48.547676],[10.189124,48.548285],[10.187908,48.549773],[10.193218,48.550173],[10.193055,48.551572],[10.187396,48.551048],[10.186324,48.552593],[10.187384,48.556795],[10.186236,48.558622],[10.183161,48.5568],[10.180311,48.551571],[10.178494,48.550019],[10.17139,48.549285],[10.168007,48.550329],[10.166675,48.554479],[10.159596,48.55724],[10.154985,48.556521],[10.153325,48.55517],[10.153148,48.551286],[10.151132,48.55123],[10.148744,48.552817],[10.144886,48.553769],[10.14088,48.555853],[10.135428,48.555344],[10.134804,48.557302],[10.13108,48.556066],[10.126252,48.557529],[10.123769,48.558876],[10.121357,48.558886],[10.117113,48.556252],[10.114121,48.555985],[10.11019,48.563227],[10.110046,48.566373],[10.108963,48.568149],[10.109735,48.569842],[10.105723,48.570422],[10.10033,48.574161],[10.097993,48.577825],[10.093251,48.578399],[10.089036,48.580535],[10.08558,48.581143],[10.080157,48.583526],[10.073075,48.58414],[10.065679,48.586652],[10.057322,48.586139],[10.058935,48.589076],[10.051242,48.592352],[10.049461,48.594903],[10.047371,48.595589],[10.045205,48.598544],[10.046422,48.601474],[10.043748,48.602383],[10.040875,48.604574],[10.040303,48.606922],[10.033223,48.605689],[10.027739,48.606365],[10.026771,48.604875],[10.024044,48.603877],[10.021693,48.605034],[10.017,48.605384],[10.015819,48.604347],[10.00838,48.60332],[10.003563,48.603961],[9.998465,48.607115],[9.992335,48.604645],[9.993434,48.602279],[9.991665,48.600651],[9.993193,48.597603],[9.991485,48.596586],[9.9885,48.597087],[9.982462,48.595533],[9.981561,48.59723],[9.976774,48.597736],[9.968223,48.595151],[9.964472,48.594968],[9.963082,48.597527],[9.964474,48.600945],[9.962283,48.601026],[9.961248,48.603585],[9.967158,48.605597],[9.96923,48.60843],[9.968396,48.611216],[9.96935,48.615085],[9.965873,48.616803],[9.96262,48.61744],[9.960183,48.618948],[9.957836,48.618549],[9.957088,48.620823],[9.959425,48.621214],[9.955582,48.624736],[9.952876,48.623373],[9.94955,48.623211],[9.948423,48.625347],[9.947706,48.629339],[9.948346,48.631145],[9.945026,48.631915],[9.942818,48.631907],[9.937287,48.630264],[9.933362,48.63088],[9.92916,48.629753],[9.923894,48.629781],[9.921174,48.628161],[9.921601,48.626199],[9.916014,48.626383],[9.913118,48.625826],[9.913814,48.62327],[9.910555,48.622988],[9.900981,48.623105],[9.896819,48.62135],[9.892198,48.622509],[9.889735,48.61991],[9.887774,48.615743],[9.898125,48.615398],[9.895608,48.611265],[9.894061,48.611424],[9.884408,48.60524],[9.882579,48.603575],[9.870916,48.589231],[9.868336,48.590664],[9.866226,48.58832],[9.861368,48.588696],[9.862365,48.586086],[9.859969,48.584363],[9.853355,48.583987],[9.851186,48.582926],[9.845165,48.584822],[9.838829,48.585824],[9.839387,48.582853],[9.837458,48.579123],[9.83435,48.577329],[9.835506,48.574039],[9.83103,48.570122],[9.8288,48.56541],[9.82454,48.563877],[9.821788,48.565349],[9.817602,48.564954],[9.81792,48.56272],[9.820355,48.561402],[9.815937,48.558624],[9.812046,48.558555],[9.809772,48.557279],[9.802124,48.557257],[9.798597,48.556543],[9.797695,48.558733],[9.790677,48.558707],[9.78725,48.559758],[9.778957,48.560362],[9.777743,48.563448],[9.775836,48.56559],[9.7718,48.564518],[9.770042,48.56621],[9.765064,48.564037],[9.764845,48.561333],[9.763187,48.559976],[9.758103,48.560953],[9.75241,48.563118],[9.747606,48.562516],[9.744432,48.563744],[9.740184,48.561821],[9.740286,48.56057],[9.735272,48.560699],[9.732015,48.561647],[9.730108,48.563408],[9.726044,48.561976],[9.727066,48.560855],[9.723443,48.558284],[9.719265,48.557098],[9.722787,48.551296],[9.722896,48.546785],[9.719819,48.545144],[9.714036,48.544619],[9.713496,48.54559],[9.70822,48.545169],[9.709874,48.543202],[9.709071,48.541227],[9.705063,48.541292],[9.703509,48.540535],[9.697494,48.540339],[9.69408,48.541042],[9.696609,48.53703],[9.694876,48.535517],[9.690347,48.53456],[9.690099,48.529839],[9.687109,48.528755],[9.681824,48.524465],[9.684593,48.522998],[9.68845,48.519601],[9.686603,48.517461],[9.68482,48.519821],[9.677385,48.523195],[9.672765,48.522781],[9.666086,48.52481],[9.656156,48.524036],[9.656762,48.521144],[9.659161,48.519276],[9.65557,48.518869],[9.654068,48.520719],[9.648655,48.524777],[9.639278,48.530905],[9.639448,48.533015],[9.635378,48.533621],[9.632486,48.537195],[9.627384,48.537325],[9.615653,48.537054],[9.614869,48.539101],[9.610361,48.540684],[9.603673,48.539269],[9.60203,48.540017],[9.599688,48.538332],[9.594038,48.540155],[9.587128,48.539574],[9.584904,48.536903],[9.584653,48.535103],[9.582016,48.532821],[9.582311,48.529384],[9.585366,48.526842],[9.586636,48.524098],[9.585722,48.522297],[9.588878,48.518553],[9.586607,48.514901],[9.587565,48.513371],[9.591484,48.512408],[9.587831,48.509309],[9.58848,48.50563],[9.580059,48.50361],[9.583647,48.500184],[9.588137,48.50004],[9.589557,48.499048],[9.586398,48.492786],[9.585576,48.489718],[9.581825,48.489063],[9.588395,48.486773],[9.590322,48.485463],[9.589209,48.481472],[9.591331,48.477741],[9.594473,48.475827],[9.603836,48.472913],[9.608219,48.472054],[9.613417,48.471747],[9.61336,48.469865],[9.615312,48.465779],[9.615416,48.463224],[9.618522,48.45982],[9.620236,48.456471],[9.6248,48.453432],[9.625615,48.451684],[9.62524,48.448777],[9.628087,48.446726],[9.630682,48.442507],[9.630944,48.43899],[9.634138,48.433905],[9.635128,48.427247],[9.637466,48.423577],[9.634763,48.417496],[9.629411,48.417939],[9.62815,48.414464],[9.623622,48.41416],[9.625557,48.405749],[9.625305,48.40149],[9.621863,48.401627],[9.621328,48.396049],[9.611892,48.396535],[9.607593,48.398353],[9.601355,48.398642],[9.593156,48.398493],[9.588989,48.396959],[9.588626,48.395965],[9.582809,48.395496],[9.580572,48.393023],[9.581236,48.391292],[9.583508,48.389937],[9.584426,48.387274],[9.587639,48.385377],[9.590318,48.384729],[9.589596,48.382145],[9.581527,48.380382],[9.582305,48.377282],[9.587077,48.376328],[9.59381,48.377094],[9.59447,48.375697],[9.597972,48.377284],[9.600301,48.377393],[9.601888,48.374071],[9.599221,48.372546],[9.599658,48.370069],[9.597049,48.369642],[9.592341,48.366619],[9.588035,48.366083],[9.588334,48.364122],[9.590696,48.363187],[9.58859,48.359308],[9.588478,48.356755],[9.592016,48.355844],[9.589867,48.353767],[9.591607,48.349842],[9.588759,48.346511],[9.586296,48.339775],[9.580438,48.33466],[9.579197,48.331975],[9.580658,48.328448],[9.579317,48.327138],[9.57523,48.329411],[9.567914,48.329916],[9.557935,48.332037],[9.557884,48.328739],[9.553843,48.32892],[9.554926,48.326219],[9.554011,48.324455],[9.550193,48.322118],[9.5499,48.319873],[9.544345,48.319451],[9.542014,48.320228],[9.539742,48.318439],[9.534198,48.318406],[9.533726,48.313933],[9.536589,48.312241],[9.539112,48.312064],[9.542591,48.310529],[9.544222,48.307643],[9.55549,48.306267],[9.554979,48.302359],[9.551432,48.300153],[9.553324,48.29728],[9.556822,48.295709],[9.557241,48.293989],[9.553581,48.291799],[9.548914,48.29303],[9.541383,48.291831],[9.538935,48.289469],[9.536623,48.289619],[9.532253,48.287826],[9.530078,48.284457],[9.523367,48.284127],[9.52185,48.282435],[9.517528,48.281626],[9.514359,48.280312],[9.508591,48.281132],[9.506125,48.278666],[9.506007,48.27582],[9.507985,48.274427],[9.506614,48.268866],[9.514216,48.26924],[9.516285,48.26893],[9.518852,48.267018],[9.525207,48.268861],[9.526759,48.266904],[9.524871,48.266136],[9.523863,48.261413],[9.530428,48.263343],[9.530474,48.260559],[9.527885,48.26058],[9.52609,48.258449],[9.521983,48.256432],[9.523085,48.254501],[9.525924,48.25378],[9.519024,48.251313],[9.513048,48.249958],[9.500551,48.245026],[9.497802,48.244591],[9.490427,48.24239],[9.48907,48.239442],[9.489995,48.237396],[9.49042,48.232566],[9.497797,48.233018],[9.500895,48.232015],[9.505231,48.228122],[9.507591,48.226922],[9.511051,48.226436],[9.519536,48.22365],[9.52391,48.223234],[9.522041,48.221361],[9.526008,48.220592],[9.524572,48.218245],[9.521895,48.217162],[9.523601,48.214965],[9.525858,48.215196],[9.525908,48.212513],[9.527393,48.208306],[9.531772,48.20927],[9.532815,48.205074],[9.540605,48.205203],[9.540138,48.201288],[9.544946,48.201306],[9.545978,48.199536],[9.544845,48.196165],[9.544951,48.193297],[9.546418,48.190735],[9.549341,48.193385],[9.552601,48.193171],[9.560012,48.193585],[9.558308,48.191697],[9.562381,48.190219],[9.566636,48.192154],[9.57576,48.19444],[9.578722,48.193426],[9.582074,48.194591],[9.58492,48.197328],[9.582465,48.200848],[9.586241,48.201624],[9.590791,48.200332],[9.593642,48.202597],[9.595883,48.206698],[9.598511,48.205529],[9.604233,48.205079],[9.608433,48.203791],[9.611411,48.20166],[9.615641,48.200878],[9.617559,48.199803],[9.624453,48.199673],[9.626592,48.195793],[9.626671,48.191685],[9.629058,48.191481],[9.627958,48.187679],[9.623906,48.190039],[9.616571,48.189331],[9.617742,48.18562],[9.622761,48.18611],[9.623292,48.18402],[9.629053,48.184764],[9.634353,48.183901],[9.641435,48.187504],[9.643936,48.187286],[9.644077,48.184729],[9.645525,48.182787],[9.648353,48.181886],[9.650229,48.177492],[9.654926,48.177804],[9.65578,48.175723],[9.657831,48.174691],[9.657718,48.171272],[9.659955,48.169344],[9.657214,48.168761],[9.656882,48.166129],[9.659878,48.163343],[9.658215,48.159901],[9.660489,48.157278],[9.667365,48.160956],[9.665788,48.162817],[9.671634,48.166717],[9.670145,48.168584],[9.674371,48.16977],[9.673229,48.171347],[9.678071,48.172585],[9.680071,48.1738],[9.680665,48.176142],[9.684934,48.177153],[9.684246,48.178382],[9.687856,48.179284],[9.688425,48.178018],[9.693991,48.177863],[9.695065,48.179064],[9.700419,48.179782],[9.702812,48.176472],[9.703174,48.174165],[9.70649,48.175579],[9.713843,48.177298],[9.716401,48.175046],[9.715653,48.172054],[9.721534,48.172012],[9.724844,48.170938],[9.729292,48.171146],[9.735749,48.172693],[9.734931,48.1748],[9.739401,48.175926],[9.744163,48.176015],[9.746165,48.178435],[9.745879,48.182772],[9.743729,48.184427],[9.741054,48.184835],[9.737283,48.186867],[9.729377,48.186214],[9.727475,48.185687],[9.725649,48.18839],[9.731285,48.188804],[9.736035,48.189885],[9.739829,48.189425],[9.746411,48.192468],[9.744699,48.194191],[9.742858,48.198674],[9.742047,48.203187],[9.743877,48.204673],[9.750902,48.206185],[9.755984,48.206521],[9.753338,48.210837],[9.761677,48.210927],[9.76724,48.212207],[9.765496,48.215167],[9.766832,48.21825],[9.766397,48.222083],[9.763974,48.226914],[9.768531,48.227465],[9.778854,48.226132],[9.778705,48.227974],[9.784499,48.229569],[9.794799,48.231263],[9.794599,48.234544],[9.790895,48.235265],[9.786253,48.236958],[9.786075,48.237929],[9.798823,48.238508],[9.798617,48.240505],[9.795966,48.242114],[9.793106,48.24514],[9.804384,48.247653],[9.803389,48.251241],[9.808675,48.252195],[9.811054,48.25135],[9.811551,48.24919],[9.822202,48.251758],[9.832074,48.253533],[9.832398,48.25103],[9.834857,48.250327],[9.834135,48.246571],[9.844753,48.246393],[9.845898,48.248414],[9.846021,48.253885],[9.847552,48.255693],[9.847746,48.259742],[9.853799,48.258549],[9.857561,48.266646],[9.862575,48.268788],[9.864498,48.27077],[9.86982,48.273371],[9.870651,48.275034],[9.874567,48.276338],[9.871618,48.279681],[9.873729,48.280384],[9.872707,48.282206],[9.881377,48.284919],[9.881978,48.288118],[9.879248,48.288086],[9.882298,48.294023],[9.889131,48.293182],[9.895411,48.293229],[9.89719,48.287702],[9.905138,48.288839],[9.905189,48.284817],[9.909346,48.283969],[9.912545,48.286339],[9.917881,48.285397],[9.918957,48.287668],[9.921629,48.286013],[9.925647,48.280738],[9.921989,48.279818],[9.922798,48.276934],[9.921127,48.276665],[9.922368,48.273419],[9.925468,48.273999],[9.926503,48.271148],[9.926189,48.268701],[9.928453,48.268594],[9.936059,48.270237],[9.936371,48.267875],[9.940058,48.266949],[9.951007,48.269597],[9.958275,48.269952],[9.957846,48.266761],[9.963886,48.267978],[9.967856,48.268134],[9.969938,48.266641],[9.972653,48.266491],[9.982192,48.269123],[9.982799,48.267552],[9.977599,48.264519],[9.977504,48.262932],[9.986551,48.263492],[9.98921,48.26261],[9.986611,48.260155],[9.984297,48.255487],[9.989792,48.254903],[9.99056,48.252985],[9.988718,48.250022],[9.98652,48.248781],[9.988685,48.24712],[9.990928,48.24353],[9.999539,48.24515],[10.005269,48.245551],[10.007444,48.244699],[10.012436,48.248063],[10.014263,48.246533],[10.014026,48.244404],[10.011858,48.242433],[10.015409,48.239533],[10.01506,48.23689],[10.018841,48.233887],[10.020703,48.231152],[10.025025,48.232869],[10.033791,48.233439],[10.036252,48.228409],[10.039053,48.228958],[10.039204,48.222193],[10.036959,48.21976],[10.032648,48.217158],[10.02882,48.217628],[10.029829,48.214913],[10.031528,48.214411],[10.035455,48.217205],[10.037126,48.214461],[10.040598,48.211032],[10.03714,48.208465],[10.036264,48.205204],[10.040335,48.202508],[10.036978,48.199596],[10.038185,48.19589],[10.042859,48.194287],[10.047902,48.194967],[10.051617,48.194496],[10.057888,48.19639],[10.060825,48.199031],[10.062459,48.198411],[10.062323,48.195834],[10.060227,48.193867],[10.062484,48.191835],[10.066975,48.192636],[10.068672,48.189956],[10.062875,48.187889],[10.059019,48.187289],[10.055619,48.184745],[10.049474,48.183484],[10.044598,48.181779],[10.044936,48.179682],[10.043056,48.174226],[10.044775,48.172674],[10.046693,48.169114],[10.047409,48.165563],[10.044475,48.163537],[10.042447,48.160881],[10.039465,48.159531],[10.033373,48.158496],[10.034645,48.157349],[10.034334,48.154315],[10.035437,48.152989],[10.028632,48.151374],[10.011056,48.151349],[10.014203,48.148886],[10.030165,48.145699],[10.033408,48.145684],[10.039044,48.144066],[10.042999,48.143862],[10.05007,48.142433],[10.054817,48.144678],[10.057094,48.147178],[10.06412,48.148743],[10.067813,48.148597],[10.075704,48.151555],[10.076801,48.155499],[10.079584,48.158118],[10.092071,48.159997],[10.092228,48.163414],[10.09488,48.16396],[10.095749,48.160899],[10.096483,48.162682],[10.094505,48.164328],[10.09364,48.166841],[10.090429,48.170855],[10.091261,48.175853],[10.089589,48.179619],[10.085933,48.181827],[10.085059,48.185378],[10.08561,48.18815],[10.083515,48.195502],[10.085151,48.200681],[10.085258,48.205487],[10.083688,48.208803],[10.078882,48.209559],[10.076585,48.211087],[10.077856,48.214467],[10.077506,48.217182],[10.078192,48.220202],[10.075962,48.223],[10.069072,48.223261],[10.067404,48.227579],[10.070037,48.230538],[10.065971,48.23267],[10.063827,48.234659],[10.063864,48.23895],[10.062269,48.240565],[10.062463,48.244203],[10.063643,48.245913],[10.066944,48.2483],[10.066827,48.250201],[10.069013,48.253889],[10.062199,48.257317],[10.062084,48.258327],[10.065962,48.262056],[10.063553,48.266063],[10.06263,48.272936],[10.066048,48.274484],[10.065742,48.281431],[10.062148,48.283883],[10.059248,48.284323],[10.057079,48.286603],[10.054234,48.287964],[10.051485,48.290927],[10.046396,48.291852],[10.04256,48.294336],[10.041991,48.298378],[10.043349,48.300209],[10.039746,48.301803],[10.039794,48.304665],[10.035976,48.308182],[10.032725,48.310156],[10.027914,48.315768],[10.025771,48.321273],[10.023737,48.32389],[10.021152,48.324156],[10.012419,48.330569],[10.010049,48.334434],[10.009229,48.340641],[10.010469,48.341679],[10.008837,48.343768],[10.003244,48.344421],[10.002572,48.346878],[9.998804,48.34695],[9.998088,48.34941],[9.994938,48.351383],[9.98877,48.350616],[9.983161,48.348154],[9.983804,48.345457],[9.98622,48.342489],[9.977617,48.339239],[9.974613,48.33929],[9.973743,48.334708],[9.975071,48.332776],[9.978942,48.335537],[9.987503,48.334501],[9.991309,48.328067],[9.984521,48.325905],[9.982846,48.324192],[9.979619,48.325083],[9.976049,48.32382],[9.975224,48.321579],[9.971211,48.319984],[9.967933,48.321422],[9.964795,48.319101],[9.963835,48.316036],[9.958937,48.315999],[9.959762,48.314197],[9.963867,48.312262],[9.963434,48.310781],[9.965312,48.307644],[9.960869,48.306663],[9.959305,48.310686],[9.956954,48.31026],[9.955916,48.311912],[9.952414,48.313979],[9.947989,48.311866],[9.938689,48.310995],[9.940319,48.31426],[9.934893,48.312626],[9.929279,48.311873],[9.926757,48.312686],[9.921009,48.312237],[9.90945,48.318542],[9.906762,48.319415],[9.909936,48.321514],[9.911447,48.323504],[9.915917,48.323656],[9.923913,48.325166],[9.927804,48.327708],[9.930442,48.331853],[9.928733,48.335005],[9.929139,48.338638],[9.926803,48.341153],[9.91662,48.345737],[9.914672,48.347235],[9.916099,48.350414],[9.911771,48.350794],[9.904072,48.349298],[9.900406,48.3477],[9.901965,48.345161],[9.900504,48.343097],[9.890591,48.341164],[9.889947,48.343379],[9.891986,48.347201],[9.889277,48.349181],[9.884085,48.348534],[9.88473,48.352737],[9.881062,48.353204],[9.878658,48.354365],[9.876298,48.353875],[9.874753,48.350956],[9.871876,48.350454],[9.864371,48.352032],[9.859425,48.35366],[9.850011,48.353414],[9.848384,48.354171],[9.846718,48.357592],[9.842492,48.359838],[9.844671,48.36224],[9.847522,48.362751],[9.846462,48.365869],[9.84426,48.367234],[9.848899,48.368987],[9.855729,48.370472],[9.847218,48.373937],[9.850144,48.374401],[9.854016,48.37295],[9.854919,48.375345],[9.858719,48.376216],[9.859621,48.37797],[9.862299,48.378287],[9.863986,48.376227],[9.868804,48.376237],[9.867999,48.380288],[9.872964,48.380818],[9.871806,48.385408],[9.873233,48.388777],[9.872965,48.393576],[9.875489,48.395689],[9.880477,48.39577],[9.883175,48.394854],[9.890675,48.395014],[9.890625,48.396902],[9.898002,48.395088],[9.900994,48.395688],[9.902196,48.39957],[9.901939,48.401637],[9.904336,48.402402],[9.908574,48.402224],[9.911314,48.408245],[9.91524,48.409487],[9.922294,48.410285],[9.924121,48.409445],[9.929301,48.410414],[9.931965,48.408839],[9.938207,48.406964],[9.942242,48.407019],[9.941861,48.411333],[9.935991,48.414868],[9.933399,48.418468],[9.933918,48.421479],[9.925499,48.421816],[9.927089,48.424522],[9.93121,48.426471],[9.934938,48.427365],[9.938995,48.425735],[9.940972,48.426459],[9.940403,48.431551],[9.936146,48.433074],[9.934493,48.431133],[9.928974,48.429546],[9.921972,48.426048],[9.916776,48.421186],[9.908489,48.422305],[9.906867,48.424819],[9.909137,48.431623],[9.906199,48.434176],[9.90925,48.437207],[9.914395,48.4376],[9.914109,48.440657],[9.915671,48.441867],[9.922922,48.441717],[9.925748,48.446369],[9.932146,48.445858],[9.932306,48.447735],[9.935667,48.448203],[9.938874,48.450268],[9.938305,48.451579],[9.942664,48.452746],[9.946038,48.451807],[9.952195,48.45219],[9.956937,48.446439],[9.959505,48.446978],[9.9675,48.450821],[9.965336,48.453217],[9.966075,48.45596],[9.96258,48.45769],[9.965183,48.458887],[9.971927,48.458607],[9.975408,48.459017],[9.97577,48.464489],[9.972971,48.467503],[9.980341,48.468515],[9.98043,48.462951],[9.987523,48.463077],[10.002283,48.463858],[10.015456,48.46495],[10.021301,48.464485],[10.022112,48.457166],[10.031555,48.455805]]]},"properties":{"rs":84250000000,"name":"Alb-Donau-Kreis"},"id":"relation/2804078"},{"type":"Feature","geometry":{"type":"Polygon","coordinates":[[[9.347464,48.239566],[9.345147,48.238577],[9.341041,48.238623],[9.334964,48.236908],[9.337048,48.234897],[9.335242,48.233308],[9.33015,48.231283],[9.330033,48.227349],[9.326042,48.226381],[9.323785,48.224833],[9.318938,48.225313],[9.315803,48.226414],[9.310575,48.224402],[9.308216,48.224579],[9.307089,48.218801],[9.312953,48.216082],[9.315321,48.21279],[9.31259,48.209315],[9.313318,48.208401],[9.311341,48.204248],[9.311275,48.201186],[9.315379,48.199642],[9.315968,48.197149],[9.317936,48.197305],[9.318295,48.193291],[9.320302,48.189125],[9.315236,48.18257],[9.310375,48.181035],[9.308006,48.181088],[9.304309,48.179216],[9.303692,48.176292],[9.301584,48.175394],[9.301423,48.173361],[9.299727,48.171758],[9.301765,48.167227],[9.298719,48.163299],[9.296815,48.161993],[9.293946,48.161916],[9.288837,48.158999],[9.283309,48.158798],[9.282606,48.159937],[9.278781,48.158593],[9.273925,48.159569],[9.269123,48.15958],[9.266128,48.157752],[9.268426,48.155664],[9.266712,48.153631],[9.260018,48.152262],[9.263225,48.148418],[9.266159,48.14715],[9.270588,48.148201],[9.274178,48.14992],[9.278754,48.149221],[9.28437,48.148996],[9.288613,48.149344],[9.287916,48.147426],[9.284833,48.143613],[9.288187,48.139734],[9.290835,48.137692],[9.2981,48.137305],[9.303182,48.136505],[9.307093,48.134353],[9.310601,48.133454],[9.310087,48.131305],[9.311415,48.129612],[9.317314,48.130889],[9.318545,48.128894],[9.319233,48.123744],[9.318989,48.11973],[9.322325,48.11737],[9.321486,48.116505],[9.326399,48.112519],[9.328072,48.111959],[9.341702,48.110705],[9.356152,48.104555],[9.350005,48.101168],[9.349842,48.098492],[9.352776,48.095274],[9.360268,48.09443],[9.365966,48.092733],[9.369737,48.093912],[9.373213,48.092449],[9.375723,48.094049],[9.384297,48.090548],[9.386646,48.090445],[9.389302,48.092207],[9.399017,48.09349],[9.399215,48.094229],[9.395744,48.098753],[9.39724,48.099647],[9.406224,48.102049],[9.411992,48.101743],[9.414205,48.100497],[9.414763,48.093641],[9.417968,48.093278],[9.421027,48.091915],[9.431316,48.085959],[9.441087,48.084469],[9.444572,48.084226],[9.450137,48.081655],[9.452634,48.081026],[9.453027,48.078324],[9.455351,48.077507],[9.456083,48.075896],[9.463025,48.076236],[9.467898,48.076894],[9.475929,48.073134],[9.486187,48.074657],[9.502308,48.076083],[9.501732,48.075223],[9.507362,48.072135],[9.506072,48.071037],[9.507443,48.067875],[9.510717,48.067769],[9.510725,48.065192],[9.512389,48.063716],[9.514633,48.063818],[9.517294,48.066295],[9.521498,48.063168],[9.527516,48.065584],[9.529752,48.062334],[9.532171,48.061671],[9.537738,48.052455],[9.541833,48.052446],[9.542058,48.049811],[9.549098,48.048663],[9.548962,48.047445],[9.554939,48.048645],[9.558364,48.045739],[9.565283,48.042784],[9.568681,48.044683],[9.57189,48.043947],[9.570005,48.042387],[9.575675,48.03741],[9.575859,48.034776],[9.578268,48.034481],[9.578717,48.029328],[9.580774,48.026291],[9.578642,48.023588],[9.580521,48.022524],[9.590775,48.022167],[9.591797,48.02101],[9.589077,48.017691],[9.591461,48.01708],[9.595954,48.017461],[9.597832,48.016017],[9.599741,48.012934],[9.60376,48.010395],[9.604787,48.008932],[9.604203,48.005632],[9.604825,48.002124],[9.60734,47.999848],[9.606962,47.997304],[9.611522,47.996421],[9.613305,47.990569],[9.615615,47.990458],[9.616232,47.988449],[9.610623,47.984782],[9.613631,47.980701],[9.615434,47.976125],[9.619986,47.972202],[9.620253,47.969934],[9.624071,47.965773],[9.625631,47.967067],[9.627975,47.965874],[9.631198,47.96966],[9.630982,47.970633],[9.634679,47.971944],[9.637692,47.967024],[9.648591,47.966707],[9.64955,47.969129],[9.653662,47.968306],[9.655636,47.971848],[9.658107,47.974482],[9.662806,47.974276],[9.662842,47.976736],[9.670368,47.974078],[9.674089,47.972226],[9.675198,47.970779],[9.681767,47.969044],[9.684752,47.967232],[9.686374,47.968097],[9.684455,47.971076],[9.685614,47.972662],[9.685915,47.976706],[9.691687,47.981543],[9.695221,47.983283],[9.700791,47.982766],[9.706356,47.974268],[9.706731,47.972469],[9.711758,47.970921],[9.713582,47.971633],[9.715573,47.974106],[9.720564,47.975666],[9.720125,47.979139],[9.725936,47.980959],[9.727517,47.976943],[9.731526,47.976537],[9.737575,47.976788],[9.738093,47.974728],[9.742872,47.973825],[9.74784,47.973844],[9.748181,47.976256],[9.752431,47.974714],[9.76015,47.97289],[9.760023,47.970658],[9.763406,47.971818],[9.768849,47.9714],[9.770572,47.970413],[9.773359,47.970854],[9.776214,47.968947],[9.771611,47.967928],[9.769063,47.968266],[9.768013,47.964528],[9.766763,47.956912],[9.769067,47.957476],[9.774044,47.957187],[9.77869,47.958711],[9.78097,47.956521],[9.787503,47.955876],[9.791534,47.950745],[9.793696,47.952737],[9.795302,47.95213],[9.796824,47.954866],[9.800089,47.958034],[9.800562,47.960932],[9.803211,47.96173],[9.809715,47.957443],[9.811506,47.9571],[9.810925,47.961847],[9.814637,47.962042],[9.826838,47.960679],[9.828901,47.953849],[9.833806,47.953207],[9.834775,47.95572],[9.838584,47.953744],[9.840012,47.954194],[9.841944,47.957708],[9.847218,47.960634],[9.852463,47.960002],[9.855721,47.962979],[9.859639,47.964894],[9.859267,47.967687],[9.862315,47.96984],[9.863378,47.97549],[9.869237,47.979746],[9.875823,47.9819],[9.877804,47.979759],[9.88211,47.982252],[9.885556,47.981897],[9.892146,47.983965],[9.896709,47.982506],[9.901243,47.983848],[9.902953,47.985087],[9.909736,47.984728],[9.91271,47.983248],[9.918039,47.978914],[9.922284,47.976927],[9.920512,47.972303],[9.924101,47.968232],[9.925423,47.96594],[9.929999,47.967924],[9.933325,47.968428],[9.935787,47.96439],[9.941859,47.963157],[9.943949,47.965431],[9.949843,47.960067],[9.953231,47.958592],[9.956765,47.958527],[9.959654,47.960018],[9.962362,47.96322],[9.965733,47.964412],[9.974765,47.965723],[9.979152,47.967668],[9.979844,47.97138],[9.979196,47.972802],[9.983107,47.97491],[9.985735,47.974994],[9.985778,47.973011],[9.987347,47.971385],[9.986637,47.969703],[9.991727,47.963742],[9.996228,47.965655],[10.004953,47.968417],[10.006578,47.965968],[10.007635,47.956056],[10.006516,47.952805],[10.01083,47.951143],[10.01829,47.950091],[10.022072,47.948784],[10.029685,47.948346],[10.031986,47.945955],[10.03584,47.945765],[10.047579,47.94977],[10.051527,47.952558],[10.058889,47.959091],[10.059463,47.964938],[10.065707,47.967186],[10.066452,47.96867],[10.065269,47.971129],[10.066907,47.973645],[10.069687,47.974878],[10.080428,47.977204],[10.081494,47.975209],[10.087889,47.979854],[10.08999,47.980792],[10.094513,47.97987],[10.096946,47.977805],[10.100565,47.976025],[10.105894,47.974414],[10.114867,47.975583],[10.116004,47.976376],[10.114828,47.979363],[10.115571,47.980882],[10.116118,47.985804],[10.115001,47.988929],[10.117005,47.991931],[10.121657,47.996915],[10.120972,48.000765],[10.119447,48.003193],[10.120317,48.005173],[10.123757,48.006456],[10.125505,48.008727],[10.125058,48.010043],[10.132919,48.015333],[10.134916,48.017358],[10.134237,48.021022],[10.13612,48.023055],[10.135072,48.024576],[10.131396,48.027065],[10.12802,48.032962],[10.129041,48.03481],[10.132696,48.037467],[10.135946,48.041966],[10.13713,48.044709],[10.141047,48.046472],[10.14106,48.050744],[10.139545,48.051286],[10.139532,48.053622],[10.142794,48.055257],[10.141905,48.05628],[10.143933,48.059393],[10.142528,48.060913],[10.141016,48.066159],[10.143397,48.070131],[10.144093,48.073923],[10.143282,48.07494],[10.137769,48.075565],[10.135732,48.076809],[10.135067,48.082598],[10.13619,48.084613],[10.138476,48.085914],[10.139788,48.090092],[10.137339,48.093617],[10.140333,48.096005],[10.140632,48.097889],[10.137188,48.100406],[10.13593,48.104644],[10.136871,48.107416],[10.135918,48.111839],[10.131956,48.11416],[10.124353,48.115802],[10.120698,48.11891],[10.119916,48.121305],[10.112729,48.124612],[10.111236,48.125854],[10.111013,48.128804],[10.109327,48.131168],[10.107195,48.13238],[10.107822,48.135178],[10.106756,48.138397],[10.104988,48.139598],[10.10431,48.141959],[10.105173,48.144758],[10.10306,48.14649],[10.099587,48.151583],[10.099489,48.155014],[10.09745,48.155556],[10.095749,48.160899],[10.09488,48.16396],[10.092228,48.163414],[10.092071,48.159997],[10.079584,48.158118],[10.076801,48.155499],[10.075704,48.151555],[10.067813,48.148597],[10.06412,48.148743],[10.057094,48.147178],[10.054817,48.144678],[10.05007,48.142433],[10.042999,48.143862],[10.039044,48.144066],[10.033408,48.145684],[10.030165,48.145699],[10.014203,48.148886],[10.011056,48.151349],[10.028632,48.151374],[10.035437,48.152989],[10.034334,48.154315],[10.034645,48.157349],[10.033373,48.158496],[10.039465,48.159531],[10.042447,48.160881],[10.044475,48.163537],[10.047409,48.165563],[10.046693,48.169114],[10.044775,48.172674],[10.043056,48.174226],[10.044936,48.179682],[10.044598,48.181779],[10.049474,48.183484],[10.055619,48.184745],[10.059019,48.187289],[10.062875,48.187889],[10.068672,48.189956],[10.066975,48.192636],[10.062484,48.191835],[10.060227,48.193867],[10.062323,48.195834],[10.062459,48.198411],[10.060825,48.199031],[10.057888,48.19639],[10.051617,48.194496],[10.047902,48.194967],[10.042859,48.194287],[10.038185,48.19589],[10.036978,48.199596],[10.040335,48.202508],[10.036264,48.205204],[10.03714,48.208465],[10.040598,48.211032],[10.037126,48.214461],[10.035455,48.217205],[10.031528,48.214411],[10.029829,48.214913],[10.02882,48.217628],[10.032648,48.217158],[10.036959,48.21976],[10.039204,48.222193],[10.039053,48.228958],[10.036252,48.228409],[10.033791,48.233439],[10.025025,48.232869],[10.020703,48.231152],[10.018841,48.233887],[10.01506,48.23689],[10.015409,48.239533],[10.011858,48.242433],[10.014026,48.244404],[10.014263,48.246533],[10.012436,48.248063],[10.007444,48.244699],[10.005269,48.245551],[9.999539,48.24515],[9.990928,48.24353],[9.988685,48.24712],[9.98652,48.248781],[9.988718,48.250022],[9.99056,48.252985],[9.989792,48.254903],[9.984297,48.255487],[9.986611,48.260155],[9.98921,48.26261],[9.986551,48.263492],[9.977504,48.262932],[9.977599,48.264519],[9.982799,48.267552],[9.982192,48.269123],[9.972653,48.266491],[9.969938,48.266641],[9.967856,48.268134],[9.963886,48.267978],[9.957846,48.266761],[9.958275,48.269952],[9.951007,48.269597],[9.940058,48.266949],[9.936371,48.267875],[9.936059,48.270237],[9.928453,48.268594],[9.926189,48.268701],[9.926503,48.271148],[9.925468,48.273999],[9.922368,48.273419],[9.921127,48.276665],[9.922798,48.276934],[9.921989,48.279818],[9.925647,48.280738],[9.921629,48.286013],[9.918957,48.287668],[9.917881,48.285397],[9.912545,48.286339],[9.909346,48.283969],[9.905189,48.284817],[9.905138,48.288839],[9.89719,48.287702],[9.895411,48.293229],[9.889131,48.293182],[9.882298,48.294023],[9.879248,48.288086],[9.881978,48.288118],[9.881377,48.284919],[9.872707,48.282206],[9.873729,48.280384],[9.871618,48.279681],[9.874567,48.276338],[9.870651,48.275034],[9.86982,48.273371],[9.864498,48.27077],[9.862575,48.268788],[9.857561,48.266646],[9.853799,48.258549],[9.847746,48.259742],[9.847552,48.255693],[9.846021,48.253885],[9.845898,48.248414],[9.844753,48.246393],[9.834135,48.246571],[9.834857,48.250327],[9.832398,48.25103],[9.832074,48.253533],[9.822202,48.251758],[9.811551,48.24919],[9.811054,48.25135],[9.808675,48.252195],[9.803389,48.251241],[9.804384,48.247653],[9.793106,48.24514],[9.795966,48.242114],[9.798617,48.240505],[9.798823,48.238508],[9.786075,48.237929],[9.786253,48.236958],[9.790895,48.235265],[9.794599,48.234544],[9.794799,48.231263],[9.784499,48.229569],[9.778705,48.227974],[9.778854,48.226132],[9.768531,48.227465],[9.763974,48.226914],[9.766397,48.222083],[9.766832,48.21825],[9.765496,48.215167],[9.76724,48.212207],[9.761677,48.210927],[9.753338,48.210837],[9.755984,48.206521],[9.750902,48.206185],[9.743877,48.204673],[9.742047,48.203187],[9.742858,48.198674],[9.744699,48.194191],[9.746411,48.192468],[9.739829,48.189425],[9.736035,48.189885],[9.731285,48.188804],[9.725649,48.18839],[9.727475,48.185687],[9.729377,48.186214],[9.737283,48.186867],[9.741054,48.184835],[9.743729,48.184427],[9.745879,48.182772],[9.746165,48.178435],[9.744163,48.176015],[9.739401,48.175926],[9.734931,48.1748],[9.735749,48.172693],[9.729292,48.171146],[9.724844,48.170938],[9.721534,48.172012],[9.715653,48.172054],[9.716401,48.175046],[9.713843,48.177298],[9.70649,48.175579],[9.703174,48.174165],[9.702812,48.176472],[9.700419,48.179782],[9.695065,48.179064],[9.693991,48.177863],[9.688425,48.178018],[9.687856,48.179284],[9.684246,48.178382],[9.684934,48.177153],[9.680665,48.176142],[9.680071,48.1738],[9.678071,48.172585],[9.673229,48.171347],[9.674371,48.16977],[9.670145,48.168584],[9.671634,48.166717],[9.665788,48.162817],[9.667365,48.160956],[9.660489,48.157278],[9.658215,48.159901],[9.659878,48.163343],[9.656882,48.166129],[9.657214,48.168761],[9.659955,48.169344],[9.657718,48.171272],[9.657831,48.174691],[9.65578,48.175723],[9.654926,48.177804],[9.650229,48.177492],[9.648353,48.181886],[9.645525,48.182787],[9.644077,48.184729],[9.643936,48.187286],[9.641435,48.187504],[9.634353,48.183901],[9.629053,48.184764],[9.623292,48.18402],[9.622761,48.18611],[9.617742,48.18562],[9.616571,48.189331],[9.623906,48.190039],[9.627958,48.187679],[9.629058,48.191481],[9.626671,48.191685],[9.626592,48.195793],[9.624453,48.199673],[9.617559,48.199803],[9.615641,48.200878],[9.611411,48.20166],[9.608433,48.203791],[9.604233,48.205079],[9.598511,48.205529],[9.595883,48.206698],[9.593642,48.202597],[9.590791,48.200332],[9.586241,48.201624],[9.582465,48.200848],[9.58492,48.197328],[9.582074,48.194591],[9.578722,48.193426],[9.57576,48.19444],[9.566636,48.192154],[9.562381,48.190219],[9.558308,48.191697],[9.560012,48.193585],[9.552601,48.193171],[9.549341,48.193385],[9.546418,48.190735],[9.544951,48.193297],[9.544845,48.196165],[9.545978,48.199536],[9.544946,48.201306],[9.540138,48.201288],[9.540605,48.205203],[9.532815,48.205074],[9.531772,48.20927],[9.527393,48.208306],[9.525908,48.212513],[9.525858,48.215196],[9.523601,48.214965],[9.521895,48.217162],[9.524572,48.218245],[9.526008,48.220592],[9.522041,48.221361],[9.52391,48.223234],[9.519536,48.22365],[9.511051,48.226436],[9.507591,48.226922],[9.505231,48.228122],[9.500895,48.232015],[9.497797,48.233018],[9.49042,48.232566],[9.490899,48.228257],[9.492994,48.225325],[9.499441,48.223095],[9.493889,48.218772],[9.498687,48.218168],[9.498894,48.214822],[9.499982,48.212033],[9.495747,48.209518],[9.493387,48.209979],[9.483413,48.206405],[9.48678,48.20364],[9.484374,48.202316],[9.479982,48.201247],[9.474445,48.1989],[9.467712,48.197794],[9.470699,48.20089],[9.464041,48.207897],[9.456354,48.207919],[9.452265,48.206616],[9.450398,48.20513],[9.440852,48.204826],[9.438676,48.202425],[9.439639,48.200155],[9.438008,48.194944],[9.423988,48.19539],[9.426743,48.198829],[9.425656,48.201427],[9.422537,48.202818],[9.41847,48.201539],[9.413413,48.202425],[9.40843,48.201254],[9.404279,48.199408],[9.404073,48.198427],[9.399366,48.196784],[9.394609,48.197283],[9.391483,48.196616],[9.38821,48.198859],[9.386628,48.198111],[9.381893,48.204141],[9.38418,48.206473],[9.38021,48.207102],[9.377753,48.208352],[9.377151,48.210028],[9.37187,48.215429],[9.36908,48.215726],[9.367353,48.218412],[9.367664,48.222896],[9.365581,48.226647],[9.362314,48.226791],[9.347464,48.239566]]]},"properties":{"rs":84260000000,"name":"Landkreis Biberach"},"id":"relation/2804156"},{"type":"Feature","geometry":{"type":"Polygon","coordinates":[[[9.128939,47.846781],[9.134737,47.847592],[9.139983,47.846389],[9.141413,47.845002],[9.149419,47.84403],[9.15172,47.845024],[9.155572,47.845187],[9.157939,47.84454],[9.162977,47.844766],[9.166703,47.842916],[9.165939,47.841537],[9.169374,47.841008],[9.1733,47.841346],[9.175883,47.845033],[9.184265,47.847748],[9.190359,47.840914],[9.192487,47.841851],[9.196765,47.842046],[9.201714,47.844778],[9.205668,47.845227],[9.203522,47.847467],[9.206321,47.847918],[9.209814,47.853189],[9.212612,47.854916],[9.217034,47.856357],[9.218656,47.857827],[9.223354,47.858669],[9.225745,47.856925],[9.231637,47.855868],[9.238535,47.852746],[9.242237,47.854754],[9.241655,47.855832],[9.243827,47.857702],[9.242531,47.861469],[9.243013,47.86513],[9.246674,47.865961],[9.249489,47.865488],[9.251152,47.867255],[9.250704,47.870419],[9.245303,47.869402],[9.244519,47.870707],[9.238824,47.873088],[9.23886,47.875017],[9.236966,47.875787],[9.238441,47.877667],[9.245488,47.878442],[9.255156,47.88042],[9.258939,47.882057],[9.26798,47.881929],[9.269914,47.880445],[9.271147,47.877362],[9.270242,47.876399],[9.27068,47.870309],[9.272823,47.868125],[9.276063,47.866205],[9.276552,47.863867],[9.285165,47.865198],[9.283991,47.862671],[9.284533,47.860544],[9.28745,47.859167],[9.289959,47.859052],[9.292834,47.861278],[9.299331,47.86049],[9.302149,47.858553],[9.311613,47.8621],[9.31639,47.866127],[9.317574,47.86495],[9.321607,47.867446],[9.323459,47.866678],[9.32558,47.863648],[9.327647,47.865285],[9.331168,47.863369],[9.334083,47.863625],[9.338222,47.862142],[9.341702,47.859921],[9.342357,47.858627],[9.339606,47.857547],[9.348418,47.850638],[9.354969,47.848134],[9.363456,47.842247],[9.366558,47.838662],[9.371872,47.834705],[9.376283,47.833654],[9.380496,47.831086],[9.381415,47.829709],[9.379666,47.827488],[9.379916,47.825032],[9.382013,47.823868],[9.386134,47.824086],[9.387506,47.825171],[9.392899,47.824696],[9.395328,47.823111],[9.394546,47.820932],[9.396548,47.819756],[9.400824,47.820922],[9.401515,47.822246],[9.406179,47.821595],[9.4069,47.8199],[9.410647,47.821196],[9.411136,47.829326],[9.40817,47.831842],[9.405024,47.831698],[9.402681,47.837317],[9.403113,47.838994],[9.40296,47.846064],[9.401001,47.849673],[9.399065,47.849148],[9.395776,47.852904],[9.400988,47.856037],[9.401719,47.857494],[9.40112,47.861618],[9.397506,47.860825],[9.396111,47.862548],[9.392569,47.862397],[9.389617,47.860832],[9.387719,47.86267],[9.383349,47.864246],[9.378658,47.871332],[9.379712,47.873623],[9.377267,47.876676],[9.375967,47.879456],[9.38062,47.884268],[9.386462,47.885291],[9.384738,47.889122],[9.38712,47.890355],[9.390075,47.893983],[9.397676,47.899195],[9.401598,47.902335],[9.402046,47.905987],[9.399088,47.908601],[9.400443,47.910286],[9.397831,47.911879],[9.397317,47.914488],[9.395122,47.916792],[9.392377,47.917384],[9.39921,47.920074],[9.403853,47.916191],[9.407052,47.9164],[9.411737,47.920221],[9.411598,47.923234],[9.406247,47.930333],[9.401951,47.930097],[9.402495,47.932385],[9.404535,47.932931],[9.406277,47.938921],[9.406032,47.941439],[9.411959,47.941726],[9.416707,47.940571],[9.41669,47.938273],[9.4217,47.938245],[9.426352,47.940008],[9.423789,47.941386],[9.423113,47.943399],[9.424148,47.945376],[9.423174,47.946606],[9.42508,47.948965],[9.424849,47.950525],[9.430031,47.95118],[9.430212,47.953249],[9.424014,47.958991],[9.421903,47.962881],[9.426663,47.962041],[9.431117,47.959182],[9.435334,47.959015],[9.436623,47.957251],[9.444294,47.957426],[9.446734,47.956954],[9.450661,47.959476],[9.453471,47.960223],[9.455444,47.964805],[9.459097,47.961647],[9.462405,47.961353],[9.46863,47.962866],[9.473393,47.960556],[9.480242,47.958378],[9.486988,47.960498],[9.484651,47.962866],[9.491057,47.965099],[9.491768,47.966767],[9.495871,47.969096],[9.496237,47.971006],[9.498079,47.972188],[9.501618,47.972275],[9.504359,47.973994],[9.507012,47.976848],[9.509583,47.984371],[9.51206,47.985294],[9.514314,47.984175],[9.515377,47.989837],[9.519494,47.989694],[9.519227,47.987689],[9.522821,47.985113],[9.522837,47.982235],[9.52586,47.982193],[9.528806,47.977141],[9.531819,47.975114],[9.532471,47.972872],[9.535447,47.969385],[9.535799,47.966822],[9.540263,47.969081],[9.540165,47.966766],[9.542724,47.966382],[9.546878,47.963263],[9.548484,47.964361],[9.54783,47.967086],[9.554593,47.970649],[9.560527,47.967411],[9.562497,47.967273],[9.564905,47.969968],[9.563134,47.971982],[9.564431,47.973124],[9.562015,47.976103],[9.562573,47.981778],[9.564601,47.983407],[9.562567,47.98542],[9.558752,47.986607],[9.557576,47.985259],[9.551904,47.988036],[9.551207,47.990665],[9.556445,47.992718],[9.555026,47.99513],[9.555316,47.997445],[9.557673,47.998445],[9.554759,48.001738],[9.554292,48.004639],[9.555983,48.00478],[9.564013,48.002687],[9.565621,47.999794],[9.564205,47.996987],[9.567031,47.99497],[9.570597,47.996878],[9.572498,47.995103],[9.575496,47.994812],[9.580016,47.996023],[9.58044,48.000189],[9.588688,48.002401],[9.590623,48.001436],[9.59623,48.002096],[9.600092,48.003724],[9.602426,48.002101],[9.604825,48.002124],[9.604203,48.005632],[9.604787,48.008932],[9.60376,48.010395],[9.599741,48.012934],[9.597832,48.016017],[9.595954,48.017461],[9.591461,48.01708],[9.589077,48.017691],[9.591797,48.02101],[9.590775,48.022167],[9.580521,48.022524],[9.578642,48.023588],[9.580774,48.026291],[9.578717,48.029328],[9.578268,48.034481],[9.575859,48.034776],[9.575675,48.03741],[9.570005,48.042387],[9.57189,48.043947],[9.568681,48.044683],[9.565283,48.042784],[9.558364,48.045739],[9.554939,48.048645],[9.548962,48.047445],[9.549098,48.048663],[9.542058,48.049811],[9.541833,48.052446],[9.537738,48.052455],[9.532171,48.061671],[9.529752,48.062334],[9.527516,48.065584],[9.521498,48.063168],[9.517294,48.066295],[9.514633,48.063818],[9.512389,48.063716],[9.510725,48.065192],[9.510717,48.067769],[9.507443,48.067875],[9.506072,48.071037],[9.507362,48.072135],[9.501732,48.075223],[9.502308,48.076083],[9.486187,48.074657],[9.475929,48.073134],[9.467898,48.076894],[9.463025,48.076236],[9.456083,48.075896],[9.455351,48.077507],[9.453027,48.078324],[9.452634,48.081026],[9.450137,48.081655],[9.444572,48.084226],[9.441087,48.084469],[9.431316,48.085959],[9.421027,48.091915],[9.417968,48.093278],[9.414763,48.093641],[9.414205,48.100497],[9.411992,48.101743],[9.406224,48.102049],[9.39724,48.099647],[9.395744,48.098753],[9.399215,48.094229],[9.399017,48.09349],[9.389302,48.092207],[9.386646,48.090445],[9.384297,48.090548],[9.375723,48.094049],[9.373213,48.092449],[9.369737,48.093912],[9.365966,48.092733],[9.360268,48.09443],[9.352776,48.095274],[9.349842,48.098492],[9.350005,48.101168],[9.356152,48.104555],[9.341702,48.110705],[9.328072,48.111959],[9.326399,48.112519],[9.321486,48.116505],[9.322325,48.11737],[9.318989,48.11973],[9.319233,48.123744],[9.318545,48.128894],[9.317314,48.130889],[9.311415,48.129612],[9.310087,48.131305],[9.310601,48.133454],[9.307093,48.134353],[9.303182,48.136505],[9.2981,48.137305],[9.290835,48.137692],[9.288187,48.139734],[9.284833,48.143613],[9.287916,48.147426],[9.288613,48.149344],[9.28437,48.148996],[9.278754,48.149221],[9.274178,48.14992],[9.270588,48.148201],[9.266159,48.14715],[9.263225,48.148418],[9.260018,48.152262],[9.266712,48.153631],[9.268426,48.155664],[9.266128,48.157752],[9.269123,48.15958],[9.273925,48.159569],[9.278781,48.158593],[9.282606,48.159937],[9.283309,48.158798],[9.288837,48.158999],[9.293946,48.161916],[9.296815,48.161993],[9.298719,48.163299],[9.301765,48.167227],[9.299727,48.171758],[9.301423,48.173361],[9.301584,48.175394],[9.303692,48.176292],[9.304309,48.179216],[9.308006,48.181088],[9.310375,48.181035],[9.315236,48.18257],[9.320302,48.189125],[9.318295,48.193291],[9.317936,48.197305],[9.315968,48.197149],[9.315379,48.199642],[9.311275,48.201186],[9.311341,48.204248],[9.313318,48.208401],[9.31259,48.209315],[9.315321,48.21279],[9.312953,48.216082],[9.307089,48.218801],[9.308216,48.224579],[9.310575,48.224402],[9.315803,48.226414],[9.318938,48.225313],[9.323785,48.224833],[9.326042,48.226381],[9.330033,48.227349],[9.33015,48.231283],[9.335242,48.233308],[9.337048,48.234897],[9.334964,48.236908],[9.341041,48.238623],[9.345147,48.238577],[9.347464,48.239566],[9.350642,48.241034],[9.345135,48.242965],[9.336224,48.248535],[9.33109,48.254082],[9.331129,48.256016],[9.32581,48.257434],[9.323581,48.258837],[9.317724,48.258054],[9.310328,48.258817],[9.309305,48.265984],[9.306974,48.265741],[9.303743,48.267233],[9.301051,48.267389],[9.298229,48.270496],[9.297292,48.272555],[9.293989,48.275905],[9.295094,48.277086],[9.292802,48.280394],[9.291605,48.285917],[9.287655,48.28431],[9.280185,48.286116],[9.277954,48.28448],[9.275428,48.284432],[9.272741,48.285814],[9.269642,48.28885],[9.271375,48.280206],[9.267109,48.278397],[9.26674,48.276217],[9.264708,48.273883],[9.261496,48.271887],[9.252601,48.268503],[9.245219,48.267762],[9.241906,48.270274],[9.236656,48.270301],[9.231515,48.2684],[9.225071,48.266691],[9.22164,48.267545],[9.221894,48.27133],[9.220924,48.273604],[9.220922,48.278169],[9.216762,48.283897],[9.211239,48.283293],[9.209269,48.283924],[9.20841,48.286072],[9.200234,48.286732],[9.196528,48.284091],[9.195239,48.281698],[9.187764,48.281201],[9.187124,48.280553],[9.189118,48.277518],[9.18755,48.276196],[9.187676,48.27234],[9.182886,48.26983],[9.177464,48.269622],[9.17321,48.267673],[9.167702,48.267763],[9.166504,48.26856],[9.162133,48.267251],[9.161555,48.265386],[9.158704,48.265245],[9.150406,48.263089],[9.148817,48.262027],[9.140631,48.262831],[9.137276,48.261884],[9.133175,48.262695],[9.128803,48.259823],[9.1238,48.258374],[9.119719,48.256612],[9.116721,48.254315],[9.109068,48.252087],[9.109558,48.248517],[9.111226,48.247087],[9.112003,48.243209],[9.110781,48.238564],[9.111793,48.236339],[9.119187,48.235672],[9.121479,48.234723],[9.126304,48.234453],[9.127257,48.233357],[9.127195,48.229679],[9.130805,48.22927],[9.134581,48.227297],[9.154768,48.223458],[9.156916,48.222245],[9.159832,48.222179],[9.166882,48.219078],[9.169152,48.217309],[9.172434,48.216005],[9.180191,48.214949],[9.181064,48.212468],[9.185513,48.208314],[9.181007,48.205712],[9.179843,48.202174],[9.178726,48.201383],[9.179568,48.198714],[9.175063,48.198233],[9.175454,48.19604],[9.177711,48.193922],[9.178443,48.191175],[9.177055,48.187946],[9.180609,48.182319],[9.17436,48.18181],[9.175098,48.180557],[9.180694,48.181011],[9.182297,48.180023],[9.181935,48.177586],[9.187073,48.173836],[9.188567,48.171577],[9.182232,48.170198],[9.181408,48.166478],[9.176157,48.163621],[9.174198,48.16154],[9.17582,48.159389],[9.174231,48.153771],[9.171099,48.153031],[9.165645,48.153382],[9.167154,48.150731],[9.166915,48.148213],[9.163629,48.14529],[9.157234,48.144115],[9.155792,48.141888],[9.157424,48.13959],[9.156301,48.135785],[9.15225,48.13838],[9.149084,48.141152],[9.144246,48.141296],[9.14082,48.142204],[9.134632,48.145789],[9.127168,48.146075],[9.121106,48.144952],[9.117705,48.149036],[9.114191,48.155328],[9.111853,48.157462],[9.105555,48.15287],[9.097366,48.152247],[9.09363,48.151185],[9.087962,48.148755],[9.076242,48.150619],[9.072985,48.150377],[9.063729,48.151687],[9.062099,48.154672],[9.058586,48.154679],[9.045994,48.159758],[9.03944,48.161834],[9.032717,48.164901],[9.023405,48.162184],[9.021711,48.160416],[9.01802,48.159249],[9.010752,48.159593],[9.005013,48.15489],[9.001339,48.150421],[8.998121,48.143962],[8.992732,48.140385],[8.993123,48.139227],[8.987377,48.133301],[8.987779,48.130813],[8.986048,48.126998],[8.983842,48.124516],[8.975653,48.123185],[8.968416,48.120383],[8.961878,48.11947],[8.955901,48.120113],[8.950451,48.116052],[8.951172,48.111269],[8.9538,48.107431],[8.954727,48.102421],[8.958816,48.095111],[8.962836,48.091055],[8.97142,48.087388],[8.980004,48.085612],[8.983719,48.079802],[8.987578,48.076843],[8.990249,48.073618],[8.994852,48.072725],[8.997094,48.070769],[8.996556,48.067244],[8.992905,48.064374],[8.987782,48.057869],[8.975087,48.055155],[8.968038,48.056267],[8.956436,48.055281],[8.951505,48.056422],[8.947239,48.056203],[8.945577,48.059829],[8.94075,48.060583],[8.935226,48.05832],[8.937546,48.057526],[8.934951,48.05483],[8.93711,48.05254],[8.934863,48.049485],[8.935507,48.046568],[8.939747,48.046517],[8.945518,48.043127],[8.949764,48.044221],[8.954612,48.042376],[8.952113,48.039],[8.950557,48.035732],[8.95066,48.031386],[8.95178,48.029671],[8.958448,48.028247],[8.958088,48.030738],[8.960036,48.033447],[8.95974,48.035867],[8.963136,48.037424],[8.964695,48.039337],[8.9716,48.040376],[8.978949,48.032503],[8.982076,48.032767],[8.989418,48.029969],[8.992639,48.030188],[8.998048,48.028845],[9.001429,48.027108],[9.005217,48.026999],[9.007752,48.024371],[9.010894,48.017332],[9.013015,48.016077],[9.012841,48.011169],[9.014087,48.006041],[9.013938,48.003365],[9.010045,48.001964],[9.006296,47.999523],[9.007373,47.994462],[9.009943,47.996015],[9.012223,47.993774],[9.018222,47.990378],[9.019535,47.988588],[9.021268,47.984048],[9.021294,47.979265],[9.018572,47.977966],[9.014153,47.978252],[9.011762,47.973807],[9.015535,47.965084],[9.019852,47.963441],[9.01954,47.960824],[9.014678,47.955128],[9.014097,47.953674],[9.014734,47.95],[9.020429,47.947523],[9.016697,47.943268],[9.011652,47.942508],[9.012778,47.93877],[9.01255,47.936906],[9.020403,47.937222],[9.02499,47.935489],[9.032764,47.936529],[9.044369,47.936359],[9.048493,47.935455],[9.054982,47.938586],[9.062868,47.94],[9.066225,47.941317],[9.073465,47.94252],[9.081548,47.940168],[9.075539,47.934225],[9.071216,47.932546],[9.068952,47.930059],[9.068951,47.927024],[9.066571,47.924611],[9.066852,47.921893],[9.065581,47.919903],[9.06476,47.915983],[9.067275,47.915477],[9.071516,47.916723],[9.076156,47.917095],[9.084557,47.916502],[9.094183,47.913745],[9.097306,47.914322],[9.099136,47.911828],[9.102148,47.910448],[9.104484,47.905532],[9.111165,47.906898],[9.114006,47.905379],[9.117442,47.904711],[9.121782,47.902206],[9.126557,47.900714],[9.128542,47.898242],[9.133141,47.898912],[9.137199,47.897303],[9.142484,47.898108],[9.146536,47.898053],[9.149969,47.895493],[9.146614,47.893743],[9.145579,47.891702],[9.146904,47.888855],[9.14732,47.885042],[9.148811,47.882012],[9.145361,47.875761],[9.145947,47.873361],[9.139877,47.869863],[9.136856,47.869874],[9.133403,47.868255],[9.130535,47.865136],[9.134131,47.863258],[9.138596,47.861726],[9.13756,47.859093],[9.132114,47.862561],[9.12608,47.860715],[9.121853,47.861837],[9.119628,47.857368],[9.124346,47.855897],[9.128084,47.854092],[9.125708,47.850109],[9.128939,47.846781]]]},"properties":{"rs":84370000000,"name":"Landkreis Sigmaringen"},"id":"relation/2806390"},{"type":"Feature","geometry":{"type":"Polygon","coordinates":[[[9.070659,47.806923],[9.074844,47.80585],[9.076403,47.804441],[9.085595,47.799702],[9.088473,47.797285],[9.09214,47.796719],[9.096505,47.794624],[9.100525,47.794514],[9.104943,47.793303],[9.109212,47.791348],[9.111004,47.789197],[9.117504,47.786628],[9.12024,47.784432],[9.124538,47.782758],[9.128109,47.779966],[9.129308,47.777784],[9.134628,47.772211],[9.13873,47.769977],[9.14627,47.768304],[9.150568,47.768259],[9.156381,47.76688],[9.164513,47.763809],[9.168305,47.761894],[9.177531,47.758117],[9.180041,47.758359],[9.187499,47.753953],[9.191438,47.75226],[9.192414,47.750918],[9.197225,47.750625],[9.199511,47.749513],[9.206807,47.748263],[9.217432,47.744756],[9.225612,47.739833],[9.227126,47.735509],[9.225384,47.73254],[9.226874,47.731483],[9.225922,47.7281],[9.227682,47.725706],[9.22739,47.723427],[9.23039,47.719945],[9.23523,47.716051],[9.238211,47.711495],[9.250768,47.702972],[9.256493,47.699361],[9.263457,47.696155],[9.265643,47.693973],[9.268752,47.693516],[9.272273,47.691355],[9.274878,47.691514],[9.282193,47.687169],[9.283955,47.687104],[9.288739,47.683231],[9.295885,47.680927],[9.298838,47.679439],[9.306254,47.676689],[9.312708,47.673581],[9.323498,47.672621],[9.326353,47.671554],[9.329313,47.66934],[9.342554,47.663445],[9.349803,47.660907],[9.357117,47.660323],[9.358125,47.661338],[9.361716,47.66182],[9.370087,47.66532],[9.374464,47.665826],[9.376091,47.664818],[9.382369,47.665552],[9.387098,47.665278],[9.390106,47.667298],[9.394912,47.667491],[9.398453,47.668417],[9.401183,47.667832],[9.407346,47.668169],[9.408995,47.667226],[9.41843,47.666548],[9.421721,47.665258],[9.425911,47.662167],[9.428399,47.661398],[9.433527,47.657379],[9.437513,47.656324],[9.443839,47.657232],[9.451212,47.655191],[9.455003,47.653698],[9.456537,47.651756],[9.458577,47.652224],[9.461087,47.650819],[9.462861,47.64852],[9.473173,47.651305],[9.480522,47.649035],[9.485949,47.65192],[9.494963,47.649659],[9.498189,47.647023],[9.502594,47.646118],[9.504101,47.643222],[9.508275,47.640533],[9.51139,47.637379],[9.516342,47.634119],[9.517448,47.632487],[9.51566,47.628561],[9.516993,47.625879],[9.518155,47.620872],[9.521837,47.616737],[9.524017,47.615502],[9.5275,47.615716],[9.52774,47.606961],[9.528997,47.603874],[9.533324,47.601633],[9.536608,47.598058],[9.541014,47.595306],[9.543439,47.594461],[9.55085,47.587606],[9.554335,47.587328],[9.559044,47.58472],[9.565772,47.585078],[9.572243,47.584145],[9.576507,47.585917],[9.582948,47.585942],[9.59592,47.588365],[9.600798,47.585928],[9.602211,47.584355],[9.607625,47.586164],[9.610088,47.583162],[9.613762,47.579807],[9.618298,47.581616],[9.619581,47.584302],[9.626552,47.592415],[9.635777,47.592986],[9.640517,47.589882],[9.644044,47.589915],[9.645669,47.592248],[9.643225,47.593342],[9.641606,47.597537],[9.638907,47.600718],[9.636228,47.602024],[9.638081,47.604249],[9.642002,47.603682],[9.646723,47.603961],[9.647545,47.605236],[9.653425,47.605371],[9.653414,47.607648],[9.658252,47.612066],[9.671031,47.611389],[9.674555,47.609744],[9.676552,47.60801],[9.678113,47.604872],[9.683862,47.60456],[9.692073,47.610325],[9.692467,47.612033],[9.689165,47.614486],[9.688636,47.616864],[9.690667,47.617747],[9.692378,47.620487],[9.689844,47.621838],[9.685995,47.621766],[9.685254,47.626041],[9.681841,47.628012],[9.683335,47.630599],[9.68859,47.633145],[9.687904,47.6356],[9.694513,47.634624],[9.698101,47.636434],[9.700338,47.636544],[9.703214,47.633657],[9.706591,47.632028],[9.710194,47.632247],[9.711946,47.633252],[9.714664,47.636571],[9.720178,47.637577],[9.721814,47.634192],[9.724216,47.634269],[9.722593,47.637009],[9.725998,47.638645],[9.729431,47.637739],[9.731858,47.641762],[9.734395,47.642948],[9.7332,47.644751],[9.734878,47.646084],[9.738201,47.646575],[9.740011,47.647875],[9.740542,47.650403],[9.739704,47.651921],[9.744701,47.654255],[9.74258,47.656743],[9.738841,47.659639],[9.738797,47.663787],[9.740243,47.665472],[9.737176,47.66725],[9.730061,47.668214],[9.730487,47.673052],[9.729949,47.677467],[9.728515,47.679165],[9.728737,47.681135],[9.727341,47.682821],[9.717032,47.685459],[9.708385,47.686671],[9.704825,47.68585],[9.699895,47.686568],[9.695957,47.688813],[9.688165,47.684571],[9.688603,47.683101],[9.680902,47.681353],[9.67816,47.68446],[9.67457,47.685918],[9.668929,47.685561],[9.666326,47.683551],[9.663621,47.683362],[9.663002,47.687939],[9.661254,47.689507],[9.654494,47.690261],[9.652197,47.691318],[9.651358,47.693908],[9.656382,47.704344],[9.648134,47.703861],[9.645799,47.702293],[9.6416,47.704854],[9.635358,47.704884],[9.631884,47.704209],[9.630232,47.701917],[9.628022,47.701165],[9.624254,47.701553],[9.623892,47.706467],[9.620432,47.708585],[9.620456,47.71031],[9.617763,47.711315],[9.615205,47.71053],[9.612719,47.712243],[9.613508,47.714781],[9.615137,47.715471],[9.608306,47.719717],[9.602579,47.720697],[9.600379,47.722117],[9.602401,47.72323],[9.597456,47.726378],[9.593941,47.725787],[9.591826,47.726786],[9.58909,47.726348],[9.586866,47.728668],[9.581029,47.730847],[9.577458,47.733637],[9.573862,47.733842],[9.571267,47.736072],[9.56919,47.73665],[9.564346,47.731541],[9.563123,47.731277],[9.558905,47.733648],[9.556971,47.732791],[9.549968,47.732953],[9.540424,47.734254],[9.537869,47.735242],[9.535399,47.734571],[9.532663,47.735255],[9.530649,47.733592],[9.527727,47.73373],[9.526899,47.731213],[9.519959,47.731749],[9.515956,47.733605],[9.511366,47.733481],[9.506474,47.735005],[9.502947,47.734546],[9.499936,47.732925],[9.496481,47.734173],[9.495591,47.736649],[9.493308,47.737461],[9.494496,47.73939],[9.494231,47.741493],[9.495315,47.74468],[9.496725,47.744539],[9.498685,47.748403],[9.499449,47.75432],[9.497232,47.754146],[9.496513,47.752424],[9.492574,47.7528],[9.48553,47.75472],[9.487283,47.759961],[9.484766,47.760304],[9.480953,47.76215],[9.479487,47.763732],[9.473188,47.764797],[9.468403,47.764957],[9.464492,47.76085],[9.458397,47.757064],[9.452981,47.756393],[9.452162,47.758034],[9.448275,47.759123],[9.447496,47.762741],[9.444525,47.761309],[9.442422,47.76383],[9.442005,47.767019],[9.439753,47.769659],[9.440879,47.771714],[9.437633,47.773116],[9.433606,47.773531],[9.433619,47.775485],[9.435528,47.778407],[9.435418,47.780677],[9.443395,47.78512],[9.453149,47.788519],[9.457005,47.791455],[9.46014,47.799496],[9.45788,47.799901],[9.458991,47.802249],[9.460888,47.802103],[9.461935,47.804323],[9.459967,47.806109],[9.462976,47.807828],[9.460817,47.810189],[9.456961,47.812844],[9.452638,47.811424],[9.44681,47.812165],[9.438097,47.810426],[9.438852,47.816377],[9.436839,47.817034],[9.438208,47.819107],[9.44088,47.818743],[9.445641,47.820915],[9.446145,47.82313],[9.448586,47.825296],[9.445709,47.826665],[9.442128,47.824937],[9.440715,47.822511],[9.438017,47.825013],[9.432575,47.823515],[9.429851,47.82402],[9.426702,47.820545],[9.423213,47.818279],[9.419883,47.820071],[9.413524,47.819721],[9.410647,47.821196],[9.4069,47.8199],[9.406179,47.821595],[9.401515,47.822246],[9.400824,47.820922],[9.396548,47.819756],[9.394546,47.820932],[9.395328,47.823111],[9.392899,47.824696],[9.387506,47.825171],[9.386134,47.824086],[9.382013,47.823868],[9.379916,47.825032],[9.379666,47.827488],[9.381415,47.829709],[9.380496,47.831086],[9.376283,47.833654],[9.371872,47.834705],[9.366558,47.838662],[9.363456,47.842247],[9.354969,47.848134],[9.348418,47.850638],[9.339606,47.857547],[9.342357,47.858627],[9.341702,47.859921],[9.338222,47.862142],[9.334083,47.863625],[9.331168,47.863369],[9.327647,47.865285],[9.32558,47.863648],[9.323459,47.866678],[9.321607,47.867446],[9.317574,47.86495],[9.31639,47.866127],[9.311613,47.8621],[9.302149,47.858553],[9.299331,47.86049],[9.292834,47.861278],[9.289959,47.859052],[9.28745,47.859167],[9.284533,47.860544],[9.283991,47.862671],[9.285165,47.865198],[9.276552,47.863867],[9.276063,47.866205],[9.272823,47.868125],[9.27068,47.870309],[9.270242,47.876399],[9.271147,47.877362],[9.269914,47.880445],[9.26798,47.881929],[9.258939,47.882057],[9.255156,47.88042],[9.245488,47.878442],[9.238441,47.877667],[9.236966,47.875787],[9.23886,47.875017],[9.238824,47.873088],[9.244519,47.870707],[9.245303,47.869402],[9.250704,47.870419],[9.251152,47.867255],[9.249489,47.865488],[9.246674,47.865961],[9.243013,47.86513],[9.242531,47.861469],[9.243827,47.857702],[9.241655,47.855832],[9.242237,47.854754],[9.238535,47.852746],[9.231637,47.855868],[9.225745,47.856925],[9.223354,47.858669],[9.218656,47.857827],[9.217034,47.856357],[9.212612,47.854916],[9.209814,47.853189],[9.206321,47.847918],[9.203522,47.847467],[9.205668,47.845227],[9.201714,47.844778],[9.196765,47.842046],[9.192487,47.841851],[9.190359,47.840914],[9.184265,47.847748],[9.175883,47.845033],[9.1733,47.841346],[9.169374,47.841008],[9.165939,47.841537],[9.166703,47.842916],[9.162977,47.844766],[9.157939,47.84454],[9.155572,47.845187],[9.15172,47.845024],[9.149419,47.84403],[9.141413,47.845002],[9.139983,47.846389],[9.134737,47.847592],[9.128939,47.846781],[9.122401,47.844869],[9.120847,47.842066],[9.113842,47.841288],[9.111777,47.843996],[9.10947,47.84455],[9.107596,47.841999],[9.103823,47.841567],[9.101312,47.843621],[9.099047,47.843927],[9.097801,47.846558],[9.095252,47.846232],[9.092093,47.848395],[9.090888,47.850658],[9.088708,47.850268],[9.086433,47.852772],[9.085017,47.857597],[9.076024,47.858427],[9.074157,47.859136],[9.07014,47.858565],[9.065934,47.85609],[9.065675,47.854202],[9.068629,47.852004],[9.066743,47.848945],[9.069659,47.846572],[9.071664,47.846206],[9.071277,47.84412],[9.073937,47.842067],[9.070701,47.840611],[9.069877,47.838148],[9.072576,47.836784],[9.073301,47.834285],[9.07601,47.83272],[9.079039,47.832338],[9.080618,47.827657],[9.080268,47.824856],[9.078256,47.823475],[9.076534,47.819688],[9.080251,47.817374],[9.083279,47.814701],[9.082254,47.812624],[9.079976,47.81183],[9.077282,47.812307],[9.074823,47.809988],[9.074702,47.808547],[9.070659,47.806923]]]},"properties":{"rs":84350000000,"name":"Bodenseekreis"},"id":"relation/2806623"},{"type":"Feature","geometry":{"type":"Polygon","coordinates":[[[9.604825,48.002124],[9.602426,48.002101],[9.600092,48.003724],[9.59623,48.002096],[9.590623,48.001436],[9.588688,48.002401],[9.58044,48.000189],[9.580016,47.996023],[9.575496,47.994812],[9.572498,47.995103],[9.570597,47.996878],[9.567031,47.99497],[9.564205,47.996987],[9.565621,47.999794],[9.564013,48.002687],[9.555983,48.00478],[9.554292,48.004639],[9.554759,48.001738],[9.557673,47.998445],[9.555316,47.997445],[9.555026,47.99513],[9.556445,47.992718],[9.551207,47.990665],[9.551904,47.988036],[9.557576,47.985259],[9.558752,47.986607],[9.562567,47.98542],[9.564601,47.983407],[9.562573,47.981778],[9.562015,47.976103],[9.564431,47.973124],[9.563134,47.971982],[9.564905,47.969968],[9.562497,47.967273],[9.560527,47.967411],[9.554593,47.970649],[9.54783,47.967086],[9.548484,47.964361],[9.546878,47.963263],[9.542724,47.966382],[9.540165,47.966766],[9.540263,47.969081],[9.535799,47.966822],[9.535447,47.969385],[9.532471,47.972872],[9.531819,47.975114],[9.528806,47.977141],[9.52586,47.982193],[9.522837,47.982235],[9.522821,47.985113],[9.519227,47.987689],[9.519494,47.989694],[9.515377,47.989837],[9.514314,47.984175],[9.51206,47.985294],[9.509583,47.984371],[9.507012,47.976848],[9.504359,47.973994],[9.501618,47.972275],[9.498079,47.972188],[9.496237,47.971006],[9.495871,47.969096],[9.491768,47.966767],[9.491057,47.965099],[9.484651,47.962866],[9.486988,47.960498],[9.480242,47.958378],[9.473393,47.960556],[9.46863,47.962866],[9.462405,47.961353],[9.459097,47.961647],[9.455444,47.964805],[9.453471,47.960223],[9.450661,47.959476],[9.446734,47.956954],[9.444294,47.957426],[9.436623,47.957251],[9.435334,47.959015],[9.431117,47.959182],[9.426663,47.962041],[9.421903,47.962881],[9.424014,47.958991],[9.430212,47.953249],[9.430031,47.95118],[9.424849,47.950525],[9.42508,47.948965],[9.423174,47.946606],[9.424148,47.945376],[9.423113,47.943399],[9.423789,47.941386],[9.426352,47.940008],[9.4217,47.938245],[9.41669,47.938273],[9.416707,47.940571],[9.411959,47.941726],[9.406032,47.941439],[9.406277,47.938921],[9.404535,47.932931],[9.402495,47.932385],[9.401951,47.930097],[9.406247,47.930333],[9.411598,47.923234],[9.411737,47.920221],[9.407052,47.9164],[9.403853,47.916191],[9.39921,47.920074],[9.392377,47.917384],[9.395122,47.916792],[9.397317,47.914488],[9.397831,47.911879],[9.400443,47.910286],[9.399088,47.908601],[9.402046,47.905987],[9.401598,47.902335],[9.397676,47.899195],[9.390075,47.893983],[9.38712,47.890355],[9.384738,47.889122],[9.386462,47.885291],[9.38062,47.884268],[9.375967,47.879456],[9.377267,47.876676],[9.379712,47.873623],[9.378658,47.871332],[9.383349,47.864246],[9.387719,47.86267],[9.389617,47.860832],[9.392569,47.862397],[9.396111,47.862548],[9.397506,47.860825],[9.40112,47.861618],[9.401719,47.857494],[9.400988,47.856037],[9.395776,47.852904],[9.399065,47.849148],[9.401001,47.849673],[9.40296,47.846064],[9.403113,47.838994],[9.402681,47.837317],[9.405024,47.831698],[9.40817,47.831842],[9.411136,47.829326],[9.410647,47.821196],[9.413524,47.819721],[9.419883,47.820071],[9.423213,47.818279],[9.426702,47.820545],[9.429851,47.82402],[9.432575,47.823515],[9.438017,47.825013],[9.440715,47.822511],[9.442128,47.824937],[9.445709,47.826665],[9.448586,47.825296],[9.446145,47.82313],[9.445641,47.820915],[9.44088,47.818743],[9.438208,47.819107],[9.436839,47.817034],[9.438852,47.816377],[9.438097,47.810426],[9.44681,47.812165],[9.452638,47.811424],[9.456961,47.812844],[9.460817,47.810189],[9.462976,47.807828],[9.459967,47.806109],[9.461935,47.804323],[9.460888,47.802103],[9.458991,47.802249],[9.45788,47.799901],[9.46014,47.799496],[9.457005,47.791455],[9.453149,47.788519],[9.443395,47.78512],[9.435418,47.780677],[9.435528,47.778407],[9.433619,47.775485],[9.433606,47.773531],[9.437633,47.773116],[9.440879,47.771714],[9.439753,47.769659],[9.442005,47.767019],[9.442422,47.76383],[9.444525,47.761309],[9.447496,47.762741],[9.448275,47.759123],[9.452162,47.758034],[9.452981,47.756393],[9.458397,47.757064],[9.464492,47.76085],[9.468403,47.764957],[9.473188,47.764797],[9.479487,47.763732],[9.480953,47.76215],[9.484766,47.760304],[9.487283,47.759961],[9.48553,47.75472],[9.492574,47.7528],[9.496513,47.752424],[9.497232,47.754146],[9.499449,47.75432],[9.498685,47.748403],[9.496725,47.744539],[9.495315,47.74468],[9.494231,47.741493],[9.494496,47.73939],[9.493308,47.737461],[9.495591,47.736649],[9.496481,47.734173],[9.499936,47.732925],[9.502947,47.734546],[9.506474,47.735005],[9.511366,47.733481],[9.515956,47.733605],[9.519959,47.731749],[9.526899,47.731213],[9.527727,47.73373],[9.530649,47.733592],[9.532663,47.735255],[9.535399,47.734571],[9.537869,47.735242],[9.540424,47.734254],[9.549968,47.732953],[9.556971,47.732791],[9.558905,47.733648],[9.563123,47.731277],[9.564346,47.731541],[9.56919,47.73665],[9.571267,47.736072],[9.573862,47.733842],[9.577458,47.733637],[9.581029,47.730847],[9.586866,47.728668],[9.58909,47.726348],[9.591826,47.726786],[9.593941,47.725787],[9.597456,47.726378],[9.602401,47.72323],[9.600379,47.722117],[9.602579,47.720697],[9.608306,47.719717],[9.615137,47.715471],[9.613508,47.714781],[9.612719,47.712243],[9.615205,47.71053],[9.617763,47.711315],[9.620456,47.71031],[9.620432,47.708585],[9.623892,47.706467],[9.624254,47.701553],[9.628022,47.701165],[9.630232,47.701917],[9.631884,47.704209],[9.635358,47.704884],[9.6416,47.704854],[9.645799,47.702293],[9.648134,47.703861],[9.656382,47.704344],[9.651358,47.693908],[9.652197,47.691318],[9.654494,47.690261],[9.661254,47.689507],[9.663002,47.687939],[9.663621,47.683362],[9.666326,47.683551],[9.668929,47.685561],[9.67457,47.685918],[9.67816,47.68446],[9.680902,47.681353],[9.688603,47.683101],[9.688165,47.684571],[9.695957,47.688813],[9.699895,47.686568],[9.704825,47.68585],[9.708385,47.686671],[9.717032,47.685459],[9.727341,47.682821],[9.728737,47.681135],[9.728515,47.679165],[9.729949,47.677467],[9.730487,47.673052],[9.730061,47.668214],[9.737176,47.66725],[9.740243,47.665472],[9.738797,47.663787],[9.738841,47.659639],[9.74258,47.656743],[9.744701,47.654255],[9.739704,47.651921],[9.740542,47.650403],[9.740011,47.647875],[9.738201,47.646575],[9.734878,47.646084],[9.7332,47.644751],[9.734395,47.642948],[9.731858,47.641762],[9.729431,47.637739],[9.725998,47.638645],[9.722593,47.637009],[9.724216,47.634269],[9.721814,47.634192],[9.720178,47.637577],[9.714664,47.636571],[9.711946,47.633252],[9.710194,47.632247],[9.706591,47.632028],[9.703214,47.633657],[9.700338,47.636544],[9.698101,47.636434],[9.694513,47.634624],[9.687904,47.6356],[9.68859,47.633145],[9.683335,47.630599],[9.681841,47.628012],[9.685254,47.626041],[9.685995,47.621766],[9.689844,47.621838],[9.692378,47.620487],[9.690667,47.617747],[9.688636,47.616864],[9.689165,47.614486],[9.692467,47.612033],[9.692073,47.610325],[9.692457,47.607328],[9.695043,47.604331],[9.698905,47.60273],[9.703083,47.602021],[9.708514,47.602373],[9.7117,47.604962],[9.712065,47.606548],[9.715294,47.605848],[9.71843,47.607874],[9.722712,47.607735],[9.727091,47.606648],[9.728075,47.609369],[9.73474,47.616021],[9.737415,47.611783],[9.74174,47.614909],[9.745815,47.617207],[9.746427,47.613007],[9.742264,47.610264],[9.743843,47.60771],[9.740525,47.604441],[9.746251,47.604059],[9.749204,47.602933],[9.75638,47.609358],[9.753424,47.611496],[9.754908,47.613847],[9.760921,47.617377],[9.767108,47.61965],[9.770949,47.623519],[9.774749,47.625062],[9.774393,47.626195],[9.77843,47.629098],[9.777813,47.630443],[9.785273,47.630986],[9.788725,47.633321],[9.791768,47.634013],[9.79531,47.635808],[9.800172,47.64475],[9.793424,47.647559],[9.798244,47.649176],[9.801223,47.651027],[9.805823,47.650887],[9.808844,47.651409],[9.813771,47.649464],[9.817328,47.650557],[9.81852,47.653436],[9.823979,47.655955],[9.826875,47.656693],[9.829765,47.659896],[9.828103,47.661082],[9.830667,47.663434],[9.83199,47.668003],[9.830484,47.667942],[9.83055,47.67169],[9.833846,47.673327],[9.839854,47.671724],[9.839054,47.67418],[9.840928,47.675573],[9.840425,47.677494],[9.849901,47.675644],[9.855276,47.676025],[9.860513,47.677413],[9.868781,47.675454],[9.873922,47.676036],[9.876496,47.673537],[9.879278,47.674041],[9.880867,47.672399],[9.880518,47.670637],[9.884418,47.669143],[9.88535,47.666952],[9.887375,47.66554],[9.891434,47.66486],[9.892535,47.663296],[9.89877,47.661405],[9.90267,47.660724],[9.90568,47.661377],[9.914145,47.660456],[9.916412,47.660776],[9.921126,47.657989],[9.92453,47.657369],[9.925774,47.655483],[9.932949,47.653838],[9.937462,47.655248],[9.939626,47.657438],[9.94516,47.654858],[9.951381,47.656297],[9.95438,47.654616],[9.956989,47.654162],[9.95919,47.652023],[9.961123,47.654048],[9.965045,47.653436],[9.970629,47.654155],[9.975259,47.656535],[9.977678,47.66193],[9.97556,47.663723],[9.976639,47.665636],[9.980818,47.667023],[9.987482,47.672636],[9.990169,47.675477],[9.994255,47.677401],[9.996243,47.680031],[10.000756,47.683068],[10.003575,47.683685],[10.008806,47.683737],[10.011943,47.684575],[10.019115,47.685378],[10.028021,47.687808],[10.028769,47.684279],[10.031195,47.682583],[10.030015,47.680157],[10.0278,47.678366],[10.030428,47.674534],[10.033327,47.675776],[10.037194,47.678594],[10.042182,47.675178],[10.04428,47.675378],[10.048135,47.678868],[10.050669,47.679652],[10.054695,47.679618],[10.05867,47.680698],[10.06079,47.677609],[10.064275,47.674884],[10.06439,47.671994],[10.068219,47.663673],[10.075189,47.658305],[10.071633,47.650308],[10.075077,47.648806],[10.073671,47.646918],[10.074041,47.645278],[10.072216,47.643538],[10.073976,47.640436],[10.07719,47.639051],[10.078428,47.640296],[10.076376,47.642437],[10.079389,47.64497],[10.079428,47.647312],[10.081039,47.649532],[10.083185,47.64976],[10.081804,47.654121],[10.090161,47.660299],[10.088524,47.66275],[10.093085,47.662791],[10.09457,47.665239],[10.093071,47.668228],[10.09381,47.669752],[10.091206,47.671575],[10.091347,47.673919],[10.098363,47.669016],[10.101614,47.667316],[10.104236,47.667544],[10.110612,47.666179],[10.113767,47.666263],[10.113456,47.669579],[10.116328,47.669896],[10.117562,47.671406],[10.122984,47.672978],[10.124974,47.674761],[10.129583,47.676038],[10.130825,47.679631],[10.130118,47.681718],[10.132779,47.685282],[10.130363,47.686972],[10.130199,47.688782],[10.128252,47.690712],[10.131858,47.692205],[10.131953,47.693584],[10.139348,47.697924],[10.13978,47.702864],[10.135927,47.706412],[10.133441,47.706252],[10.123933,47.711099],[10.118999,47.715203],[10.115637,47.718768],[10.116322,47.724035],[10.115567,47.725447],[10.116891,47.728915],[10.118353,47.730416],[10.11857,47.734105],[10.115689,47.735666],[10.113523,47.738061],[10.112836,47.741522],[10.115289,47.743372],[10.115612,47.747648],[10.117709,47.748576],[10.118564,47.750521],[10.11498,47.754975],[10.115588,47.758099],[10.11902,47.759485],[10.116219,47.761465],[10.110178,47.7626],[10.10538,47.764874],[10.102891,47.764491],[10.088142,47.769438],[10.086731,47.770408],[10.082694,47.771085],[10.082951,47.774357],[10.085,47.775778],[10.079619,47.781251],[10.077095,47.780144],[10.067475,47.782333],[10.068945,47.784781],[10.066149,47.785598],[10.068166,47.788097],[10.072714,47.789197],[10.074586,47.790339],[10.073895,47.792231],[10.077526,47.793457],[10.080785,47.793781],[10.085665,47.795627],[10.085829,47.796987],[10.089494,47.798114],[10.091929,47.801637],[10.09619,47.80454],[10.102213,47.800506],[10.106095,47.800979],[10.108417,47.800493],[10.110399,47.802043],[10.116743,47.800837],[10.119034,47.802363],[10.116296,47.803342],[10.11437,47.80635],[10.112082,47.808124],[10.115916,47.810926],[10.127893,47.813415],[10.131307,47.811441],[10.131899,47.809676],[10.13795,47.809673],[10.137764,47.81066],[10.133448,47.815221],[10.131193,47.822508],[10.126124,47.822626],[10.123445,47.827107],[10.120382,47.82762],[10.1175,47.829767],[10.11295,47.8369],[10.110795,47.839477],[10.104125,47.841211],[10.102188,47.843381],[10.109644,47.8468],[10.108079,47.849276],[10.107461,47.85296],[10.103861,47.851904],[10.099758,47.846594],[10.096184,47.84785],[10.094111,47.843899],[10.092426,47.844472],[10.094994,47.84828],[10.095129,47.851274],[10.099256,47.851407],[10.099814,47.852599],[10.096814,47.853876],[10.098226,47.855454],[10.100891,47.853613],[10.102197,47.855432],[10.105426,47.856357],[10.104742,47.857751],[10.105469,47.86416],[10.102245,47.865477],[10.097667,47.862428],[10.089736,47.85815],[10.082698,47.856113],[10.080111,47.860545],[10.081802,47.861196],[10.078972,47.864328],[10.080285,47.865408],[10.077241,47.86745],[10.080764,47.869849],[10.084499,47.869181],[10.087858,47.867337],[10.091472,47.867378],[10.097112,47.871318],[10.098101,47.876717],[10.102191,47.876591],[10.107111,47.878505],[10.106477,47.883117],[10.104432,47.882851],[10.101725,47.88431],[10.099322,47.883483],[10.095597,47.88489],[10.09932,47.885989],[10.103142,47.888969],[10.10417,47.893427],[10.101616,47.898516],[10.101631,47.905697],[10.104818,47.905979],[10.103904,47.908769],[10.110406,47.9106],[10.108572,47.915561],[10.112515,47.916527],[10.106848,47.920075],[10.10507,47.922666],[10.105176,47.9243],[10.108178,47.928497],[10.108444,47.931404],[10.110722,47.933179],[10.110795,47.936003],[10.10883,47.938638],[10.105258,47.940295],[10.099484,47.941796],[10.094112,47.944502],[10.090214,47.947356],[10.08748,47.950457],[10.08509,47.955725],[10.084857,47.960398],[10.087111,47.96745],[10.088252,47.969067],[10.092228,47.97185],[10.095272,47.972862],[10.105894,47.974414],[10.100565,47.976025],[10.096946,47.977805],[10.094513,47.97987],[10.08999,47.980792],[10.087889,47.979854],[10.081494,47.975209],[10.080428,47.977204],[10.069687,47.974878],[10.066907,47.973645],[10.065269,47.971129],[10.066452,47.96867],[10.065707,47.967186],[10.059463,47.964938],[10.058889,47.959091],[10.051527,47.952558],[10.047579,47.94977],[10.03584,47.945765],[10.031986,47.945955],[10.029685,47.948346],[10.022072,47.948784],[10.01829,47.950091],[10.01083,47.951143],[10.006516,47.952805],[10.007635,47.956056],[10.006578,47.965968],[10.004953,47.968417],[9.996228,47.965655],[9.991727,47.963742],[9.986637,47.969703],[9.987347,47.971385],[9.985778,47.973011],[9.985735,47.974994],[9.983107,47.97491],[9.979196,47.972802],[9.979844,47.97138],[9.979152,47.967668],[9.974765,47.965723],[9.965733,47.964412],[9.962362,47.96322],[9.959654,47.960018],[9.956765,47.958527],[9.953231,47.958592],[9.949843,47.960067],[9.943949,47.965431],[9.941859,47.963157],[9.935787,47.96439],[9.933325,47.968428],[9.929999,47.967924],[9.925423,47.96594],[9.924101,47.968232],[9.920512,47.972303],[9.922284,47.976927],[9.918039,47.978914],[9.91271,47.983248],[9.909736,47.984728],[9.902953,47.985087],[9.901243,47.983848],[9.896709,47.982506],[9.892146,47.983965],[9.885556,47.981897],[9.88211,47.982252],[9.877804,47.979759],[9.875823,47.9819],[9.869237,47.979746],[9.863378,47.97549],[9.862315,47.96984],[9.859267,47.967687],[9.859639,47.964894],[9.855721,47.962979],[9.852463,47.960002],[9.847218,47.960634],[9.841944,47.957708],[9.840012,47.954194],[9.838584,47.953744],[9.834775,47.95572],[9.833806,47.953207],[9.828901,47.953849],[9.826838,47.960679],[9.814637,47.962042],[9.810925,47.961847],[9.811506,47.9571],[9.809715,47.957443],[9.803211,47.96173],[9.800562,47.960932],[9.800089,47.958034],[9.796824,47.954866],[9.795302,47.95213],[9.793696,47.952737],[9.791534,47.950745],[9.787503,47.955876],[9.78097,47.956521],[9.77869,47.958711],[9.774044,47.957187],[9.769067,47.957476],[9.766763,47.956912],[9.768013,47.964528],[9.769063,47.968266],[9.771611,47.967928],[9.776214,47.968947],[9.773359,47.970854],[9.770572,47.970413],[9.768849,47.9714],[9.763406,47.971818],[9.760023,47.970658],[9.76015,47.97289],[9.752431,47.974714],[9.748181,47.976256],[9.74784,47.973844],[9.742872,47.973825],[9.738093,47.974728],[9.737575,47.976788],[9.731526,47.976537],[9.727517,47.976943],[9.725936,47.980959],[9.720125,47.979139],[9.720564,47.975666],[9.715573,47.974106],[9.713582,47.971633],[9.711758,47.970921],[9.706731,47.972469],[9.706356,47.974268],[9.700791,47.982766],[9.695221,47.983283],[9.691687,47.981543],[9.685915,47.976706],[9.685614,47.972662],[9.684455,47.971076],[9.686374,47.968097],[9.684752,47.967232],[9.681767,47.969044],[9.675198,47.970779],[9.674089,47.972226],[9.670368,47.974078],[9.662842,47.976736],[9.662806,47.974276],[9.658107,47.974482],[9.655636,47.971848],[9.653662,47.968306],[9.64955,47.969129],[9.648591,47.966707],[9.637692,47.967024],[9.634679,47.971944],[9.630982,47.970633],[9.631198,47.96966],[9.627975,47.965874],[9.625631,47.967067],[9.624071,47.965773],[9.620253,47.969934],[9.619986,47.972202],[9.615434,47.976125],[9.613631,47.980701],[9.610623,47.984782],[9.616232,47.988449],[9.615615,47.990458],[9.613305,47.990569],[9.611522,47.996421],[9.606962,47.997304],[9.60734,47.999848],[9.604825,48.002124]]]},"properties":{"rs":84360000000,"name":"Landkreis Ravensburg"},"id":"relation/2808774"},{"type":"Feature","geometry":{"type":"MultiPolygon","coordinates":[[[[9.98738,48.72715],[9.98967,48.720315],[9.994659,48.713821],[9.99221,48.705035],[9.985666,48.703839],[9.982872,48.70435],[9.980039,48.707602],[9.977314,48.706926],[9.974195,48.704772],[9.972609,48.702755],[9.97205,48.698964],[9.972465,48.696603],[9.968835,48.695663],[9.965643,48.696516],[9.964509,48.694907],[9.965367,48.686112],[9.967386,48.686648],[9.96928,48.683756],[9.97006,48.679783],[9.969354,48.676945],[9.9707,48.675172],[9.968378,48.671625],[9.963687,48.669454],[9.962498,48.667958],[9.956934,48.666584],[9.955698,48.6679],[9.94904,48.666077],[9.951312,48.664904],[9.947165,48.663013],[9.94399,48.663089],[9.93741,48.665569],[9.931278,48.666856],[9.93079,48.663304],[9.928068,48.660783],[9.925414,48.660123],[9.9303,48.657755],[9.929678,48.654183],[9.930408,48.651905],[9.925506,48.652505],[9.922458,48.648447],[9.920893,48.648592],[9.920148,48.645123],[9.921622,48.644796],[9.921133,48.636962],[9.924794,48.636619],[9.925027,48.638644],[9.927673,48.639227],[9.931883,48.638001],[9.937694,48.637449],[9.945387,48.635296],[9.943547,48.633688],[9.945026,48.631915],[9.948346,48.631145],[9.947706,48.629339],[9.948423,48.625347],[9.94955,48.623211],[9.952876,48.623373],[9.955582,48.624736],[9.959425,48.621214],[9.957088,48.620823],[9.957836,48.618549],[9.960183,48.618948],[9.96262,48.61744],[9.965873,48.616803],[9.96935,48.615085],[9.968396,48.611216],[9.96923,48.60843],[9.967158,48.605597],[9.961248,48.603585],[9.962283,48.601026],[9.964474,48.600945],[9.963082,48.597527],[9.964472,48.594968],[9.968223,48.595151],[9.976774,48.597736],[9.981561,48.59723],[9.982462,48.595533],[9.9885,48.597087],[9.991485,48.596586],[9.993193,48.597603],[9.991665,48.600651],[9.993434,48.602279],[9.992335,48.604645],[9.998465,48.607115],[10.003563,48.603961],[10.00838,48.60332],[10.015819,48.604347],[10.017,48.605384],[10.021693,48.605034],[10.024044,48.603877],[10.026771,48.604875],[10.027739,48.606365],[10.033223,48.605689],[10.040303,48.606922],[10.040875,48.604574],[10.043748,48.602383],[10.046422,48.601474],[10.045205,48.598544],[10.047371,48.595589],[10.049461,48.594903],[10.051242,48.592352],[10.058935,48.589076],[10.057322,48.586139],[10.065679,48.586652],[10.073075,48.58414],[10.080157,48.583526],[10.08558,48.581143],[10.089036,48.580535],[10.093251,48.578399],[10.097993,48.577825],[10.10033,48.574161],[10.105723,48.570422],[10.109735,48.569842],[10.108963,48.568149],[10.110046,48.566373],[10.11019,48.563227],[10.114121,48.555985],[10.117113,48.556252],[10.121357,48.558886],[10.123769,48.558876],[10.126252,48.557529],[10.13108,48.556066],[10.134804,48.557302],[10.135428,48.555344],[10.14088,48.555853],[10.144886,48.553769],[10.148744,48.552817],[10.151132,48.55123],[10.153148,48.551286],[10.153325,48.55517],[10.154985,48.556521],[10.159596,48.55724],[10.166675,48.554479],[10.168007,48.550329],[10.17139,48.549285],[10.178494,48.550019],[10.180311,48.551571],[10.183161,48.5568],[10.186236,48.558622],[10.187384,48.556795],[10.186324,48.552593],[10.187396,48.551048],[10.193055,48.551572],[10.193218,48.550173],[10.187908,48.549773],[10.189124,48.548285],[10.192132,48.547676],[10.193947,48.5457],[10.188968,48.545303],[10.191659,48.54205],[10.194817,48.541387],[10.20072,48.542552],[10.202825,48.541574],[10.203417,48.537073],[10.204867,48.537371],[10.20663,48.534237],[10.211252,48.534959],[10.211669,48.532484],[10.21493,48.533172],[10.21495,48.531059],[10.209811,48.532055],[10.213298,48.527589],[10.213743,48.525049],[10.21682,48.523598],[10.213533,48.521623],[10.215357,48.519436],[10.212852,48.518129],[10.2171,48.513953],[10.220007,48.512826],[10.225339,48.514249],[10.227633,48.510663],[10.230965,48.51049],[10.234437,48.512002],[10.238701,48.512077],[10.246752,48.510139],[10.249883,48.511525],[10.248161,48.515584],[10.250415,48.516761],[10.252405,48.514598],[10.255332,48.516017],[10.2538,48.518478],[10.264448,48.520105],[10.266118,48.517571],[10.268764,48.518357],[10.272433,48.517705],[10.272971,48.515834],[10.278172,48.51606],[10.285588,48.517815],[10.286836,48.516015],[10.295829,48.517426],[10.296323,48.516877],[10.312067,48.522946],[10.309168,48.526371],[10.314532,48.526491],[10.312229,48.530106],[10.309638,48.529104],[10.30596,48.528935],[10.303176,48.529995],[10.301609,48.537172],[10.303901,48.538275],[10.301703,48.541302],[10.302772,48.545067],[10.302363,48.547593],[10.304157,48.548093],[10.305219,48.550795],[10.310056,48.551122],[10.315977,48.555768],[10.312985,48.555935],[10.31363,48.560769],[10.313235,48.56569],[10.311905,48.569884],[10.310029,48.572131],[10.309331,48.574637],[10.310714,48.576726],[10.306163,48.584265],[10.302896,48.584626],[10.297027,48.588713],[10.293113,48.589743],[10.295159,48.59252],[10.29582,48.594832],[10.295288,48.600385],[10.298127,48.599798],[10.297063,48.603985],[10.301725,48.605112],[10.307212,48.603218],[10.308499,48.604907],[10.320197,48.604095],[10.320711,48.605321],[10.318732,48.607446],[10.322701,48.609436],[10.308668,48.617349],[10.297757,48.6242],[10.297187,48.626709],[10.294557,48.631488],[10.295132,48.63362],[10.289413,48.63461],[10.289451,48.636107],[10.284415,48.636668],[10.284069,48.63868],[10.279838,48.640547],[10.279172,48.642546],[10.280267,48.646763],[10.268271,48.646617],[10.2699,48.650079],[10.267747,48.652926],[10.263302,48.653535],[10.262985,48.657454],[10.266796,48.657697],[10.265257,48.660059],[10.262764,48.660057],[10.255942,48.662901],[10.254307,48.665967],[10.257304,48.668955],[10.263158,48.67175],[10.25971,48.67465],[10.255181,48.677413],[10.256072,48.680491],[10.258411,48.680715],[10.26477,48.679773],[10.267774,48.679951],[10.264244,48.682644],[10.267279,48.684381],[10.27279,48.685694],[10.268845,48.697525],[10.268208,48.701256],[10.268718,48.703675],[10.282792,48.70079],[10.288574,48.697168],[10.293912,48.691927],[10.29812,48.690854],[10.302343,48.690548],[10.306715,48.687099],[10.315069,48.683407],[10.318415,48.683527],[10.318337,48.687689],[10.323451,48.688259],[10.32495,48.690289],[10.330091,48.690693],[10.333438,48.689627],[10.337026,48.687488],[10.34729,48.679378],[10.3479,48.676243],[10.346205,48.674373],[10.348474,48.673318],[10.350215,48.669666],[10.351144,48.666046],[10.348396,48.665382],[10.349188,48.663369],[10.3481,48.659699],[10.352851,48.65816],[10.35112,48.654631],[10.362154,48.65365],[10.364688,48.655289],[10.366933,48.65934],[10.366947,48.662219],[10.368442,48.663776],[10.373505,48.662988],[10.376631,48.664148],[10.378483,48.666174],[10.382625,48.665297],[10.383946,48.666988],[10.386643,48.66673],[10.389512,48.668004],[10.386651,48.674096],[10.390735,48.674738],[10.390049,48.677423],[10.392592,48.677953],[10.391922,48.682464],[10.393286,48.684292],[10.392004,48.687082],[10.39351,48.689188],[10.39935,48.690175],[10.398895,48.691343],[10.401549,48.693339],[10.407593,48.694625],[10.4052,48.696366],[10.406221,48.698239],[10.413488,48.698649],[10.417833,48.696638],[10.420701,48.694035],[10.428289,48.696938],[10.428877,48.69847],[10.432095,48.698248],[10.438587,48.695455],[10.439437,48.693081],[10.438375,48.691108],[10.43392,48.690747],[10.434619,48.687609],[10.42995,48.68609],[10.427231,48.688657],[10.426622,48.691627],[10.42275,48.690527],[10.422055,48.688373],[10.42234,48.684205],[10.418752,48.682584],[10.422522,48.680869],[10.423534,48.675033],[10.426111,48.673251],[10.424644,48.671069],[10.420614,48.669941],[10.417721,48.672593],[10.41461,48.670922],[10.41577,48.66961],[10.411401,48.668091],[10.408506,48.667773],[10.410505,48.660995],[10.412893,48.662309],[10.419687,48.663015],[10.424183,48.662598],[10.428365,48.6641],[10.429051,48.661879],[10.43271,48.661373],[10.433002,48.664016],[10.435308,48.664698],[10.441295,48.664867],[10.441786,48.666493],[10.449003,48.665488],[10.452452,48.667877],[10.454938,48.670523],[10.465123,48.670663],[10.477126,48.679501],[10.481443,48.681534],[10.480749,48.683126],[10.481917,48.686553],[10.48575,48.687366],[10.489415,48.685982],[10.492609,48.686028],[10.495627,48.688347],[10.491471,48.690764],[10.486646,48.692448],[10.487395,48.696696],[10.483999,48.696639],[10.479682,48.694754],[10.480182,48.699952],[10.478461,48.701483],[10.47166,48.702845],[10.471473,48.704666],[10.475158,48.705678],[10.477707,48.704897],[10.483135,48.707608],[10.481891,48.709634],[10.481791,48.712653],[10.473634,48.711978],[10.471026,48.714456],[10.468166,48.715271],[10.468526,48.718275],[10.467121,48.721826],[10.461906,48.72256],[10.462304,48.724257],[10.465655,48.724071],[10.465124,48.727802],[10.461588,48.729455],[10.454922,48.729373],[10.459674,48.733495],[10.462997,48.735164],[10.460548,48.736278],[10.454584,48.733831],[10.450091,48.735005],[10.450017,48.732272],[10.447958,48.727474],[10.44658,48.729859],[10.442844,48.730613],[10.443159,48.732423],[10.440676,48.733832],[10.438648,48.73796],[10.435704,48.73876],[10.43231,48.737371],[10.430854,48.738023],[10.43323,48.741293],[10.427799,48.743083],[10.426741,48.744413],[10.423563,48.744188],[10.418633,48.741838],[10.411884,48.742434],[10.410719,48.74072],[10.404695,48.74038],[10.403039,48.741926],[10.398371,48.742712],[10.397805,48.747361],[10.385871,48.748252],[10.386583,48.745602],[10.384892,48.743901],[10.386553,48.740826],[10.382909,48.738458],[10.380723,48.739235],[10.375342,48.737688],[10.36873,48.738871],[10.365839,48.743993],[10.363263,48.743475],[10.36335,48.740395],[10.362491,48.736152],[10.36383,48.734339],[10.360113,48.732698],[10.358419,48.730532],[10.35499,48.731352],[10.350578,48.734098],[10.346283,48.733471],[10.345693,48.731193],[10.342464,48.730701],[10.33964,48.732532],[10.336009,48.731984],[10.334979,48.733992],[10.332397,48.732958],[10.325497,48.732825],[10.320846,48.73162],[10.318411,48.732941],[10.329712,48.736714],[10.331863,48.739043],[10.323352,48.737725],[10.317967,48.738699],[10.317196,48.740679],[10.308512,48.739542],[10.30869,48.742129],[10.303028,48.74281],[10.295721,48.745441],[10.295918,48.747655],[10.292623,48.74736],[10.288818,48.750532],[10.289618,48.752337],[10.288851,48.754523],[10.283314,48.753817],[10.282239,48.755564],[10.275474,48.755075],[10.275623,48.756436],[10.26831,48.756673],[10.26503,48.757564],[10.261708,48.759717],[10.256805,48.761491],[10.252104,48.76195],[10.251292,48.762877],[10.253496,48.767395],[10.250167,48.770751],[10.244852,48.77046],[10.241958,48.769342],[10.240048,48.772536],[10.233343,48.772901],[10.227034,48.771632],[10.227302,48.774534],[10.224497,48.78066],[10.221074,48.783114],[10.214796,48.78323],[10.211616,48.781715],[10.207802,48.780976],[10.199982,48.777242],[10.194757,48.776564],[10.194135,48.77815],[10.17957,48.776766],[10.180143,48.76809],[10.179792,48.764572],[10.176621,48.757681],[10.175476,48.753032],[10.175782,48.748172],[10.170433,48.749512],[10.171592,48.751873],[10.170865,48.753577],[10.163887,48.755481],[10.161044,48.76041],[10.160376,48.766394],[10.164901,48.768193],[10.164659,48.771095],[10.15832,48.770687],[10.153583,48.771217],[10.150025,48.773013],[10.153672,48.778419],[10.149736,48.780422],[10.152878,48.785363],[10.150838,48.787178],[10.144638,48.785107],[10.14746,48.78299],[10.142035,48.779503],[10.140274,48.773997],[10.135405,48.775728],[10.133034,48.769795],[10.135396,48.769232],[10.134224,48.766138],[10.123764,48.765795],[10.118343,48.76471],[10.11764,48.760208],[10.112382,48.759206],[10.109342,48.7601],[10.104525,48.759653],[10.101782,48.763033],[10.099674,48.763039],[10.097674,48.760962],[10.096993,48.755588],[10.09549,48.753288],[10.089968,48.754716],[10.090239,48.757094],[10.085343,48.757008],[10.078324,48.75332],[10.074643,48.750831],[10.06996,48.748815],[10.069331,48.746899],[10.063346,48.74759],[10.058728,48.746271],[10.051599,48.746205],[10.045123,48.747304],[10.048626,48.750085],[10.046627,48.757521],[10.041048,48.758755],[10.038551,48.7614],[10.038838,48.764435],[10.037046,48.765381],[10.034372,48.764613],[10.027524,48.765991],[10.023239,48.765312],[10.016618,48.762032],[10.015718,48.759925],[10.012139,48.757577],[10.012507,48.755041],[10.01004,48.752045],[10.012789,48.749566],[10.014034,48.745658],[10.017303,48.740278],[10.018236,48.736018],[10.01555,48.732765],[10.014194,48.733157],[10.007823,48.732054],[10.007031,48.736227],[10.005862,48.737535],[10.002327,48.737015],[10.002803,48.734828],[10.005633,48.733982],[10.004759,48.73158],[9.995858,48.729008],[9.997269,48.726596],[9.98738,48.72715]]],[[[10.23745,48.500169],[10.242605,48.500027],[10.240967,48.506034],[10.234461,48.505677],[10.23745,48.500169]]]]},"properties":{"rs":81350000000,"name":"Landkreis Heidenheim"},"id":"relation/2812850"},{"type":"Feature","geometry":{"type":"MultiPolygon","coordinates":[[[[9.314319,48.774469],[9.307883,48.773861],[9.304669,48.774169],[9.302328,48.775768],[9.296579,48.773641],[9.297293,48.772895],[9.292913,48.770542],[9.289437,48.769975],[9.288369,48.768816],[9.280395,48.768206],[9.27646,48.770018],[9.274792,48.767705],[9.274433,48.764951],[9.272337,48.762464],[9.274596,48.76157],[9.275606,48.756502],[9.27228,48.755807],[9.270698,48.756802],[9.265156,48.748762],[9.259953,48.744814],[9.260559,48.743598],[9.252673,48.741906],[9.251638,48.740115],[9.246847,48.742018],[9.245103,48.744302],[9.242757,48.741933],[9.23997,48.737565],[9.237727,48.736174],[9.234396,48.737722],[9.232024,48.735457],[9.225912,48.735053],[9.226385,48.731465],[9.222227,48.731467],[9.219783,48.732544],[9.215237,48.731921],[9.212529,48.728779],[9.212481,48.726392],[9.216553,48.723763],[9.218959,48.720694],[9.221577,48.719017],[9.224706,48.71483],[9.229209,48.711666],[9.230698,48.709612],[9.234629,48.711336],[9.239894,48.711215],[9.241091,48.708983],[9.238694,48.706324],[9.238217,48.70404],[9.239339,48.697387],[9.243817,48.697148],[9.244948,48.694556],[9.226788,48.692502],[9.222449,48.692201],[9.205008,48.692315],[9.198641,48.693207],[9.191283,48.695845],[9.175127,48.703488],[9.169505,48.705372],[9.143739,48.70906],[9.139699,48.709449],[9.134172,48.70924],[9.121743,48.708048],[9.113358,48.708999],[9.10641,48.710507],[9.093949,48.705814],[9.099777,48.702533],[9.102108,48.704296],[9.106327,48.701457],[9.108504,48.698077],[9.107041,48.695091],[9.114055,48.690412],[9.10976,48.688927],[9.107491,48.687136],[9.100135,48.687722],[9.095816,48.685852],[9.090174,48.684853],[9.087685,48.683637],[9.085155,48.680837],[9.085921,48.679598],[9.084884,48.676847],[9.085922,48.67457],[9.088175,48.673592],[9.0901,48.674687],[9.093047,48.673708],[9.093523,48.677994],[9.096052,48.680585],[9.098281,48.679074],[9.10751,48.67754],[9.115207,48.67732],[9.117542,48.678794],[9.122509,48.676674],[9.123856,48.67265],[9.126159,48.672261],[9.12713,48.670616],[9.132137,48.669926],[9.134947,48.667551],[9.140061,48.664767],[9.145909,48.664475],[9.149676,48.662151],[9.150458,48.660181],[9.153258,48.658707],[9.158346,48.651143],[9.159679,48.648363],[9.16509,48.644422],[9.168505,48.639337],[9.16853,48.637927],[9.170912,48.636734],[9.172514,48.63303],[9.168127,48.634239],[9.165074,48.632522],[9.165509,48.630405],[9.167795,48.625831],[9.167635,48.624825],[9.16036,48.621933],[9.153835,48.621014],[9.144003,48.618114],[9.149068,48.61258],[9.149792,48.606547],[9.151356,48.604877],[9.155434,48.605912],[9.161914,48.604943],[9.165909,48.605286],[9.170763,48.604835],[9.175521,48.60525],[9.179756,48.603689],[9.184168,48.598679],[9.185762,48.598277],[9.196692,48.601454],[9.202952,48.604016],[9.20516,48.603269],[9.207208,48.599053],[9.205258,48.596456],[9.205687,48.593144],[9.202814,48.591933],[9.198092,48.591603],[9.197769,48.588136],[9.20293,48.58651],[9.206497,48.583677],[9.208267,48.579135],[9.207341,48.574092],[9.208546,48.572471],[9.216593,48.567802],[9.223359,48.567668],[9.225151,48.566318],[9.228171,48.567802],[9.229579,48.572348],[9.231844,48.571568],[9.234985,48.574853],[9.23646,48.574437],[9.237441,48.57847],[9.24117,48.578614],[9.24162,48.576438],[9.247427,48.57448],[9.252207,48.571874],[9.254424,48.568319],[9.259922,48.569235],[9.26192,48.56677],[9.26806,48.565793],[9.273375,48.567004],[9.276719,48.566935],[9.27911,48.568493],[9.281919,48.56636],[9.284483,48.566852],[9.285436,48.565195],[9.289354,48.566183],[9.293994,48.565355],[9.29571,48.565765],[9.297212,48.5685],[9.29619,48.569715],[9.29978,48.575524],[9.303889,48.577207],[9.307514,48.57699],[9.31142,48.581028],[9.314749,48.580389],[9.315994,48.578696],[9.319712,48.577006],[9.322776,48.574113],[9.321416,48.568976],[9.312624,48.564722],[9.311578,48.562827],[9.314936,48.561965],[9.31926,48.559414],[9.320712,48.556507],[9.316975,48.554616],[9.31917,48.552483],[9.316415,48.551279],[9.317616,48.550013],[9.313991,48.547361],[9.314564,48.546252],[9.318347,48.546455],[9.320419,48.54799],[9.322449,48.546976],[9.327079,48.540559],[9.331351,48.540425],[9.336691,48.543565],[9.337571,48.547235],[9.340159,48.548393],[9.343553,48.546265],[9.348496,48.545106],[9.349582,48.543766],[9.353759,48.543234],[9.358376,48.54448],[9.362611,48.542835],[9.365934,48.539317],[9.369488,48.534493],[9.373833,48.533874],[9.37899,48.53451],[9.379849,48.535386],[9.38421,48.535681],[9.385987,48.534421],[9.389869,48.534475],[9.391215,48.531983],[9.393554,48.530858],[9.395585,48.531374],[9.397593,48.533454],[9.400479,48.534615],[9.40688,48.535578],[9.40626,48.537862],[9.408622,48.538978],[9.41413,48.535754],[9.418396,48.536232],[9.41953,48.537654],[9.416887,48.538581],[9.420837,48.541808],[9.424343,48.540827],[9.426303,48.543782],[9.429914,48.543734],[9.435895,48.540598],[9.439825,48.540139],[9.440598,48.542465],[9.444783,48.544179],[9.449075,48.545111],[9.450657,48.546397],[9.455702,48.544739],[9.463204,48.544466],[9.46426,48.543796],[9.4641,48.54031],[9.466595,48.538816],[9.472055,48.538401],[9.474113,48.536976],[9.48268,48.535176],[9.490273,48.530511],[9.489234,48.527605],[9.482227,48.528301],[9.479245,48.527193],[9.480529,48.52518],[9.480125,48.523475],[9.476134,48.523881],[9.473785,48.522926],[9.474687,48.521161],[9.466106,48.51612],[9.46835,48.513536],[9.473989,48.512357],[9.471993,48.515417],[9.47949,48.518249],[9.490856,48.517462],[9.488604,48.520108],[9.490728,48.52111],[9.494671,48.520715],[9.497518,48.521704],[9.4974,48.517856],[9.498535,48.514713],[9.501773,48.512492],[9.505786,48.514526],[9.502576,48.517342],[9.506732,48.518416],[9.50971,48.521009],[9.508603,48.523748],[9.504334,48.526901],[9.510136,48.526372],[9.510665,48.523331],[9.512251,48.52185],[9.516093,48.520342],[9.518135,48.518437],[9.520307,48.518034],[9.521925,48.519937],[9.524756,48.515778],[9.528678,48.51554],[9.530976,48.513594],[9.533153,48.516676],[9.532362,48.51791],[9.535337,48.521419],[9.533392,48.521734],[9.532024,48.526967],[9.539592,48.527296],[9.541848,48.526454],[9.544867,48.527831],[9.55134,48.528884],[9.556013,48.531165],[9.559672,48.531955],[9.564599,48.535339],[9.564989,48.537237],[9.569964,48.539318],[9.573194,48.539977],[9.579214,48.538789],[9.582512,48.538986],[9.581443,48.540431],[9.576901,48.542363],[9.578751,48.546561],[9.573196,48.545965],[9.562304,48.548377],[9.561282,48.551623],[9.563818,48.555813],[9.569463,48.558385],[9.570348,48.559671],[9.567178,48.561083],[9.573023,48.565035],[9.574248,48.567284],[9.577881,48.568237],[9.578573,48.571369],[9.583707,48.572821],[9.588978,48.57198],[9.591281,48.572215],[9.593483,48.574322],[9.593186,48.581964],[9.594841,48.583804],[9.595874,48.591372],[9.592312,48.593953],[9.592795,48.596849],[9.591971,48.599313],[9.588138,48.60436],[9.58955,48.606947],[9.592862,48.607728],[9.595913,48.61038],[9.593706,48.613557],[9.594123,48.61653],[9.586256,48.617884],[9.582348,48.619746],[9.580718,48.623802],[9.578235,48.624995],[9.573585,48.625625],[9.567026,48.628768],[9.560169,48.630176],[9.554657,48.6302],[9.553899,48.631317],[9.546181,48.630392],[9.537849,48.630838],[9.535015,48.632201],[9.535892,48.635268],[9.540216,48.636129],[9.542296,48.637566],[9.550488,48.639005],[9.55638,48.640803],[9.555646,48.642044],[9.550495,48.642816],[9.550118,48.646449],[9.552552,48.646793],[9.554916,48.648385],[9.554966,48.655181],[9.55453,48.655928],[9.549113,48.655325],[9.545206,48.657422],[9.538956,48.659779],[9.532,48.659892],[9.527006,48.657877],[9.523516,48.657769],[9.523424,48.659427],[9.520777,48.659804],[9.515871,48.658591],[9.514031,48.657197],[9.508656,48.657026],[9.510506,48.659421],[9.505865,48.663709],[9.502859,48.663065],[9.500378,48.666524],[9.493027,48.666165],[9.495234,48.66982],[9.492353,48.674923],[9.492033,48.68059],[9.489533,48.680675],[9.489169,48.684808],[9.492603,48.686081],[9.488339,48.687233],[9.489429,48.688871],[9.48906,48.691946],[9.490676,48.693888],[9.490339,48.696727],[9.493891,48.698067],[9.493372,48.700412],[9.491496,48.701052],[9.491477,48.703184],[9.487553,48.703679],[9.484842,48.705946],[9.483574,48.708526],[9.490241,48.710839],[9.49342,48.713644],[9.491913,48.717018],[9.492561,48.718756],[9.490728,48.722777],[9.486945,48.725024],[9.487411,48.726992],[9.489786,48.728334],[9.494245,48.729541],[9.49463,48.731856],[9.496402,48.734316],[9.496779,48.737064],[9.502119,48.739756],[9.506052,48.743465],[9.509195,48.74797],[9.510771,48.749324],[9.504747,48.751631],[9.502262,48.753106],[9.497128,48.756222],[9.496652,48.758717],[9.49395,48.762964],[9.494406,48.766367],[9.492563,48.767413],[9.488366,48.765579],[9.48475,48.765272],[9.480259,48.76681],[9.476883,48.76885],[9.471478,48.774187],[9.463348,48.770542],[9.457439,48.773426],[9.457176,48.775284],[9.453309,48.77519],[9.450856,48.776664],[9.445201,48.777636],[9.440277,48.776189],[9.435522,48.77541],[9.435975,48.774057],[9.433423,48.771507],[9.428271,48.767807],[9.429735,48.76492],[9.421521,48.763309],[9.418828,48.764884],[9.415106,48.765248],[9.413368,48.76707],[9.412812,48.7709],[9.409932,48.773257],[9.409097,48.776749],[9.405951,48.777942],[9.401567,48.78225],[9.39692,48.785632],[9.390295,48.788271],[9.382266,48.782372],[9.386332,48.776762],[9.386644,48.770405],[9.378978,48.769935],[9.37766,48.772434],[9.374234,48.770711],[9.371816,48.770979],[9.366666,48.76956],[9.362546,48.770785],[9.360313,48.772664],[9.356568,48.774352],[9.352378,48.771575],[9.352631,48.769775],[9.347894,48.769368],[9.344965,48.769829],[9.341695,48.76745],[9.335837,48.765428],[9.334155,48.768335],[9.332268,48.768982],[9.32646,48.768094],[9.321721,48.769934],[9.320541,48.771601],[9.315156,48.773099],[9.314319,48.774469]]],[[[9.171877,48.604449],[9.164183,48.604372],[9.163884,48.601408],[9.168094,48.600584],[9.163873,48.597445],[9.17126,48.59854],[9.171877,48.604449]]]]},"properties":{"rs":81160000000,"name":"Landkreis Esslingen"},"id":"relation/2812851"},{"type":"Feature","geometry":{"type":"Polygon","coordinates":[[[9.502262,48.753106],[9.504747,48.751631],[9.510771,48.749324],[9.509195,48.74797],[9.506052,48.743465],[9.502119,48.739756],[9.496779,48.737064],[9.496402,48.734316],[9.49463,48.731856],[9.494245,48.729541],[9.489786,48.728334],[9.487411,48.726992],[9.486945,48.725024],[9.490728,48.722777],[9.492561,48.718756],[9.491913,48.717018],[9.49342,48.713644],[9.490241,48.710839],[9.483574,48.708526],[9.484842,48.705946],[9.487553,48.703679],[9.491477,48.703184],[9.491496,48.701052],[9.493372,48.700412],[9.493891,48.698067],[9.490339,48.696727],[9.490676,48.693888],[9.48906,48.691946],[9.489429,48.688871],[9.488339,48.687233],[9.492603,48.686081],[9.489169,48.684808],[9.489533,48.680675],[9.492033,48.68059],[9.492353,48.674923],[9.495234,48.66982],[9.493027,48.666165],[9.500378,48.666524],[9.502859,48.663065],[9.505865,48.663709],[9.510506,48.659421],[9.508656,48.657026],[9.514031,48.657197],[9.515871,48.658591],[9.520777,48.659804],[9.523424,48.659427],[9.523516,48.657769],[9.527006,48.657877],[9.532,48.659892],[9.538956,48.659779],[9.545206,48.657422],[9.549113,48.655325],[9.55453,48.655928],[9.554966,48.655181],[9.554916,48.648385],[9.552552,48.646793],[9.550118,48.646449],[9.550495,48.642816],[9.555646,48.642044],[9.55638,48.640803],[9.550488,48.639005],[9.542296,48.637566],[9.540216,48.636129],[9.535892,48.635268],[9.535015,48.632201],[9.537849,48.630838],[9.546181,48.630392],[9.553899,48.631317],[9.554657,48.6302],[9.560169,48.630176],[9.567026,48.628768],[9.573585,48.625625],[9.578235,48.624995],[9.580718,48.623802],[9.582348,48.619746],[9.586256,48.617884],[9.594123,48.61653],[9.593706,48.613557],[9.595913,48.61038],[9.592862,48.607728],[9.58955,48.606947],[9.588138,48.60436],[9.591971,48.599313],[9.592795,48.596849],[9.592312,48.593953],[9.595874,48.591372],[9.594841,48.583804],[9.593186,48.581964],[9.593483,48.574322],[9.591281,48.572215],[9.588978,48.57198],[9.583707,48.572821],[9.578573,48.571369],[9.577881,48.568237],[9.574248,48.567284],[9.573023,48.565035],[9.567178,48.561083],[9.570348,48.559671],[9.569463,48.558385],[9.563818,48.555813],[9.561282,48.551623],[9.562304,48.548377],[9.573196,48.545965],[9.578751,48.546561],[9.576901,48.542363],[9.581443,48.540431],[9.582512,48.538986],[9.584904,48.536903],[9.587128,48.539574],[9.594038,48.540155],[9.599688,48.538332],[9.60203,48.540017],[9.603673,48.539269],[9.610361,48.540684],[9.614869,48.539101],[9.615653,48.537054],[9.627384,48.537325],[9.632486,48.537195],[9.635378,48.533621],[9.639448,48.533015],[9.639278,48.530905],[9.648655,48.524777],[9.654068,48.520719],[9.65557,48.518869],[9.659161,48.519276],[9.656762,48.521144],[9.656156,48.524036],[9.666086,48.52481],[9.672765,48.522781],[9.677385,48.523195],[9.68482,48.519821],[9.686603,48.517461],[9.68845,48.519601],[9.684593,48.522998],[9.681824,48.524465],[9.687109,48.528755],[9.690099,48.529839],[9.690347,48.53456],[9.694876,48.535517],[9.696609,48.53703],[9.69408,48.541042],[9.697494,48.540339],[9.703509,48.540535],[9.705063,48.541292],[9.709071,48.541227],[9.709874,48.543202],[9.70822,48.545169],[9.713496,48.54559],[9.714036,48.544619],[9.719819,48.545144],[9.722896,48.546785],[9.722787,48.551296],[9.719265,48.557098],[9.723443,48.558284],[9.727066,48.560855],[9.726044,48.561976],[9.730108,48.563408],[9.732015,48.561647],[9.735272,48.560699],[9.740286,48.56057],[9.740184,48.561821],[9.744432,48.563744],[9.747606,48.562516],[9.75241,48.563118],[9.758103,48.560953],[9.763187,48.559976],[9.764845,48.561333],[9.765064,48.564037],[9.770042,48.56621],[9.7718,48.564518],[9.775836,48.56559],[9.777743,48.563448],[9.778957,48.560362],[9.78725,48.559758],[9.790677,48.558707],[9.797695,48.558733],[9.798597,48.556543],[9.802124,48.557257],[9.809772,48.557279],[9.812046,48.558555],[9.815937,48.558624],[9.820355,48.561402],[9.81792,48.56272],[9.817602,48.564954],[9.821788,48.565349],[9.82454,48.563877],[9.8288,48.56541],[9.83103,48.570122],[9.835506,48.574039],[9.83435,48.577329],[9.837458,48.579123],[9.839387,48.582853],[9.838829,48.585824],[9.845165,48.584822],[9.851186,48.582926],[9.853355,48.583987],[9.859969,48.584363],[9.862365,48.586086],[9.861368,48.588696],[9.866226,48.58832],[9.868336,48.590664],[9.870916,48.589231],[9.882579,48.603575],[9.884408,48.60524],[9.894061,48.611424],[9.895608,48.611265],[9.898125,48.615398],[9.887774,48.615743],[9.889735,48.61991],[9.892198,48.622509],[9.896819,48.62135],[9.900981,48.623105],[9.910555,48.622988],[9.913814,48.62327],[9.913118,48.625826],[9.916014,48.626383],[9.921601,48.626199],[9.921174,48.628161],[9.923894,48.629781],[9.92916,48.629753],[9.933362,48.63088],[9.937287,48.630264],[9.942818,48.631907],[9.945026,48.631915],[9.943547,48.633688],[9.945387,48.635296],[9.937694,48.637449],[9.931883,48.638001],[9.927673,48.639227],[9.925027,48.638644],[9.924794,48.636619],[9.921133,48.636962],[9.921622,48.644796],[9.920148,48.645123],[9.920893,48.648592],[9.922458,48.648447],[9.925506,48.652505],[9.930408,48.651905],[9.929678,48.654183],[9.9303,48.657755],[9.925414,48.660123],[9.928068,48.660783],[9.93079,48.663304],[9.931278,48.666856],[9.93741,48.665569],[9.94399,48.663089],[9.947165,48.663013],[9.951312,48.664904],[9.94904,48.666077],[9.955698,48.6679],[9.956934,48.666584],[9.962498,48.667958],[9.963687,48.669454],[9.968378,48.671625],[9.9707,48.675172],[9.969354,48.676945],[9.97006,48.679783],[9.96928,48.683756],[9.967386,48.686648],[9.965367,48.686112],[9.964509,48.694907],[9.965643,48.696516],[9.968835,48.695663],[9.972465,48.696603],[9.97205,48.698964],[9.972609,48.702755],[9.974195,48.704772],[9.977314,48.706926],[9.980039,48.707602],[9.982872,48.70435],[9.985666,48.703839],[9.99221,48.705035],[9.994659,48.713821],[9.98967,48.720315],[9.98738,48.72715],[9.98082,48.728214],[9.969958,48.725135],[9.963912,48.725908],[9.961318,48.727126],[9.958886,48.730293],[9.951331,48.728866],[9.945754,48.729297],[9.944955,48.732376],[9.940441,48.732458],[9.937885,48.731164],[9.932941,48.73044],[9.93095,48.733156],[9.932997,48.73592],[9.932105,48.740979],[9.924074,48.742809],[9.909727,48.743907],[9.908972,48.745477],[9.910415,48.753173],[9.908506,48.753764],[9.90414,48.749934],[9.904522,48.746579],[9.893388,48.744488],[9.890114,48.74421],[9.889288,48.745912],[9.892492,48.748929],[9.89156,48.750458],[9.887885,48.751724],[9.882568,48.751127],[9.883071,48.744896],[9.882795,48.738801],[9.885641,48.737406],[9.88876,48.740353],[9.889148,48.735202],[9.891242,48.732635],[9.893089,48.73348],[9.897484,48.731966],[9.893085,48.72925],[9.896088,48.728156],[9.895746,48.725864],[9.899834,48.725458],[9.903057,48.727005],[9.906601,48.729849],[9.90791,48.725466],[9.902849,48.715931],[9.899855,48.718355],[9.894064,48.718551],[9.887371,48.719291],[9.887641,48.716461],[9.885879,48.714571],[9.880144,48.716472],[9.877645,48.718379],[9.872344,48.719563],[9.869682,48.721087],[9.865091,48.721885],[9.861141,48.725144],[9.858455,48.725922],[9.85304,48.724632],[9.845353,48.728238],[9.838181,48.73027],[9.834358,48.728314],[9.831536,48.72791],[9.827811,48.726206],[9.823426,48.727494],[9.823795,48.725062],[9.817618,48.724383],[9.812683,48.724943],[9.805199,48.723406],[9.805462,48.721247],[9.807571,48.720132],[9.806198,48.716863],[9.802071,48.71762],[9.801986,48.719339],[9.797274,48.720408],[9.792064,48.720809],[9.792343,48.722861],[9.789796,48.723022],[9.789429,48.725399],[9.787749,48.726875],[9.793711,48.73082],[9.790015,48.732982],[9.785834,48.734458],[9.786111,48.735406],[9.791702,48.734981],[9.785405,48.7407],[9.783198,48.738104],[9.780354,48.740061],[9.779987,48.741502],[9.781605,48.744761],[9.776001,48.747459],[9.773743,48.744498],[9.771112,48.744012],[9.769226,48.745781],[9.76371,48.746074],[9.762443,48.747071],[9.763723,48.753668],[9.760135,48.753665],[9.754664,48.752734],[9.752372,48.751717],[9.748812,48.75585],[9.749502,48.759178],[9.751847,48.760154],[9.752202,48.762526],[9.75042,48.765548],[9.748416,48.766919],[9.743795,48.772862],[9.743531,48.774648],[9.74017,48.774224],[9.736915,48.77616],[9.733835,48.773079],[9.732895,48.768572],[9.729662,48.768528],[9.727379,48.76969],[9.721736,48.770861],[9.7193,48.77074],[9.716467,48.772313],[9.713563,48.772769],[9.715546,48.774883],[9.715998,48.777509],[9.711254,48.779011],[9.704834,48.779177],[9.696937,48.77705],[9.689732,48.777498],[9.682404,48.777129],[9.678196,48.774383],[9.67031,48.774226],[9.660228,48.771781],[9.658485,48.770369],[9.655522,48.771283],[9.651496,48.771465],[9.648049,48.773143],[9.63456,48.772055],[9.634289,48.773192],[9.626501,48.773598],[9.622933,48.774243],[9.622696,48.77261],[9.61642,48.771101],[9.616072,48.770254],[9.610849,48.770829],[9.604488,48.774713],[9.597025,48.776359],[9.587183,48.780865],[9.585007,48.780976],[9.579323,48.779921],[9.579361,48.77891],[9.5733,48.779363],[9.571418,48.775945],[9.571801,48.772582],[9.573304,48.770439],[9.577344,48.768859],[9.579625,48.765396],[9.583817,48.763751],[9.585158,48.75982],[9.583568,48.75665],[9.581565,48.755908],[9.581893,48.751298],[9.579391,48.748732],[9.577488,48.750039],[9.569949,48.750232],[9.567234,48.751866],[9.562083,48.748115],[9.558642,48.748129],[9.554993,48.747166],[9.552119,48.744994],[9.552602,48.741658],[9.547479,48.740304],[9.543789,48.742954],[9.543068,48.747383],[9.540852,48.747938],[9.540881,48.752039],[9.536138,48.754076],[9.533344,48.755986],[9.534296,48.757001],[9.527115,48.758085],[9.518993,48.760744],[9.516482,48.762394],[9.512522,48.761279],[9.509585,48.759049],[9.507111,48.760299],[9.504418,48.758499],[9.507939,48.75662],[9.502262,48.753106]],[[9.780273,48.733444],[9.778618,48.731386],[9.78096,48.728791],[9.77806,48.728201],[9.77532,48.725443],[9.771439,48.725595],[9.769292,48.727396],[9.766049,48.728487],[9.768111,48.730577],[9.780273,48.733444]]]},"properties":{"rs":81170000000,"name":"Landkreis Göppingen"},"id":"relation/2812852"}]}