{"type":"FeatureCollection","features":[{"type":"Feature","geometry":{"type":"Polygon","coordinates":[[[9.411415,49.663763],[9.41229,49.662481],[9.411942,49.660869],[9.419482,49.658873],[9.416454,49.653768],[9.410705,49.650155],[9.406104,49.645463],[9.399562,49.645292],[9.395279,49.646008],[9.392676,49.645874],[9.388487,49.644912],[9.383747,49.642776],[9.380626,49.643854],[9.378621,49.646746],[9.374781,49.64985],[9.371265,49.651575],[9.368771,49.654743],[9.367484,49.65518],[9.367469,49.657163],[9.364956,49.656419],[9.363409,49.655231],[9.361127,49.65472],[9.35957,49.653495],[9.348754,49.649659],[9.34693,49.64819],[9.344712,49.644947],[9.343243,49.644232],[9.337348,49.644328],[9.335499,49.644693],[9.330418,49.647217],[9.325423,49.648092],[9.321616,49.649807],[9.317313,49.650655],[9.31353,49.653686],[9.311204,49.653769],[9.304087,49.654902],[9.306488,49.650717],[9.304913,49.649794],[9.299308,49.64844],[9.296257,49.645983],[9.290834,49.644022],[9.289717,49.641714],[9.285405,49.63579],[9.281943,49.63711],[9.278178,49.637686],[9.272552,49.635169],[9.272193,49.633886],[9.275467,49.631448],[9.271633,49.628205],[9.270466,49.626423],[9.273839,49.625499],[9.275776,49.624353],[9.2772,49.622474],[9.277777,49.620283],[9.283558,49.617487],[9.285127,49.614793],[9.281531,49.613802],[9.276343,49.611719],[9.267238,49.608566],[9.264689,49.606826],[9.264351,49.605281],[9.264845,49.601864],[9.26133,49.599293],[9.260084,49.597672],[9.260215,49.59472],[9.25929,49.593225],[9.255158,49.594286],[9.249395,49.593557],[9.247845,49.591055],[9.246226,49.589797],[9.24889,49.587834],[9.249156,49.58467],[9.245938,49.58474],[9.240772,49.582649],[9.240451,49.581436],[9.235376,49.58085],[9.231596,49.579862],[9.229367,49.580154],[9.227963,49.579133],[9.224517,49.578972],[9.222836,49.577901],[9.219992,49.578161],[9.214469,49.576603],[9.210903,49.577906],[9.205814,49.57605],[9.202997,49.576703],[9.20062,49.57656],[9.199095,49.575643],[9.195063,49.574431],[9.193584,49.574471],[9.187316,49.576879],[9.183951,49.575978],[9.182097,49.574041],[9.180739,49.573731],[9.178656,49.575584],[9.175567,49.575905],[9.173776,49.577861],[9.169855,49.57743],[9.164907,49.575396],[9.163386,49.577225],[9.159178,49.579642],[9.152737,49.579686],[9.152511,49.578644],[9.144604,49.578308],[9.143434,49.576953],[9.14161,49.577233],[9.13718,49.575613],[9.131265,49.575743],[9.124982,49.574768],[9.120543,49.573495],[9.117377,49.573788],[9.114197,49.575088],[9.108339,49.579217],[9.102729,49.577487],[9.099994,49.571157],[9.100249,49.566282],[9.099697,49.56425],[9.10049,49.561356],[9.098233,49.560472],[9.095087,49.560558],[9.09198,49.561413],[9.089265,49.560685],[9.082656,49.561667],[9.080885,49.564505],[9.081388,49.567516],[9.081059,49.570137],[9.07809,49.574796],[9.074128,49.575151],[9.073698,49.573237],[9.074408,49.570178],[9.073219,49.566912],[9.071235,49.566078],[9.071196,49.563144],[9.074422,49.561688],[9.07494,49.559936],[9.077044,49.557952],[9.080718,49.556645],[9.080404,49.554996],[9.084802,49.553212],[9.085397,49.549349],[9.086779,49.547249],[9.085624,49.546147],[9.08598,49.542398],[9.089583,49.541826],[9.092056,49.542025],[9.095089,49.541483],[9.099832,49.537958],[9.103864,49.538078],[9.104271,49.536081],[9.108999,49.536473],[9.115511,49.533769],[9.115786,49.5301],[9.117252,49.528314],[9.119947,49.527552],[9.121527,49.524767],[9.126651,49.521586],[9.123624,49.519809],[9.123997,49.518556],[9.126286,49.516763],[9.123441,49.516044],[9.119864,49.512161],[9.117285,49.512816],[9.106693,49.509705],[9.105631,49.510147],[9.105512,49.513339],[9.106403,49.515391],[9.105357,49.517329],[9.101534,49.519759],[9.099793,49.526193],[9.093573,49.525611],[9.088575,49.525558],[9.084055,49.52641],[9.08263,49.52542],[9.080167,49.525272],[9.074493,49.52579],[9.070024,49.526601],[9.066553,49.528817],[9.066288,49.530055],[9.064235,49.530296],[9.062303,49.527866],[9.060928,49.527191],[9.058894,49.52413],[9.058331,49.521929],[9.056313,49.521062],[9.054269,49.521447],[9.050266,49.520038],[9.048428,49.515675],[9.049915,49.513022],[9.047753,49.512167],[9.047445,49.510078],[9.04584,49.508572],[9.041805,49.506509],[9.042113,49.503472],[9.043253,49.500926],[9.040813,49.498432],[9.038179,49.499557],[9.028466,49.498331],[9.025587,49.498843],[9.023932,49.498403],[9.018342,49.498586],[9.015855,49.498352],[9.01305,49.499289],[9.012892,49.500871],[9.010624,49.502448],[9.007427,49.502647],[9.005138,49.504046],[8.997807,49.504773],[8.992245,49.50338],[8.988136,49.505782],[8.98696,49.507263],[8.986215,49.510249],[8.982345,49.509808],[8.978967,49.508751],[8.978086,49.507856],[8.976991,49.504698],[8.977706,49.503279],[8.975239,49.503076],[8.967117,49.501409],[8.961649,49.501909],[8.959359,49.503713],[8.958024,49.502675],[8.95185,49.505189],[8.951288,49.502223],[8.954475,49.499667],[8.957893,49.495553],[8.956018,49.493538],[8.951667,49.491463],[8.9515,49.489039],[8.95032,49.487276],[8.951691,49.485232],[8.954546,49.483785],[8.952233,49.483262],[8.948555,49.484667],[8.943155,49.485806],[8.939538,49.483435],[8.939391,49.480744],[8.937398,49.479575],[8.934373,49.476711],[8.934635,49.472774],[8.931494,49.470552],[8.935613,49.465776],[8.937245,49.465217],[8.94068,49.465222],[8.94286,49.464321],[8.94251,49.463264],[8.945357,49.461219],[8.946603,49.459652],[8.951663,49.456012],[8.948806,49.454788],[8.945705,49.452799],[8.942077,49.451281],[8.936878,49.450603],[8.929764,49.450443],[8.926671,49.449329],[8.925389,49.447439],[8.925187,49.442532],[8.924252,49.441326],[8.921954,49.440294],[8.914644,49.438164],[8.912182,49.437704],[8.90904,49.437953],[8.905598,49.439887],[8.90472,49.441266],[8.904704,49.443586],[8.902974,49.444425],[8.90084,49.443165],[8.897181,49.433038],[8.894851,49.42463],[8.893215,49.4219],[8.891241,49.420222],[8.885669,49.416616],[8.885034,49.417114],[8.8756,49.413754],[8.872033,49.412004],[8.870225,49.409533],[8.863807,49.402666],[8.855306,49.397067],[8.852165,49.395579],[8.848761,49.39537],[8.845426,49.396568],[8.842568,49.398293],[8.84104,49.400644],[8.840081,49.403268],[8.837985,49.405783],[8.834324,49.407415],[8.830082,49.407921],[8.827517,49.407419],[8.826227,49.405987],[8.82532,49.400675],[8.822031,49.395569],[8.819567,49.396213],[8.814902,49.396464],[8.814198,49.397901],[8.812222,49.398766],[8.80378,49.40381],[8.808572,49.406499],[8.803974,49.407036],[8.801263,49.411012],[8.805776,49.410095],[8.807663,49.410864],[8.807486,49.412963],[8.805779,49.415722],[8.806899,49.416619],[8.805958,49.418979],[8.808675,49.419651],[8.810222,49.421018],[8.814192,49.42269],[8.817196,49.423216],[8.820625,49.423103],[8.823789,49.422034],[8.826878,49.42211],[8.830407,49.423267],[8.83336,49.427072],[8.835688,49.428701],[8.836926,49.432338],[8.836267,49.433665],[8.83265,49.436681],[8.833368,49.438233],[8.833675,49.441349],[8.832891,49.445518],[8.834018,49.451253],[8.832233,49.452448],[8.832186,49.455948],[8.828943,49.460442],[8.826503,49.461852],[8.823905,49.462583],[8.825135,49.467089],[8.827274,49.470498],[8.829443,49.471536],[8.832565,49.472055],[8.838223,49.475581],[8.839521,49.474536],[8.844427,49.478069],[8.846472,49.478861],[8.848551,49.480563],[8.848664,49.481705],[8.851842,49.483752],[8.853003,49.482923],[8.856525,49.482133],[8.860049,49.480752],[8.861064,49.4787],[8.866412,49.474594],[8.863107,49.469558],[8.862033,49.465631],[8.866493,49.464448],[8.87349,49.466166],[8.876547,49.466434],[8.881471,49.470751],[8.884611,49.471886],[8.886118,49.473475],[8.889434,49.475165],[8.890034,49.479296],[8.896605,49.483151],[8.900638,49.484805],[8.900747,49.487706],[8.899731,49.490444],[8.901146,49.49289],[8.900226,49.495353],[8.897357,49.496642],[8.8988,49.498405],[8.898443,49.499786],[8.900222,49.503131],[8.89855,49.503405],[8.894243,49.50261],[8.892599,49.502901],[8.887132,49.505411],[8.881797,49.506034],[8.87853,49.505718],[8.872985,49.504128],[8.862459,49.503082],[8.856431,49.501196],[8.850814,49.50114],[8.847658,49.501799],[8.846574,49.500469],[8.844863,49.50061],[8.844722,49.498169],[8.83982,49.498266],[8.837337,49.495157],[8.83844,49.494345],[8.83546,49.492199],[8.83153,49.491531],[8.830164,49.493917],[8.817853,49.504852],[8.81713,49.506962],[8.819334,49.509916],[8.818868,49.512301],[8.821335,49.51332],[8.819732,49.516091],[8.820594,49.518127],[8.81924,49.519381],[8.818848,49.521498],[8.820216,49.523157],[8.822394,49.52442],[8.818844,49.525078],[8.814454,49.525394],[8.81246,49.526817],[8.810715,49.526616],[8.804327,49.52308],[8.802788,49.521283],[8.798274,49.51835],[8.796826,49.515439],[8.79743,49.51229],[8.791874,49.514083],[8.787465,49.513961],[8.783711,49.514289],[8.781619,49.514958],[8.778595,49.517464],[8.772167,49.517963],[8.769419,49.515831],[8.766637,49.514791],[8.759556,49.516223],[8.754637,49.518537],[8.75357,49.520043],[8.751191,49.521627],[8.748789,49.522375],[8.746713,49.522236],[8.743866,49.523048],[8.740187,49.523256],[8.738816,49.522743],[8.738408,49.520463],[8.737322,49.519056],[8.735271,49.519365],[8.728095,49.518439],[8.726678,49.52101],[8.724319,49.521131],[8.724904,49.522643],[8.727523,49.522816],[8.730682,49.521457],[8.733596,49.520944],[8.734307,49.523012],[8.73381,49.525233],[8.731741,49.526164],[8.729884,49.52519],[8.726374,49.525325],[8.724541,49.525931],[8.721158,49.52924],[8.722268,49.531835],[8.717004,49.533838],[8.715838,49.531543],[8.714522,49.532207],[8.711605,49.531823],[8.709916,49.532492],[8.709555,49.53408],[8.706141,49.536472],[8.702981,49.535321],[8.703455,49.537867],[8.705283,49.539462],[8.70649,49.542161],[8.704049,49.542488],[8.703994,49.544757],[8.705055,49.546861],[8.70469,49.549357],[8.703775,49.549923],[8.698543,49.549017],[8.696722,49.551349],[8.693673,49.553353],[8.692208,49.555341],[8.690479,49.556108],[8.691237,49.558269],[8.690181,49.560274],[8.691885,49.562759],[8.691513,49.563688],[8.686949,49.567336],[8.684404,49.570317],[8.684021,49.573682],[8.684356,49.575675],[8.680643,49.575498],[8.681527,49.576803],[8.6837,49.577079],[8.68318,49.584469],[8.683624,49.585718],[8.682871,49.588214],[8.683491,49.589779],[8.686464,49.591053],[8.692419,49.590016],[8.692925,49.591515],[8.69621,49.592122],[8.696792,49.596586],[8.698019,49.599409],[8.695239,49.603201],[8.693692,49.603745],[8.691323,49.606592],[8.689704,49.605376],[8.68206,49.603095],[8.680582,49.603987],[8.680067,49.606991],[8.677067,49.608399],[8.674212,49.607987],[8.671911,49.609175],[8.671658,49.61041],[8.672373,49.613837],[8.674184,49.614639],[8.678009,49.61361],[8.677921,49.610893],[8.678637,49.609972],[8.681607,49.608886],[8.685783,49.608024],[8.687281,49.609081],[8.687705,49.611774],[8.687103,49.613457],[8.684657,49.61347],[8.683123,49.610881],[8.678107,49.612263],[8.678077,49.614098],[8.678678,49.614762],[8.68165,49.615615],[8.682481,49.616895],[8.686589,49.615622],[8.690139,49.618799],[8.694625,49.618995],[8.692023,49.620425],[8.693634,49.622334],[8.692665,49.623591],[8.686311,49.622534],[8.682668,49.624512],[8.678156,49.625697],[8.676664,49.624271],[8.670042,49.623762],[8.667332,49.621724],[8.662892,49.621584],[8.66009,49.620833],[8.65387,49.618311],[8.652092,49.618294],[8.650837,49.61962],[8.648703,49.620254],[8.645973,49.619276],[8.620751,49.615722],[8.613565,49.61439],[8.60075,49.611546],[8.59405,49.610229],[8.595255,49.605487],[8.58939,49.604484],[8.590903,49.600406],[8.590569,49.596726],[8.594125,49.592776],[8.603343,49.593845],[8.604529,49.588292],[8.608725,49.575803],[8.608712,49.57072],[8.611427,49.563591],[8.614316,49.559848],[8.617776,49.554683],[8.617532,49.552448],[8.618145,49.548956],[8.619498,49.546814],[8.616388,49.544208],[8.616786,49.540297],[8.612591,49.540343],[8.606977,49.533463],[8.60674,49.531354],[8.608205,49.530774],[8.608003,49.528326],[8.602982,49.530765],[8.598682,49.531582],[8.595968,49.530138],[8.595109,49.527786],[8.593256,49.525901],[8.59278,49.523511],[8.591161,49.521721],[8.586237,49.522568],[8.582805,49.521625],[8.581299,49.519817],[8.573035,49.52159],[8.566976,49.51918],[8.55616,49.521591],[8.551161,49.52435],[8.542218,49.528137],[8.532403,49.536405],[8.526479,49.547876],[8.516657,49.555498],[8.499788,49.568134],[8.495153,49.572867],[8.493378,49.573247],[8.481763,49.574496],[8.481707,49.577738],[8.474571,49.580678],[8.474362,49.581979],[8.476125,49.5844],[8.472979,49.585066],[8.465952,49.588532],[8.464537,49.589507],[8.447421,49.59047],[8.440331,49.58942],[8.440415,49.58719],[8.43831,49.583882],[8.429718,49.584699],[8.422497,49.583727],[8.423765,49.579472],[8.423503,49.576167],[8.421664,49.572233],[8.417437,49.567404],[8.41492,49.563001],[8.414168,49.557339],[8.415228,49.552608],[8.41725,49.549014],[8.420959,49.544958],[8.423145,49.541908],[8.435809,49.512142],[8.435935,49.510842],[8.440639,49.499614],[8.442406,49.493682],[8.443675,49.491493],[8.446732,49.488471],[8.451553,49.485006],[8.456378,49.480919],[8.459999,49.477164],[8.463256,49.472259],[8.463971,49.469898],[8.462324,49.466199],[8.45972,49.46444],[8.45699,49.463533],[8.449208,49.461668],[8.444806,49.459476],[8.442438,49.456866],[8.441613,49.454633],[8.441877,49.451844],[8.442998,49.449863],[8.446646,49.446738],[8.451718,49.444577],[8.454581,49.443915],[8.461604,49.443256],[8.466692,49.443204],[8.478361,49.443852],[8.483752,49.443989],[8.491772,49.443621],[8.499252,49.442488],[8.502546,49.441244],[8.505256,49.439452],[8.507669,49.436267],[8.508314,49.433595],[8.507181,49.42956],[8.502738,49.422837],[8.500027,49.4179],[8.497875,49.412717],[8.496295,49.406127],[8.496378,49.402248],[8.493634,49.399813],[8.485285,49.395764],[8.473128,49.390437],[8.469027,49.389212],[8.465541,49.387397],[8.463549,49.384498],[8.463373,49.380419],[8.464183,49.376846],[8.466046,49.375475],[8.471045,49.373393],[8.472473,49.373292],[8.47688,49.374658],[8.481542,49.377447],[8.486142,49.382048],[8.490699,49.385597],[8.495081,49.387536],[8.500592,49.389],[8.501347,49.381223],[8.500999,49.376839],[8.50013,49.37249],[8.497686,49.365876],[8.494131,49.359868],[8.491288,49.356138],[8.487812,49.352492],[8.481908,49.347487],[8.476183,49.343638],[8.470276,49.340392],[8.460736,49.335509],[8.455228,49.331847],[8.452944,49.329607],[8.450691,49.325854],[8.450102,49.32276],[8.451806,49.317729],[8.454998,49.314509],[8.459734,49.312502],[8.472832,49.309938],[8.478895,49.307811],[8.483391,49.305239],[8.485631,49.303316],[8.488062,49.299998],[8.489071,49.296362],[8.488261,49.291915],[8.484619,49.287913],[8.481341,49.286284],[8.472155,49.284437],[8.464044,49.282],[8.459333,49.27975],[8.45524,49.277033],[8.451868,49.273787],[8.446586,49.267756],[8.441381,49.26348],[8.435248,49.259551],[8.427367,49.255804],[8.413024,49.249842],[8.406849,49.24713],[8.401239,49.244372],[8.394826,49.239854],[8.391494,49.236719],[8.389135,49.233832],[8.38596,49.227663],[8.38517,49.223666],[8.385197,49.218855],[8.389035,49.219508],[8.392219,49.223643],[8.395821,49.22528],[8.403128,49.224806],[8.405345,49.220398],[8.403036,49.214587],[8.39859,49.207507],[8.392935,49.202462],[8.386691,49.19856],[8.384916,49.198325],[8.382825,49.190219],[8.381584,49.186285],[8.380469,49.184511],[8.37523,49.177938],[8.369162,49.169661],[8.368141,49.167555],[8.367677,49.164428],[8.367957,49.162261],[8.371126,49.156672],[8.372244,49.154093],[8.372279,49.149016],[8.36978,49.139689],[8.363554,49.114767],[8.359767,49.101428],[8.358781,49.098937],[8.355761,49.094509],[8.350601,49.088873],[8.346005,49.084692],[8.338517,49.07876],[8.329656,49.072589],[8.320956,49.065169],[8.317859,49.061957],[8.311236,49.053389],[8.306082,49.04431],[8.304854,49.04162],[8.302489,49.034285],[8.30064,49.023691],[8.29878,49.017209],[8.29636,49.011545],[8.293193,49.005909],[8.287659,48.99838],[8.281591,48.992823],[8.274331,48.988028],[8.26149,48.98099],[8.255828,48.978121],[8.242636,48.971124],[8.236475,48.967507],[8.230999,48.965509],[8.211634,48.961672],[8.204141,48.960635],[8.199369,48.95912],[8.195367,48.95687],[8.191565,48.95291],[8.187816,48.944875],[8.185165,48.941021],[8.180255,48.936311],[8.169314,48.924043],[8.16436,48.919734],[8.159357,48.916474],[8.155422,48.912793],[8.151629,48.907028],[8.143764,48.899893],[8.142094,48.898004],[8.139631,48.892924],[8.135902,48.887311],[8.12906,48.879711],[8.126379,48.875222],[8.125249,48.871458],[8.121715,48.864855],[8.119259,48.861103],[8.116352,48.854926],[8.115802,48.852737],[8.11421,48.849843],[8.110167,48.841241],[8.108064,48.835024],[8.106046,48.824258],[8.104743,48.82083],[8.101634,48.816026],[8.096697,48.810741],[8.091451,48.805665],[8.087293,48.802183],[8.079361,48.796512],[8.072978,48.792705],[8.06898,48.790897],[8.06262,48.789283],[8.058442,48.78896],[8.055008,48.789325],[8.04989,48.790464],[8.044302,48.790863],[8.039941,48.790512],[8.034739,48.789212],[8.0304,48.787254],[8.02683,48.784314],[8.02597,48.782541],[8.024221,48.772057],[8.022516,48.767873],[8.019399,48.764278],[8.01641,48.762095],[8.012666,48.760313],[8.008866,48.759343],[8.002171,48.758797],[7.996061,48.759341],[7.987594,48.760867],[7.983078,48.761181],[7.979682,48.760695],[7.973588,48.75889],[7.971208,48.757273],[7.969343,48.754794],[7.96838,48.752158],[7.966882,48.74426],[7.967695,48.729412],[7.966735,48.725654],[7.963228,48.721486],[7.959277,48.718476],[7.964257,48.71728],[7.970182,48.717083],[7.977339,48.714484],[7.977461,48.713062],[7.981299,48.711815],[7.98048,48.707884],[7.985113,48.707254],[7.989275,48.706119],[7.986841,48.704762],[7.990535,48.70114],[7.984748,48.698916],[7.980815,48.699262],[7.978036,48.695388],[7.973503,48.691486],[7.974861,48.688905],[7.978876,48.68806],[7.979623,48.687157],[7.982224,48.687245],[7.989393,48.68841],[7.995126,48.687231],[8.001762,48.687282],[8.007581,48.684996],[8.009676,48.684829],[8.014508,48.681068],[8.016868,48.683027],[8.014234,48.687238],[8.015754,48.687759],[8.020415,48.686528],[8.018191,48.682209],[8.019607,48.679498],[8.02914,48.681647],[8.031992,48.683083],[8.036565,48.68212],[8.037836,48.679423],[8.035942,48.678476],[8.033281,48.678087],[8.033303,48.674826],[8.035648,48.675028],[8.038706,48.676062],[8.045834,48.675891],[8.047342,48.676257],[8.053844,48.674406],[8.056559,48.67618],[8.057596,48.674494],[8.060839,48.674734],[8.062978,48.674314],[8.062639,48.671809],[8.065718,48.671675],[8.066731,48.674136],[8.07455,48.673494],[8.072993,48.67184],[8.080985,48.665431],[8.083385,48.665614],[8.084524,48.66258],[8.088579,48.663336],[8.0898,48.660871],[8.091763,48.660452],[8.094731,48.658934],[8.096382,48.656234],[8.1013,48.655714],[8.104487,48.655022],[8.105776,48.653075],[8.107864,48.651254],[8.112401,48.650194],[8.116011,48.65031],[8.121755,48.649081],[8.122983,48.651489],[8.126442,48.654668],[8.127809,48.653793],[8.129758,48.654661],[8.134649,48.65516],[8.136792,48.657019],[8.139122,48.655531],[8.138166,48.654117],[8.141066,48.653506],[8.146184,48.653569],[8.148648,48.652365],[8.149456,48.650933],[8.151346,48.651054],[8.152798,48.649357],[8.156346,48.649443],[8.16085,48.646258],[8.164911,48.645459],[8.161906,48.640356],[8.170223,48.638226],[8.173794,48.639357],[8.176584,48.639673],[8.178772,48.638903],[8.180715,48.640074],[8.190432,48.6342],[8.195065,48.631674],[8.200324,48.627949],[8.20151,48.628802],[8.214818,48.62918],[8.219846,48.628979],[8.227228,48.627357],[8.228796,48.631067],[8.236628,48.629658],[8.241046,48.62924],[8.242067,48.623354],[8.240822,48.619837],[8.240737,48.61774],[8.238832,48.615709],[8.233968,48.616042],[8.232928,48.61118],[8.239343,48.610262],[8.244147,48.608839],[8.24856,48.608598],[8.24746,48.602832],[8.240672,48.604126],[8.234369,48.606111],[8.231391,48.606146],[8.226666,48.604835],[8.222052,48.603184],[8.216576,48.605334],[8.21382,48.605328],[8.209108,48.604199],[8.206479,48.602184],[8.209864,48.599766],[8.21692,48.596943],[8.220341,48.592532],[8.220306,48.587519],[8.22089,48.586313],[8.223252,48.584745],[8.227284,48.583009],[8.228169,48.580027],[8.235639,48.580283],[8.236775,48.578544],[8.236881,48.576036],[8.235349,48.571817],[8.233133,48.570389],[8.229589,48.568993],[8.228692,48.564509],[8.227371,48.563517],[8.223001,48.561904],[8.220103,48.560051],[8.218448,48.559986],[8.215271,48.558592],[8.212634,48.558163],[8.213756,48.554428],[8.216979,48.551155],[8.216886,48.54664],[8.215566,48.54286],[8.219465,48.538862],[8.219343,48.536909],[8.215592,48.535525],[8.21522,48.532801],[8.213314,48.529272],[8.214759,48.527989],[8.214526,48.525797],[8.213333,48.521846],[8.219393,48.519926],[8.220941,48.518467],[8.222494,48.514236],[8.22121,48.51242],[8.218525,48.511215],[8.219116,48.507161],[8.222356,48.503434],[8.225418,48.501222],[8.228765,48.4978],[8.230844,48.498118],[8.234178,48.497466],[8.235149,48.495991],[8.23988,48.493961],[8.241935,48.491697],[8.244689,48.493088],[8.249091,48.493168],[8.251677,48.494163],[8.257674,48.49365],[8.26657,48.490669],[8.269812,48.487612],[8.272231,48.486259],[8.273722,48.480787],[8.274957,48.479091],[8.270871,48.477125],[8.266908,48.473242],[8.268268,48.46922],[8.266095,48.465349],[8.265858,48.463841],[8.264317,48.462994],[8.264735,48.457143],[8.266614,48.45535],[8.266394,48.453567],[8.26733,48.451065],[8.268829,48.448972],[8.268406,48.44719],[8.264407,48.442294],[8.263117,48.439797],[8.264606,48.437041],[8.264386,48.435522],[8.261267,48.43343],[8.256142,48.434289],[8.254077,48.43362],[8.25456,48.431471],[8.254116,48.428448],[8.255438,48.425629],[8.257487,48.425602],[8.259387,48.424127],[8.259443,48.422459],[8.258029,48.42142],[8.255137,48.418007],[8.254599,48.413666],[8.25222,48.41315],[8.248167,48.413765],[8.245714,48.413707],[8.240969,48.411376],[8.241415,48.409567],[8.241085,48.405608],[8.234335,48.403287],[8.232842,48.401381],[8.235843,48.400025],[8.240455,48.397136],[8.244167,48.396399],[8.247041,48.395353],[8.247554,48.394459],[8.247367,48.39052],[8.24646,48.38941],[8.247782,48.387823],[8.247338,48.38555],[8.250122,48.384236],[8.250936,48.382302],[8.252575,48.383029],[8.25547,48.382163],[8.255626,48.380388],[8.26333,48.37958],[8.26386,48.378905],[8.261509,48.375939],[8.259664,48.375821],[8.253674,48.370391],[8.252335,48.366196],[8.25143,48.365052],[8.25413,48.362133],[8.256044,48.364292],[8.259613,48.366107],[8.264221,48.365254],[8.266106,48.364354],[8.268771,48.359722],[8.269939,48.359982],[8.273944,48.363012],[8.275994,48.362022],[8.279999,48.361539],[8.283898,48.360487],[8.287398,48.358056],[8.291201,48.357872],[8.292478,48.35612],[8.297211,48.351642],[8.299326,48.348678],[8.303964,48.34905],[8.308097,48.352048],[8.312102,48.353459],[8.313933,48.354766],[8.318317,48.356243],[8.320604,48.359692],[8.317911,48.36142],[8.31779,48.362712],[8.31578,48.366454],[8.315416,48.369071],[8.316992,48.371205],[8.318849,48.372549],[8.320653,48.375539],[8.321292,48.379273],[8.3228,48.381035],[8.327211,48.383717],[8.328243,48.387101],[8.333043,48.386957],[8.33637,48.38631],[8.339223,48.384991],[8.345799,48.384303],[8.349297,48.382641],[8.353478,48.381753],[8.35365,48.380275],[8.35768,48.379385],[8.359997,48.376292],[8.357717,48.373674],[8.357251,48.372102],[8.358269,48.370853],[8.360787,48.370009],[8.356842,48.368596],[8.355916,48.366576],[8.356913,48.364665],[8.35638,48.36152],[8.356994,48.356884],[8.358145,48.354863],[8.357917,48.352415],[8.359471,48.34943],[8.35865,48.344336],[8.359843,48.342773],[8.358687,48.3408],[8.360079,48.338267],[8.364519,48.338689],[8.365373,48.33731],[8.364372,48.335757],[8.367196,48.333737],[8.37719,48.332792],[8.379222,48.331602],[8.380671,48.32954],[8.385378,48.326313],[8.388957,48.325287],[8.395084,48.322989],[8.397824,48.322669],[8.401958,48.323082],[8.404052,48.321959],[8.405573,48.323042],[8.415128,48.324192],[8.417577,48.324214],[8.421391,48.322749],[8.425564,48.323768],[8.429494,48.323427],[8.431092,48.32206],[8.433437,48.321439],[8.432088,48.318944],[8.432438,48.317658],[8.435557,48.314843],[8.432827,48.312589],[8.433522,48.311016],[8.435747,48.309605],[8.436905,48.307847],[8.438409,48.307348],[8.438118,48.304539],[8.442353,48.3027],[8.444867,48.300734],[8.450278,48.305438],[8.456127,48.309746],[8.458789,48.312637],[8.461579,48.313491],[8.468483,48.314451],[8.476736,48.314747],[8.483245,48.31597],[8.48612,48.314987],[8.490684,48.314966],[8.494293,48.314367],[8.495338,48.316573],[8.495825,48.319805],[8.499388,48.320838],[8.498664,48.323265],[8.499517,48.324265],[8.501083,48.329014],[8.502316,48.330661],[8.499643,48.332054],[8.495387,48.332809],[8.492311,48.332431],[8.487414,48.332421],[8.487283,48.333949],[8.483867,48.335332],[8.484278,48.340504],[8.48545,48.342617],[8.478771,48.342611],[8.477813,48.345047],[8.473885,48.34432],[8.471194,48.346287],[8.47206,48.348937],[8.477308,48.350117],[8.478116,48.347965],[8.484297,48.349105],[8.483928,48.349733],[8.491418,48.352245],[8.490466,48.354122],[8.495249,48.357579],[8.498079,48.356895],[8.499732,48.357949],[8.497265,48.362579],[8.497129,48.363693],[8.494633,48.365971],[8.491552,48.36504],[8.489056,48.366837],[8.486652,48.366805],[8.485965,48.370146],[8.487793,48.373441],[8.488035,48.377675],[8.48624,48.379098],[8.483724,48.382234],[8.490099,48.382278],[8.490945,48.383521],[8.494108,48.384669],[8.500407,48.386025],[8.500495,48.387506],[8.504229,48.38784],[8.506812,48.387346],[8.518687,48.387182],[8.521166,48.388171],[8.520073,48.390089],[8.517907,48.390845],[8.518562,48.393227],[8.520796,48.395224],[8.522563,48.395991],[8.520616,48.397792],[8.51634,48.398508],[8.512296,48.40158],[8.51259,48.403685],[8.514798,48.404825],[8.517887,48.403105],[8.519867,48.401029],[8.522374,48.400607],[8.525756,48.401203],[8.531097,48.400721],[8.534602,48.401392],[8.536716,48.402395],[8.541775,48.403718],[8.544308,48.403823],[8.544498,48.405282],[8.55209,48.403331],[8.555855,48.399581],[8.558014,48.400316],[8.561705,48.399467],[8.565229,48.400429],[8.567731,48.402788],[8.570696,48.401661],[8.575595,48.403788],[8.581437,48.403888],[8.585094,48.40425],[8.591541,48.407138],[8.595389,48.410079],[8.596762,48.408766],[8.598374,48.405073],[8.598814,48.401102],[8.600507,48.398752],[8.604671,48.396662],[8.607536,48.396075],[8.610561,48.396621],[8.616359,48.396884],[8.620587,48.398569],[8.625039,48.399465],[8.626117,48.401099],[8.630342,48.401631],[8.635684,48.401568],[8.639879,48.402436],[8.643308,48.398458],[8.648458,48.395517],[8.654365,48.394599],[8.657306,48.395277],[8.660408,48.396934],[8.664112,48.397435],[8.666451,48.398779],[8.669047,48.398293],[8.67594,48.400857],[8.676363,48.399795],[8.68015,48.396441],[8.682162,48.396409],[8.684165,48.394918],[8.688558,48.394565],[8.686959,48.389407],[8.689179,48.389367],[8.690249,48.387252],[8.693603,48.388293],[8.696759,48.385063],[8.702485,48.383987],[8.705726,48.38432],[8.707694,48.383894],[8.709172,48.382434],[8.711458,48.382998],[8.712617,48.380976],[8.716978,48.381837],[8.71724,48.380363],[8.716244,48.378918],[8.729421,48.381165],[8.73222,48.379966],[8.73463,48.380948],[8.737539,48.380267],[8.737174,48.377668],[8.746325,48.378637],[8.751797,48.380083],[8.757707,48.381977],[8.757957,48.38365],[8.755186,48.384507],[8.751718,48.387327],[8.748688,48.38809],[8.748699,48.390053],[8.751813,48.391677],[8.75525,48.392343],[8.756908,48.394374],[8.757057,48.395964],[8.759136,48.397021],[8.760416,48.399445],[8.760234,48.401893],[8.761028,48.403627],[8.764666,48.405644],[8.766602,48.410158],[8.767795,48.410532],[8.765033,48.413721],[8.767572,48.414001],[8.769562,48.415043],[8.768359,48.416396],[8.770517,48.418966],[8.776364,48.419854],[8.778022,48.421285],[8.774506,48.422257],[8.771797,48.42185],[8.770508,48.422617],[8.769976,48.424973],[8.763838,48.426472],[8.763764,48.428377],[8.767544,48.431362],[8.770314,48.432998],[8.770647,48.434898],[8.769174,48.438067],[8.772916,48.438826],[8.775709,48.437986],[8.77894,48.439487],[8.780404,48.441116],[8.782328,48.441229],[8.780651,48.444175],[8.778089,48.444731],[8.779755,48.446212],[8.781747,48.446937],[8.786801,48.446643],[8.78935,48.447852],[8.788434,48.449542],[8.790133,48.452001],[8.793494,48.452134],[8.805256,48.454676],[8.80459,48.456028],[8.807545,48.456655],[8.808159,48.455377],[8.810398,48.455838],[8.810333,48.459066],[8.817985,48.46075],[8.817671,48.462371],[8.823991,48.462953],[8.825795,48.461927],[8.830126,48.463142],[8.825434,48.465781],[8.823874,48.468039],[8.82218,48.467576],[8.821494,48.469284],[8.819002,48.468576],[8.818277,48.470363],[8.815029,48.46978],[8.812776,48.470264],[8.81162,48.473809],[8.809097,48.473218],[8.806731,48.476746],[8.806983,48.479077],[8.80321,48.478511],[8.802574,48.480741],[8.799288,48.479995],[8.798533,48.481919],[8.795804,48.481689],[8.795264,48.484963],[8.792806,48.484777],[8.792289,48.485993],[8.78839,48.486324],[8.78448,48.4859],[8.780542,48.484275],[8.778418,48.486942],[8.776155,48.48752],[8.773747,48.490357],[8.772364,48.495245],[8.770094,48.497145],[8.770545,48.498818],[8.768897,48.499808],[8.768844,48.501697],[8.765942,48.503238],[8.761932,48.503903],[8.755519,48.504093],[8.75602,48.506807],[8.761036,48.505992],[8.76436,48.510202],[8.765327,48.512833],[8.764923,48.516364],[8.763713,48.518302],[8.765915,48.519293],[8.769852,48.519062],[8.771801,48.519606],[8.770868,48.522144],[8.769148,48.522345],[8.765048,48.522223],[8.762824,48.523542],[8.763495,48.525159],[8.760159,48.525667],[8.756058,48.525102],[8.755477,48.526053],[8.760018,48.527291],[8.758406,48.530983],[8.763174,48.531921],[8.763824,48.534161],[8.762654,48.538081],[8.757886,48.538056],[8.757867,48.541449],[8.757024,48.541704],[8.758379,48.544479],[8.763541,48.544856],[8.763551,48.545614],[8.769683,48.546433],[8.771272,48.545327],[8.77257,48.548388],[8.770718,48.548752],[8.765474,48.54855],[8.765292,48.550485],[8.766345,48.554619],[8.763441,48.555807],[8.758501,48.555915],[8.757048,48.561472],[8.758367,48.564793],[8.756296,48.566802],[8.756844,48.568702],[8.756379,48.570784],[8.7503,48.570659],[8.752399,48.575323],[8.754822,48.575432],[8.7554,48.582646],[8.754107,48.587533],[8.751572,48.590699],[8.751435,48.593181],[8.748947,48.594217],[8.748563,48.595377],[8.746437,48.596109],[8.748113,48.598967],[8.748046,48.603416],[8.74862,48.605034],[8.751563,48.602238],[8.754276,48.601861],[8.759308,48.603769],[8.778021,48.598963],[8.789862,48.596563],[8.79489,48.594145],[8.793286,48.600894],[8.793367,48.60433],[8.794622,48.605277],[8.795013,48.608944],[8.79571,48.60956],[8.79969,48.610284],[8.801144,48.611546],[8.79968,48.617762],[8.797439,48.620977],[8.798629,48.621455],[8.798364,48.623627],[8.796699,48.625603],[8.793311,48.626095],[8.790422,48.627276],[8.789876,48.629086],[8.791065,48.629751],[8.79211,48.631879],[8.795628,48.634849],[8.791643,48.637301],[8.790819,48.638277],[8.793489,48.639476],[8.79795,48.643207],[8.800384,48.643497],[8.800352,48.645113],[8.798556,48.645532],[8.796997,48.647803],[8.799261,48.648784],[8.799572,48.655087],[8.798663,48.658722],[8.800804,48.659773],[8.806029,48.661272],[8.808539,48.662629],[8.813536,48.664222],[8.819327,48.664793],[8.819381,48.666605],[8.8182,48.668255],[8.819135,48.669419],[8.825717,48.669528],[8.825581,48.673672],[8.827244,48.676741],[8.833971,48.678648],[8.834329,48.680249],[8.836853,48.683095],[8.839989,48.682841],[8.84219,48.685114],[8.843933,48.684046],[8.845961,48.685175],[8.851078,48.684521],[8.853213,48.688401],[8.855872,48.689804],[8.85489,48.690603],[8.858771,48.693279],[8.860171,48.695549],[8.863152,48.697365],[8.862025,48.698995],[8.862338,48.70022],[8.86072,48.703556],[8.857432,48.704677],[8.855128,48.706826],[8.857086,48.707971],[8.864481,48.710045],[8.865804,48.711539],[8.867295,48.714723],[8.864,48.716015],[8.863507,48.717495],[8.864757,48.719058],[8.868012,48.72061],[8.871841,48.721203],[8.873739,48.722975],[8.876254,48.721728],[8.877507,48.724994],[8.872314,48.727314],[8.870469,48.727355],[8.864694,48.729913],[8.861876,48.732207],[8.857661,48.733155],[8.854096,48.734681],[8.848117,48.735513],[8.84196,48.735676],[8.839962,48.735448],[8.835051,48.736189],[8.829382,48.736437],[8.830064,48.739493],[8.833271,48.743159],[8.835478,48.751274],[8.835244,48.754345],[8.834046,48.755303],[8.826669,48.758504],[8.821195,48.762209],[8.819708,48.762644],[8.817583,48.76608],[8.813871,48.765263],[8.811776,48.765689],[8.805084,48.770459],[8.801104,48.772056],[8.799884,48.773992],[8.802533,48.776656],[8.804559,48.777901],[8.807663,48.780899],[8.811313,48.781],[8.813902,48.784109],[8.81865,48.788447],[8.825416,48.791395],[8.827634,48.794537],[8.829714,48.795645],[8.831356,48.797533],[8.834293,48.798413],[8.84255,48.799511],[8.843653,48.798254],[8.844902,48.795261],[8.84726,48.792967],[8.853054,48.792507],[8.864108,48.792624],[8.867626,48.792283],[8.868812,48.794493],[8.871722,48.796445],[8.878944,48.798537],[8.881336,48.798771],[8.883813,48.800947],[8.887425,48.803049],[8.889448,48.800947],[8.895197,48.798093],[8.897723,48.798634],[8.900333,48.800508],[8.898587,48.80165],[8.891559,48.803408],[8.890928,48.807222],[8.891614,48.808902],[8.890987,48.813081],[8.894236,48.813143],[8.899338,48.815052],[8.901802,48.818201],[8.899195,48.821179],[8.891581,48.822348],[8.889025,48.820901],[8.8889,48.819593],[8.886426,48.81879],[8.883835,48.819715],[8.877195,48.820553],[8.87795,48.818175],[8.873807,48.815829],[8.871694,48.817301],[8.874132,48.819824],[8.872734,48.822667],[8.876537,48.821602],[8.877388,48.823537],[8.874638,48.824256],[8.875421,48.82587],[8.87971,48.826852],[8.879297,48.82765],[8.883946,48.82984],[8.88569,48.830267],[8.877565,48.834533],[8.871973,48.835367],[8.871483,48.836263],[8.876222,48.838428],[8.883354,48.84221],[8.884516,48.841435],[8.894638,48.8466],[8.898301,48.851619],[8.899058,48.856926],[8.902328,48.860469],[8.906624,48.862793],[8.909443,48.863405],[8.913031,48.863499],[8.915335,48.864881],[8.919552,48.866505],[8.923317,48.866458],[8.92512,48.86553],[8.929257,48.865479],[8.926733,48.86802],[8.928664,48.870626],[8.924346,48.871768],[8.923714,48.87486],[8.922548,48.876685],[8.921031,48.876727],[8.920162,48.879474],[8.917617,48.883569],[8.916894,48.886786],[8.917562,48.888955],[8.914785,48.893842],[8.912708,48.895053],[8.912573,48.89744],[8.916912,48.899351],[8.915007,48.901047],[8.915122,48.902853],[8.913306,48.903807],[8.911953,48.906335],[8.909206,48.906262],[8.906675,48.909605],[8.909102,48.911991],[8.915381,48.912298],[8.915227,48.913263],[8.918528,48.914241],[8.922631,48.914137],[8.922577,48.916042],[8.924401,48.915868],[8.926286,48.919686],[8.92392,48.920897],[8.921043,48.920931],[8.915098,48.922389],[8.911958,48.922167],[8.907814,48.920686],[8.907104,48.922148],[8.900983,48.923719],[8.902938,48.925602],[8.905808,48.926315],[8.904087,48.929121],[8.903098,48.933116],[8.902129,48.935164],[8.903237,48.937747],[8.90275,48.938821],[8.904649,48.942273],[8.907203,48.941757],[8.91727,48.941697],[8.917783,48.939979],[8.923079,48.940098],[8.926694,48.938096],[8.92712,48.936966],[8.930114,48.936375],[8.930781,48.938079],[8.933366,48.939413],[8.938094,48.939258],[8.941797,48.938296],[8.94378,48.940048],[8.946108,48.940852],[8.945528,48.941956],[8.946707,48.944649],[8.946401,48.947812],[8.945471,48.951849],[8.945833,48.952797],[8.949218,48.953116],[8.946316,48.955072],[8.945831,48.958266],[8.946422,48.958857],[8.945338,48.961738],[8.941512,48.961704],[8.941884,48.963882],[8.939253,48.968243],[8.930738,48.971327],[8.928007,48.975513],[8.92508,48.976723],[8.92393,48.97846],[8.92024,48.98234],[8.923714,48.983714],[8.92384,48.98545],[8.925471,48.986335],[8.921074,48.987095],[8.921052,48.988188],[8.923,48.990271],[8.92744,48.990242],[8.930388,48.989838],[8.932654,48.991899],[8.933024,48.993224],[8.929476,48.996681],[8.92401,48.999374],[8.922018,49.002104],[8.91794,49.00454],[8.916163,49.005001],[8.91915,49.008329],[8.916486,49.009815],[8.913934,49.012039],[8.908308,49.016225],[8.904594,49.019679],[8.903542,49.022276],[8.899096,49.023376],[8.895179,49.024846],[8.89169,49.027612],[8.88778,49.029915],[8.881754,49.030194],[8.877398,49.032451],[8.875349,49.037115],[8.872324,49.037047],[8.873053,49.043483],[8.871385,49.050122],[8.87731,49.049485],[8.878438,49.051211],[8.880496,49.056496],[8.878476,49.056889],[8.877693,49.05854],[8.879483,49.059855],[8.877746,49.061579],[8.879344,49.064067],[8.876948,49.067475],[8.876316,49.069652],[8.868362,49.070122],[8.865532,49.071853],[8.868824,49.072351],[8.874734,49.075077],[8.874626,49.07634],[8.868623,49.077521],[8.873651,49.078644],[8.878905,49.079288],[8.879239,49.079961],[8.884342,49.080953],[8.886359,49.080112],[8.889802,49.080266],[8.893282,49.084879],[8.892481,49.087037],[8.892388,49.089723],[8.893198,49.090811],[8.891837,49.091904],[8.891722,49.094184],[8.890832,49.095817],[8.894258,49.095526],[8.894375,49.097875],[8.891863,49.099514],[8.891174,49.102186],[8.891062,49.105085],[8.890135,49.107204],[8.890598,49.112256],[8.889709,49.115341],[8.887499,49.117383],[8.884651,49.11659],[8.882879,49.117467],[8.881461,49.119464],[8.878514,49.118156],[8.87724,49.120153],[8.876497,49.123919],[8.874097,49.123574],[8.873377,49.125103],[8.874704,49.128846],[8.871784,49.12998],[8.87264,49.131264],[8.869835,49.132069],[8.861767,49.129851],[8.859498,49.12609],[8.857819,49.12594],[8.844697,49.126949],[8.837311,49.127054],[8.828473,49.125386],[8.82635,49.126535],[8.825969,49.127638],[8.828352,49.12885],[8.831284,49.129448],[8.826936,49.132607],[8.827378,49.135225],[8.831327,49.138696],[8.830787,49.139585],[8.83793,49.139978],[8.837255,49.145776],[8.835494,49.148363],[8.839187,49.149766],[8.842196,49.150251],[8.832762,49.156029],[8.83314,49.156399],[8.830146,49.160468],[8.829874,49.161979],[8.824921,49.160164],[8.822713,49.157699],[8.822057,49.156072],[8.817925,49.157168],[8.81614,49.161472],[8.817134,49.16468],[8.816598,49.165908],[8.817407,49.167651],[8.819977,49.168472],[8.820329,49.170038],[8.818672,49.171511],[8.819574,49.174719],[8.824216,49.178009],[8.823396,49.181654],[8.823376,49.18398],[8.825737,49.18629],[8.825752,49.189295],[8.824348,49.191798],[8.821725,49.192388],[8.819402,49.194386],[8.823124,49.19403],[8.824781,49.192306],[8.828097,49.191735],[8.830641,49.189816],[8.83122,49.187321],[8.833685,49.188292],[8.836504,49.188113],[8.841493,49.186213],[8.842695,49.184642],[8.847283,49.181974],[8.850133,49.181275],[8.855707,49.177865],[8.860304,49.176551],[8.863393,49.174367],[8.86566,49.175567],[8.867197,49.17431],[8.870266,49.175903],[8.872888,49.174409],[8.878735,49.178855],[8.88582,49.179948],[8.887637,49.180747],[8.89612,49.181978],[8.893065,49.186339],[8.892578,49.189306],[8.893891,49.193737],[8.891918,49.194219],[8.887954,49.196539],[8.888161,49.198668],[8.886324,49.200898],[8.886654,49.202506],[8.89062,49.202359],[8.897031,49.202641],[8.902366,49.203928],[8.907803,49.205784],[8.913986,49.205349],[8.919939,49.207419],[8.923566,49.207569],[8.929391,49.20894],[8.941619,49.211167],[8.946577,49.211914],[8.957174,49.213034],[8.96084,49.215989],[8.963106,49.217237],[8.95917,49.220291],[8.95843,49.221383],[8.962904,49.222132],[8.964596,49.227501],[8.969203,49.227465],[8.972476,49.226931],[8.972758,49.228623],[8.97702,49.229083],[8.981712,49.231573],[8.984196,49.23221],[8.984559,49.234781],[8.987772,49.237388],[8.990378,49.237929],[8.989207,49.240528],[9.003936,49.241461],[9.006017,49.242601],[9.006791,49.24503],[9.01046,49.249157],[9.009011,49.250948],[9.002852,49.249841],[9.000875,49.252372],[8.997151,49.253231],[9.000297,49.254814],[9.002784,49.258597],[8.998864,49.2624],[8.99738,49.265623],[9.00233,49.265059],[9.005174,49.262539],[9.009774,49.26119],[9.011696,49.259415],[9.015167,49.255243],[9.020799,49.257319],[9.021446,49.259296],[9.018062,49.259391],[9.015452,49.261645],[9.01674,49.262366],[9.018234,49.265301],[9.021398,49.265413],[9.031941,49.269451],[9.030176,49.270934],[9.031945,49.271574],[9.031852,49.273396],[9.033018,49.274691],[9.034978,49.275097],[9.037025,49.276888],[9.039435,49.277215],[9.04181,49.279144],[9.041763,49.282597],[9.036447,49.284467],[9.037202,49.28604],[9.034257,49.286723],[9.033261,49.286166],[9.030036,49.286725],[9.029479,49.284783],[9.027526,49.285007],[9.027479,49.287629],[9.028525,49.290507],[9.02606,49.291736],[9.021108,49.294991],[9.021442,49.298736],[9.023917,49.299435],[9.027052,49.297988],[9.02884,49.298479],[9.030867,49.296431],[9.034495,49.295396],[9.041401,49.294728],[9.049614,49.292818],[9.048618,49.290318],[9.050273,49.286566],[9.058127,49.284781],[9.063051,49.284482],[9.065496,49.28298],[9.068723,49.279094],[9.071426,49.278309],[9.077931,49.278804],[9.083098,49.279799],[9.088195,49.28003],[9.095713,49.279146],[9.101476,49.279613],[9.107124,49.278925],[9.109662,49.277374],[9.113688,49.277361],[9.116534,49.276632],[9.115109,49.272439],[9.121878,49.27192],[9.126631,49.272942],[9.135768,49.272987],[9.148014,49.274384],[9.150567,49.273925],[9.152734,49.276942],[9.155163,49.281306],[9.155234,49.283401],[9.153387,49.285759],[9.148862,49.286953],[9.143781,49.287273],[9.136753,49.2862],[9.13537,49.286625],[9.131136,49.289907],[9.130378,49.291604],[9.130696,49.293315],[9.132926,49.295989],[9.136326,49.296257],[9.139249,49.294976],[9.143015,49.292726],[9.145782,49.292433],[9.148114,49.293201],[9.15226,49.296249],[9.154015,49.295552],[9.156647,49.299753],[9.156743,49.301728],[9.155233,49.306904],[9.154272,49.308129],[9.15494,49.31042],[9.156948,49.311872],[9.159614,49.323695],[9.161831,49.323311],[9.161986,49.32743],[9.162775,49.328701],[9.167641,49.326677],[9.173553,49.323408],[9.182041,49.325588],[9.184685,49.32535],[9.189428,49.326332],[9.192699,49.327439],[9.197908,49.326822],[9.201009,49.325358],[9.205847,49.324072],[9.206017,49.323256],[9.208952,49.319711],[9.210357,49.315922],[9.211283,49.314968],[9.217442,49.312865],[9.217795,49.311755],[9.220189,49.310764],[9.220818,49.307622],[9.224238,49.308451],[9.225298,49.310271],[9.227168,49.311314],[9.231314,49.309703],[9.233636,49.306063],[9.240498,49.302134],[9.24097,49.298765],[9.243391,49.297882],[9.245136,49.299515],[9.246637,49.299587],[9.251694,49.298448],[9.252717,49.299888],[9.251994,49.30215],[9.257925,49.3032],[9.257748,49.304436],[9.261655,49.306115],[9.260448,49.307618],[9.260479,49.310806],[9.26135,49.313463],[9.263669,49.314528],[9.262505,49.31759],[9.264406,49.321162],[9.265309,49.323776],[9.268304,49.327866],[9.26918,49.330377],[9.270302,49.330927],[9.273602,49.329945],[9.277644,49.330315],[9.287467,49.329892],[9.288852,49.332475],[9.289038,49.335354],[9.292449,49.339802],[9.293565,49.342059],[9.293038,49.344072],[9.294472,49.347577],[9.301697,49.350446],[9.303162,49.351805],[9.309963,49.355272],[9.315309,49.357259],[9.311131,49.361461],[9.309994,49.365018],[9.310464,49.36886],[9.30926,49.371556],[9.309699,49.375235],[9.310457,49.376965],[9.313561,49.379655],[9.316534,49.381114],[9.317087,49.384206],[9.319615,49.384377],[9.320424,49.385347],[9.324807,49.385839],[9.329269,49.387588],[9.332366,49.387539],[9.335125,49.385259],[9.338153,49.385063],[9.343806,49.380176],[9.344015,49.379193],[9.347123,49.376445],[9.353143,49.373613],[9.355542,49.370239],[9.353582,49.369289],[9.353632,49.367747],[9.35486,49.366613],[9.358716,49.367873],[9.360167,49.366454],[9.368129,49.367118],[9.3729,49.364943],[9.375328,49.362941],[9.376738,49.362978],[9.38314,49.365116],[9.386186,49.365825],[9.397536,49.365517],[9.399218,49.366339],[9.404429,49.365341],[9.403491,49.364397],[9.406653,49.363361],[9.408415,49.362049],[9.411827,49.361395],[9.414351,49.359361],[9.417063,49.358956],[9.421836,49.359974],[9.424019,49.358162],[9.427282,49.358425],[9.431985,49.36053],[9.435023,49.361169],[9.4406,49.36385],[9.443462,49.364353],[9.442772,49.36813],[9.439999,49.366751],[9.43989,49.368483],[9.443913,49.370428],[9.443236,49.371149],[9.451469,49.374979],[9.44962,49.379799],[9.446789,49.381221],[9.444854,49.382942],[9.44682,49.384078],[9.445654,49.386957],[9.446213,49.390963],[9.450624,49.392778],[9.453943,49.393599],[9.458332,49.393326],[9.461811,49.394681],[9.464595,49.396948],[9.46883,49.391824],[9.472049,49.39087],[9.473156,49.386498],[9.474438,49.384676],[9.477058,49.385247],[9.482787,49.383893],[9.484951,49.384085],[9.489051,49.382137],[9.500395,49.380534],[9.500804,49.378936],[9.504245,49.378752],[9.503034,49.377384],[9.506111,49.376495],[9.508158,49.375246],[9.512961,49.375402],[9.517376,49.378181],[9.520155,49.381047],[9.525016,49.380547],[9.528044,49.381781],[9.531593,49.381997],[9.536088,49.37986],[9.541784,49.379463],[9.545579,49.377395],[9.553996,49.376895],[9.556599,49.377442],[9.55955,49.376495],[9.563883,49.378094],[9.566227,49.376144],[9.568636,49.375927],[9.57058,49.377227],[9.572157,49.376397],[9.574149,49.379083],[9.573981,49.380418],[9.576364,49.38331],[9.575842,49.385056],[9.580065,49.386307],[9.586916,49.389206],[9.593788,49.391663],[9.591962,49.39378],[9.589273,49.393328],[9.590606,49.401164],[9.586001,49.399316],[9.582193,49.403087],[9.5791,49.402165],[9.578071,49.403032],[9.577081,49.406211],[9.574582,49.407237],[9.574777,49.408708],[9.573733,49.410444],[9.570659,49.411874],[9.573417,49.413402],[9.570663,49.416716],[9.576178,49.41819],[9.57919,49.419461],[9.588954,49.421724],[9.591369,49.421907],[9.59328,49.423162],[9.59624,49.423235],[9.600748,49.42575],[9.603786,49.426619],[9.602042,49.428788],[9.600846,49.431302],[9.595612,49.430989],[9.595771,49.434909],[9.592001,49.435066],[9.589499,49.439823],[9.583852,49.441367],[9.580086,49.440947],[9.576898,49.441267],[9.573074,49.442691],[9.570432,49.441925],[9.569222,49.443271],[9.562566,49.444867],[9.557802,49.447356],[9.554572,49.448279],[9.541476,49.449065],[9.537342,49.44759],[9.53353,49.445595],[9.530225,49.443195],[9.527247,49.444124],[9.521245,49.444953],[9.519055,49.444253],[9.516835,49.444393],[9.514414,49.441797],[9.5123,49.438444],[9.510901,49.439006],[9.512258,49.441928],[9.512066,49.443158],[9.513944,49.44542],[9.509099,49.447707],[9.507853,49.448966],[9.507122,49.451644],[9.505577,49.453904],[9.506478,49.456992],[9.506264,49.458487],[9.50897,49.459116],[9.51142,49.460629],[9.513223,49.463291],[9.512808,49.466985],[9.514153,49.469687],[9.514071,49.470843],[9.517259,49.472352],[9.514168,49.475006],[9.512663,49.475449],[9.513232,49.477485],[9.512637,49.480336],[9.50674,49.481143],[9.503377,49.482925],[9.49862,49.484434],[9.495877,49.485803],[9.494163,49.485381],[9.491787,49.486971],[9.49113,49.489105],[9.494911,49.491393],[9.495849,49.495035],[9.494982,49.498293],[9.494951,49.502483],[9.499167,49.500078],[9.505767,49.501266],[9.504919,49.502354],[9.505749,49.504627],[9.508134,49.505098],[9.512526,49.509296],[9.514936,49.512092],[9.51435,49.513301],[9.516243,49.514179],[9.51723,49.515908],[9.519204,49.51431],[9.52014,49.511001],[9.52427,49.511804],[9.526239,49.512645],[9.524124,49.514688],[9.528682,49.515259],[9.531314,49.514231],[9.531989,49.516137],[9.530858,49.517698],[9.531954,49.5191],[9.534512,49.517738],[9.537202,49.519829],[9.538971,49.52254],[9.540359,49.523616],[9.544243,49.523253],[9.545452,49.524679],[9.541434,49.524705],[9.541375,49.526492],[9.543443,49.528012],[9.544368,49.530446],[9.542115,49.532779],[9.540399,49.532373],[9.535803,49.534308],[9.531314,49.535779],[9.52746,49.535375],[9.522722,49.536379],[9.523789,49.543348],[9.523424,49.544475],[9.521273,49.545432],[9.517923,49.547797],[9.52038,49.549052],[9.516019,49.550198],[9.515443,49.552964],[9.5164,49.553916],[9.514704,49.558071],[9.507195,49.565863],[9.507114,49.568518],[9.503716,49.570858],[9.503904,49.572837],[9.505952,49.575152],[9.505937,49.578217],[9.503419,49.583526],[9.499068,49.587419],[9.505896,49.592635],[9.506856,49.594688],[9.50485,49.596444],[9.511135,49.601748],[9.515743,49.600162],[9.521108,49.599389],[9.524059,49.600211],[9.526672,49.597513],[9.530489,49.597121],[9.532534,49.599719],[9.53537,49.600331],[9.535249,49.601822],[9.529891,49.604569],[9.532165,49.605352],[9.538435,49.605915],[9.538875,49.604064],[9.535972,49.603801],[9.536791,49.601642],[9.541476,49.603363],[9.541333,49.60476],[9.538351,49.606804],[9.538835,49.610384],[9.537053,49.615527],[9.539713,49.619069],[9.546698,49.61961],[9.551725,49.621509],[9.548513,49.625214],[9.549552,49.630664],[9.547855,49.63266],[9.547759,49.633973],[9.545807,49.63483],[9.542622,49.638461],[9.539269,49.639858],[9.538084,49.638973],[9.531393,49.636445],[9.52931,49.634902],[9.526571,49.635195],[9.524546,49.63671],[9.519989,49.643127],[9.517576,49.643333],[9.512882,49.641655],[9.506476,49.640226],[9.50189,49.637313],[9.497282,49.63962],[9.498938,49.641698],[9.491453,49.643443],[9.491886,49.644608],[9.488078,49.644831],[9.483519,49.643356],[9.476331,49.642548],[9.47489,49.643742],[9.470756,49.644664],[9.469013,49.645781],[9.458348,49.647503],[9.4561,49.647268],[9.453269,49.647855],[9.450135,49.649622],[9.451877,49.65127],[9.451348,49.655744],[9.446734,49.657096],[9.440721,49.658149],[9.438182,49.657532],[9.434171,49.657379],[9.429647,49.658605],[9.427668,49.661193],[9.422016,49.663288],[9.419877,49.663605],[9.415151,49.663175],[9.411415,49.663763]],[[8.023378,48.691696],[8.015734,48.694297],[8.017325,48.695767],[8.025048,48.693199],[8.023378,48.691696]],[[8.057053,48.706585],[8.060692,48.70895],[8.06137,48.710652],[8.063087,48.711822],[8.069333,48.712955],[8.071351,48.712242],[8.072604,48.710914],[8.071416,48.707744],[8.068753,48.706034],[8.063391,48.705744],[8.060602,48.701676],[8.057891,48.698764],[8.053101,48.69682],[8.05291,48.699594],[8.049793,48.698804],[8.050832,48.697299],[8.049706,48.695545],[8.051335,48.694925],[8.05167,48.693449],[8.047658,48.692356],[8.042632,48.695241],[8.045629,48.69829],[8.047617,48.698623],[8.050377,48.702082],[8.054125,48.703309],[8.057053,48.706585]],[[8.669113,49.613282],[8.67129,49.614795],[8.671372,49.616973],[8.673122,49.620022],[8.674893,49.620804],[8.678186,49.620095],[8.678649,49.621643],[8.681188,49.622467],[8.682081,49.620906],[8.685978,49.621644],[8.685484,49.618249],[8.683273,49.617913],[8.681826,49.616503],[8.680056,49.615384],[8.678634,49.614795],[8.677571,49.613987],[8.674187,49.614682],[8.670237,49.614018],[8.669113,49.613282]]]},"properties":{"rs":82000000000,"name":"Regierungsbezirk Karlsruhe"},"id":"relation/22027"},{"type":"Feature","geometry":{"type":"MultiPolygon","coordinates":[[[[8.769148,48.522345],[8.771562,48.524103],[8.773661,48.523733],[8.780854,48.521421],[8.786604,48.520888],[8.790033,48.520259],[8.792501,48.516116],[8.792728,48.513798],[8.793748,48.512864],[8.796498,48.512512],[8.796578,48.510532],[8.803992,48.50863],[8.804439,48.506477],[8.80969,48.507136],[8.817736,48.507282],[8.825459,48.506398],[8.836159,48.504223],[8.833777,48.500052],[8.838337,48.498849],[8.840637,48.497721],[8.844701,48.498467],[8.844922,48.500246],[8.84668,48.503457],[8.845423,48.506451],[8.844188,48.507538],[8.849464,48.509742],[8.853363,48.509927],[8.858543,48.512228],[8.86593,48.514789],[8.864578,48.516776],[8.862429,48.517337],[8.858314,48.516743],[8.85582,48.518967],[8.857442,48.520283],[8.854679,48.522733],[8.859408,48.527183],[8.858593,48.529367],[8.857097,48.529293],[8.852954,48.531376],[8.853219,48.53292],[8.851328,48.537084],[8.866495,48.540187],[8.869515,48.539633],[8.873864,48.540232],[8.877215,48.539409],[8.88258,48.540977],[8.886949,48.541762],[8.885674,48.543925],[8.889031,48.544654],[8.888665,48.55176],[8.889887,48.556374],[8.890835,48.5582],[8.89009,48.560075],[8.888553,48.560702],[8.890039,48.564313],[8.893989,48.562611],[8.895524,48.564503],[8.897816,48.563337],[8.899675,48.565115],[8.901274,48.56524],[8.909502,48.569968],[8.910471,48.572051],[8.912737,48.572625],[8.914411,48.570946],[8.917805,48.572154],[8.919362,48.570046],[8.924175,48.570981],[8.925915,48.569083],[8.928589,48.569188],[8.929784,48.567664],[8.931963,48.567438],[8.932599,48.564406],[8.940535,48.566565],[8.945193,48.567548],[8.940366,48.570557],[8.939164,48.571756],[8.939584,48.573294],[8.937254,48.574471],[8.935922,48.577504],[8.93886,48.57932],[8.941471,48.577628],[8.944199,48.577923],[8.944799,48.579322],[8.949192,48.579984],[8.947715,48.585113],[8.947786,48.586019],[8.950249,48.587445],[8.953992,48.588331],[8.956853,48.587933],[8.956089,48.586562],[8.966156,48.587138],[8.974994,48.589265],[8.976906,48.590653],[8.981618,48.588525],[8.989138,48.585782],[8.991204,48.58542],[8.992995,48.584183],[8.995077,48.584414],[8.996885,48.58647],[9.002309,48.587298],[9.00598,48.5882],[9.009131,48.586893],[9.013435,48.586217],[9.018449,48.581544],[9.020512,48.580711],[9.02139,48.579457],[9.023308,48.579535],[9.025742,48.578665],[9.031104,48.578404],[9.034839,48.575959],[9.035965,48.579901],[9.038301,48.58175],[9.038127,48.584695],[9.040116,48.5861],[9.041093,48.587817],[9.04323,48.587809],[9.045029,48.588708],[9.045242,48.590276],[9.049918,48.591686],[9.052018,48.593092],[9.05648,48.593662],[9.056918,48.59145],[9.063645,48.592532],[9.065606,48.59334],[9.070853,48.593659],[9.076198,48.5901],[9.078713,48.589996],[9.07911,48.59309],[9.078087,48.595112],[9.077941,48.598071],[9.081479,48.597484],[9.085378,48.599471],[9.083239,48.600018],[9.08537,48.602222],[9.08643,48.601442],[9.089144,48.602975],[9.089063,48.604203],[9.087197,48.605717],[9.085552,48.610109],[9.083027,48.612198],[9.086977,48.612022],[9.088252,48.61319],[9.091177,48.612507],[9.092365,48.614399],[9.095755,48.615941],[9.096494,48.617362],[9.095653,48.621556],[9.107437,48.622792],[9.107658,48.618881],[9.107282,48.617322],[9.108548,48.616136],[9.113505,48.616525],[9.115517,48.614869],[9.11553,48.6128],[9.113836,48.611648],[9.111917,48.608339],[9.112575,48.607254],[9.110147,48.60523],[9.112276,48.603409],[9.117207,48.602108],[9.11983,48.600737],[9.123263,48.600142],[9.127371,48.60042],[9.129779,48.601607],[9.132991,48.601993],[9.134865,48.601204],[9.140121,48.602059],[9.14043,48.602667],[9.149754,48.604331],[9.151985,48.605254],[9.155434,48.605912],[9.161914,48.604943],[9.165909,48.605286],[9.170763,48.604835],[9.173,48.605398],[9.175521,48.60525],[9.179756,48.603689],[9.184168,48.598679],[9.185762,48.598277],[9.191449,48.599742],[9.196692,48.601454],[9.202952,48.604016],[9.20516,48.603269],[9.206745,48.601242],[9.207208,48.599053],[9.205258,48.596456],[9.205687,48.593144],[9.202486,48.593445],[9.202814,48.591933],[9.198092,48.591603],[9.197769,48.588136],[9.20293,48.58651],[9.206497,48.583677],[9.208267,48.579135],[9.207341,48.574092],[9.208546,48.572471],[9.211398,48.570576],[9.216593,48.567802],[9.223359,48.567668],[9.225151,48.566318],[9.228171,48.567802],[9.228958,48.569007],[9.229579,48.572348],[9.231844,48.571568],[9.234985,48.574853],[9.23646,48.574437],[9.237441,48.57847],[9.24117,48.578614],[9.24162,48.576438],[9.247427,48.57448],[9.248055,48.574885],[9.252207,48.571874],[9.252481,48.570455],[9.254424,48.568319],[9.259922,48.569235],[9.260505,48.566122],[9.26192,48.56677],[9.265693,48.56653],[9.26806,48.565793],[9.273375,48.567004],[9.276719,48.566935],[9.27911,48.568493],[9.280824,48.568011],[9.281919,48.56636],[9.284483,48.566852],[9.285436,48.565195],[9.289354,48.566183],[9.293994,48.565355],[9.29571,48.565765],[9.297212,48.5685],[9.29619,48.569715],[9.298341,48.572943],[9.295172,48.572486],[9.294545,48.573553],[9.296741,48.574637],[9.298521,48.573901],[9.29978,48.575524],[9.303889,48.577207],[9.307514,48.57699],[9.309948,48.580002],[9.31142,48.581028],[9.314749,48.580389],[9.315994,48.578696],[9.319712,48.577006],[9.322776,48.574113],[9.321922,48.57232],[9.321416,48.568976],[9.319411,48.568552],[9.317905,48.567163],[9.312624,48.564722],[9.311578,48.562827],[9.314936,48.561965],[9.316689,48.560315],[9.31926,48.559414],[9.320712,48.556507],[9.316975,48.554616],[9.31917,48.552483],[9.316415,48.551279],[9.317616,48.550013],[9.313991,48.547361],[9.314564,48.546252],[9.318347,48.546455],[9.320419,48.54799],[9.322449,48.546976],[9.324864,48.543475],[9.323919,48.541474],[9.326447,48.541736],[9.327079,48.540559],[9.331351,48.540425],[9.336691,48.543565],[9.337571,48.547235],[9.340159,48.548393],[9.343553,48.546265],[9.348496,48.545106],[9.349582,48.543766],[9.353759,48.543234],[9.358376,48.54448],[9.362611,48.542835],[9.365934,48.539317],[9.366834,48.537466],[9.369488,48.534493],[9.373833,48.533874],[9.37899,48.53451],[9.379849,48.535386],[9.38421,48.535681],[9.385987,48.534421],[9.389869,48.534475],[9.391215,48.531983],[9.393554,48.530858],[9.395585,48.531374],[9.397593,48.533454],[9.400479,48.534615],[9.40688,48.535578],[9.40626,48.537862],[9.408622,48.538978],[9.41413,48.535754],[9.415016,48.536488],[9.418396,48.536232],[9.41953,48.537654],[9.416887,48.538581],[9.419237,48.539907],[9.420837,48.541808],[9.424343,48.540827],[9.426303,48.543782],[9.429914,48.543734],[9.432601,48.542729],[9.435895,48.540598],[9.439825,48.540139],[9.440598,48.542465],[9.444783,48.544179],[9.449075,48.545111],[9.450657,48.546397],[9.455702,48.544739],[9.463204,48.544466],[9.46426,48.543796],[9.4641,48.54031],[9.466595,48.538816],[9.472055,48.538401],[9.474113,48.536976],[9.478374,48.53615],[9.480787,48.534887],[9.48268,48.535176],[9.486491,48.533119],[9.490273,48.530511],[9.489234,48.527605],[9.482227,48.528301],[9.479245,48.527193],[9.478524,48.525724],[9.480529,48.52518],[9.480125,48.523475],[9.478191,48.523157],[9.476134,48.523881],[9.473785,48.522926],[9.474687,48.521161],[9.4705,48.518594],[9.468862,48.518187],[9.466106,48.51612],[9.46835,48.513536],[9.470235,48.512793],[9.473989,48.512357],[9.471993,48.515417],[9.47949,48.518249],[9.485847,48.518034],[9.48873,48.517144],[9.490856,48.517462],[9.488604,48.520108],[9.490728,48.52111],[9.494671,48.520715],[9.497518,48.521704],[9.499331,48.520813],[9.497899,48.519742],[9.4974,48.517856],[9.498535,48.514713],[9.501773,48.512492],[9.505786,48.514526],[9.506047,48.515702],[9.503419,48.516086],[9.502576,48.517342],[9.506732,48.518416],[9.50971,48.521009],[9.508603,48.523748],[9.504334,48.526901],[9.510136,48.526372],[9.510665,48.523331],[9.512251,48.52185],[9.516093,48.520342],[9.518135,48.518437],[9.520307,48.518034],[9.521925,48.519937],[9.524756,48.515778],[9.528678,48.51554],[9.529154,48.513858],[9.530976,48.513594],[9.533153,48.516676],[9.532362,48.51791],[9.535337,48.521419],[9.533392,48.521734],[9.532024,48.526967],[9.539592,48.527296],[9.541848,48.526454],[9.544867,48.527831],[9.55134,48.528884],[9.556013,48.531165],[9.559672,48.531955],[9.56106,48.533369],[9.564599,48.535339],[9.564989,48.537237],[9.569964,48.539318],[9.573194,48.539977],[9.579214,48.538789],[9.583094,48.53881],[9.585453,48.536743],[9.587224,48.538408],[9.587128,48.539574],[9.594038,48.540155],[9.599688,48.538332],[9.60203,48.540017],[9.603673,48.539269],[9.610361,48.540684],[9.611916,48.540614],[9.614869,48.539101],[9.615653,48.537054],[9.627384,48.537325],[9.632486,48.537195],[9.633141,48.535409],[9.635378,48.533621],[9.639448,48.533015],[9.639278,48.530905],[9.645944,48.526368],[9.646959,48.524127],[9.648655,48.524777],[9.654068,48.520719],[9.65557,48.518869],[9.659161,48.519276],[9.659374,48.521351],[9.656762,48.521144],[9.656156,48.524036],[9.666086,48.52481],[9.670062,48.523855],[9.672765,48.522781],[9.677385,48.523195],[9.681706,48.521007],[9.68482,48.519821],[9.686603,48.517461],[9.689203,48.518254],[9.68845,48.519601],[9.684593,48.522998],[9.681824,48.524465],[9.683113,48.525948],[9.687109,48.528755],[9.690099,48.529839],[9.690347,48.53456],[9.694876,48.535517],[9.696609,48.53703],[9.69408,48.541042],[9.697494,48.540339],[9.703509,48.540535],[9.705063,48.541292],[9.709071,48.541227],[9.709874,48.543202],[9.70822,48.545169],[9.713496,48.54559],[9.714036,48.544619],[9.719819,48.545144],[9.722896,48.546785],[9.722787,48.551296],[9.720539,48.554211],[9.719265,48.557098],[9.723443,48.558284],[9.727066,48.560855],[9.726044,48.561976],[9.730108,48.563408],[9.732015,48.561647],[9.734035,48.562663],[9.735272,48.560699],[9.740286,48.56057],[9.740184,48.561821],[9.744432,48.563744],[9.747606,48.562516],[9.749326,48.563335],[9.75241,48.563118],[9.758103,48.560953],[9.760361,48.560895],[9.763187,48.559976],[9.764845,48.561333],[9.765064,48.564037],[9.767792,48.562731],[9.768869,48.56324],[9.767247,48.565304],[9.770042,48.56621],[9.7718,48.564518],[9.775836,48.56559],[9.777743,48.563448],[9.777883,48.561516],[9.778957,48.560362],[9.78725,48.559758],[9.790677,48.558707],[9.797695,48.558733],[9.798597,48.556543],[9.802124,48.557257],[9.809772,48.557279],[9.812046,48.558555],[9.815937,48.558624],[9.820355,48.561402],[9.81792,48.56272],[9.817602,48.564954],[9.821788,48.565349],[9.82454,48.563877],[9.827046,48.565264],[9.8288,48.56541],[9.83103,48.570122],[9.835506,48.574039],[9.835942,48.575014],[9.83435,48.577329],[9.837458,48.579123],[9.839387,48.582853],[9.838829,48.585824],[9.845165,48.584822],[9.846761,48.583967],[9.851186,48.582926],[9.853355,48.583987],[9.856287,48.584246],[9.856907,48.585359],[9.859969,48.584363],[9.862365,48.586086],[9.857987,48.589441],[9.861368,48.588696],[9.866226,48.58832],[9.868336,48.590664],[9.870916,48.589231],[9.882579,48.603575],[9.884408,48.60524],[9.894061,48.611424],[9.895608,48.611265],[9.895508,48.614201],[9.897215,48.613497],[9.898125,48.615398],[9.8937,48.615792],[9.887774,48.615743],[9.889735,48.61991],[9.891096,48.620496],[9.892198,48.622509],[9.896819,48.62135],[9.900221,48.62201],[9.900981,48.623105],[9.910555,48.622988],[9.913814,48.62327],[9.913118,48.625826],[9.916014,48.626383],[9.921601,48.626199],[9.921174,48.628161],[9.924597,48.628023],[9.923894,48.629781],[9.92916,48.629753],[9.933362,48.63088],[9.937287,48.630264],[9.940263,48.630763],[9.942818,48.631907],[9.945831,48.63182],[9.948346,48.631145],[9.952003,48.629067],[9.947706,48.629339],[9.948423,48.625347],[9.94955,48.623211],[9.952876,48.623373],[9.955582,48.624736],[9.959425,48.621214],[9.957088,48.620823],[9.957836,48.618549],[9.960183,48.618948],[9.96262,48.61744],[9.965873,48.616803],[9.96935,48.615085],[9.969522,48.612935],[9.968396,48.611216],[9.96923,48.60843],[9.967158,48.605597],[9.961248,48.603585],[9.962283,48.601026],[9.964474,48.600945],[9.963082,48.597527],[9.964379,48.597579],[9.964472,48.594968],[9.968223,48.595151],[9.972223,48.59609],[9.974269,48.597246],[9.976774,48.597736],[9.981561,48.59723],[9.982462,48.595533],[9.9885,48.597087],[9.991485,48.596586],[9.993193,48.597603],[9.991656,48.599482],[9.991665,48.600651],[9.993434,48.602279],[9.992335,48.604645],[9.996449,48.605955],[9.998465,48.607115],[10.003563,48.603961],[10.00838,48.60332],[10.015819,48.604347],[10.017,48.605384],[10.021693,48.605034],[10.024044,48.603877],[10.026771,48.604875],[10.027739,48.606365],[10.033223,48.605689],[10.040303,48.606922],[10.040875,48.604574],[10.043748,48.602383],[10.046422,48.601474],[10.045205,48.598544],[10.047371,48.595589],[10.049461,48.594903],[10.051242,48.592352],[10.058935,48.589076],[10.057322,48.586139],[10.057909,48.585216],[10.060748,48.58606],[10.065679,48.586652],[10.073075,48.58414],[10.080157,48.583526],[10.08558,48.581143],[10.089036,48.580535],[10.093251,48.578399],[10.097993,48.577825],[10.099336,48.576638],[10.10033,48.574161],[10.102661,48.572991],[10.105723,48.570422],[10.109735,48.569842],[10.108963,48.568149],[10.110046,48.566373],[10.11019,48.563227],[10.111715,48.561558],[10.111535,48.560448],[10.114121,48.555985],[10.117113,48.556252],[10.121357,48.558886],[10.123769,48.558876],[10.126252,48.557529],[10.130155,48.556961],[10.13108,48.556066],[10.134804,48.557302],[10.135428,48.555344],[10.138129,48.556043],[10.14088,48.555853],[10.144886,48.553769],[10.148744,48.552817],[10.150681,48.553159],[10.151132,48.55123],[10.153148,48.551286],[10.153325,48.55517],[10.154985,48.556521],[10.159596,48.55724],[10.163909,48.555205],[10.166675,48.554479],[10.167561,48.553203],[10.168007,48.550329],[10.17139,48.549285],[10.174318,48.54984],[10.178494,48.550019],[10.180311,48.551571],[10.180902,48.553505],[10.183161,48.5568],[10.186236,48.558622],[10.187384,48.556795],[10.186324,48.552593],[10.187396,48.551048],[10.193055,48.551572],[10.193218,48.550173],[10.187908,48.549773],[10.189124,48.548285],[10.192132,48.547676],[10.193947,48.5457],[10.188968,48.545303],[10.191659,48.54205],[10.194817,48.541387],[10.20072,48.542552],[10.202825,48.541574],[10.203417,48.537073],[10.204867,48.537371],[10.20663,48.534237],[10.211252,48.534959],[10.211669,48.532484],[10.21493,48.533172],[10.21495,48.531059],[10.209811,48.532055],[10.210316,48.530755],[10.213298,48.527589],[10.213743,48.525049],[10.216315,48.525046],[10.21682,48.523598],[10.213533,48.521623],[10.215357,48.519436],[10.212852,48.518129],[10.213285,48.517191],[10.2171,48.513953],[10.220007,48.512826],[10.225339,48.514249],[10.227633,48.510663],[10.230965,48.51049],[10.234437,48.512002],[10.238701,48.512077],[10.246752,48.510139],[10.249883,48.511525],[10.248161,48.515584],[10.250415,48.516761],[10.252405,48.514598],[10.255332,48.516017],[10.2538,48.518478],[10.264448,48.520105],[10.266118,48.517571],[10.268764,48.518357],[10.272433,48.517705],[10.272971,48.515834],[10.278172,48.51606],[10.285588,48.517815],[10.286836,48.516015],[10.295829,48.517426],[10.296323,48.516877],[10.312067,48.522946],[10.309168,48.526371],[10.314532,48.526491],[10.312229,48.530106],[10.309638,48.529104],[10.30596,48.528935],[10.303176,48.529995],[10.301609,48.537172],[10.303901,48.538275],[10.301703,48.541302],[10.301627,48.543676],[10.302772,48.545067],[10.302363,48.547593],[10.304157,48.548093],[10.305219,48.550795],[10.30794,48.550406],[10.310056,48.551122],[10.315977,48.555768],[10.312985,48.555935],[10.31363,48.560769],[10.313235,48.56569],[10.311905,48.569884],[10.310029,48.572131],[10.310916,48.572817],[10.309331,48.574637],[10.309202,48.576131],[10.310714,48.576726],[10.309917,48.57898],[10.308567,48.580269],[10.306163,48.584265],[10.302896,48.584626],[10.297027,48.588713],[10.293113,48.589743],[10.295159,48.59252],[10.29582,48.594832],[10.295288,48.600385],[10.298127,48.599798],[10.296974,48.602431],[10.297063,48.603985],[10.299137,48.604876],[10.301725,48.605112],[10.302838,48.60439],[10.307212,48.603218],[10.30707,48.601291],[10.309034,48.601104],[10.308499,48.604907],[10.320197,48.604095],[10.320711,48.605321],[10.318205,48.606244],[10.318732,48.607446],[10.322811,48.60855],[10.322701,48.609436],[10.308668,48.617349],[10.300127,48.622527],[10.297757,48.6242],[10.299725,48.625012],[10.297187,48.626709],[10.294557,48.631488],[10.295132,48.63362],[10.289413,48.63461],[10.289451,48.636107],[10.284415,48.636668],[10.284069,48.63868],[10.279838,48.640547],[10.279172,48.642546],[10.280267,48.646763],[10.275598,48.646705],[10.274071,48.646071],[10.271914,48.646891],[10.268271,48.646617],[10.2699,48.650079],[10.269432,48.651764],[10.267747,48.652926],[10.263302,48.653535],[10.262533,48.656703],[10.262985,48.657454],[10.266796,48.657697],[10.265257,48.660059],[10.262764,48.660057],[10.255942,48.662901],[10.254244,48.664685],[10.254307,48.665967],[10.257304,48.668955],[10.263158,48.67175],[10.25971,48.67465],[10.255181,48.677413],[10.256072,48.680491],[10.258411,48.680715],[10.26477,48.679773],[10.267774,48.679951],[10.264244,48.682644],[10.267279,48.684381],[10.27279,48.685694],[10.268845,48.697525],[10.268208,48.701256],[10.268718,48.703675],[10.275673,48.702403],[10.277412,48.701742],[10.282792,48.70079],[10.288574,48.697168],[10.292669,48.693472],[10.293912,48.691927],[10.29812,48.690854],[10.302343,48.690548],[10.306715,48.687099],[10.315069,48.683407],[10.316318,48.682483],[10.318415,48.683527],[10.318337,48.687689],[10.32087,48.687373],[10.323451,48.688259],[10.32304,48.689394],[10.32495,48.690289],[10.330091,48.690693],[10.333438,48.689627],[10.337026,48.687488],[10.342915,48.683083],[10.34729,48.679378],[10.3479,48.676243],[10.346205,48.674373],[10.348474,48.673318],[10.350215,48.669666],[10.351144,48.666046],[10.348396,48.665382],[10.349188,48.663369],[10.3481,48.659699],[10.352851,48.65816],[10.3512,48.656182],[10.35112,48.654631],[10.354765,48.654522],[10.359349,48.653683],[10.362154,48.65365],[10.36204,48.655306],[10.364688,48.655289],[10.365851,48.656582],[10.366933,48.65934],[10.366947,48.662219],[10.368442,48.663776],[10.373505,48.662988],[10.376631,48.664148],[10.378483,48.666174],[10.380091,48.666295],[10.382625,48.665297],[10.383946,48.666988],[10.386643,48.66673],[10.389512,48.668004],[10.388511,48.671093],[10.386938,48.672421],[10.386651,48.674096],[10.390735,48.674738],[10.391124,48.67615],[10.390049,48.677423],[10.392592,48.677953],[10.391763,48.680834],[10.391922,48.682464],[10.393286,48.684292],[10.391942,48.685745],[10.392004,48.687082],[10.39351,48.689188],[10.39935,48.690175],[10.398895,48.691343],[10.401549,48.693339],[10.404111,48.694201],[10.407593,48.694625],[10.4052,48.696366],[10.406221,48.698239],[10.409958,48.698588],[10.411431,48.697643],[10.413488,48.698649],[10.417833,48.696638],[10.420701,48.694035],[10.428289,48.696938],[10.428877,48.69847],[10.431753,48.69932],[10.432095,48.698248],[10.435175,48.696578],[10.43669,48.696997],[10.438587,48.695455],[10.439437,48.693081],[10.438375,48.691108],[10.43392,48.690747],[10.435269,48.689126],[10.434619,48.687609],[10.42995,48.68609],[10.427231,48.688657],[10.426622,48.691627],[10.424588,48.691981],[10.42275,48.690527],[10.422055,48.688373],[10.422744,48.685868],[10.42234,48.684205],[10.418752,48.682584],[10.422522,48.680869],[10.423349,48.678293],[10.423534,48.675033],[10.425522,48.675257],[10.426111,48.673251],[10.424644,48.671069],[10.420614,48.669941],[10.417721,48.672593],[10.41461,48.670922],[10.41577,48.66961],[10.411401,48.668091],[10.408506,48.667773],[10.410505,48.660995],[10.412893,48.662309],[10.416688,48.662535],[10.416516,48.663788],[10.419571,48.663976],[10.419687,48.663015],[10.424183,48.662598],[10.428365,48.6641],[10.429051,48.661879],[10.43271,48.661373],[10.433002,48.664016],[10.435308,48.664698],[10.438611,48.664459],[10.441295,48.664867],[10.441786,48.666493],[10.449003,48.665488],[10.452452,48.667877],[10.452924,48.669652],[10.454938,48.670523],[10.457831,48.670391],[10.465123,48.670663],[10.473144,48.67643],[10.475092,48.677384],[10.477126,48.679501],[10.481443,48.681534],[10.480749,48.683126],[10.481917,48.686553],[10.48575,48.687366],[10.487053,48.686281],[10.489415,48.685982],[10.49104,48.687289],[10.492609,48.686028],[10.495264,48.687193],[10.495627,48.688347],[10.491471,48.690764],[10.485657,48.69153],[10.486646,48.692448],[10.487395,48.696696],[10.483999,48.696639],[10.479682,48.694754],[10.480182,48.699952],[10.478461,48.701483],[10.473769,48.702771],[10.47166,48.702845],[10.471473,48.704666],[10.475158,48.705678],[10.477707,48.704897],[10.479034,48.705915],[10.483135,48.707608],[10.481891,48.709634],[10.481791,48.712653],[10.473634,48.711978],[10.471026,48.714456],[10.468166,48.715271],[10.468526,48.718275],[10.467121,48.721826],[10.461906,48.72256],[10.462304,48.724257],[10.465655,48.724071],[10.465124,48.727802],[10.462741,48.728077],[10.461588,48.729455],[10.454922,48.729373],[10.454612,48.730058],[10.457921,48.731795],[10.459674,48.733495],[10.462997,48.735164],[10.460548,48.736278],[10.45753,48.735376],[10.454584,48.733831],[10.452945,48.73487],[10.450091,48.735005],[10.450017,48.732272],[10.447958,48.727474],[10.44658,48.729859],[10.444095,48.729681],[10.442844,48.730613],[10.443159,48.732423],[10.440676,48.733832],[10.438648,48.73796],[10.435704,48.73876],[10.434657,48.737768],[10.43231,48.737371],[10.430854,48.738023],[10.43323,48.741293],[10.427799,48.743083],[10.423937,48.747137],[10.420921,48.747995],[10.417119,48.751406],[10.418585,48.753827],[10.422381,48.753116],[10.424571,48.755078],[10.424595,48.756641],[10.428291,48.755921],[10.427282,48.757722],[10.423265,48.758087],[10.418353,48.763044],[10.419222,48.764812],[10.417198,48.765175],[10.417713,48.769653],[10.412107,48.770517],[10.412763,48.772315],[10.415844,48.772518],[10.415659,48.775171],[10.416704,48.776252],[10.420261,48.775993],[10.418162,48.772864],[10.420888,48.772485],[10.424931,48.773191],[10.428156,48.772977],[10.427409,48.771753],[10.431083,48.770241],[10.429967,48.77255],[10.428299,48.773555],[10.434351,48.776376],[10.431771,48.778804],[10.427016,48.780305],[10.428919,48.781582],[10.427987,48.783337],[10.427404,48.786473],[10.429846,48.788231],[10.434651,48.787656],[10.434168,48.789749],[10.431984,48.790511],[10.42933,48.790038],[10.427753,48.79155],[10.429801,48.792182],[10.430689,48.79358],[10.422908,48.79442],[10.420322,48.796215],[10.420989,48.799128],[10.423432,48.800675],[10.426005,48.800744],[10.429203,48.80004],[10.432631,48.80066],[10.438083,48.80313],[10.440695,48.804841],[10.441151,48.806596],[10.442614,48.808243],[10.447494,48.809696],[10.450678,48.81134],[10.447153,48.812405],[10.446784,48.813492],[10.447505,48.816402],[10.449027,48.817967],[10.446895,48.819085],[10.448902,48.820616],[10.448306,48.8223],[10.446512,48.82422],[10.449619,48.825147],[10.449811,48.827],[10.44824,48.827834],[10.449288,48.830366],[10.448003,48.831846],[10.443231,48.832116],[10.443746,48.833404],[10.438964,48.835155],[10.43646,48.83515],[10.431927,48.837032],[10.429599,48.837412],[10.426446,48.837],[10.427406,48.842869],[10.429384,48.843158],[10.429016,48.845656],[10.437199,48.847648],[10.44086,48.848277],[10.445082,48.849547],[10.447997,48.849618],[10.449949,48.85087],[10.44989,48.852921],[10.452581,48.853299],[10.452436,48.856486],[10.453857,48.860327],[10.448342,48.861324],[10.449903,48.86276],[10.450354,48.864761],[10.448465,48.865794],[10.451596,48.867859],[10.452692,48.871164],[10.450879,48.872357],[10.452628,48.873475],[10.446959,48.877355],[10.448333,48.878937],[10.444697,48.88038],[10.445399,48.881385],[10.448283,48.880882],[10.450218,48.883026],[10.450497,48.884858],[10.452967,48.884254],[10.453905,48.887399],[10.452302,48.887461],[10.453348,48.890174],[10.449364,48.891038],[10.450088,48.893194],[10.444689,48.894018],[10.444976,48.895259],[10.442099,48.89572],[10.440748,48.898714],[10.438003,48.898811],[10.437474,48.899787],[10.432042,48.900748],[10.42868,48.901015],[10.424187,48.902986],[10.423859,48.905191],[10.42495,48.907635],[10.430785,48.905962],[10.430805,48.907922],[10.435896,48.907873],[10.436519,48.909084],[10.443856,48.908461],[10.444132,48.910742],[10.447668,48.911272],[10.451292,48.913398],[10.450759,48.91429],[10.45401,48.914999],[10.454674,48.91707],[10.456905,48.917058],[10.45684,48.92045],[10.453855,48.923281],[10.452005,48.92655],[10.449122,48.926033],[10.447637,48.928294],[10.445251,48.93005],[10.44117,48.931013],[10.440746,48.932036],[10.437925,48.933469],[10.440005,48.935439],[10.442539,48.935316],[10.447151,48.934298],[10.448997,48.934476],[10.449293,48.937021],[10.451801,48.937337],[10.451472,48.9387],[10.447808,48.938636],[10.448069,48.940023],[10.444861,48.940358],[10.44564,48.943727],[10.442981,48.945908],[10.438103,48.945593],[10.434961,48.944229],[10.430809,48.946304],[10.429727,48.947617],[10.429765,48.95079],[10.430604,48.951866],[10.428361,48.955977],[10.426256,48.95584],[10.423838,48.959179],[10.422047,48.958575],[10.419423,48.959141],[10.420794,48.961133],[10.425102,48.960652],[10.423565,48.964804],[10.421118,48.96591],[10.418444,48.965479],[10.418419,48.968263],[10.411964,48.968555],[10.408742,48.966808],[10.403706,48.966793],[10.402875,48.969568],[10.403075,48.972929],[10.401531,48.974354],[10.403117,48.975476],[10.405451,48.975894],[10.409424,48.975562],[10.410276,48.978545],[10.408681,48.980321],[10.405815,48.980296],[10.404944,48.982362],[10.40274,48.982057],[10.401213,48.986076],[10.399231,48.987191],[10.397115,48.986646],[10.394721,48.988421],[10.394772,48.990234],[10.391566,48.989403],[10.381642,48.988286],[10.378686,48.990498],[10.381856,48.991583],[10.382879,48.994194],[10.38084,48.996734],[10.382016,48.999231],[10.379494,49.000082],[10.37603,48.999587],[10.372956,49.00335],[10.358763,49.003963],[10.358722,49.004691],[10.354069,49.004724],[10.353695,49.005467],[10.355041,49.008282],[10.357262,49.011453],[10.355452,49.014495],[10.352943,49.015264],[10.351348,49.014513],[10.349009,49.015142],[10.348876,49.016628],[10.346621,49.017493],[10.345803,49.020475],[10.348818,49.020727],[10.350478,49.024893],[10.350192,49.028308],[10.343299,49.027909],[10.341745,49.028735],[10.340241,49.027426],[10.336911,49.027414],[10.33659,49.029676],[10.333463,49.032036],[10.332156,49.031345],[10.331617,49.027697],[10.328571,49.030257],[10.32744,49.030162],[10.327441,49.02685],[10.32901,49.026559],[10.32903,49.024722],[10.326082,49.024899],[10.320554,49.026753],[10.318726,49.028691],[10.317018,49.028535],[10.312601,49.029847],[10.309139,49.032032],[10.307782,49.031261],[10.304539,49.031598],[10.303161,49.032316],[10.30309,49.034527],[10.302039,49.038289],[10.300596,49.040374],[10.295193,49.042505],[10.292767,49.040792],[10.289917,49.040869],[10.285235,49.037991],[10.284823,49.036573],[10.27929,49.038061],[10.277098,49.038334],[10.274422,49.040794],[10.277023,49.042667],[10.273587,49.043019],[10.269818,49.042675],[10.267227,49.043322],[10.266846,49.045006],[10.263683,49.044958],[10.259128,49.042801],[10.258708,49.041133],[10.257274,49.040757],[10.25494,49.038691],[10.252185,49.038996],[10.250337,49.040423],[10.24981,49.042522],[10.252681,49.044304],[10.254366,49.043691],[10.255588,49.045012],[10.252652,49.048099],[10.251892,49.049643],[10.256885,49.052964],[10.257526,49.055446],[10.257428,49.059724],[10.262182,49.060697],[10.265486,49.061772],[10.263569,49.063097],[10.261984,49.06272],[10.261057,49.064756],[10.259527,49.064823],[10.258015,49.067128],[10.258007,49.070109],[10.253976,49.071211],[10.251839,49.072539],[10.246003,49.073946],[10.242525,49.072258],[10.239547,49.074628],[10.236662,49.073896],[10.234252,49.074326],[10.234054,49.076262],[10.237825,49.077369],[10.239776,49.079246],[10.240885,49.0821],[10.242786,49.082037],[10.241316,49.079489],[10.243146,49.078602],[10.244408,49.079812],[10.246989,49.079749],[10.247224,49.08354],[10.248341,49.083634],[10.250462,49.088446],[10.250411,49.091615],[10.246658,49.092215],[10.245458,49.090633],[10.24336,49.090557],[10.242601,49.092064],[10.237967,49.091808],[10.235094,49.090445],[10.230537,49.090011],[10.228004,49.08911],[10.226137,49.090011],[10.225995,49.093285],[10.225124,49.095622],[10.221361,49.097345],[10.213835,49.095408],[10.212891,49.094598],[10.209628,49.094737],[10.20405,49.09736],[10.207811,49.099437],[10.209073,49.097594],[10.211396,49.098104],[10.209664,49.100461],[10.212236,49.101666],[10.216134,49.106011],[10.214364,49.108013],[10.213519,49.111381],[10.215284,49.111282],[10.215423,49.113341],[10.221929,49.112488],[10.225415,49.111403],[10.22738,49.111612],[10.227221,49.113277],[10.229855,49.113265],[10.229181,49.11492],[10.229468,49.117037],[10.224768,49.119027],[10.225539,49.120021],[10.23012,49.11913],[10.237103,49.120492],[10.241276,49.122586],[10.23999,49.124081],[10.243451,49.125871],[10.251553,49.127379],[10.252795,49.129995],[10.257045,49.129069],[10.256761,49.130878],[10.254354,49.132767],[10.251457,49.133991],[10.253254,49.136222],[10.255578,49.138101],[10.253955,49.138851],[10.253742,49.140974],[10.25187,49.143684],[10.249269,49.144831],[10.24839,49.146025],[10.248154,49.14926],[10.243918,49.148779],[10.238358,49.149432],[10.236182,49.152112],[10.233774,49.152218],[10.231023,49.153469],[10.2312,49.15725],[10.229267,49.158111],[10.227953,49.159904],[10.224113,49.161832],[10.222646,49.160018],[10.220909,49.160306],[10.218601,49.163408],[10.215461,49.163658],[10.212925,49.162796],[10.211856,49.160412],[10.206701,49.159],[10.206963,49.158001],[10.205118,49.155614],[10.202567,49.156381],[10.200003,49.155516],[10.198734,49.156954],[10.199119,49.160913],[10.195922,49.162607],[10.197245,49.16361],[10.194265,49.165596],[10.192596,49.16757],[10.195134,49.169974],[10.190453,49.170791],[10.188561,49.170588],[10.188457,49.172868],[10.185745,49.171885],[10.183341,49.171828],[10.177268,49.173243],[10.177458,49.175158],[10.18058,49.176711],[10.181336,49.182566],[10.176379,49.18157],[10.17618,49.179901],[10.171369,49.179241],[10.171034,49.178014],[10.168088,49.178218],[10.16594,49.1805],[10.166128,49.181794],[10.163116,49.182715],[10.160292,49.182999],[10.159077,49.183818],[10.160492,49.185078],[10.158451,49.185962],[10.156974,49.187692],[10.157174,49.190114],[10.15335,49.190054],[10.156987,49.192596],[10.150675,49.193463],[10.141994,49.19538],[10.140853,49.197813],[10.135476,49.199251],[10.135091,49.200239],[10.131614,49.199144],[10.132758,49.197677],[10.128961,49.197209],[10.128348,49.198772],[10.124865,49.198866],[10.124526,49.200675],[10.130756,49.203687],[10.127428,49.204174],[10.126891,49.206218],[10.127624,49.207909],[10.12717,49.20975],[10.129738,49.210497],[10.13206,49.209548],[10.136198,49.209983],[10.138853,49.209331],[10.139851,49.209983],[10.139662,49.21188],[10.138509,49.214202],[10.139216,49.215903],[10.136424,49.217318],[10.132415,49.217276],[10.1287,49.220906],[10.126616,49.224671],[10.125945,49.227228],[10.12787,49.227763],[10.126314,49.230177],[10.12653,49.23612],[10.123044,49.239263],[10.122829,49.240802],[10.124784,49.242699],[10.123203,49.244098],[10.124441,49.245144],[10.12267,49.24673],[10.119843,49.246968],[10.125374,49.249375],[10.126671,49.249054],[10.12955,49.250634],[10.132177,49.251302],[10.132457,49.254075],[10.130399,49.254204],[10.127164,49.253446],[10.125902,49.255874],[10.123713,49.255249],[10.119002,49.256104],[10.114289,49.255934],[10.109301,49.257839],[10.111934,49.258571],[10.115932,49.257192],[10.119075,49.257734],[10.117155,49.25915],[10.116394,49.26271],[10.116837,49.26421],[10.114465,49.265797],[10.115231,49.267576],[10.11749,49.267551],[10.120222,49.268928],[10.121712,49.271143],[10.121456,49.272751],[10.1236,49.274956],[10.12641,49.274756],[10.128071,49.275943],[10.131185,49.274736],[10.122732,49.273367],[10.123308,49.270215],[10.127304,49.265664],[10.126176,49.264868],[10.1263,49.262413],[10.127638,49.261512],[10.13137,49.263925],[10.133779,49.262233],[10.13653,49.264331],[10.138848,49.264996],[10.140951,49.267191],[10.147194,49.268439],[10.147642,49.269542],[10.144858,49.271737],[10.146398,49.272038],[10.144878,49.27519],[10.148024,49.275541],[10.146356,49.277101],[10.150036,49.278372],[10.151334,49.280761],[10.153176,49.281775],[10.156097,49.280665],[10.153376,49.284849],[10.149299,49.284673],[10.149851,49.288039],[10.145731,49.287443],[10.14119,49.288787],[10.14404,49.290224],[10.142919,49.291252],[10.138347,49.291527],[10.136837,49.294097],[10.13542,49.294655],[10.133384,49.300296],[10.132554,49.300556],[10.132332,49.304002],[10.131458,49.305065],[10.134473,49.306438],[10.136407,49.308051],[10.135445,49.309648],[10.141689,49.313172],[10.143765,49.315757],[10.145376,49.316403],[10.143335,49.319273],[10.142624,49.322555],[10.140257,49.322597],[10.139836,49.327066],[10.136927,49.327337],[10.132949,49.326789],[10.130308,49.327683],[10.130765,49.325454],[10.127625,49.324705],[10.126686,49.326025],[10.122368,49.325058],[10.120344,49.325271],[10.118614,49.328732],[10.114996,49.328392],[10.114076,49.329639],[10.110496,49.328818],[10.108961,49.332331],[10.112851,49.33241],[10.113096,49.335679],[10.108319,49.336],[10.108767,49.337948],[10.104456,49.338492],[10.104162,49.341296],[10.10322,49.34145],[10.102834,49.344462],[10.10385,49.344865],[10.103897,49.346971],[10.107787,49.347445],[10.108657,49.351637],[10.114192,49.351941],[10.118859,49.351006],[10.119113,49.350167],[10.123787,49.350546],[10.123046,49.354656],[10.124379,49.354903],[10.124528,49.356884],[10.118303,49.357866],[10.117705,49.359671],[10.11337,49.359734],[10.112716,49.362025],[10.113527,49.366624],[10.117338,49.366988],[10.116559,49.370203],[10.112245,49.373865],[10.110707,49.375872],[10.107173,49.378875],[10.111855,49.38505],[10.114553,49.385257],[10.118729,49.386383],[10.121911,49.386357],[10.121702,49.387898],[10.126461,49.387902],[10.132919,49.38682],[10.136443,49.386716],[10.139957,49.385842],[10.139936,49.383542],[10.142222,49.384154],[10.144565,49.383554],[10.146063,49.385686],[10.146325,49.388306],[10.150548,49.388145],[10.156252,49.388665],[10.156764,49.390774],[10.161005,49.39038],[10.160693,49.394223],[10.161661,49.395562],[10.155399,49.396487],[10.154254,49.398683],[10.15123,49.399086],[10.147915,49.40055],[10.145718,49.402916],[10.1522,49.401245],[10.151198,49.403511],[10.152413,49.404222],[10.149787,49.406677],[10.149894,49.409227],[10.147833,49.411158],[10.149299,49.412987],[10.146973,49.414128],[10.146381,49.417686],[10.144765,49.419858],[10.139741,49.423723],[10.137354,49.424663],[10.138431,49.426165],[10.138318,49.428184],[10.133678,49.43212],[10.134874,49.433335],[10.133781,49.437141],[10.132523,49.437812],[10.12872,49.438398],[10.121521,49.441338],[10.118892,49.443927],[10.117884,49.44299],[10.115722,49.443696],[10.112557,49.443287],[10.110171,49.442246],[10.110106,49.440306],[10.105833,49.443287],[10.105838,49.444402],[10.097857,49.447345],[10.094879,49.448066],[10.097122,49.451311],[10.097142,49.456064],[10.10542,49.458083],[10.107192,49.458857],[10.108098,49.460319],[10.106506,49.460852],[10.104864,49.462961],[10.106771,49.463285],[10.10896,49.46199],[10.11436,49.462548],[10.115912,49.461202],[10.12217,49.46379],[10.121086,49.465593],[10.117911,49.467602],[10.117624,49.470227],[10.118258,49.472352],[10.116089,49.472847],[10.115315,49.474128],[10.116295,49.478758],[10.111367,49.477906],[10.109624,49.479768],[10.108028,49.482843],[10.105321,49.483578],[10.101193,49.48565],[10.101076,49.487438],[10.102191,49.489289],[10.100328,49.490945],[10.100981,49.494016],[10.104198,49.495596],[10.105049,49.497521],[10.103408,49.498613],[10.10679,49.499204],[10.110002,49.502025],[10.114442,49.502558],[10.118586,49.504308],[10.117502,49.507149],[10.120672,49.507249],[10.12038,49.509285],[10.121251,49.511018],[10.116363,49.510426],[10.115507,49.512264],[10.108405,49.511349],[10.105682,49.515081],[10.100286,49.513684],[10.099394,49.514826],[10.090178,49.512897],[10.085994,49.512342],[10.082504,49.511173],[10.079725,49.513065],[10.083369,49.514534],[10.080189,49.518036],[10.077938,49.518757],[10.081994,49.520073],[10.079009,49.523922],[10.080334,49.524416],[10.078839,49.527298],[10.080957,49.527945],[10.088001,49.528421],[10.087666,49.530594],[10.089486,49.530457],[10.088587,49.533654],[10.091905,49.534415],[10.089119,49.538076],[10.087446,49.54226],[10.083869,49.542201],[10.083759,49.543583],[10.078682,49.543493],[10.076174,49.542968],[10.075871,49.544434],[10.072442,49.544486],[10.066707,49.545529],[10.061672,49.545149],[10.061756,49.541701],[10.057096,49.540641],[10.061276,49.53747],[10.058943,49.537019],[10.056885,49.535794],[10.049676,49.53333],[10.045106,49.530663],[10.039776,49.528906],[10.041327,49.526198],[10.044707,49.524543],[10.050637,49.520825],[10.054882,49.521181],[10.054941,49.519816],[10.057171,49.519334],[10.057315,49.516869],[10.056093,49.514907],[10.051484,49.514412],[10.052641,49.509835],[10.050378,49.508077],[10.044803,49.505917],[10.03962,49.506066],[10.037424,49.504575],[10.032659,49.503533],[10.028163,49.503999],[10.027502,49.498446],[10.026119,49.495625],[10.021569,49.488162],[10.019432,49.486182],[10.01673,49.485255],[10.016079,49.483852],[10.011042,49.482986],[10.003413,49.484307],[10.000797,49.486056],[9.997807,49.485481],[9.997267,49.486356],[9.992693,49.485743],[9.989248,49.485857],[9.982651,49.484111],[9.978464,49.483991],[9.974996,49.480971],[9.973435,49.481996],[9.975743,49.485256],[9.97353,49.485768],[9.965487,49.48414],[9.961697,49.483782],[9.958945,49.484031],[9.954827,49.480684],[9.951167,49.4806],[9.948581,49.481663],[9.944907,49.481584],[9.933403,49.483757],[9.926699,49.484645],[9.922026,49.487922],[9.913927,49.493188],[9.914424,49.495563],[9.916796,49.496932],[9.91603,49.499567],[9.917782,49.499432],[9.919413,49.502094],[9.921768,49.503667],[9.925132,49.50866],[9.922946,49.510226],[9.920248,49.514829],[9.917109,49.517643],[9.917613,49.521643],[9.921244,49.52376],[9.923703,49.524075],[9.92447,49.528259],[9.925787,49.530142],[9.924734,49.531967],[9.925741,49.53388],[9.924974,49.534946],[9.92709,49.536009],[9.925121,49.537512],[9.923415,49.539899],[9.921329,49.541115],[9.921665,49.543016],[9.920786,49.545347],[9.922188,49.546181],[9.920827,49.550244],[9.921719,49.551411],[9.924276,49.5489],[9.927519,49.549534],[9.927396,49.551021],[9.925808,49.553593],[9.923811,49.552989],[9.922213,49.55436],[9.924811,49.557167],[9.924501,49.561379],[9.922513,49.561801],[9.920908,49.563408],[9.915885,49.561605],[9.911041,49.56148],[9.906539,49.562441],[9.898875,49.560866],[9.897867,49.562578],[9.897958,49.564243],[9.899196,49.565855],[9.899426,49.567677],[9.90121,49.569137],[9.900621,49.571592],[9.901161,49.572558],[9.903851,49.572985],[9.904818,49.574904],[9.904987,49.577413],[9.906222,49.578962],[9.914047,49.583025],[9.910909,49.583567],[9.91223,49.585722],[9.908532,49.586319],[9.907473,49.584913],[9.90122,49.585842],[9.900398,49.58444],[9.897785,49.587137],[9.89686,49.585371],[9.893162,49.583324],[9.890966,49.583488],[9.889884,49.582453],[9.887018,49.582436],[9.885952,49.580341],[9.880664,49.579727],[9.879034,49.578975],[9.875138,49.578539],[9.873744,49.573397],[9.874242,49.571707],[9.869354,49.571116],[9.870007,49.568855],[9.864569,49.567777],[9.866969,49.559185],[9.866646,49.557497],[9.864362,49.555252],[9.86451,49.553741],[9.860482,49.553487],[9.861059,49.551132],[9.859491,49.548538],[9.860325,49.547351],[9.859325,49.54592],[9.851724,49.545156],[9.847614,49.546606],[9.847162,49.547454],[9.843402,49.547483],[9.84061,49.55057],[9.827736,49.551613],[9.825774,49.553573],[9.818727,49.555342],[9.818133,49.55879],[9.811776,49.555696],[9.810084,49.557256],[9.816748,49.559611],[9.819592,49.56114],[9.827423,49.564299],[9.833085,49.567311],[9.838442,49.569496],[9.8372,49.570947],[9.8417,49.572812],[9.840638,49.574457],[9.846002,49.576153],[9.848785,49.57767],[9.846677,49.579794],[9.84761,49.581067],[9.846984,49.585069],[9.843058,49.588576],[9.841036,49.591706],[9.842376,49.593033],[9.841467,49.594765],[9.844042,49.595552],[9.844049,49.596857],[9.84575,49.59792],[9.848799,49.597511],[9.854569,49.600093],[9.859539,49.602992],[9.859273,49.605469],[9.857362,49.608032],[9.862882,49.607466],[9.865524,49.608409],[9.870436,49.608849],[9.872817,49.609942],[9.872012,49.611517],[9.86915,49.6125],[9.867629,49.616037],[9.867709,49.621282],[9.86442,49.621765],[9.864098,49.623894],[9.865598,49.624119],[9.862966,49.627545],[9.863755,49.627849],[9.860978,49.631431],[9.857675,49.632383],[9.858775,49.633942],[9.856841,49.634698],[9.858038,49.636067],[9.85491,49.641498],[9.85371,49.642599],[9.850181,49.642855],[9.850041,49.644011],[9.845369,49.643683],[9.844542,49.6451],[9.841885,49.644271],[9.837663,49.646069],[9.83609,49.647454],[9.83065,49.650344],[9.829636,49.654212],[9.832588,49.654462],[9.833859,49.656254],[9.831894,49.657451],[9.831333,49.659015],[9.828334,49.661285],[9.823903,49.663226],[9.821758,49.666149],[9.825642,49.667536],[9.823256,49.67204],[9.825265,49.672233],[9.825616,49.675484],[9.827473,49.67543],[9.828985,49.677805],[9.831152,49.678957],[9.830713,49.680817],[9.84116,49.681749],[9.840662,49.683588],[9.836983,49.682994],[9.836704,49.685373],[9.832617,49.687411],[9.83126,49.686585],[9.829531,49.688425],[9.835417,49.692208],[9.832985,49.693477],[9.834666,49.694368],[9.832343,49.695723],[9.833957,49.696731],[9.831856,49.698394],[9.832924,49.699116],[9.831895,49.70272],[9.828837,49.70356],[9.826882,49.705838],[9.823433,49.704677],[9.822665,49.707438],[9.823629,49.707736],[9.820701,49.710454],[9.815813,49.712133],[9.809107,49.713757],[9.806581,49.715323],[9.805374,49.717448],[9.802649,49.719062],[9.799028,49.719835],[9.796305,49.721134],[9.795779,49.7251],[9.796398,49.72745],[9.800243,49.729596],[9.799907,49.730973],[9.793853,49.731367],[9.791622,49.731007],[9.789952,49.728747],[9.789373,49.724739],[9.786946,49.721711],[9.779394,49.722456],[9.768468,49.718915],[9.760372,49.714281],[9.758339,49.712176],[9.752867,49.710114],[9.75192,49.708161],[9.750523,49.702178],[9.751522,49.699144],[9.751213,49.697162],[9.749708,49.694969],[9.74795,49.694873],[9.745387,49.69357],[9.745426,49.691846],[9.742069,49.691705],[9.741746,49.690558],[9.738766,49.69006],[9.739417,49.688204],[9.736093,49.687752],[9.729563,49.688757],[9.727771,49.68819],[9.727487,49.690966],[9.729165,49.697099],[9.728084,49.698845],[9.724341,49.701292],[9.719361,49.701961],[9.719712,49.703255],[9.716031,49.708049],[9.713577,49.713037],[9.714562,49.716617],[9.714159,49.720877],[9.712008,49.722677],[9.711846,49.726247],[9.71049,49.72705],[9.707359,49.725213],[9.704695,49.725191],[9.701247,49.720294],[9.700194,49.717385],[9.697303,49.718129],[9.69623,49.719315],[9.691399,49.71801],[9.689447,49.718251],[9.682579,49.717614],[9.677039,49.716325],[9.677873,49.71411],[9.677498,49.708353],[9.675888,49.701084],[9.674135,49.696729],[9.676125,49.693385],[9.662682,49.689202],[9.654638,49.688433],[9.653265,49.6871],[9.64909,49.688999],[9.650033,49.690529],[9.648946,49.691626],[9.6451,49.690979],[9.643039,49.693335],[9.637467,49.692883],[9.632275,49.69319],[9.632884,49.695997],[9.631833,49.699698],[9.630527,49.701709],[9.626538,49.70245],[9.62579,49.704979],[9.627674,49.70825],[9.631213,49.71015],[9.629817,49.710822],[9.631225,49.714618],[9.631007,49.716676],[9.634496,49.71872],[9.637037,49.718771],[9.64095,49.72037],[9.63855,49.722378],[9.642033,49.72345],[9.63866,49.725706],[9.637528,49.72545],[9.63531,49.728038],[9.631883,49.727863],[9.629307,49.729665],[9.625512,49.731632],[9.630023,49.732179],[9.636378,49.731502],[9.637889,49.733478],[9.637874,49.738024],[9.643756,49.736735],[9.646135,49.737654],[9.646945,49.739156],[9.639356,49.740169],[9.639256,49.742594],[9.644524,49.74386],[9.645494,49.746879],[9.643703,49.74823],[9.64287,49.74991],[9.63888,49.751934],[9.637579,49.754927],[9.64006,49.757083],[9.644065,49.759143],[9.647002,49.762679],[9.65073,49.76582],[9.647941,49.76892],[9.64489,49.77511],[9.644909,49.777204],[9.646505,49.778386],[9.649566,49.779052],[9.65199,49.78061],[9.650955,49.781734],[9.649966,49.785752],[9.650858,49.787189],[9.648768,49.791294],[9.635707,49.787802],[9.630312,49.785826],[9.619498,49.783176],[9.608399,49.783174],[9.601354,49.782032],[9.591441,49.780098],[9.588755,49.780617],[9.581347,49.77828],[9.576793,49.778839],[9.577824,49.780251],[9.576471,49.783009],[9.580155,49.783284],[9.579997,49.784159],[9.572957,49.78356],[9.566597,49.782631],[9.56272,49.781184],[9.55957,49.779517],[9.557638,49.777585],[9.556686,49.773923],[9.557637,49.765869],[9.558444,49.763493],[9.560184,49.760583],[9.567012,49.753572],[9.56891,49.750682],[9.568626,49.748256],[9.566294,49.745046],[9.564082,49.744251],[9.55856,49.744777],[9.555129,49.74663],[9.55353,49.749414],[9.552918,49.756167],[9.551605,49.760552],[9.550111,49.762972],[9.54597,49.766239],[9.542163,49.767583],[9.538392,49.767788],[9.534776,49.766783],[9.527381,49.761938],[9.523242,49.760827],[9.519611,49.761191],[9.516371,49.762283],[9.512224,49.765701],[9.509527,49.769431],[9.509332,49.77146],[9.510858,49.776131],[9.512531,49.779487],[9.512244,49.782586],[9.510481,49.784264],[9.504329,49.787879],[9.500901,49.788803],[9.484773,49.788191],[9.48086,49.787702],[9.478974,49.786903],[9.472032,49.780991],[9.47109,49.77947],[9.470395,49.775933],[9.469333,49.774213],[9.467576,49.773044],[9.461623,49.770248],[9.459538,49.769657],[9.45458,49.769762],[9.445693,49.773035],[9.443016,49.775495],[9.439949,49.780471],[9.438279,49.783855],[9.43644,49.786226],[9.43232,49.788492],[9.42488,49.789577],[9.421097,49.789069],[9.41715,49.78673],[9.412069,49.782975],[9.405319,49.777327],[9.401251,49.775099],[9.396722,49.77389],[9.393746,49.771431],[9.391869,49.77049],[9.389106,49.770171],[9.384879,49.771632],[9.382278,49.773145],[9.377467,49.77742],[9.372853,49.778985],[9.368155,49.778818],[9.361832,49.773483],[9.356175,49.770707],[9.352599,49.769449],[9.346885,49.768599],[9.34088,49.768434],[9.3332,49.769231],[9.32482,49.769444],[9.31925,49.768947],[9.315391,49.767912],[9.313278,49.765211],[9.3134,49.760281],[9.315077,49.757388],[9.319077,49.753883],[9.322821,49.749442],[9.323734,49.746478],[9.322903,49.743588],[9.3189,49.740822],[9.314597,49.740145],[9.301063,49.740659],[9.295688,49.74046],[9.296064,49.738651],[9.305845,49.736149],[9.306576,49.736334],[9.312248,49.734696],[9.316529,49.735263],[9.320034,49.732093],[9.322943,49.731066],[9.331017,49.732174],[9.33334,49.733611],[9.338191,49.734294],[9.341533,49.734167],[9.346696,49.732703],[9.351107,49.732207],[9.359022,49.730721],[9.363583,49.731547],[9.367711,49.730332],[9.373785,49.728029],[9.373731,49.727384],[9.366835,49.726158],[9.36358,49.723771],[9.35632,49.722834],[9.349702,49.721628],[9.345315,49.718703],[9.34419,49.717141],[9.347302,49.716313],[9.350595,49.716149],[9.352551,49.716676],[9.352028,49.711849],[9.353249,49.711781],[9.353278,49.707318],[9.355912,49.706113],[9.357625,49.70416],[9.368211,49.70347],[9.377156,49.704169],[9.380671,49.70542],[9.382493,49.707642],[9.382896,49.709418],[9.382018,49.714825],[9.38282,49.718277],[9.382721,49.720645],[9.381703,49.723918],[9.380356,49.726139],[9.386446,49.728281],[9.385679,49.731923],[9.390326,49.730572],[9.399843,49.729652],[9.401455,49.725389],[9.401477,49.720649],[9.403883,49.720208],[9.407767,49.721901],[9.409596,49.717743],[9.412962,49.715463],[9.415198,49.712716],[9.418695,49.711778],[9.420437,49.708437],[9.420415,49.706634],[9.417634,49.705862],[9.416796,49.702329],[9.418192,49.69786],[9.422335,49.696143],[9.41929,49.69392],[9.420526,49.692797],[9.420712,49.690912],[9.417756,49.687638],[9.414786,49.685718],[9.413033,49.683136],[9.40875,49.681538],[9.40681,49.679033],[9.413008,49.677388],[9.412165,49.675491],[9.40627,49.675803],[9.401501,49.674764],[9.398133,49.67306],[9.396965,49.671896],[9.39909,49.669754],[9.402126,49.668267],[9.407803,49.664764],[9.411415,49.663763],[9.415151,49.663175],[9.419877,49.663605],[9.422016,49.663288],[9.427668,49.661193],[9.429647,49.658605],[9.434171,49.657379],[9.438182,49.657532],[9.440721,49.658149],[9.446734,49.657096],[9.451348,49.655744],[9.451877,49.65127],[9.450135,49.649622],[9.453269,49.647855],[9.4561,49.647268],[9.458348,49.647503],[9.469013,49.645781],[9.470756,49.644664],[9.47489,49.643742],[9.476331,49.642548],[9.483519,49.643356],[9.488078,49.644831],[9.491886,49.644608],[9.491453,49.643443],[9.498938,49.641698],[9.497282,49.63962],[9.50189,49.637313],[9.506476,49.640226],[9.512882,49.641655],[9.517576,49.643333],[9.519989,49.643127],[9.524546,49.63671],[9.526571,49.635195],[9.52931,49.634902],[9.531393,49.636445],[9.538084,49.638973],[9.539269,49.639858],[9.542622,49.638461],[9.545807,49.63483],[9.547759,49.633973],[9.547855,49.63266],[9.549552,49.630664],[9.548513,49.625214],[9.551725,49.621509],[9.546698,49.61961],[9.539713,49.619069],[9.537053,49.615527],[9.538835,49.610384],[9.538351,49.606804],[9.541333,49.60476],[9.541476,49.603363],[9.536791,49.601642],[9.535972,49.603801],[9.538875,49.604064],[9.538435,49.605915],[9.532165,49.605352],[9.529891,49.604569],[9.535249,49.601822],[9.53537,49.600331],[9.532534,49.599719],[9.530489,49.597121],[9.526672,49.597513],[9.524059,49.600211],[9.521108,49.599389],[9.515743,49.600162],[9.511135,49.601748],[9.50485,49.596444],[9.506856,49.594688],[9.505896,49.592635],[9.499068,49.587419],[9.503419,49.583526],[9.505937,49.578217],[9.505952,49.575152],[9.503904,49.572837],[9.503716,49.570858],[9.507114,49.568518],[9.507195,49.565863],[9.514704,49.558071],[9.5164,49.553916],[9.515443,49.552964],[9.516019,49.550198],[9.52038,49.549052],[9.517923,49.547797],[9.521273,49.545432],[9.523424,49.544475],[9.523789,49.543348],[9.522722,49.536379],[9.52746,49.535375],[9.531314,49.535779],[9.535803,49.534308],[9.540399,49.532373],[9.542115,49.532779],[9.544368,49.530446],[9.543443,49.528012],[9.541375,49.526492],[9.541434,49.524705],[9.545452,49.524679],[9.544243,49.523253],[9.540359,49.523616],[9.538971,49.52254],[9.537202,49.519829],[9.534512,49.517738],[9.531954,49.5191],[9.530858,49.517698],[9.531989,49.516137],[9.531314,49.514231],[9.528682,49.515259],[9.524124,49.514688],[9.526239,49.512645],[9.52427,49.511804],[9.52014,49.511001],[9.519204,49.51431],[9.51723,49.515908],[9.516243,49.514179],[9.51435,49.513301],[9.514936,49.512092],[9.512526,49.509296],[9.508134,49.505098],[9.505749,49.504627],[9.504919,49.502354],[9.505767,49.501266],[9.499167,49.500078],[9.494951,49.502483],[9.494982,49.498293],[9.495849,49.495035],[9.494911,49.491393],[9.49113,49.489105],[9.491787,49.486971],[9.494163,49.485381],[9.495877,49.485803],[9.49862,49.484434],[9.503377,49.482925],[9.50674,49.481143],[9.512637,49.480336],[9.513232,49.477485],[9.512663,49.475449],[9.514168,49.475006],[9.517259,49.472352],[9.514071,49.470843],[9.514153,49.469687],[9.512808,49.466985],[9.513223,49.463291],[9.51142,49.460629],[9.50897,49.459116],[9.506264,49.458487],[9.506478,49.456992],[9.505577,49.453904],[9.507122,49.451644],[9.507853,49.448966],[9.509099,49.447707],[9.513944,49.44542],[9.512066,49.443158],[9.512258,49.441928],[9.510901,49.439006],[9.5123,49.438444],[9.514414,49.441797],[9.516835,49.444393],[9.519055,49.444253],[9.521245,49.444953],[9.527247,49.444124],[9.530225,49.443195],[9.53353,49.445595],[9.537342,49.44759],[9.541476,49.449065],[9.554572,49.448279],[9.557802,49.447356],[9.562566,49.444867],[9.569222,49.443271],[9.570432,49.441925],[9.573074,49.442691],[9.576898,49.441267],[9.580086,49.440947],[9.583852,49.441367],[9.589499,49.439823],[9.592001,49.435066],[9.595771,49.434909],[9.595612,49.430989],[9.600846,49.431302],[9.602042,49.428788],[9.603786,49.426619],[9.600748,49.42575],[9.59624,49.423235],[9.59328,49.423162],[9.591369,49.421907],[9.588954,49.421724],[9.57919,49.419461],[9.576178,49.41819],[9.570663,49.416716],[9.573417,49.413402],[9.570659,49.411874],[9.573733,49.410444],[9.574777,49.408708],[9.574582,49.407237],[9.577081,49.406211],[9.578071,49.403032],[9.5791,49.402165],[9.582193,49.403087],[9.586001,49.399316],[9.590606,49.401164],[9.589273,49.393328],[9.591962,49.39378],[9.593788,49.391663],[9.586916,49.389206],[9.580065,49.386307],[9.575842,49.385056],[9.576364,49.38331],[9.573981,49.380418],[9.574149,49.379083],[9.572157,49.376397],[9.57058,49.377227],[9.568636,49.375927],[9.566227,49.376144],[9.563883,49.378094],[9.55955,49.376495],[9.556599,49.377442],[9.553996,49.376895],[9.545579,49.377395],[9.541784,49.379463],[9.536088,49.37986],[9.531593,49.381997],[9.528044,49.381781],[9.525016,49.380547],[9.520155,49.381047],[9.517376,49.378181],[9.512961,49.375402],[9.508158,49.375246],[9.506111,49.376495],[9.503034,49.377384],[9.504245,49.378752],[9.500804,49.378936],[9.500395,49.380534],[9.489051,49.382137],[9.484951,49.384085],[9.482787,49.383893],[9.477058,49.385247],[9.474438,49.384676],[9.473156,49.386498],[9.472049,49.39087],[9.46883,49.391824],[9.464595,49.396948],[9.461811,49.394681],[9.458332,49.393326],[9.453943,49.393599],[9.450624,49.392778],[9.446213,49.390963],[9.445654,49.386957],[9.44682,49.384078],[9.444854,49.382942],[9.446789,49.381221],[9.44962,49.379799],[9.451469,49.374979],[9.443236,49.371149],[9.443913,49.370428],[9.43989,49.368483],[9.439999,49.366751],[9.442772,49.36813],[9.443462,49.364353],[9.4406,49.36385],[9.435023,49.361169],[9.431985,49.36053],[9.427282,49.358425],[9.424019,49.358162],[9.421836,49.359974],[9.417063,49.358956],[9.414351,49.359361],[9.411827,49.361395],[9.408415,49.362049],[9.406653,49.363361],[9.403491,49.364397],[9.404429,49.365341],[9.399218,49.366339],[9.397536,49.365517],[9.386186,49.365825],[9.38314,49.365116],[9.376738,49.362978],[9.375328,49.362941],[9.3729,49.364943],[9.368129,49.367118],[9.360167,49.366454],[9.358716,49.367873],[9.35486,49.366613],[9.353632,49.367747],[9.353582,49.369289],[9.355542,49.370239],[9.353143,49.373613],[9.347123,49.376445],[9.344015,49.379193],[9.343806,49.380176],[9.338153,49.385063],[9.335125,49.385259],[9.332366,49.387539],[9.329269,49.387588],[9.324807,49.385839],[9.320424,49.385347],[9.319615,49.384377],[9.317087,49.384206],[9.316534,49.381114],[9.313561,49.379655],[9.310457,49.376965],[9.309699,49.375235],[9.30926,49.371556],[9.310464,49.36886],[9.309994,49.365018],[9.311131,49.361461],[9.315309,49.357259],[9.309963,49.355272],[9.303162,49.351805],[9.301697,49.350446],[9.294472,49.347577],[9.293038,49.344072],[9.293565,49.342059],[9.292449,49.339802],[9.289038,49.335354],[9.288852,49.332475],[9.287467,49.329892],[9.277644,49.330315],[9.273602,49.329945],[9.270302,49.330927],[9.26918,49.330377],[9.268304,49.327866],[9.265309,49.323776],[9.264406,49.321162],[9.262505,49.31759],[9.263669,49.314528],[9.26135,49.313463],[9.260479,49.310806],[9.260448,49.307618],[9.261655,49.306115],[9.257748,49.304436],[9.257925,49.3032],[9.251994,49.30215],[9.252717,49.299888],[9.251694,49.298448],[9.246637,49.299587],[9.245136,49.299515],[9.243391,49.297882],[9.24097,49.298765],[9.240498,49.302134],[9.233636,49.306063],[9.231314,49.309703],[9.227168,49.311314],[9.225298,49.310271],[9.224238,49.308451],[9.220818,49.307622],[9.220189,49.310764],[9.217795,49.311755],[9.217442,49.312865],[9.211283,49.314968],[9.210357,49.315922],[9.208952,49.319711],[9.206017,49.323256],[9.205847,49.324072],[9.201009,49.325358],[9.197908,49.326822],[9.192699,49.327439],[9.189428,49.326332],[9.184685,49.32535],[9.182041,49.325588],[9.173553,49.323408],[9.167641,49.326677],[9.162775,49.328701],[9.161986,49.32743],[9.161831,49.323311],[9.159614,49.323695],[9.156948,49.311872],[9.15494,49.31042],[9.154272,49.308129],[9.155233,49.306904],[9.156743,49.301728],[9.156647,49.299753],[9.154015,49.295552],[9.15226,49.296249],[9.148114,49.293201],[9.145782,49.292433],[9.143015,49.292726],[9.139249,49.294976],[9.136326,49.296257],[9.132926,49.295989],[9.130696,49.293315],[9.130378,49.291604],[9.131136,49.289907],[9.13537,49.286625],[9.136753,49.2862],[9.143781,49.287273],[9.148862,49.286953],[9.153387,49.285759],[9.155234,49.283401],[9.155163,49.281306],[9.152734,49.276942],[9.150567,49.273925],[9.148014,49.274384],[9.135768,49.272987],[9.126631,49.272942],[9.121878,49.27192],[9.115109,49.272439],[9.116534,49.276632],[9.113688,49.277361],[9.109662,49.277374],[9.107124,49.278925],[9.101476,49.279613],[9.095713,49.279146],[9.088195,49.28003],[9.083098,49.279799],[9.077931,49.278804],[9.071426,49.278309],[9.068723,49.279094],[9.065496,49.28298],[9.063051,49.284482],[9.058127,49.284781],[9.050273,49.286566],[9.048618,49.290318],[9.049614,49.292818],[9.041401,49.294728],[9.034495,49.295396],[9.030867,49.296431],[9.02884,49.298479],[9.027052,49.297988],[9.023917,49.299435],[9.021442,49.298736],[9.021108,49.294991],[9.02606,49.291736],[9.028525,49.290507],[9.027479,49.287629],[9.027526,49.285007],[9.029479,49.284783],[9.030036,49.286725],[9.033261,49.286166],[9.034257,49.286723],[9.037202,49.28604],[9.036447,49.284467],[9.041763,49.282597],[9.04181,49.279144],[9.039435,49.277215],[9.037025,49.276888],[9.034978,49.275097],[9.033018,49.274691],[9.031852,49.273396],[9.031945,49.271574],[9.030176,49.270934],[9.031941,49.269451],[9.021398,49.265413],[9.018234,49.265301],[9.01674,49.262366],[9.015452,49.261645],[9.018062,49.259391],[9.021446,49.259296],[9.020799,49.257319],[9.015167,49.255243],[9.011696,49.259415],[9.009774,49.26119],[9.005174,49.262539],[9.00233,49.265059],[8.99738,49.265623],[8.998864,49.2624],[9.002784,49.258597],[9.000297,49.254814],[8.997151,49.253231],[9.000875,49.252372],[9.002852,49.249841],[9.009011,49.250948],[9.01046,49.249157],[9.006791,49.24503],[9.006017,49.242601],[9.003936,49.241461],[8.989207,49.240528],[8.990378,49.237929],[8.987772,49.237388],[8.984559,49.234781],[8.984196,49.23221],[8.981712,49.231573],[8.97702,49.229083],[8.972758,49.228623],[8.972476,49.226931],[8.969203,49.227465],[8.964596,49.227501],[8.962904,49.222132],[8.95843,49.221383],[8.95917,49.220291],[8.963106,49.217237],[8.96084,49.215989],[8.957174,49.213034],[8.946577,49.211914],[8.941619,49.211167],[8.929391,49.20894],[8.923566,49.207569],[8.919939,49.207419],[8.913986,49.205349],[8.907803,49.205784],[8.902366,49.203928],[8.897031,49.202641],[8.89062,49.202359],[8.886654,49.202506],[8.886324,49.200898],[8.888161,49.198668],[8.887954,49.196539],[8.891918,49.194219],[8.893891,49.193737],[8.892578,49.189306],[8.893065,49.186339],[8.89612,49.181978],[8.887637,49.180747],[8.88582,49.179948],[8.878735,49.178855],[8.872888,49.174409],[8.870266,49.175903],[8.867197,49.17431],[8.86566,49.175567],[8.863393,49.174367],[8.860304,49.176551],[8.855707,49.177865],[8.850133,49.181275],[8.847283,49.181974],[8.842695,49.184642],[8.841493,49.186213],[8.836504,49.188113],[8.833685,49.188292],[8.83122,49.187321],[8.830641,49.189816],[8.828097,49.191735],[8.824781,49.192306],[8.823124,49.19403],[8.819402,49.194386],[8.821725,49.192388],[8.824348,49.191798],[8.825752,49.189295],[8.825737,49.18629],[8.823376,49.18398],[8.823396,49.181654],[8.824216,49.178009],[8.819574,49.174719],[8.818672,49.171511],[8.820329,49.170038],[8.819977,49.168472],[8.817407,49.167651],[8.816598,49.165908],[8.817134,49.16468],[8.81614,49.161472],[8.817925,49.157168],[8.822057,49.156072],[8.822713,49.157699],[8.824921,49.160164],[8.829874,49.161979],[8.830146,49.160468],[8.83314,49.156399],[8.832762,49.156029],[8.842196,49.150251],[8.839187,49.149766],[8.835494,49.148363],[8.837255,49.145776],[8.83793,49.139978],[8.830787,49.139585],[8.831327,49.138696],[8.827378,49.135225],[8.826936,49.132607],[8.831284,49.129448],[8.828352,49.12885],[8.825969,49.127638],[8.82635,49.126535],[8.828473,49.125386],[8.837311,49.127054],[8.844697,49.126949],[8.857819,49.12594],[8.859498,49.12609],[8.861767,49.129851],[8.869835,49.132069],[8.87264,49.131264],[8.871784,49.12998],[8.874704,49.128846],[8.873377,49.125103],[8.874097,49.123574],[8.876497,49.123919],[8.87724,49.120153],[8.878514,49.118156],[8.881461,49.119464],[8.882879,49.117467],[8.884651,49.11659],[8.887499,49.117383],[8.889709,49.115341],[8.890598,49.112256],[8.890135,49.107204],[8.891062,49.105085],[8.891174,49.102186],[8.891863,49.099514],[8.894375,49.097875],[8.894258,49.095526],[8.890832,49.095817],[8.891722,49.094184],[8.891837,49.091904],[8.893198,49.090811],[8.892388,49.089723],[8.892481,49.087037],[8.893282,49.084879],[8.889802,49.080266],[8.886359,49.080112],[8.884342,49.080953],[8.879239,49.079961],[8.878905,49.079288],[8.873651,49.078644],[8.868623,49.077521],[8.874626,49.07634],[8.874734,49.075077],[8.868824,49.072351],[8.865532,49.071853],[8.868362,49.070122],[8.876316,49.069652],[8.876948,49.067475],[8.879344,49.064067],[8.877746,49.061579],[8.879483,49.059855],[8.877693,49.05854],[8.878476,49.056889],[8.880496,49.056496],[8.878438,49.051211],[8.87731,49.049485],[8.871385,49.050122],[8.873053,49.043483],[8.872324,49.037047],[8.875349,49.037115],[8.877398,49.032451],[8.881754,49.030194],[8.88778,49.029915],[8.89169,49.027612],[8.895179,49.024846],[8.899096,49.023376],[8.903542,49.022276],[8.904594,49.019679],[8.908308,49.016225],[8.913934,49.012039],[8.916486,49.009815],[8.91915,49.008329],[8.916163,49.005001],[8.91794,49.00454],[8.922018,49.002104],[8.92401,48.999374],[8.929476,48.996681],[8.933024,48.993224],[8.932654,48.991899],[8.930388,48.989838],[8.92744,48.990242],[8.923,48.990271],[8.921052,48.988188],[8.921074,48.987095],[8.925471,48.986335],[8.92384,48.98545],[8.923714,48.983714],[8.92024,48.98234],[8.92393,48.97846],[8.92508,48.976723],[8.928007,48.975513],[8.930738,48.971327],[8.939253,48.968243],[8.941884,48.963882],[8.941512,48.961704],[8.945338,48.961738],[8.946422,48.958857],[8.945831,48.958266],[8.946316,48.955072],[8.949218,48.953116],[8.945833,48.952797],[8.945471,48.951849],[8.946401,48.947812],[8.946707,48.944649],[8.945528,48.941956],[8.946108,48.940852],[8.94378,48.940048],[8.941797,48.938296],[8.938094,48.939258],[8.933366,48.939413],[8.930781,48.938079],[8.930114,48.936375],[8.92712,48.936966],[8.926694,48.938096],[8.923079,48.940098],[8.917783,48.939979],[8.91727,48.941697],[8.907203,48.941757],[8.904649,48.942273],[8.90275,48.938821],[8.903237,48.937747],[8.902129,48.935164],[8.903098,48.933116],[8.904087,48.929121],[8.905808,48.926315],[8.902938,48.925602],[8.900983,48.923719],[8.907104,48.922148],[8.907814,48.920686],[8.911958,48.922167],[8.915098,48.922389],[8.921043,48.920931],[8.92392,48.920897],[8.926286,48.919686],[8.924401,48.915868],[8.922577,48.916042],[8.922631,48.914137],[8.918528,48.914241],[8.915227,48.913263],[8.915381,48.912298],[8.909102,48.911991],[8.906675,48.909605],[8.909206,48.906262],[8.911953,48.906335],[8.913306,48.903807],[8.915122,48.902853],[8.915007,48.901047],[8.916912,48.899351],[8.912573,48.89744],[8.912708,48.895053],[8.914785,48.893842],[8.917562,48.888955],[8.916894,48.886786],[8.917617,48.883569],[8.920162,48.879474],[8.921031,48.876727],[8.922548,48.876685],[8.923714,48.87486],[8.924346,48.871768],[8.928664,48.870626],[8.926733,48.86802],[8.929257,48.865479],[8.92512,48.86553],[8.923317,48.866458],[8.919552,48.866505],[8.915335,48.864881],[8.913031,48.863499],[8.909443,48.863405],[8.906624,48.862793],[8.902328,48.860469],[8.899058,48.856926],[8.898301,48.851619],[8.894638,48.8466],[8.884516,48.841435],[8.883354,48.84221],[8.876222,48.838428],[8.871483,48.836263],[8.871973,48.835367],[8.877565,48.834533],[8.88569,48.830267],[8.883946,48.82984],[8.879297,48.82765],[8.87971,48.826852],[8.875421,48.82587],[8.874638,48.824256],[8.877388,48.823537],[8.876537,48.821602],[8.872734,48.822667],[8.874132,48.819824],[8.871694,48.817301],[8.873807,48.815829],[8.87795,48.818175],[8.877195,48.820553],[8.883835,48.819715],[8.886426,48.81879],[8.8889,48.819593],[8.889025,48.820901],[8.891581,48.822348],[8.899195,48.821179],[8.901802,48.818201],[8.899338,48.815052],[8.894236,48.813143],[8.890987,48.813081],[8.891614,48.808902],[8.890928,48.807222],[8.891559,48.803408],[8.898587,48.80165],[8.900333,48.800508],[8.897723,48.798634],[8.895197,48.798093],[8.889448,48.800947],[8.887425,48.803049],[8.883813,48.800947],[8.881336,48.798771],[8.878944,48.798537],[8.871722,48.796445],[8.868812,48.794493],[8.867626,48.792283],[8.864108,48.792624],[8.853054,48.792507],[8.84726,48.792967],[8.844902,48.795261],[8.843653,48.798254],[8.84255,48.799511],[8.834293,48.798413],[8.831356,48.797533],[8.829714,48.795645],[8.827634,48.794537],[8.825416,48.791395],[8.81865,48.788447],[8.813902,48.784109],[8.811313,48.781],[8.807663,48.780899],[8.804559,48.777901],[8.802533,48.776656],[8.799884,48.773992],[8.801104,48.772056],[8.805084,48.770459],[8.811776,48.765689],[8.813871,48.765263],[8.817583,48.76608],[8.819708,48.762644],[8.821195,48.762209],[8.826669,48.758504],[8.834046,48.755303],[8.835244,48.754345],[8.835478,48.751274],[8.833271,48.743159],[8.830064,48.739493],[8.829382,48.736437],[8.835051,48.736189],[8.839962,48.735448],[8.84196,48.735676],[8.848117,48.735513],[8.854096,48.734681],[8.857661,48.733155],[8.861876,48.732207],[8.864694,48.729913],[8.870469,48.727355],[8.872314,48.727314],[8.877507,48.724994],[8.876254,48.721728],[8.873739,48.722975],[8.871841,48.721203],[8.868012,48.72061],[8.864757,48.719058],[8.863507,48.717495],[8.864,48.716015],[8.867295,48.714723],[8.865804,48.711539],[8.864481,48.710045],[8.857086,48.707971],[8.855128,48.706826],[8.857432,48.704677],[8.86072,48.703556],[8.862338,48.70022],[8.862025,48.698995],[8.863152,48.697365],[8.860171,48.695549],[8.858771,48.693279],[8.85489,48.690603],[8.855872,48.689804],[8.853213,48.688401],[8.851078,48.684521],[8.845961,48.685175],[8.843933,48.684046],[8.84219,48.685114],[8.839989,48.682841],[8.836853,48.683095],[8.834329,48.680249],[8.833971,48.678648],[8.827244,48.676741],[8.825581,48.673672],[8.825717,48.669528],[8.819135,48.669419],[8.8182,48.668255],[8.819381,48.666605],[8.819327,48.664793],[8.813536,48.664222],[8.808539,48.662629],[8.806029,48.661272],[8.800804,48.659773],[8.798663,48.658722],[8.799572,48.655087],[8.799261,48.648784],[8.796997,48.647803],[8.798556,48.645532],[8.800352,48.645113],[8.800384,48.643497],[8.79795,48.643207],[8.793489,48.639476],[8.790819,48.638277],[8.791643,48.637301],[8.795628,48.634849],[8.79211,48.631879],[8.791065,48.629751],[8.789876,48.629086],[8.790422,48.627276],[8.793311,48.626095],[8.796699,48.625603],[8.798364,48.623627],[8.798629,48.621455],[8.797439,48.620977],[8.79968,48.617762],[8.801144,48.611546],[8.79969,48.610284],[8.79571,48.60956],[8.795013,48.608944],[8.794622,48.605277],[8.793367,48.60433],[8.793286,48.600894],[8.79489,48.594145],[8.789862,48.596563],[8.778021,48.598963],[8.759308,48.603769],[8.754276,48.601861],[8.751563,48.602238],[8.74862,48.605034],[8.748046,48.603416],[8.748113,48.598967],[8.746437,48.596109],[8.748563,48.595377],[8.748947,48.594217],[8.751435,48.593181],[8.751572,48.590699],[8.754107,48.587533],[8.7554,48.582646],[8.754822,48.575432],[8.752399,48.575323],[8.7503,48.570659],[8.756379,48.570784],[8.756844,48.568702],[8.756296,48.566802],[8.758367,48.564793],[8.757048,48.561472],[8.758501,48.555915],[8.763441,48.555807],[8.766345,48.554619],[8.765292,48.550485],[8.765474,48.54855],[8.770718,48.548752],[8.77257,48.548388],[8.771272,48.545327],[8.769683,48.546433],[8.763551,48.545614],[8.763541,48.544856],[8.758379,48.544479],[8.757024,48.541704],[8.757867,48.541449],[8.757886,48.538056],[8.762654,48.538081],[8.763824,48.534161],[8.763174,48.531921],[8.758406,48.530983],[8.760018,48.527291],[8.755477,48.526053],[8.756058,48.525102],[8.760159,48.525667],[8.763495,48.525159],[8.762824,48.523542],[8.765048,48.522223],[8.769148,48.522345]]],[[[10.234461,48.505677],[10.23745,48.500169],[10.242605,48.500027],[10.240967,48.506034],[10.238513,48.506188],[10.234461,48.505677]]],[[[9.171877,48.604449],[9.16882,48.604135],[9.164183,48.604372],[9.163884,48.601408],[9.168094,48.600584],[9.163873,48.597445],[9.17126,48.59854],[9.171401,48.599976],[9.169281,48.600419],[9.169387,48.601769],[9.171745,48.601937],[9.171877,48.604449]]]]},"properties":{"rs":81000000000,"name":"Regierungsbezirk Stuttgart"},"id":"relation/22041"},{"type":"Feature","geometry":{"type":"MultiPolygon","coordinates":[[[[7.959277,48.718476],[7.948618,48.709894],[7.936264,48.699673],[7.89386,48.665362],[7.888289,48.661657],[7.88341,48.659352],[7.869686,48.653801],[7.860008,48.65005],[7.855634,48.648691],[7.84902,48.647208],[7.844278,48.645338],[7.841739,48.643542],[7.838624,48.639827],[7.837624,48.637796],[7.833457,48.62599],[7.832019,48.622736],[7.830023,48.619402],[7.822807,48.611194],[7.804995,48.592798],[7.803089,48.590308],[7.801339,48.586943],[7.80049,48.584107],[7.800203,48.580413],[7.801101,48.575569],[7.803999,48.567543],[7.80514,48.562503],[7.805862,48.554798],[7.805705,48.549911],[7.805085,48.546126],[7.803838,48.541503],[7.803471,48.536673],[7.80377,48.534293],[7.806036,48.526565],[7.806755,48.521743],[7.806146,48.516689],[7.80473,48.512588],[7.800361,48.506439],[7.797785,48.503901],[7.794704,48.501619],[7.788929,48.498959],[7.782463,48.496852],[7.773725,48.493473],[7.770267,48.491666],[7.767706,48.488748],[7.767142,48.486263],[7.767292,48.476985],[7.766717,48.464173],[7.76586,48.458945],[7.76318,48.45118],[7.761003,48.446844],[7.752463,48.432503],[7.749258,48.427342],[7.744956,48.419776],[7.73712,48.406666],[7.735055,48.402606],[7.732599,48.395677],[7.731247,48.388813],[7.731016,48.384248],[7.731638,48.377805],[7.733154,48.371381],[7.738628,48.355329],[7.743509,48.340023],[7.745748,48.332628],[7.745053,48.328638],[7.743458,48.325359],[7.741494,48.322995],[7.737195,48.31968],[7.733232,48.31758],[7.728104,48.316096],[7.720293,48.314255],[7.707337,48.310684],[7.700359,48.307275],[7.69448,48.302644],[7.692841,48.300706],[7.690672,48.297045],[7.689664,48.294291],[7.689232,48.290082],[7.689342,48.284142],[7.688896,48.279679],[7.685777,48.270381],[7.678949,48.251822],[7.6738,48.238587],[7.66807,48.224454],[7.666537,48.22156],[7.664806,48.219514],[7.66107,48.216598],[7.64922,48.210901],[7.64505,48.208109],[7.642515,48.205217],[7.6333,48.189257],[7.630224,48.184591],[7.625258,48.179421],[7.60274,48.160043],[7.600364,48.157221],[7.59935,48.1549],[7.598986,48.150881],[7.600517,48.143028],[7.600514,48.140323],[7.5994,48.136805],[7.597928,48.134488],[7.594328,48.131292],[7.589335,48.128856],[7.586374,48.127962],[7.582288,48.126052],[7.579381,48.123639],[7.578077,48.121948],[7.576915,48.11802],[7.577227,48.115606],[7.579188,48.109054],[7.579519,48.107022],[7.579288,48.101469],[7.578033,48.097452],[7.576247,48.094351],[7.572839,48.090292],[7.571009,48.087233],[7.569545,48.08325],[7.569227,48.079134],[7.569802,48.075552],[7.572687,48.063082],[7.573809,48.057204],[7.573632,48.050581],[7.5723,48.045477],[7.56897,48.038241],[7.56873,48.035406],[7.570453,48.031626],[7.573007,48.029192],[7.578464,48.025069],[7.602679,48.005854],[7.608998,48.0001],[7.612099,47.996488],[7.615189,47.992106],[7.619192,47.984211],[7.621815,47.976548],[7.621897,47.972499],[7.621029,47.969273],[7.618995,47.965917],[7.611048,47.955686],[7.606811,47.951748],[7.58869,47.937761],[7.58534,47.934263],[7.58323,47.931193],[7.581885,47.9284],[7.580688,47.923615],[7.580621,47.920028],[7.582976,47.905186],[7.582575,47.900198],[7.581181,47.897027],[7.579237,47.894434],[7.575539,47.891194],[7.571891,47.889077],[7.565746,47.886685],[7.562254,47.884774],[7.559655,47.882518],[7.556578,47.878036],[7.555744,47.874827],[7.555435,47.86899],[7.556452,47.864862],[7.561578,47.856096],[7.563136,47.851717],[7.563437,47.846704],[7.562719,47.842001],[7.56156,47.83907],[7.558614,47.834321],[7.553104,47.828006],[7.550486,47.824256],[7.54871,47.820961],[7.545811,47.812688],[7.543379,47.807661],[7.534671,47.792642],[7.531367,47.786684],[7.530029,47.782553],[7.529844,47.776117],[7.530336,47.772868],[7.531498,47.769789],[7.536162,47.761057],[7.540064,47.754844],[7.541829,47.751211],[7.548206,47.739914],[7.54854,47.73876],[7.548412,47.731941],[7.546139,47.72586],[7.54355,47.72199],[7.540064,47.71821],[7.534384,47.714132],[7.515564,47.703754],[7.512846,47.701179],[7.511792,47.696968],[7.512908,47.694189],[7.516772,47.689182],[7.518294,47.686611],[7.519713,47.682005],[7.519875,47.678853],[7.518894,47.67145],[7.52031,47.665864],[7.522329,47.662527],[7.524111,47.660479],[7.529336,47.655856],[7.536397,47.650233],[7.542861,47.646273],[7.559841,47.637801],[7.565123,47.633969],[7.566937,47.63208],[7.569545,47.628063],[7.572329,47.619265],[7.573137,47.61772],[7.576247,47.6144],[7.585783,47.60931],[7.58798,47.607874],[7.590863,47.60514],[7.593043,47.600752],[7.592988,47.597841],[7.592366,47.595812],[7.589039,47.589897],[7.598462,47.587639],[7.604816,47.58493],[7.604054,47.581334],[7.605333,47.579883],[7.604882,47.577874],[7.613204,47.578156],[7.616708,47.57768],[7.619134,47.57687],[7.625006,47.579614],[7.628021,47.581365],[7.634102,47.585858],[7.636437,47.588372],[7.63963,47.590364],[7.64324,47.591341],[7.641784,47.594192],[7.64567,47.596955],[7.651066,47.595722],[7.655065,47.595395],[7.66169,47.593702],[7.66733,47.591946],[7.675171,47.591982],[7.675499,47.593045],[7.678064,47.595355],[7.683009,47.598493],[7.687983,47.598607],[7.691637,47.599586],[7.690153,47.59757],[7.684716,47.596636],[7.679581,47.592247],[7.677381,47.591362],[7.67175,47.587276],[7.672069,47.585239],[7.680852,47.582684],[7.6819,47.577456],[7.683853,47.576657],[7.68367,47.573906],[7.688913,47.572425],[7.689653,47.571398],[7.687099,47.568384],[7.685919,47.56561],[7.683754,47.568352],[7.6835,47.571254],[7.679101,47.5695],[7.675144,47.565423],[7.67728,47.564933],[7.677316,47.563745],[7.672449,47.563726],[7.67236,47.56544],[7.670219,47.565832],[7.66555,47.56506],[7.664227,47.565399],[7.658752,47.564477],[7.656156,47.562278],[7.654536,47.562367],[7.648276,47.559931],[7.64405,47.561284],[7.641259,47.561264],[7.63833,47.563226],[7.636119,47.563917],[7.633956,47.561224],[7.637307,47.559958],[7.639974,47.558165],[7.643598,47.554494],[7.64695,47.550177],[7.648996,47.548296],[7.652472,47.546579],[7.658031,47.545927],[7.66058,47.545217],[7.662649,47.543032],[7.664826,47.538435],[7.667971,47.535764],[7.67376,47.534003],[7.679215,47.532792],[7.694939,47.532496],[7.697336,47.532908],[7.706621,47.53719],[7.712122,47.539154],[7.715559,47.540791],[7.720422,47.542028],[7.729933,47.542738],[7.735726,47.542918],[7.75064,47.544276],[7.754142,47.545427],[7.757744,47.548204],[7.764481,47.549837],[7.772836,47.552225],[7.782135,47.553011],[7.788174,47.554518],[7.79082,47.555913],[7.795685,47.557382],[7.798924,47.561598],[7.80301,47.56487],[7.810086,47.568308],[7.811649,47.570286],[7.812811,47.573456],[7.813882,47.578547],[7.815541,47.582621],[7.817824,47.585898],[7.819459,47.587267],[7.822544,47.587988],[7.827232,47.587637],[7.833981,47.586462],[7.836419,47.583562],[7.840223,47.582197],[7.845162,47.582209],[7.850505,47.582994],[7.853512,47.583875],[7.859863,47.587259],[7.863006,47.587988],[7.869397,47.588755],[7.876699,47.588438],[7.883119,47.588919],[7.886765,47.588625],[7.891998,47.587423],[7.897917,47.584005],[7.902675,47.580847],[7.905156,47.578684],[7.910645,47.571066],[7.911578,47.567739],[7.910756,47.565241],[7.907411,47.561308],[7.907284,47.559164],[7.90946,47.553556],[7.911605,47.551039],[7.916512,47.54798],[7.91949,47.547172],[7.923733,47.546763],[7.928835,47.547103],[7.933511,47.546801],[7.940915,47.544348],[7.944265,47.543787],[7.946822,47.544069],[7.949161,47.545967],[7.951218,47.549881],[7.952425,47.554543],[7.954302,47.556208],[7.960283,47.558058],[7.9697,47.555936],[7.974645,47.555349],[7.980552,47.555086],[7.996591,47.556482],[8.000891,47.55636],[8.008102,47.55459],[8.011976,47.552289],[8.014984,47.551095],[8.020716,47.550405],[8.023442,47.550683],[8.027558,47.551946],[8.038929,47.553262],[8.047695,47.555917],[8.050798,47.557974],[8.058028,47.561849],[8.059182,47.563455],[8.063672,47.563353],[8.067203,47.564501],[8.069409,47.564352],[8.073124,47.56281],[8.07958,47.558672],[8.08388,47.557548],[8.09025,47.557829],[8.09593,47.560244],[8.098905,47.562223],[8.101544,47.566606],[8.103069,47.576246],[8.106189,47.580015],[8.110141,47.582751],[8.112451,47.583479],[8.117171,47.583931],[8.124647,47.583332],[8.134904,47.583494],[8.137164,47.584373],[8.138159,47.585783],[8.13763,47.589235],[8.138598,47.590458],[8.143534,47.59291],[8.147394,47.595317],[8.152271,47.595931],[8.160057,47.593608],[8.162761,47.593617],[8.165823,47.594698],[8.170635,47.598188],[8.173182,47.600641],[8.177832,47.603086],[8.182855,47.604218],[8.185281,47.605479],[8.187316,47.607511],[8.190124,47.611738],[8.193124,47.615607],[8.197193,47.618575],[8.201032,47.620306],[8.205365,47.621061],[8.21214,47.620567],[8.217792,47.618664],[8.220735,47.616583],[8.222993,47.611482],[8.2237,47.607752],[8.22476,47.606062],[8.227132,47.605015],[8.230914,47.606629],[8.233977,47.609144],[8.236984,47.612162],[8.23918,47.61288],[8.244625,47.61246],[8.247309,47.612908],[8.252937,47.614666],[8.256912,47.615316],[8.260718,47.614511],[8.263073,47.610174],[8.265399,47.609334],[8.268089,47.609704],[8.273944,47.611194],[8.27914,47.611712],[8.284422,47.611242],[8.287756,47.610588],[8.294629,47.607883],[8.29728,47.606088],[8.297844,47.604383],[8.295797,47.59752],[8.295282,47.59369],[8.296187,47.591169],[8.297588,47.58926],[8.30081,47.586849],[8.303993,47.585489],[8.309644,47.583935],[8.312512,47.58231],[8.320167,47.575379],[8.324983,47.572367],[8.329389,47.571017],[8.332491,47.570552],[8.339573,47.570278],[8.347564,47.570818],[8.358242,47.570005],[8.366212,47.568743],[8.370158,47.568532],[8.377667,47.567284],[8.382783,47.565659],[8.384865,47.566623],[8.388931,47.572715],[8.393914,47.576171],[8.396643,47.577175],[8.399439,47.577094],[8.40642,47.574946],[8.413435,47.571582],[8.422363,47.569028],[8.427452,47.567261],[8.431502,47.566569],[8.439485,47.56755],[8.449976,47.570914],[8.456168,47.572436],[8.46287,47.572033],[8.46525,47.572432],[8.468954,47.573825],[8.475493,47.577349],[8.477913,47.578006],[8.482941,47.577168],[8.485775,47.577248],[8.490992,47.579763],[8.49475,47.581033],[8.494153,47.582244],[8.488692,47.58783],[8.483267,47.586919],[8.481025,47.585205],[8.479541,47.585351],[8.475443,47.584529],[8.470333,47.584633],[8.466869,47.584248],[8.46482,47.588009],[8.460523,47.588379],[8.461221,47.592667],[8.460004,47.595017],[8.457024,47.597381],[8.456675,47.602327],[8.45923,47.60205],[8.46363,47.602266],[8.468531,47.603861],[8.471431,47.607005],[8.470853,47.608635],[8.473887,47.608442],[8.475025,47.607721],[8.478113,47.610995],[8.479192,47.615229],[8.483293,47.613693],[8.4846,47.614754],[8.487065,47.614345],[8.488472,47.615055],[8.49333,47.614437],[8.503158,47.617281],[8.505949,47.617183],[8.508313,47.618943],[8.508243,47.622064],[8.507414,47.623853],[8.510198,47.623351],[8.514433,47.623581],[8.515052,47.624565],[8.512771,47.625602],[8.515303,47.627108],[8.51589,47.628515],[8.514832,47.630125],[8.515647,47.633791],[8.520756,47.634316],[8.52562,47.63171],[8.53172,47.631915],[8.536794,47.630883],[8.538934,47.630974],[8.539283,47.628331],[8.53868,47.626302],[8.542924,47.627049],[8.544319,47.625153],[8.550505,47.625356],[8.552614,47.624771],[8.557884,47.624456],[8.559214,47.621901],[8.561979,47.619269],[8.562918,47.616702],[8.569322,47.617201],[8.571231,47.612485],[8.574403,47.612291],[8.572751,47.610861],[8.569989,47.610821],[8.566378,47.60986],[8.5664,47.606093],[8.563887,47.602863],[8.56164,47.601306],[8.563994,47.598478],[8.566643,47.597147],[8.56978,47.598134],[8.57217,47.597823],[8.574869,47.595508],[8.576875,47.596824],[8.582577,47.596138],[8.584259,47.599797],[8.587731,47.601724],[8.590048,47.601251],[8.591134,47.602275],[8.592548,47.606128],[8.595746,47.605587],[8.603443,47.610944],[8.605141,47.614632],[8.604296,47.617802],[8.599612,47.623805],[8.598101,47.6269],[8.597024,47.630486],[8.596807,47.635087],[8.595287,47.640873],[8.595691,47.643038],[8.597219,47.644076],[8.601407,47.645704],[8.60262,47.647126],[8.604005,47.650918],[8.605295,47.652061],[8.607563,47.652445],[8.61025,47.651461],[8.612374,47.649887],[8.61407,47.646604],[8.613756,47.643877],[8.610697,47.64186],[8.605445,47.641611],[8.602805,47.639706],[8.604761,47.637657],[8.607646,47.637001],[8.615596,47.6377],[8.619777,47.638781],[8.623184,47.640782],[8.624866,47.642602],[8.628854,47.649656],[8.62893,47.651734],[8.62792,47.653449],[8.621808,47.657918],[8.619336,47.659421],[8.614537,47.661558],[8.612832,47.660803],[8.608804,47.663418],[8.606908,47.666463],[8.605974,47.669523],[8.606706,47.672105],[8.598027,47.672708],[8.595913,47.669203],[8.593169,47.666803],[8.591444,47.667463],[8.587723,47.666318],[8.577714,47.661464],[8.573733,47.662709],[8.570879,47.664747],[8.569105,47.664152],[8.566183,47.665723],[8.564765,47.66525],[8.563437,47.668138],[8.563664,47.669998],[8.559708,47.670236],[8.556681,47.669251],[8.552662,47.669003],[8.549693,47.667436],[8.546335,47.66728],[8.543685,47.665941],[8.539932,47.665086],[8.538833,47.663362],[8.541567,47.656881],[8.536045,47.658564],[8.533829,47.659936],[8.533419,47.663129],[8.531034,47.661733],[8.526899,47.660487],[8.528005,47.65798],[8.529975,47.656973],[8.529043,47.655103],[8.532904,47.651406],[8.533782,47.649111],[8.531772,47.645753],[8.529819,47.645942],[8.523796,47.644895],[8.519972,47.645555],[8.513639,47.647505],[8.509029,47.646692],[8.503174,47.647328],[8.499551,47.647263],[8.499149,47.646413],[8.493676,47.64616],[8.493698,47.643037],[8.490534,47.642376],[8.487404,47.645076],[8.485183,47.643926],[8.48278,47.644091],[8.481439,47.645618],[8.482179,47.647449],[8.480368,47.649243],[8.476423,47.650109],[8.473026,47.649126],[8.473392,47.647358],[8.477394,47.645992],[8.477704,47.644645],[8.47482,47.64328],[8.471547,47.642671],[8.472695,47.640888],[8.475152,47.641009],[8.478058,47.63978],[8.474143,47.639309],[8.473485,47.638416],[8.46999,47.639328],[8.467099,47.641552],[8.46371,47.648475],[8.465974,47.652918],[8.467123,47.656042],[8.465955,47.65726],[8.463629,47.656328],[8.459948,47.65372],[8.457272,47.652747],[8.45365,47.654782],[8.450515,47.655018],[8.445102,47.653874],[8.43861,47.65739],[8.436601,47.657393],[8.435266,47.659498],[8.431978,47.662146],[8.423629,47.666873],[8.415019,47.666154],[8.412196,47.666342],[8.409614,47.669155],[8.405576,47.6742],[8.406338,47.676241],[8.40946,47.67903],[8.416185,47.679797],[8.418345,47.682795],[8.420773,47.683882],[8.418971,47.685979],[8.418182,47.688199],[8.411965,47.694419],[8.409341,47.695349],[8.406397,47.695578],[8.405201,47.698554],[8.409453,47.703297],[8.414289,47.706774],[8.417115,47.710191],[8.420133,47.709522],[8.42533,47.711736],[8.426074,47.711306],[8.431713,47.714632],[8.435162,47.717579],[8.438064,47.718555],[8.44165,47.717908],[8.440188,47.719744],[8.441591,47.7211],[8.445341,47.723067],[8.447591,47.723232],[8.454926,47.722462],[8.454233,47.723529],[8.454592,47.727126],[8.457032,47.729184],[8.456343,47.730531],[8.45364,47.730505],[8.451366,47.733198],[8.449785,47.738134],[8.45076,47.740173],[8.452753,47.741597],[8.455833,47.742809],[8.456016,47.748464],[8.457487,47.750255],[8.462937,47.751704],[8.465902,47.753136],[8.467118,47.754393],[8.468108,47.757398],[8.469544,47.759943],[8.473132,47.76408],[8.476622,47.765545],[8.481548,47.768324],[8.484086,47.770943],[8.48902,47.773208],[8.490988,47.771676],[8.495351,47.770752],[8.498347,47.772465],[8.502293,47.77365],[8.509598,47.774628],[8.510312,47.776198],[8.516384,47.77329],[8.518073,47.771407],[8.52018,47.770532],[8.521879,47.773862],[8.523453,47.775704],[8.526454,47.778022],[8.532447,47.77804],[8.535631,47.779797],[8.541368,47.78156],[8.543741,47.781676],[8.545614,47.782572],[8.550421,47.783602],[8.552903,47.784642],[8.556331,47.783881],[8.561539,47.780732],[8.563126,47.780609],[8.562874,47.777902],[8.566077,47.778336],[8.573992,47.780368],[8.577318,47.781674],[8.575961,47.785089],[8.574404,47.787088],[8.574945,47.789637],[8.572134,47.790577],[8.568773,47.791072],[8.561975,47.792607],[8.562481,47.796572],[8.562501,47.802321],[8.563809,47.805395],[8.568028,47.808454],[8.570339,47.806253],[8.573201,47.80602],[8.57592,47.801729],[8.575309,47.799592],[8.57988,47.800121],[8.587733,47.802664],[8.590175,47.800396],[8.592851,47.798717],[8.59824,47.802423],[8.600846,47.803024],[8.61141,47.80191],[8.613925,47.801227],[8.615922,47.799627],[8.618602,47.798323],[8.617897,47.796047],[8.622137,47.794866],[8.620637,47.790775],[8.620491,47.788957],[8.618932,47.78777],[8.615752,47.787152],[8.615081,47.783977],[8.617258,47.780865],[8.618422,47.780219],[8.618771,47.778154],[8.623355,47.777286],[8.621031,47.771841],[8.619403,47.769818],[8.61943,47.767668],[8.625022,47.763899],[8.627687,47.759401],[8.631653,47.758196],[8.633931,47.760253],[8.642383,47.765216],[8.644458,47.764314],[8.647553,47.766969],[8.645332,47.768535],[8.649321,47.77038],[8.652953,47.773403],[8.651107,47.774348],[8.648098,47.77407],[8.650068,47.781343],[8.649164,47.784295],[8.645444,47.78723],[8.645749,47.790711],[8.646933,47.794714],[8.64892,47.794992],[8.649605,47.798461],[8.653331,47.799899],[8.656863,47.800441],[8.660298,47.796332],[8.660002,47.794],[8.657393,47.79175],[8.662299,47.791769],[8.665245,47.790365],[8.66756,47.787703],[8.671105,47.787597],[8.677095,47.785725],[8.678409,47.786788],[8.682369,47.783698],[8.681764,47.782936],[8.683319,47.780493],[8.683212,47.777301],[8.68526,47.775463],[8.688627,47.773521],[8.686971,47.772222],[8.683585,47.770598],[8.686793,47.765281],[8.68786,47.760491],[8.688709,47.758359],[8.692834,47.756213],[8.694795,47.755745],[8.697345,47.756635],[8.699099,47.759285],[8.703292,47.761109],[8.706994,47.763683],[8.709541,47.763145],[8.711842,47.764812],[8.714089,47.765415],[8.718727,47.76431],[8.721388,47.763094],[8.727327,47.762268],[8.730809,47.759608],[8.728945,47.757969],[8.735024,47.755174],[8.736431,47.754057],[8.739975,47.75299],[8.741137,47.751985],[8.740769,47.749582],[8.741438,47.748183],[8.739537,47.746518],[8.734271,47.746558],[8.731003,47.745844],[8.728053,47.746139],[8.726591,47.745035],[8.723622,47.74565],[8.72162,47.743956],[8.720231,47.741002],[8.714589,47.738594],[8.714194,47.736317],[8.712497,47.732213],[8.711144,47.730148],[8.713783,47.727759],[8.717926,47.721627],[8.721531,47.721745],[8.724672,47.72016],[8.728232,47.719175],[8.732985,47.718516],[8.736292,47.716337],[8.734915,47.715351],[8.7322,47.711767],[8.731071,47.707572],[8.72845,47.702454],[8.726486,47.696623],[8.728023,47.692764],[8.735486,47.692698],[8.741984,47.691177],[8.750913,47.690814],[8.759167,47.688951],[8.765868,47.686493],[8.769512,47.684594],[8.771468,47.682682],[8.774914,47.680621],[8.78213,47.677723],[8.787721,47.675729],[8.791332,47.67497],[8.796034,47.675335],[8.793813,47.678787],[8.793514,47.680113],[8.795108,47.683805],[8.79596,47.684429],[8.796818,47.688103],[8.80009,47.691858],[8.802955,47.692173],[8.805376,47.691545],[8.807626,47.691993],[8.810095,47.693362],[8.806319,47.696519],[8.804063,47.696337],[8.797584,47.697216],[8.798523,47.700446],[8.796823,47.702752],[8.790749,47.705294],[8.787404,47.704586],[8.781058,47.705256],[8.779812,47.705677],[8.774222,47.705928],[8.771477,47.706889],[8.769376,47.706854],[8.769659,47.70917],[8.771479,47.710077],[8.771447,47.71198],[8.772867,47.713224],[8.770311,47.715031],[8.769697,47.717837],[8.774606,47.719132],[8.776523,47.720763],[8.776298,47.722732],[8.780712,47.721602],[8.783625,47.726166],[8.784823,47.727356],[8.786592,47.726344],[8.788686,47.727773],[8.790685,47.727263],[8.7918,47.728807],[8.799182,47.727127],[8.799106,47.728885],[8.796465,47.734556],[8.799765,47.735307],[8.79943,47.736132],[8.804601,47.736754],[8.806676,47.738293],[8.807567,47.737145],[8.807097,47.73469],[8.80853,47.731219],[8.812163,47.730432],[8.811518,47.728854],[8.80978,47.727562],[8.805608,47.725908],[8.804797,47.724531],[8.808462,47.72462],[8.812691,47.723774],[8.81648,47.720247],[8.818517,47.717652],[8.825363,47.718716],[8.82554,47.717033],[8.818926,47.713307],[8.822317,47.712422],[8.823752,47.710985],[8.830072,47.71188],[8.83173,47.713787],[8.833576,47.714567],[8.83769,47.713225],[8.840664,47.712814],[8.84575,47.711165],[8.845849,47.708565],[8.848328,47.703377],[8.854687,47.704881],[8.861017,47.704138],[8.864156,47.705239],[8.868281,47.705387],[8.871228,47.70481],[8.872957,47.703784],[8.870985,47.701493],[8.873737,47.698191],[8.876133,47.696856],[8.874439,47.694301],[8.87104,47.693431],[8.86604,47.693823],[8.865216,47.69478],[8.866292,47.696389],[8.863214,47.698437],[8.862356,47.697211],[8.860193,47.696512],[8.858066,47.698751],[8.855874,47.69729],[8.851831,47.696718],[8.850803,47.694669],[8.854736,47.694508],[8.857708,47.692657],[8.85634,47.689101],[8.853408,47.687837],[8.851075,47.685595],[8.850531,47.681177],[8.856253,47.680277],[8.860559,47.680312],[8.864431,47.67825],[8.867873,47.675897],[8.870643,47.671705],[8.873426,47.670219],[8.876154,47.66045],[8.875509,47.660362],[8.875421,47.656246],[8.878786,47.656634],[8.880075,47.655387],[8.883227,47.655776],[8.888389,47.654157],[8.88989,47.654293],[8.893299,47.652249],[8.895076,47.652024],[8.897698,47.652748],[8.901599,47.654806],[8.907699,47.655526],[8.912826,47.655321],[8.915028,47.657207],[8.925008,47.66017],[8.928342,47.659955],[8.92978,47.658754],[8.938516,47.658752],[8.938731,47.66092],[8.942978,47.66362],[8.947731,47.665279],[8.94988,47.667158],[8.958997,47.670635],[8.962379,47.671216],[8.967535,47.671086],[8.971305,47.671881],[8.974002,47.676078],[8.977203,47.677962],[8.982547,47.679159],[8.987544,47.68167],[8.991276,47.682266],[8.993472,47.684095],[8.998407,47.686658],[9.001364,47.689657],[9.002876,47.691751],[9.004598,47.692639],[9.007453,47.695641],[9.006761,47.697004],[8.997532,47.704827],[8.992651,47.70717],[8.988901,47.707845],[8.975218,47.71116],[8.972731,47.711937],[8.968652,47.714468],[8.964346,47.716442],[8.961627,47.71723],[8.956028,47.719778],[8.95474,47.720723],[8.949352,47.721509],[8.943843,47.723692],[8.942211,47.725147],[8.94027,47.728401],[8.941646,47.731953],[8.944394,47.733904],[8.949654,47.735976],[8.952743,47.735649],[8.956873,47.737056],[8.960918,47.736716],[8.961694,47.737241],[8.968736,47.734986],[8.974047,47.735379],[8.983789,47.732253],[8.988921,47.729479],[8.991386,47.729406],[8.993217,47.727489],[8.99658,47.72684],[8.999181,47.725286],[9.004307,47.726074],[9.006241,47.723542],[9.007966,47.723531],[9.009922,47.720628],[9.014501,47.719596],[9.015873,47.721633],[9.014361,47.723413],[9.010432,47.725559],[9.008055,47.72763],[9.003814,47.729173],[9.001018,47.731022],[9.000374,47.733672],[8.990731,47.734423],[8.985794,47.736417],[8.984146,47.737788],[8.983147,47.741157],[8.9862,47.743009],[8.989616,47.743653],[8.994597,47.74316],[8.997071,47.742384],[9.001723,47.737774],[9.005995,47.735593],[9.008132,47.735692],[9.01292,47.732897],[9.02353,47.72826],[9.026285,47.728091],[9.028219,47.727299],[9.03512,47.72661],[9.036731,47.725568],[9.036792,47.723915],[9.038526,47.723088],[9.041317,47.723101],[9.045784,47.722211],[9.050474,47.719898],[9.054808,47.718677],[9.058113,47.717292],[9.066977,47.714528],[9.067554,47.71243],[9.071299,47.712272],[9.080704,47.708854],[9.085815,47.708242],[9.093667,47.705716],[9.096734,47.702861],[9.099699,47.702186],[9.102348,47.699374],[9.103255,47.697738],[9.106156,47.695609],[9.107266,47.692041],[9.107051,47.690673],[9.104356,47.691095],[9.102687,47.688149],[9.099193,47.687272],[9.093841,47.689324],[9.091905,47.688955],[9.0912,47.687697],[9.09197,47.686329],[9.094451,47.687168],[9.097578,47.685963],[9.105591,47.686116],[9.105745,47.685302],[9.111927,47.685223],[9.11341,47.684688],[9.117271,47.681565],[9.118953,47.678768],[9.123464,47.676187],[9.126174,47.67383],[9.127051,47.671638],[9.126734,47.668565],[9.128497,47.667319],[9.131331,47.66669],[9.133508,47.666819],[9.138706,47.664832],[9.141893,47.665243],[9.148878,47.669103],[9.150486,47.66753],[9.157839,47.665763],[9.160009,47.662843],[9.169738,47.656023],[9.172005,47.655434],[9.175492,47.655773],[9.17591,47.654003],[9.181817,47.655957],[9.181213,47.65793],[9.181909,47.660445],[9.180427,47.661031],[9.179693,47.662972],[9.177909,47.663338],[9.177846,47.664813],[9.179257,47.666677],[9.181136,47.666322],[9.18652,47.666797],[9.191175,47.666679],[9.194517,47.665524],[9.196724,47.665625],[9.19876,47.664706],[9.207354,47.662976],[9.211499,47.664916],[9.214451,47.665749],[9.218044,47.665961],[9.216598,47.668148],[9.214104,47.670279],[9.210259,47.676251],[9.210827,47.679671],[9.212022,47.680522],[9.211382,47.682348],[9.208747,47.685062],[9.207631,47.687263],[9.202169,47.691431],[9.195314,47.694827],[9.187356,47.697729],[9.185232,47.702165],[9.182323,47.703234],[9.17956,47.706651],[9.18039,47.7086],[9.180031,47.709956],[9.181258,47.711739],[9.180189,47.716659],[9.178507,47.720383],[9.17763,47.726064],[9.174954,47.730157],[9.174532,47.733203],[9.17344,47.73451],[9.170672,47.735764],[9.166872,47.736464],[9.162592,47.738303],[9.156459,47.741705],[9.151321,47.745635],[9.149275,47.748718],[9.145447,47.747899],[9.137257,47.746888],[9.13537,47.747212],[9.132979,47.748912],[9.13003,47.75003],[9.126008,47.75248],[9.122782,47.755317],[9.119295,47.757728],[9.110304,47.762026],[9.105262,47.762729],[9.100508,47.764726],[9.094964,47.766264],[9.091763,47.766726],[9.089428,47.768055],[9.080512,47.771876],[9.073491,47.776123],[9.069366,47.777829],[9.065525,47.78046],[9.06396,47.782474],[9.06107,47.783806],[9.055987,47.789068],[9.051383,47.791041],[9.049156,47.79297],[9.047785,47.796221],[9.045865,47.796425],[9.041909,47.798667],[9.039669,47.800661],[9.034737,47.801662],[9.03099,47.804613],[9.030399,47.806583],[9.031293,47.808137],[9.033857,47.809052],[9.033788,47.811429],[9.035518,47.81296],[9.037666,47.813693],[9.039494,47.81514],[9.038113,47.816654],[9.039221,47.817643],[9.044658,47.816499],[9.04862,47.816213],[9.053051,47.815323],[9.055109,47.814057],[9.061187,47.815137],[9.065082,47.813295],[9.067317,47.811305],[9.067506,47.810097],[9.070659,47.806923],[9.071857,47.80806],[9.074702,47.808547],[9.074823,47.809988],[9.077282,47.812307],[9.079976,47.81183],[9.082254,47.812624],[9.083279,47.814701],[9.080251,47.817374],[9.080581,47.819207],[9.077772,47.818389],[9.076534,47.819688],[9.078256,47.823475],[9.080268,47.824856],[9.081679,47.827194],[9.080618,47.827657],[9.080211,47.830031],[9.079039,47.832338],[9.07601,47.83272],[9.073301,47.834285],[9.072576,47.836784],[9.070717,47.836729],[9.069877,47.838148],[9.070701,47.840611],[9.073937,47.842067],[9.071277,47.84412],[9.071664,47.846206],[9.069659,47.846572],[9.066743,47.848945],[9.066875,47.850773],[9.068629,47.852004],[9.065675,47.854202],[9.065934,47.85609],[9.07014,47.858565],[9.074157,47.859136],[9.076024,47.858427],[9.085017,47.857597],[9.086433,47.852772],[9.088708,47.850268],[9.090888,47.850658],[9.092093,47.848395],[9.095252,47.846232],[9.097801,47.846558],[9.099047,47.843927],[9.101312,47.843621],[9.103823,47.841567],[9.107596,47.841999],[9.10947,47.84455],[9.111777,47.843996],[9.113842,47.841288],[9.117568,47.841614],[9.119585,47.842738],[9.120847,47.842066],[9.122401,47.844869],[9.128939,47.846781],[9.126646,47.848332],[9.125708,47.850109],[9.127388,47.85184],[9.128084,47.854092],[9.126392,47.854343],[9.124346,47.855897],[9.119628,47.857368],[9.121853,47.861837],[9.125928,47.861737],[9.12608,47.860715],[9.132114,47.862561],[9.134612,47.861419],[9.13756,47.859093],[9.138596,47.861726],[9.134131,47.863258],[9.130535,47.865136],[9.133403,47.868255],[9.136856,47.869874],[9.139877,47.869863],[9.143514,47.8715],[9.143942,47.873059],[9.145947,47.873361],[9.145361,47.875761],[9.146784,47.877666],[9.149038,47.878697],[9.147958,47.879981],[9.148811,47.882012],[9.14732,47.885042],[9.147078,47.887021],[9.149524,47.887869],[9.146904,47.888855],[9.145579,47.891702],[9.146614,47.893743],[9.149969,47.895493],[9.146536,47.898053],[9.142484,47.898108],[9.137199,47.897303],[9.133141,47.898912],[9.128542,47.898242],[9.126557,47.900714],[9.123937,47.901951],[9.121782,47.902206],[9.117442,47.904711],[9.114006,47.905379],[9.111165,47.906898],[9.109488,47.905863],[9.107892,47.906614],[9.104484,47.905532],[9.103178,47.907375],[9.102148,47.910448],[9.099136,47.911828],[9.097306,47.914322],[9.094183,47.913745],[9.084557,47.916502],[9.076156,47.917095],[9.071516,47.916723],[9.067275,47.915477],[9.06476,47.915983],[9.065581,47.919903],[9.066852,47.921893],[9.066571,47.924611],[9.068951,47.927024],[9.068952,47.930059],[9.071216,47.932546],[9.075539,47.934225],[9.078622,47.937421],[9.081533,47.939186],[9.081548,47.940168],[9.0773,47.941697],[9.073465,47.94252],[9.070502,47.942267],[9.066225,47.941317],[9.062868,47.94],[9.060089,47.94018],[9.05924,47.939478],[9.054982,47.938586],[9.048493,47.935455],[9.044369,47.936359],[9.032764,47.936529],[9.02499,47.935489],[9.023186,47.936755],[9.020403,47.937222],[9.013081,47.937028],[9.011831,47.940374],[9.011652,47.942508],[9.015186,47.942487],[9.016697,47.943268],[9.020429,47.947523],[9.014734,47.95],[9.01501,47.95167],[9.014097,47.953674],[9.014678,47.955128],[9.018557,47.96008],[9.01954,47.960824],[9.019852,47.963441],[9.015535,47.965084],[9.014592,47.966224],[9.013754,47.96942],[9.011762,47.973807],[9.014153,47.978252],[9.018572,47.977966],[9.021294,47.979265],[9.021268,47.984048],[9.019535,47.988588],[9.018222,47.990378],[9.012223,47.993774],[9.009943,47.996015],[9.007373,47.994462],[9.006296,47.999523],[9.010045,48.001964],[9.013938,48.003365],[9.014087,48.006041],[9.012841,48.011169],[9.013015,48.016077],[9.010894,48.017332],[9.007752,48.024371],[9.00777,48.025608],[9.005217,48.026999],[9.001429,48.027108],[8.998048,48.028845],[8.992639,48.030188],[8.989418,48.029969],[8.98314,48.032076],[8.982076,48.032767],[8.978949,48.032503],[8.977023,48.033536],[8.976854,48.034954],[8.9716,48.040376],[8.968647,48.039634],[8.964695,48.039337],[8.963136,48.037424],[8.95974,48.035867],[8.960036,48.033447],[8.958088,48.030738],[8.959282,48.03049],[8.958448,48.028247],[8.95178,48.029671],[8.95066,48.031386],[8.95103,48.032793],[8.950557,48.035732],[8.952113,48.039],[8.954612,48.042376],[8.949764,48.044221],[8.948515,48.043445],[8.945518,48.043127],[8.941873,48.045599],[8.939747,48.046517],[8.935507,48.046568],[8.934863,48.049485],[8.93711,48.05254],[8.936508,48.054219],[8.934951,48.05483],[8.937546,48.057526],[8.935226,48.05832],[8.94075,48.060583],[8.941643,48.059824],[8.945577,48.059829],[8.947239,48.056203],[8.948638,48.055443],[8.951505,48.056422],[8.956436,48.055281],[8.958512,48.055627],[8.968038,48.056267],[8.975087,48.055155],[8.987782,48.057869],[8.990399,48.061382],[8.991908,48.062219],[8.992905,48.064374],[8.995392,48.06579],[8.996556,48.067244],[8.997094,48.070769],[8.995129,48.071527],[8.994852,48.072725],[8.990249,48.073618],[8.987578,48.076843],[8.983719,48.079802],[8.981214,48.083063],[8.980004,48.085612],[8.97142,48.087388],[8.962836,48.091055],[8.958816,48.095111],[8.954727,48.102421],[8.9538,48.107431],[8.944895,48.105621],[8.939233,48.103559],[8.932581,48.103723],[8.925436,48.104782],[8.919286,48.106753],[8.915862,48.108473],[8.913498,48.110576],[8.903731,48.110031],[8.898333,48.109991],[8.894998,48.106204],[8.891569,48.10678],[8.886557,48.10546],[8.886164,48.106745],[8.88364,48.107645],[8.8836,48.110453],[8.881678,48.116021],[8.878924,48.117317],[8.877852,48.120015],[8.878195,48.121343],[8.8746,48.122126],[8.871651,48.124726],[8.870936,48.12596],[8.867375,48.128123],[8.868741,48.129134],[8.86672,48.132364],[8.867062,48.135183],[8.865055,48.13517],[8.862749,48.13946],[8.860812,48.141653],[8.860086,48.143615],[8.853719,48.145181],[8.849749,48.149622],[8.843197,48.149892],[8.83775,48.150635],[8.83579,48.151618],[8.83175,48.149462],[8.830683,48.152016],[8.829644,48.157563],[8.830335,48.161717],[8.832727,48.163186],[8.832714,48.164787],[8.82952,48.167143],[8.8283,48.171149],[8.82624,48.171449],[8.823541,48.172882],[8.820386,48.17362],[8.816665,48.173721],[8.816543,48.175703],[8.814532,48.179759],[8.813982,48.182467],[8.808873,48.184427],[8.807449,48.183856],[8.79522,48.184661],[8.79347,48.184457],[8.790498,48.182704],[8.78689,48.183121],[8.78181,48.182835],[8.781187,48.1796],[8.779313,48.180096],[8.7782,48.182059],[8.771516,48.181512],[8.770215,48.182091],[8.767919,48.181349],[8.768855,48.17705],[8.767262,48.177081],[8.765392,48.174676],[8.761974,48.173415],[8.761693,48.170975],[8.763472,48.17128],[8.764054,48.166789],[8.764628,48.165777],[8.764207,48.163079],[8.761645,48.161781],[8.759115,48.161405],[8.754999,48.159816],[8.751271,48.159569],[8.749053,48.161357],[8.749315,48.165013],[8.746252,48.166907],[8.739217,48.169312],[8.733579,48.168062],[8.731028,48.168652],[8.728757,48.170177],[8.725882,48.170546],[8.72289,48.174747],[8.719341,48.181226],[8.721985,48.183079],[8.723155,48.184698],[8.726971,48.186221],[8.734042,48.187889],[8.737022,48.189711],[8.74027,48.192798],[8.7392,48.193572],[8.742869,48.197849],[8.741209,48.199105],[8.744275,48.200952],[8.741274,48.20262],[8.736652,48.201795],[8.732351,48.203006],[8.730206,48.202705],[8.72952,48.204658],[8.726208,48.204052],[8.723883,48.204641],[8.724281,48.207097],[8.723504,48.20799],[8.719476,48.20754],[8.712906,48.209386],[8.712294,48.213605],[8.712893,48.214904],[8.709901,48.218148],[8.710436,48.21938],[8.707159,48.222633],[8.704195,48.222089],[8.702362,48.224515],[8.703238,48.227825],[8.705107,48.228045],[8.707225,48.229619],[8.708777,48.229702],[8.710223,48.231684],[8.708085,48.235105],[8.702816,48.233821],[8.701105,48.236198],[8.697957,48.24537],[8.700616,48.245715],[8.699547,48.248053],[8.704008,48.248646],[8.702709,48.251539],[8.704798,48.252083],[8.709248,48.251965],[8.707221,48.254417],[8.706484,48.257664],[8.705611,48.259068],[8.703851,48.258576],[8.69739,48.257941],[8.696544,48.260081],[8.692819,48.260863],[8.689238,48.263323],[8.685098,48.267072],[8.683427,48.267562],[8.679682,48.266971],[8.676628,48.265544],[8.672278,48.267489],[8.66805,48.268349],[8.668398,48.269572],[8.672551,48.271519],[8.674188,48.273623],[8.679285,48.278004],[8.68166,48.277792],[8.683603,48.278585],[8.683616,48.280919],[8.679354,48.2831],[8.678192,48.284368],[8.675531,48.28354],[8.67108,48.283253],[8.66713,48.284223],[8.659558,48.283424],[8.658821,48.284654],[8.656679,48.285696],[8.653282,48.286266],[8.650321,48.288428],[8.648789,48.293307],[8.654195,48.293283],[8.656568,48.294701],[8.66233,48.295268],[8.663241,48.297224],[8.662587,48.298753],[8.663105,48.300619],[8.667334,48.303406],[8.667221,48.304946],[8.671203,48.304901],[8.677572,48.303794],[8.681425,48.304333],[8.683138,48.30525],[8.685171,48.303887],[8.690911,48.305651],[8.700631,48.309801],[8.709725,48.312145],[8.718647,48.314819],[8.720438,48.3183],[8.719363,48.321172],[8.713971,48.322535],[8.71114,48.323925],[8.706452,48.32339],[8.703637,48.324947],[8.697971,48.327162],[8.697063,48.328587],[8.70041,48.330699],[8.710579,48.332611],[8.713443,48.33598],[8.713938,48.339151],[8.716486,48.339984],[8.718154,48.34134],[8.723251,48.341965],[8.726509,48.343084],[8.728676,48.344588],[8.731005,48.344283],[8.736947,48.344366],[8.739548,48.346643],[8.74331,48.347526],[8.744868,48.348943],[8.743636,48.349745],[8.742856,48.354194],[8.744847,48.357226],[8.744235,48.358626],[8.739783,48.358523],[8.734057,48.360311],[8.733615,48.362073],[8.735677,48.36204],[8.736396,48.364104],[8.732005,48.366155],[8.733121,48.368858],[8.734922,48.370555],[8.736394,48.373126],[8.735476,48.376204],[8.737174,48.377668],[8.737539,48.380267],[8.73463,48.380948],[8.73222,48.379966],[8.729421,48.381165],[8.716244,48.378918],[8.71724,48.380363],[8.716978,48.381837],[8.712617,48.380976],[8.711458,48.382998],[8.709172,48.382434],[8.707694,48.383894],[8.705726,48.38432],[8.702485,48.383987],[8.696759,48.385063],[8.693603,48.388293],[8.690249,48.387252],[8.689179,48.389367],[8.686959,48.389407],[8.688558,48.394565],[8.684165,48.394918],[8.682162,48.396409],[8.68015,48.396441],[8.676363,48.399795],[8.67594,48.400857],[8.669047,48.398293],[8.666451,48.398779],[8.664112,48.397435],[8.660408,48.396934],[8.657306,48.395277],[8.654365,48.394599],[8.648458,48.395517],[8.643308,48.398458],[8.639879,48.402436],[8.635684,48.401568],[8.630342,48.401631],[8.626117,48.401099],[8.625039,48.399465],[8.620587,48.398569],[8.616359,48.396884],[8.610561,48.396621],[8.607536,48.396075],[8.604671,48.396662],[8.600507,48.398752],[8.598814,48.401102],[8.598374,48.405073],[8.596762,48.408766],[8.595389,48.410079],[8.591541,48.407138],[8.585094,48.40425],[8.581437,48.403888],[8.575595,48.403788],[8.570696,48.401661],[8.567731,48.402788],[8.565229,48.400429],[8.561705,48.399467],[8.558014,48.400316],[8.555855,48.399581],[8.55209,48.403331],[8.544498,48.405282],[8.544308,48.403823],[8.541775,48.403718],[8.536716,48.402395],[8.534602,48.401392],[8.531097,48.400721],[8.525756,48.401203],[8.522374,48.400607],[8.519867,48.401029],[8.517887,48.403105],[8.514798,48.404825],[8.51259,48.403685],[8.512296,48.40158],[8.51634,48.398508],[8.520616,48.397792],[8.522563,48.395991],[8.520796,48.395224],[8.518562,48.393227],[8.517907,48.390845],[8.520073,48.390089],[8.521166,48.388171],[8.518687,48.387182],[8.506812,48.387346],[8.504229,48.38784],[8.500495,48.387506],[8.500407,48.386025],[8.494108,48.384669],[8.490945,48.383521],[8.490099,48.382278],[8.483724,48.382234],[8.48624,48.379098],[8.488035,48.377675],[8.487793,48.373441],[8.485965,48.370146],[8.486652,48.366805],[8.489056,48.366837],[8.491552,48.36504],[8.494633,48.365971],[8.497129,48.363693],[8.497265,48.362579],[8.499732,48.357949],[8.498079,48.356895],[8.495249,48.357579],[8.490466,48.354122],[8.491418,48.352245],[8.483928,48.349733],[8.484297,48.349105],[8.478116,48.347965],[8.477308,48.350117],[8.47206,48.348937],[8.471194,48.346287],[8.473885,48.34432],[8.477813,48.345047],[8.478771,48.342611],[8.48545,48.342617],[8.484278,48.340504],[8.483867,48.335332],[8.487283,48.333949],[8.487414,48.332421],[8.492311,48.332431],[8.495387,48.332809],[8.499643,48.332054],[8.502316,48.330661],[8.501083,48.329014],[8.499517,48.324265],[8.498664,48.323265],[8.499388,48.320838],[8.495825,48.319805],[8.495338,48.316573],[8.494293,48.314367],[8.490684,48.314966],[8.48612,48.314987],[8.483245,48.31597],[8.476736,48.314747],[8.468483,48.314451],[8.461579,48.313491],[8.458789,48.312637],[8.456127,48.309746],[8.450278,48.305438],[8.444867,48.300734],[8.442353,48.3027],[8.438118,48.304539],[8.438409,48.307348],[8.436905,48.307847],[8.435747,48.309605],[8.433522,48.311016],[8.432827,48.312589],[8.435557,48.314843],[8.432438,48.317658],[8.432088,48.318944],[8.433437,48.321439],[8.431092,48.32206],[8.429494,48.323427],[8.425564,48.323768],[8.421391,48.322749],[8.417577,48.324214],[8.415128,48.324192],[8.405573,48.323042],[8.404052,48.321959],[8.401958,48.323082],[8.397824,48.322669],[8.395084,48.322989],[8.388957,48.325287],[8.385378,48.326313],[8.380671,48.32954],[8.379222,48.331602],[8.37719,48.332792],[8.367196,48.333737],[8.364372,48.335757],[8.365373,48.33731],[8.364519,48.338689],[8.360079,48.338267],[8.358687,48.3408],[8.359843,48.342773],[8.35865,48.344336],[8.359471,48.34943],[8.357917,48.352415],[8.358145,48.354863],[8.356994,48.356884],[8.35638,48.36152],[8.356913,48.364665],[8.355916,48.366576],[8.356842,48.368596],[8.360787,48.370009],[8.358269,48.370853],[8.357251,48.372102],[8.357717,48.373674],[8.359997,48.376292],[8.35768,48.379385],[8.35365,48.380275],[8.353478,48.381753],[8.349297,48.382641],[8.345799,48.384303],[8.339223,48.384991],[8.33637,48.38631],[8.333043,48.386957],[8.328243,48.387101],[8.327211,48.383717],[8.3228,48.381035],[8.321292,48.379273],[8.320653,48.375539],[8.318849,48.372549],[8.316992,48.371205],[8.315416,48.369071],[8.31578,48.366454],[8.31779,48.362712],[8.317911,48.36142],[8.320604,48.359692],[8.318317,48.356243],[8.313933,48.354766],[8.312102,48.353459],[8.308097,48.352048],[8.303964,48.34905],[8.299326,48.348678],[8.297211,48.351642],[8.292478,48.35612],[8.291201,48.357872],[8.287398,48.358056],[8.283898,48.360487],[8.279999,48.361539],[8.275994,48.362022],[8.273944,48.363012],[8.269939,48.359982],[8.268771,48.359722],[8.266106,48.364354],[8.264221,48.365254],[8.259613,48.366107],[8.256044,48.364292],[8.25413,48.362133],[8.25143,48.365052],[8.252335,48.366196],[8.253674,48.370391],[8.259664,48.375821],[8.261509,48.375939],[8.26386,48.378905],[8.26333,48.37958],[8.255626,48.380388],[8.25547,48.382163],[8.252575,48.383029],[8.250936,48.382302],[8.250122,48.384236],[8.247338,48.38555],[8.247782,48.387823],[8.24646,48.38941],[8.247367,48.39052],[8.247554,48.394459],[8.247041,48.395353],[8.244167,48.396399],[8.240455,48.397136],[8.235843,48.400025],[8.232842,48.401381],[8.234335,48.403287],[8.241085,48.405608],[8.241415,48.409567],[8.240969,48.411376],[8.245714,48.413707],[8.248167,48.413765],[8.25222,48.41315],[8.254599,48.413666],[8.255137,48.418007],[8.258029,48.42142],[8.259443,48.422459],[8.259387,48.424127],[8.257487,48.425602],[8.255438,48.425629],[8.254116,48.428448],[8.25456,48.431471],[8.254077,48.43362],[8.256142,48.434289],[8.261267,48.43343],[8.264386,48.435522],[8.264606,48.437041],[8.263117,48.439797],[8.264407,48.442294],[8.268406,48.44719],[8.268829,48.448972],[8.26733,48.451065],[8.266394,48.453567],[8.266614,48.45535],[8.264735,48.457143],[8.264317,48.462994],[8.265858,48.463841],[8.266095,48.465349],[8.268268,48.46922],[8.266908,48.473242],[8.270871,48.477125],[8.274957,48.479091],[8.273722,48.480787],[8.272231,48.486259],[8.269812,48.487612],[8.26657,48.490669],[8.257674,48.49365],[8.251677,48.494163],[8.249091,48.493168],[8.244689,48.493088],[8.241935,48.491697],[8.23988,48.493961],[8.235149,48.495991],[8.234178,48.497466],[8.230844,48.498118],[8.228765,48.4978],[8.225418,48.501222],[8.222356,48.503434],[8.219116,48.507161],[8.218525,48.511215],[8.22121,48.51242],[8.222494,48.514236],[8.220941,48.518467],[8.219393,48.519926],[8.213333,48.521846],[8.214526,48.525797],[8.214759,48.527989],[8.213314,48.529272],[8.21522,48.532801],[8.215592,48.535525],[8.219343,48.536909],[8.219465,48.538862],[8.215566,48.54286],[8.216886,48.54664],[8.216979,48.551155],[8.213756,48.554428],[8.212634,48.558163],[8.215271,48.558592],[8.218448,48.559986],[8.220103,48.560051],[8.223001,48.561904],[8.227371,48.563517],[8.228692,48.564509],[8.229589,48.568993],[8.233133,48.570389],[8.235349,48.571817],[8.236881,48.576036],[8.236775,48.578544],[8.235639,48.580283],[8.228169,48.580027],[8.227284,48.583009],[8.223252,48.584745],[8.22089,48.586313],[8.220306,48.587519],[8.220341,48.592532],[8.21692,48.596943],[8.209864,48.599766],[8.206479,48.602184],[8.209108,48.604199],[8.21382,48.605328],[8.216576,48.605334],[8.222052,48.603184],[8.226666,48.604835],[8.231391,48.606146],[8.234369,48.606111],[8.240672,48.604126],[8.24746,48.602832],[8.24856,48.608598],[8.244147,48.608839],[8.239343,48.610262],[8.232928,48.61118],[8.233968,48.616042],[8.238832,48.615709],[8.240737,48.61774],[8.240822,48.619837],[8.242067,48.623354],[8.241046,48.62924],[8.236628,48.629658],[8.228796,48.631067],[8.227228,48.627357],[8.219846,48.628979],[8.214818,48.62918],[8.20151,48.628802],[8.200324,48.627949],[8.195065,48.631674],[8.190432,48.6342],[8.180715,48.640074],[8.178772,48.638903],[8.176584,48.639673],[8.173794,48.639357],[8.170223,48.638226],[8.161906,48.640356],[8.164911,48.645459],[8.16085,48.646258],[8.156346,48.649443],[8.152798,48.649357],[8.151346,48.651054],[8.149456,48.650933],[8.148648,48.652365],[8.146184,48.653569],[8.141066,48.653506],[8.138166,48.654117],[8.139122,48.655531],[8.136792,48.657019],[8.134649,48.65516],[8.129758,48.654661],[8.127809,48.653793],[8.126442,48.654668],[8.122983,48.651489],[8.121755,48.649081],[8.116011,48.65031],[8.112401,48.650194],[8.107864,48.651254],[8.105776,48.653075],[8.104487,48.655022],[8.1013,48.655714],[8.096382,48.656234],[8.094731,48.658934],[8.091763,48.660452],[8.0898,48.660871],[8.088579,48.663336],[8.084524,48.66258],[8.083385,48.665614],[8.080985,48.665431],[8.072993,48.67184],[8.07455,48.673494],[8.066731,48.674136],[8.065718,48.671675],[8.062639,48.671809],[8.062978,48.674314],[8.060839,48.674734],[8.057596,48.674494],[8.056559,48.67618],[8.053844,48.674406],[8.047342,48.676257],[8.045834,48.675891],[8.038706,48.676062],[8.035648,48.675028],[8.033303,48.674826],[8.033281,48.678087],[8.035942,48.678476],[8.037836,48.679423],[8.036565,48.68212],[8.031992,48.683083],[8.02914,48.681647],[8.019607,48.679498],[8.018191,48.682209],[8.020415,48.686528],[8.015754,48.687759],[8.014234,48.687238],[8.016868,48.683027],[8.014508,48.681068],[8.009676,48.684829],[8.007581,48.684996],[8.001762,48.687282],[7.995126,48.687231],[7.989393,48.68841],[7.982224,48.687245],[7.979623,48.687157],[7.978876,48.68806],[7.974861,48.688905],[7.973503,48.691486],[7.978036,48.695388],[7.980815,48.699262],[7.984748,48.698916],[7.990535,48.70114],[7.986841,48.704762],[7.989275,48.706119],[7.985113,48.707254],[7.98048,48.707884],[7.981299,48.711815],[7.977461,48.713062],[7.977339,48.714484],[7.970182,48.717083],[7.964257,48.71728],[7.959277,48.718476]]],[[[8.023378,48.691696],[8.025048,48.693199],[8.017325,48.695767],[8.015734,48.694297],[8.023378,48.691696]]],[[[8.057053,48.706585],[8.054125,48.703309],[8.050377,48.702082],[8.047617,48.698623],[8.045629,48.69829],[8.042632,48.695241],[8.047658,48.692356],[8.05167,48.693449],[8.051335,48.694925],[8.049706,48.695545],[8.050832,48.697299],[8.049793,48.698804],[8.05291,48.699594],[8.053101,48.69682],[8.057891,48.698764],[8.060602,48.701676],[8.063391,48.705744],[8.068753,48.706034],[8.071416,48.707744],[8.072604,48.710914],[8.071351,48.712242],[8.069333,48.712955],[8.063087,48.711822],[8.06137,48.710652],[8.060692,48.70895],[8.057053,48.706585]]],[[[9.200933,47.705157],[9.198669,47.707354],[9.196508,47.708047],[9.191121,47.707309],[9.189852,47.705584],[9.18761,47.705547],[9.188041,47.70395],[9.192608,47.703846],[9.194402,47.702673],[9.20053,47.702551],[9.201874,47.703603],[9.200933,47.705157]]],[[[9.052627,47.702709],[9.049975,47.704842],[9.04821,47.707336],[9.040515,47.708269],[9.042443,47.705279],[9.044926,47.703743],[9.043296,47.701702],[9.040758,47.701409],[9.043998,47.697781],[9.042383,47.694351],[9.044021,47.693087],[9.049874,47.6918],[9.054115,47.69003],[9.060805,47.688869],[9.069837,47.685405],[9.073488,47.685226],[9.08011,47.684042],[9.081431,47.683132],[9.084492,47.683996],[9.085329,47.684943],[9.087723,47.685092],[9.091799,47.686276],[9.091093,47.687506],[9.088593,47.687462],[9.082296,47.69047],[9.079333,47.692584],[9.077639,47.694739],[9.07545,47.695278],[9.072967,47.697693],[9.070728,47.698431],[9.066719,47.698588],[9.062723,47.701532],[9.061439,47.703026],[9.057041,47.704284],[9.056156,47.701987],[9.052627,47.702709]]],[[[8.669418,47.684894],[8.672183,47.685279],[8.678626,47.687719],[8.683906,47.690811],[8.686363,47.692621],[8.687839,47.694417],[8.691668,47.6953],[8.699026,47.69313],[8.704466,47.690492],[8.707614,47.689574],[8.714044,47.689583],[8.717873,47.69069],[8.71761,47.694942],[8.711379,47.696338],[8.711795,47.701749],[8.708908,47.704153],[8.707779,47.707809],[8.704627,47.713436],[8.70127,47.715199],[8.698557,47.715008],[8.697413,47.713763],[8.689662,47.711724],[8.690308,47.709459],[8.686316,47.708579],[8.683823,47.708737],[8.679916,47.710568],[8.68132,47.712424],[8.677133,47.713095],[8.674205,47.712699],[8.671362,47.711013],[8.66911,47.711532],[8.664621,47.713382],[8.666006,47.70787],[8.673559,47.704896],[8.676389,47.698098],[8.674093,47.697875],[8.673931,47.695632],[8.669665,47.69363],[8.668369,47.692099],[8.665376,47.692029],[8.659869,47.69133],[8.659691,47.689484],[8.664053,47.68815],[8.663416,47.685785],[8.669418,47.684894]]],[[[9.124525,47.673807],[9.12512,47.670448],[9.12651,47.670433],[9.124525,47.673807]]],[[[9.123502,47.674237],[9.121065,47.675649],[9.120589,47.673716],[9.12121,47.671196],[9.124888,47.668511],[9.123502,47.674237]]]]},"properties":{"rs":83000000000,"name":"Regierungsbezirk Freiburg"},"id":"relation/2106112"},{"type":"Feature","geometry":{"type":"Polygon","coordinates":[[[8.737174,48.377668],[8.735476,48.376204],[8.736394,48.373126],[8.734922,48.370555],[8.733121,48.368858],[8.732005,48.366155],[8.736396,48.364104],[8.735677,48.36204],[8.733615,48.362073],[8.734057,48.360311],[8.739783,48.358523],[8.744235,48.358626],[8.744847,48.357226],[8.742856,48.354194],[8.743636,48.349745],[8.744868,48.348943],[8.74331,48.347526],[8.739548,48.346643],[8.736947,48.344366],[8.731005,48.344283],[8.728676,48.344588],[8.726509,48.343084],[8.723251,48.341965],[8.718154,48.34134],[8.716486,48.339984],[8.713938,48.339151],[8.713443,48.33598],[8.710579,48.332611],[8.70041,48.330699],[8.697063,48.328587],[8.697971,48.327162],[8.703637,48.324947],[8.706452,48.32339],[8.71114,48.323925],[8.713971,48.322535],[8.719363,48.321172],[8.720438,48.3183],[8.718647,48.314819],[8.709725,48.312145],[8.700631,48.309801],[8.690911,48.305651],[8.685171,48.303887],[8.683138,48.30525],[8.681425,48.304333],[8.677572,48.303794],[8.671203,48.304901],[8.667221,48.304946],[8.667334,48.303406],[8.663105,48.300619],[8.662587,48.298753],[8.663241,48.297224],[8.66233,48.295268],[8.656568,48.294701],[8.654195,48.293283],[8.648789,48.293307],[8.650321,48.288428],[8.653282,48.286266],[8.656679,48.285696],[8.658821,48.284654],[8.659558,48.283424],[8.66713,48.284223],[8.67108,48.283253],[8.675531,48.28354],[8.678192,48.284368],[8.679354,48.2831],[8.683616,48.280919],[8.683603,48.278585],[8.68166,48.277792],[8.679285,48.278004],[8.674188,48.273623],[8.672551,48.271519],[8.668398,48.269572],[8.66805,48.268349],[8.672278,48.267489],[8.676628,48.265544],[8.679682,48.266971],[8.683427,48.267562],[8.685098,48.267072],[8.689238,48.263323],[8.692819,48.260863],[8.696544,48.260081],[8.69739,48.257941],[8.703851,48.258576],[8.705611,48.259068],[8.706484,48.257664],[8.707221,48.254417],[8.709248,48.251965],[8.704798,48.252083],[8.702709,48.251539],[8.704008,48.248646],[8.699547,48.248053],[8.700616,48.245715],[8.697957,48.24537],[8.701105,48.236198],[8.702816,48.233821],[8.708085,48.235105],[8.710223,48.231684],[8.708777,48.229702],[8.707225,48.229619],[8.705107,48.228045],[8.703238,48.227825],[8.702362,48.224515],[8.704195,48.222089],[8.707159,48.222633],[8.710436,48.21938],[8.709901,48.218148],[8.712893,48.214904],[8.712294,48.213605],[8.712906,48.209386],[8.719476,48.20754],[8.723504,48.20799],[8.724281,48.207097],[8.723883,48.204641],[8.726208,48.204052],[8.72952,48.204658],[8.730206,48.202705],[8.732351,48.203006],[8.736652,48.201795],[8.741274,48.20262],[8.744275,48.200952],[8.741209,48.199105],[8.742869,48.197849],[8.7392,48.193572],[8.74027,48.192798],[8.737022,48.189711],[8.734042,48.187889],[8.726971,48.186221],[8.723155,48.184698],[8.721985,48.183079],[8.719341,48.181226],[8.72289,48.174747],[8.725882,48.170546],[8.728757,48.170177],[8.731028,48.168652],[8.733579,48.168062],[8.739217,48.169312],[8.746252,48.166907],[8.749315,48.165013],[8.749053,48.161357],[8.751271,48.159569],[8.754999,48.159816],[8.759115,48.161405],[8.761645,48.161781],[8.764207,48.163079],[8.764628,48.165777],[8.764054,48.166789],[8.763472,48.17128],[8.761693,48.170975],[8.761974,48.173415],[8.765392,48.174676],[8.767262,48.177081],[8.768855,48.17705],[8.767919,48.181349],[8.770215,48.182091],[8.771516,48.181512],[8.7782,48.182059],[8.779313,48.180096],[8.781187,48.1796],[8.78181,48.182835],[8.78689,48.183121],[8.790498,48.182704],[8.79347,48.184457],[8.79522,48.184661],[8.807449,48.183856],[8.808873,48.184427],[8.813982,48.182467],[8.814532,48.179759],[8.816543,48.175703],[8.816665,48.173721],[8.820386,48.17362],[8.823541,48.172882],[8.82624,48.171449],[8.8283,48.171149],[8.82952,48.167143],[8.832714,48.164787],[8.832727,48.163186],[8.830335,48.161717],[8.829644,48.157563],[8.830683,48.152016],[8.83175,48.149462],[8.83579,48.151618],[8.83775,48.150635],[8.843197,48.149892],[8.849749,48.149622],[8.853719,48.145181],[8.860086,48.143615],[8.860812,48.141653],[8.862749,48.13946],[8.865055,48.13517],[8.867062,48.135183],[8.86672,48.132364],[8.868741,48.129134],[8.867375,48.128123],[8.870936,48.12596],[8.871651,48.124726],[8.8746,48.122126],[8.878195,48.121343],[8.877852,48.120015],[8.878924,48.117317],[8.881678,48.116021],[8.8836,48.110453],[8.88364,48.107645],[8.886164,48.106745],[8.886557,48.10546],[8.891569,48.10678],[8.894998,48.106204],[8.898333,48.109991],[8.903731,48.110031],[8.913498,48.110576],[8.915862,48.108473],[8.919286,48.106753],[8.925436,48.104782],[8.932581,48.103723],[8.939233,48.103559],[8.944895,48.105621],[8.9538,48.107431],[8.954727,48.102421],[8.958816,48.095111],[8.962836,48.091055],[8.97142,48.087388],[8.980004,48.085612],[8.981214,48.083063],[8.983719,48.079802],[8.987578,48.076843],[8.990249,48.073618],[8.994852,48.072725],[8.995129,48.071527],[8.997094,48.070769],[8.996556,48.067244],[8.995392,48.06579],[8.992905,48.064374],[8.991908,48.062219],[8.990399,48.061382],[8.987782,48.057869],[8.975087,48.055155],[8.968038,48.056267],[8.958512,48.055627],[8.956436,48.055281],[8.951505,48.056422],[8.948638,48.055443],[8.947239,48.056203],[8.945577,48.059829],[8.941643,48.059824],[8.94075,48.060583],[8.935226,48.05832],[8.937546,48.057526],[8.934951,48.05483],[8.936508,48.054219],[8.93711,48.05254],[8.934863,48.049485],[8.935507,48.046568],[8.939747,48.046517],[8.941873,48.045599],[8.945518,48.043127],[8.948515,48.043445],[8.949764,48.044221],[8.954612,48.042376],[8.952113,48.039],[8.950557,48.035732],[8.95103,48.032793],[8.95066,48.031386],[8.95178,48.029671],[8.958448,48.028247],[8.959282,48.03049],[8.958088,48.030738],[8.960036,48.033447],[8.95974,48.035867],[8.963136,48.037424],[8.964695,48.039337],[8.968647,48.039634],[8.9716,48.040376],[8.976854,48.034954],[8.977023,48.033536],[8.978949,48.032503],[8.982076,48.032767],[8.98314,48.032076],[8.989418,48.029969],[8.992639,48.030188],[8.998048,48.028845],[9.001429,48.027108],[9.005217,48.026999],[9.00777,48.025608],[9.007752,48.024371],[9.010894,48.017332],[9.013015,48.016077],[9.012841,48.011169],[9.014087,48.006041],[9.013938,48.003365],[9.010045,48.001964],[9.006296,47.999523],[9.007373,47.994462],[9.009943,47.996015],[9.012223,47.993774],[9.018222,47.990378],[9.019535,47.988588],[9.021268,47.984048],[9.021294,47.979265],[9.018572,47.977966],[9.014153,47.978252],[9.011762,47.973807],[9.013754,47.96942],[9.014592,47.966224],[9.015535,47.965084],[9.019852,47.963441],[9.01954,47.960824],[9.018557,47.96008],[9.014678,47.955128],[9.014097,47.953674],[9.01501,47.95167],[9.014734,47.95],[9.020429,47.947523],[9.016697,47.943268],[9.015186,47.942487],[9.011652,47.942508],[9.011831,47.940374],[9.013081,47.937028],[9.020403,47.937222],[9.023186,47.936755],[9.02499,47.935489],[9.032764,47.936529],[9.044369,47.936359],[9.048493,47.935455],[9.054982,47.938586],[9.05924,47.939478],[9.060089,47.94018],[9.062868,47.94],[9.066225,47.941317],[9.070502,47.942267],[9.073465,47.94252],[9.0773,47.941697],[9.081548,47.940168],[9.081533,47.939186],[9.078622,47.937421],[9.075539,47.934225],[9.071216,47.932546],[9.068952,47.930059],[9.068951,47.927024],[9.066571,47.924611],[9.066852,47.921893],[9.065581,47.919903],[9.06476,47.915983],[9.067275,47.915477],[9.071516,47.916723],[9.076156,47.917095],[9.084557,47.916502],[9.094183,47.913745],[9.097306,47.914322],[9.099136,47.911828],[9.102148,47.910448],[9.103178,47.907375],[9.104484,47.905532],[9.107892,47.906614],[9.109488,47.905863],[9.111165,47.906898],[9.114006,47.905379],[9.117442,47.904711],[9.121782,47.902206],[9.123937,47.901951],[9.126557,47.900714],[9.128542,47.898242],[9.133141,47.898912],[9.137199,47.897303],[9.142484,47.898108],[9.146536,47.898053],[9.149969,47.895493],[9.146614,47.893743],[9.145579,47.891702],[9.146904,47.888855],[9.149524,47.887869],[9.147078,47.887021],[9.14732,47.885042],[9.148811,47.882012],[9.147958,47.879981],[9.149038,47.878697],[9.146784,47.877666],[9.145361,47.875761],[9.145947,47.873361],[9.143942,47.873059],[9.143514,47.8715],[9.139877,47.869863],[9.136856,47.869874],[9.133403,47.868255],[9.130535,47.865136],[9.134131,47.863258],[9.138596,47.861726],[9.13756,47.859093],[9.134612,47.861419],[9.132114,47.862561],[9.12608,47.860715],[9.125928,47.861737],[9.121853,47.861837],[9.119628,47.857368],[9.124346,47.855897],[9.126392,47.854343],[9.128084,47.854092],[9.127388,47.85184],[9.125708,47.850109],[9.126646,47.848332],[9.128939,47.846781],[9.122401,47.844869],[9.120847,47.842066],[9.119585,47.842738],[9.117568,47.841614],[9.113842,47.841288],[9.111777,47.843996],[9.10947,47.84455],[9.107596,47.841999],[9.103823,47.841567],[9.101312,47.843621],[9.099047,47.843927],[9.097801,47.846558],[9.095252,47.846232],[9.092093,47.848395],[9.090888,47.850658],[9.088708,47.850268],[9.086433,47.852772],[9.085017,47.857597],[9.076024,47.858427],[9.074157,47.859136],[9.07014,47.858565],[9.065934,47.85609],[9.065675,47.854202],[9.068629,47.852004],[9.066875,47.850773],[9.066743,47.848945],[9.069659,47.846572],[9.071664,47.846206],[9.071277,47.84412],[9.073937,47.842067],[9.070701,47.840611],[9.069877,47.838148],[9.070717,47.836729],[9.072576,47.836784],[9.073301,47.834285],[9.07601,47.83272],[9.079039,47.832338],[9.080211,47.830031],[9.080618,47.827657],[9.081679,47.827194],[9.080268,47.824856],[9.078256,47.823475],[9.076534,47.819688],[9.077772,47.818389],[9.080581,47.819207],[9.080251,47.817374],[9.083279,47.814701],[9.082254,47.812624],[9.079976,47.81183],[9.077282,47.812307],[9.074823,47.809988],[9.074702,47.808547],[9.071857,47.80806],[9.070659,47.806923],[9.074844,47.80585],[9.076403,47.804441],[9.085595,47.799702],[9.088473,47.797285],[9.09214,47.796719],[9.096505,47.794624],[9.100525,47.794514],[9.104943,47.793303],[9.109212,47.791348],[9.111004,47.789197],[9.117504,47.786628],[9.12024,47.784432],[9.124538,47.782758],[9.128109,47.779966],[9.129308,47.777784],[9.134628,47.772211],[9.13873,47.769977],[9.14627,47.768304],[9.150568,47.768259],[9.156381,47.76688],[9.164513,47.763809],[9.168305,47.761894],[9.177531,47.758117],[9.180041,47.758359],[9.184659,47.755927],[9.187499,47.753953],[9.191438,47.75226],[9.192414,47.750918],[9.197225,47.750625],[9.199511,47.749513],[9.20527,47.748199],[9.206807,47.748263],[9.217432,47.744756],[9.221111,47.742423],[9.22194,47.741079],[9.223619,47.741036],[9.225612,47.739833],[9.226908,47.73765],[9.227126,47.735509],[9.225384,47.73254],[9.226874,47.731483],[9.225922,47.7281],[9.227682,47.725706],[9.22739,47.723427],[9.22918,47.722206],[9.23039,47.719945],[9.23523,47.716051],[9.237511,47.7132],[9.238211,47.711495],[9.250768,47.702972],[9.256493,47.699361],[9.263457,47.696155],[9.265643,47.693973],[9.268752,47.693516],[9.272273,47.691355],[9.274878,47.691514],[9.282193,47.687169],[9.283955,47.687104],[9.287756,47.684423],[9.288739,47.683231],[9.295885,47.680927],[9.298838,47.679439],[9.306254,47.676689],[9.310241,47.674423],[9.312708,47.673581],[9.31488,47.673918],[9.316765,47.673242],[9.323498,47.672621],[9.326353,47.671554],[9.329313,47.66934],[9.338403,47.665473],[9.342554,47.663445],[9.349803,47.660907],[9.357117,47.660323],[9.358125,47.661338],[9.361716,47.66182],[9.370087,47.66532],[9.3718,47.664977],[9.374464,47.665826],[9.376091,47.664818],[9.378754,47.664757],[9.382369,47.665552],[9.387098,47.665278],[9.388261,47.66675],[9.390106,47.667298],[9.394912,47.667491],[9.398453,47.668417],[9.401183,47.667832],[9.404106,47.668367],[9.407346,47.668169],[9.408995,47.667226],[9.41843,47.666548],[9.421721,47.665258],[9.425911,47.662167],[9.428399,47.661398],[9.433527,47.657379],[9.437513,47.656324],[9.443839,47.657232],[9.447088,47.655973],[9.451212,47.655191],[9.455003,47.653698],[9.456537,47.651756],[9.458577,47.652224],[9.461087,47.650819],[9.462861,47.64852],[9.464566,47.648425],[9.466797,47.649652],[9.473173,47.651305],[9.47582,47.650853],[9.479149,47.649108],[9.480522,47.649035],[9.485949,47.65192],[9.494963,47.649659],[9.498189,47.647023],[9.502594,47.646118],[9.504101,47.643222],[9.508275,47.640533],[9.51139,47.637379],[9.512695,47.63708],[9.516342,47.634119],[9.517448,47.632487],[9.51566,47.628561],[9.516993,47.625879],[9.517174,47.623195],[9.518155,47.620872],[9.521837,47.616737],[9.524017,47.615502],[9.5275,47.615716],[9.52797,47.608555],[9.52774,47.606961],[9.528997,47.603874],[9.530824,47.60238],[9.533324,47.601633],[9.536608,47.598058],[9.541014,47.595306],[9.543439,47.594461],[9.55085,47.587606],[9.554335,47.587328],[9.559044,47.58472],[9.565772,47.585078],[9.572243,47.584145],[9.576507,47.585917],[9.57894,47.586243],[9.582948,47.585942],[9.589367,47.587127],[9.59272,47.588086],[9.59592,47.588365],[9.600798,47.585928],[9.602211,47.584355],[9.604374,47.585404],[9.607625,47.586164],[9.610088,47.583162],[9.613762,47.579807],[9.618298,47.581616],[9.62024,47.583116],[9.619581,47.584302],[9.622121,47.586031],[9.621794,47.587089],[9.624398,47.590449],[9.626552,47.592415],[9.631752,47.592898],[9.632835,47.593513],[9.635777,47.592986],[9.636813,47.591725],[9.640517,47.589882],[9.644044,47.589915],[9.645669,47.592248],[9.643225,47.593342],[9.643279,47.594267],[9.641606,47.597537],[9.638907,47.600718],[9.636228,47.602024],[9.638081,47.604249],[9.642002,47.603682],[9.646723,47.603961],[9.647545,47.605236],[9.653425,47.605371],[9.653414,47.607648],[9.658252,47.612066],[9.671031,47.611389],[9.674555,47.609744],[9.676552,47.60801],[9.678113,47.604872],[9.683862,47.60456],[9.686897,47.606086],[9.691879,47.610262],[9.69303,47.606673],[9.695041,47.605266],[9.695043,47.604331],[9.698905,47.60273],[9.701505,47.603029],[9.703083,47.602021],[9.706384,47.601739],[9.708514,47.602373],[9.7117,47.604962],[9.712065,47.606548],[9.715294,47.605848],[9.71843,47.607874],[9.722712,47.607735],[9.727091,47.606648],[9.728462,47.607639],[9.728075,47.609369],[9.73474,47.616021],[9.737415,47.611783],[9.74174,47.614909],[9.745815,47.617207],[9.746567,47.616101],[9.746427,47.613007],[9.742264,47.610264],[9.743843,47.60771],[9.742004,47.606203],[9.740166,47.605823],[9.740525,47.604441],[9.746251,47.604059],[9.749204,47.602933],[9.754769,47.607602],[9.75638,47.609358],[9.753424,47.611496],[9.754908,47.613847],[9.756784,47.614421],[9.757772,47.615771],[9.760921,47.617377],[9.767108,47.61965],[9.770949,47.623519],[9.774749,47.625062],[9.774393,47.626195],[9.77843,47.629098],[9.777813,47.630443],[9.785273,47.630986],[9.788231,47.632451],[9.788725,47.633321],[9.791768,47.634013],[9.79531,47.635808],[9.800172,47.64475],[9.793424,47.647559],[9.798244,47.649176],[9.801223,47.651027],[9.805823,47.650887],[9.808844,47.651409],[9.813771,47.649464],[9.817328,47.650557],[9.81852,47.653436],[9.823979,47.655955],[9.826875,47.656693],[9.829166,47.658553],[9.829765,47.659896],[9.828103,47.661082],[9.830667,47.663434],[9.831668,47.665342],[9.83199,47.668003],[9.830484,47.667942],[9.83055,47.67169],[9.833846,47.673327],[9.836955,47.672822],[9.837376,47.66962],[9.839854,47.671724],[9.839054,47.67418],[9.840928,47.675573],[9.840425,47.677494],[9.843214,47.677539],[9.843892,47.676793],[9.849901,47.675644],[9.855276,47.676025],[9.857752,47.677123],[9.860513,47.677413],[9.864779,47.676208],[9.866532,47.676338],[9.868781,47.675454],[9.873922,47.676036],[9.875249,47.675539],[9.876496,47.673537],[9.879278,47.674041],[9.880867,47.672399],[9.880518,47.670637],[9.884418,47.669143],[9.88535,47.666952],[9.887375,47.66554],[9.891434,47.66486],[9.892535,47.663296],[9.89877,47.661405],[9.900148,47.661686],[9.90267,47.660724],[9.90568,47.661377],[9.914145,47.660456],[9.916412,47.660776],[9.920314,47.658977],[9.921126,47.657989],[9.92453,47.657369],[9.925774,47.655483],[9.929135,47.654994],[9.932949,47.653838],[9.935741,47.655255],[9.937462,47.655248],[9.939626,47.657438],[9.94516,47.654858],[9.946918,47.655576],[9.951381,47.656297],[9.95438,47.654616],[9.956989,47.654162],[9.95919,47.652023],[9.961123,47.654048],[9.965045,47.653436],[9.970629,47.654155],[9.975259,47.656535],[9.977678,47.66193],[9.97556,47.663723],[9.976639,47.665636],[9.980818,47.667023],[9.987482,47.672636],[9.990169,47.675477],[9.994255,47.677401],[9.996243,47.680031],[10.000756,47.683068],[10.003575,47.683685],[10.008806,47.683737],[10.011943,47.684575],[10.019115,47.685378],[10.028021,47.687808],[10.029168,47.686142],[10.028769,47.684279],[10.031195,47.682583],[10.030015,47.680157],[10.0278,47.678366],[10.030203,47.677766],[10.029406,47.676694],[10.030428,47.674534],[10.033327,47.675776],[10.036552,47.676297],[10.035064,47.677622],[10.037194,47.678594],[10.039054,47.677903],[10.039868,47.676512],[10.043096,47.6779],[10.042182,47.675178],[10.04428,47.675378],[10.048135,47.678868],[10.048392,47.681134],[10.050669,47.679652],[10.054695,47.679618],[10.05867,47.680698],[10.059771,47.680028],[10.06079,47.677609],[10.064275,47.674884],[10.06439,47.671994],[10.068219,47.663673],[10.071244,47.661603],[10.075189,47.658305],[10.071633,47.650308],[10.075077,47.648806],[10.073671,47.646918],[10.074041,47.645278],[10.072216,47.643538],[10.073976,47.640436],[10.07719,47.639051],[10.078428,47.640296],[10.076376,47.642437],[10.079389,47.64497],[10.080449,47.646555],[10.079428,47.647312],[10.081039,47.649532],[10.083185,47.64976],[10.081804,47.654121],[10.090161,47.660299],[10.088524,47.66275],[10.093085,47.662791],[10.09457,47.665239],[10.093071,47.668228],[10.09381,47.669752],[10.091206,47.671575],[10.091347,47.673919],[10.098363,47.669016],[10.101614,47.667316],[10.104236,47.667544],[10.108555,47.666917],[10.110612,47.666179],[10.113767,47.666263],[10.113456,47.669579],[10.116328,47.669896],[10.117562,47.671406],[10.122984,47.672978],[10.124974,47.674761],[10.127319,47.675798],[10.129583,47.676038],[10.130825,47.679631],[10.130118,47.681718],[10.132543,47.684016],[10.132779,47.685282],[10.130363,47.686972],[10.130199,47.688782],[10.128252,47.690712],[10.131858,47.692205],[10.131953,47.693584],[10.139348,47.697924],[10.13978,47.702864],[10.135927,47.706412],[10.133441,47.706252],[10.130645,47.707395],[10.123933,47.711099],[10.118999,47.715203],[10.115637,47.718768],[10.116322,47.724035],[10.115567,47.725447],[10.116724,47.726994],[10.116891,47.728915],[10.118353,47.730416],[10.11857,47.734105],[10.115689,47.735666],[10.113523,47.738061],[10.112836,47.741522],[10.115289,47.743372],[10.115612,47.747648],[10.117709,47.748576],[10.118564,47.750521],[10.116648,47.753631],[10.11498,47.754975],[10.115588,47.758099],[10.11902,47.759485],[10.116219,47.761465],[10.114638,47.761478],[10.110178,47.7626],[10.10538,47.764874],[10.102891,47.764491],[10.088142,47.769438],[10.086731,47.770408],[10.082694,47.771085],[10.082951,47.774357],[10.085,47.775778],[10.079619,47.781251],[10.077095,47.780144],[10.067475,47.782333],[10.068945,47.784781],[10.066149,47.785598],[10.066426,47.787016],[10.068166,47.788097],[10.072714,47.789197],[10.074586,47.790339],[10.073895,47.792231],[10.077526,47.793457],[10.080785,47.793781],[10.085665,47.795627],[10.085829,47.796987],[10.089494,47.798114],[10.091929,47.801637],[10.090517,47.80394],[10.091604,47.80444],[10.0936,47.802167],[10.09619,47.80454],[10.097786,47.803085],[10.102213,47.800506],[10.106095,47.800979],[10.108417,47.800493],[10.110399,47.802043],[10.11236,47.801316],[10.116743,47.800837],[10.119034,47.802363],[10.118966,47.804055],[10.116296,47.803342],[10.11437,47.80635],[10.111889,47.806651],[10.112082,47.808124],[10.115712,47.809985],[10.115916,47.810926],[10.119758,47.811771],[10.121382,47.812906],[10.123472,47.812492],[10.127893,47.813415],[10.128385,47.812387],[10.131307,47.811441],[10.131899,47.809676],[10.13795,47.809673],[10.137764,47.81066],[10.133448,47.815221],[10.131193,47.822508],[10.126124,47.822626],[10.124045,47.825078],[10.123445,47.827107],[10.120382,47.82762],[10.1175,47.829767],[10.11537,47.833305],[10.113377,47.835364],[10.11295,47.8369],[10.110795,47.839477],[10.104125,47.841211],[10.102188,47.843381],[10.109644,47.8468],[10.108079,47.849276],[10.107461,47.85296],[10.106225,47.853188],[10.103861,47.851904],[10.099758,47.846594],[10.096184,47.84785],[10.094111,47.843899],[10.092426,47.844472],[10.094994,47.84828],[10.094256,47.849463],[10.095129,47.851274],[10.099256,47.851407],[10.099814,47.852599],[10.096814,47.853876],[10.098226,47.855454],[10.100891,47.853613],[10.102197,47.855432],[10.105426,47.856357],[10.104742,47.857751],[10.105451,47.859203],[10.105026,47.86079],[10.105469,47.86416],[10.102245,47.865477],[10.097667,47.862428],[10.093751,47.860616],[10.089736,47.85815],[10.082698,47.856113],[10.080111,47.860545],[10.081802,47.861196],[10.078972,47.864328],[10.080285,47.865408],[10.077895,47.866421],[10.077241,47.86745],[10.079674,47.868325],[10.080764,47.869849],[10.084499,47.869181],[10.087858,47.867337],[10.091472,47.867378],[10.097112,47.871318],[10.098101,47.876717],[10.102191,47.876591],[10.105982,47.877669],[10.107111,47.878505],[10.106477,47.883117],[10.104432,47.882851],[10.101725,47.88431],[10.099322,47.883483],[10.095597,47.88489],[10.09932,47.885989],[10.101489,47.887221],[10.103142,47.888969],[10.10417,47.893427],[10.102773,47.895375],[10.101616,47.898516],[10.102207,47.900527],[10.101537,47.902219],[10.101631,47.905697],[10.104818,47.905979],[10.103904,47.908769],[10.10772,47.910114],[10.110406,47.9106],[10.108572,47.915561],[10.112515,47.916527],[10.106848,47.920075],[10.10507,47.922666],[10.105176,47.9243],[10.108178,47.928497],[10.108444,47.931404],[10.110722,47.933179],[10.110795,47.936003],[10.10883,47.938638],[10.105258,47.940295],[10.099484,47.941796],[10.094112,47.944502],[10.090214,47.947356],[10.08748,47.950457],[10.08509,47.955725],[10.084857,47.960398],[10.087111,47.96745],[10.088252,47.969067],[10.092228,47.97185],[10.095272,47.972862],[10.114867,47.975583],[10.116004,47.976376],[10.114828,47.979363],[10.115571,47.980882],[10.116118,47.985804],[10.115001,47.988929],[10.117005,47.991931],[10.121657,47.996915],[10.120792,47.999065],[10.120972,48.000765],[10.119447,48.003193],[10.120317,48.005173],[10.123757,48.006456],[10.125505,48.008727],[10.125058,48.010043],[10.132919,48.015333],[10.134916,48.017358],[10.134237,48.021022],[10.13612,48.023055],[10.135072,48.024576],[10.131396,48.027065],[10.12802,48.032962],[10.129041,48.03481],[10.132696,48.037467],[10.135946,48.041966],[10.135743,48.043148],[10.13713,48.044709],[10.13891,48.045049],[10.141047,48.046472],[10.14106,48.050744],[10.139545,48.051286],[10.139532,48.053622],[10.142794,48.055257],[10.141905,48.05628],[10.143933,48.059393],[10.142528,48.060913],[10.141004,48.064661],[10.141016,48.066159],[10.143397,48.070131],[10.144093,48.073923],[10.143282,48.07494],[10.137769,48.075565],[10.135732,48.076809],[10.135067,48.082598],[10.13619,48.084613],[10.138476,48.085914],[10.139788,48.090092],[10.137339,48.093617],[10.140333,48.096005],[10.140632,48.097889],[10.137188,48.100406],[10.136919,48.103041],[10.13593,48.104644],[10.136871,48.107416],[10.135918,48.111839],[10.131956,48.11416],[10.124353,48.115802],[10.122555,48.116832],[10.120698,48.11891],[10.119916,48.121305],[10.112729,48.124612],[10.111236,48.125854],[10.111013,48.128804],[10.109327,48.131168],[10.107195,48.13238],[10.107822,48.135178],[10.106756,48.138397],[10.104988,48.139598],[10.10431,48.141959],[10.105173,48.144758],[10.10306,48.14649],[10.102276,48.148313],[10.099587,48.151583],[10.099489,48.155014],[10.09745,48.155556],[10.096841,48.157712],[10.094844,48.160114],[10.096319,48.161254],[10.096483,48.162682],[10.094505,48.164328],[10.09364,48.166841],[10.090429,48.170855],[10.091261,48.175853],[10.089589,48.179619],[10.085933,48.181827],[10.085059,48.185378],[10.08561,48.18815],[10.083515,48.195502],[10.085151,48.200681],[10.084677,48.203989],[10.085258,48.205487],[10.083688,48.208803],[10.081403,48.209607],[10.078882,48.209559],[10.076585,48.211087],[10.077856,48.214467],[10.077506,48.217182],[10.078192,48.220202],[10.075962,48.223],[10.069072,48.223261],[10.067404,48.227579],[10.070037,48.230538],[10.065971,48.23267],[10.063827,48.234659],[10.063864,48.23895],[10.062269,48.240565],[10.062463,48.244203],[10.063643,48.245913],[10.066944,48.2483],[10.066827,48.250201],[10.069013,48.253889],[10.066041,48.255026],[10.062199,48.257317],[10.062084,48.258327],[10.065962,48.262056],[10.063553,48.266063],[10.063198,48.269967],[10.062255,48.27169],[10.06263,48.272936],[10.066048,48.274484],[10.065254,48.276153],[10.066135,48.278041],[10.065742,48.281431],[10.062148,48.283883],[10.059248,48.284323],[10.057079,48.286603],[10.054234,48.287964],[10.053881,48.289265],[10.051485,48.290927],[10.048753,48.291806],[10.046396,48.291852],[10.04256,48.294336],[10.041991,48.298378],[10.043349,48.300209],[10.041065,48.301795],[10.039746,48.301803],[10.039794,48.304665],[10.038231,48.305546],[10.035976,48.308182],[10.032725,48.310156],[10.027914,48.315768],[10.025771,48.321273],[10.023737,48.32389],[10.021152,48.324156],[10.016277,48.327492],[10.012419,48.330569],[10.010049,48.334434],[10.009229,48.340641],[10.010469,48.341679],[10.008837,48.343768],[10.00595,48.344615],[10.003244,48.344421],[10.002572,48.346878],[9.998804,48.34695],[9.997228,48.352296],[9.994633,48.35484],[9.995098,48.356809],[9.997204,48.359505],[10.000282,48.361361],[9.99974,48.363972],[9.996924,48.364099],[9.993261,48.363412],[9.992555,48.36576],[9.9931,48.368033],[9.992326,48.369077],[9.988257,48.370518],[9.98579,48.369883],[9.983135,48.368372],[9.983243,48.365179],[9.984014,48.363339],[9.982099,48.362298],[9.977862,48.362756],[9.976167,48.363422],[9.97078,48.368154],[9.967429,48.37421],[9.971039,48.376995],[9.96965,48.378768],[9.970274,48.379972],[9.973284,48.381046],[9.976878,48.383269],[9.983363,48.386098],[9.984731,48.387185],[9.987636,48.391961],[9.990352,48.394167],[9.998317,48.396438],[10.008318,48.40047],[10.013559,48.403383],[10.015811,48.405376],[10.016933,48.407832],[10.016472,48.415081],[10.017327,48.417834],[10.019247,48.419355],[10.023374,48.421486],[10.031201,48.426154],[10.035786,48.428247],[10.04172,48.429897],[10.041196,48.432363],[10.04283,48.433486],[10.038078,48.435553],[10.038192,48.433899],[10.034888,48.433547],[10.032784,48.435721],[10.027901,48.43688],[10.02838,48.439686],[10.030451,48.44168],[10.03173,48.443743],[10.035232,48.443646],[10.038253,48.444335],[10.03728,48.446727],[10.035604,48.447581],[10.036228,48.45081],[10.034788,48.45213],[10.030245,48.453992],[10.031671,48.454754],[10.031413,48.457499],[10.036924,48.458658],[10.039086,48.457931],[10.041236,48.459533],[10.042563,48.458361],[10.046301,48.458184],[10.052166,48.457105],[10.057895,48.45731],[10.061714,48.458052],[10.062472,48.456953],[10.060271,48.456173],[10.056638,48.453603],[10.063258,48.454311],[10.064366,48.457208],[10.074524,48.45934],[10.074175,48.459784],[10.083757,48.46278],[10.087386,48.463461],[10.08644,48.465957],[10.090156,48.46622],[10.090149,48.467486],[10.094135,48.467269],[10.093519,48.469004],[10.096393,48.469559],[10.096433,48.470483],[10.100557,48.470566],[10.101403,48.47283],[10.103383,48.472606],[10.103429,48.475369],[10.105155,48.477597],[10.112358,48.475938],[10.117381,48.475393],[10.116647,48.473437],[10.11913,48.473063],[10.117218,48.468071],[10.119305,48.465387],[10.120939,48.465314],[10.123379,48.460649],[10.125374,48.460985],[10.127646,48.456928],[10.13155,48.457435],[10.132472,48.455548],[10.133914,48.454919],[10.141882,48.456491],[10.154793,48.457599],[10.155592,48.458078],[10.168,48.459663],[10.172361,48.459216],[10.173203,48.460511],[10.172595,48.462181],[10.177985,48.463296],[10.176791,48.46655],[10.174306,48.467713],[10.174865,48.469179],[10.177376,48.469958],[10.183446,48.466445],[10.184486,48.467165],[10.181236,48.469595],[10.186001,48.47106],[10.184476,48.472914],[10.177245,48.47024],[10.17637,48.471346],[10.18307,48.473915],[10.180834,48.475345],[10.187505,48.477042],[10.195066,48.479975],[10.218008,48.488327],[10.235611,48.488787],[10.238595,48.490662],[10.241622,48.491849],[10.240932,48.493844],[10.23745,48.500169],[10.234461,48.505677],[10.231488,48.50581],[10.228095,48.505117],[10.226581,48.506998],[10.231101,48.508312],[10.234005,48.508114],[10.237508,48.50722],[10.238307,48.507659],[10.23398,48.509882],[10.230965,48.51049],[10.227633,48.510663],[10.225339,48.514249],[10.220007,48.512826],[10.2171,48.513953],[10.213285,48.517191],[10.212852,48.518129],[10.215357,48.519436],[10.213533,48.521623],[10.21682,48.523598],[10.216315,48.525046],[10.213743,48.525049],[10.213298,48.527589],[10.210316,48.530755],[10.209811,48.532055],[10.21495,48.531059],[10.21493,48.533172],[10.211669,48.532484],[10.211252,48.534959],[10.20663,48.534237],[10.204867,48.537371],[10.203417,48.537073],[10.202825,48.541574],[10.20072,48.542552],[10.194817,48.541387],[10.191659,48.54205],[10.188968,48.545303],[10.193947,48.5457],[10.192132,48.547676],[10.189124,48.548285],[10.187908,48.549773],[10.193218,48.550173],[10.193055,48.551572],[10.187396,48.551048],[10.186324,48.552593],[10.187384,48.556795],[10.186236,48.558622],[10.183161,48.5568],[10.180902,48.553505],[10.180311,48.551571],[10.178494,48.550019],[10.174318,48.54984],[10.17139,48.549285],[10.168007,48.550329],[10.167561,48.553203],[10.166675,48.554479],[10.163909,48.555205],[10.159596,48.55724],[10.154985,48.556521],[10.153325,48.55517],[10.153148,48.551286],[10.151132,48.55123],[10.150681,48.553159],[10.148744,48.552817],[10.144886,48.553769],[10.14088,48.555853],[10.138129,48.556043],[10.135428,48.555344],[10.134804,48.557302],[10.13108,48.556066],[10.130155,48.556961],[10.126252,48.557529],[10.123769,48.558876],[10.121357,48.558886],[10.117113,48.556252],[10.114121,48.555985],[10.111535,48.560448],[10.111715,48.561558],[10.11019,48.563227],[10.110046,48.566373],[10.108963,48.568149],[10.109735,48.569842],[10.105723,48.570422],[10.102661,48.572991],[10.10033,48.574161],[10.099336,48.576638],[10.097993,48.577825],[10.093251,48.578399],[10.089036,48.580535],[10.08558,48.581143],[10.080157,48.583526],[10.073075,48.58414],[10.065679,48.586652],[10.060748,48.58606],[10.057909,48.585216],[10.057322,48.586139],[10.058935,48.589076],[10.051242,48.592352],[10.049461,48.594903],[10.047371,48.595589],[10.045205,48.598544],[10.046422,48.601474],[10.043748,48.602383],[10.040875,48.604574],[10.040303,48.606922],[10.033223,48.605689],[10.027739,48.606365],[10.026771,48.604875],[10.024044,48.603877],[10.021693,48.605034],[10.017,48.605384],[10.015819,48.604347],[10.00838,48.60332],[10.003563,48.603961],[9.998465,48.607115],[9.996449,48.605955],[9.992335,48.604645],[9.993434,48.602279],[9.991665,48.600651],[9.991656,48.599482],[9.993193,48.597603],[9.991485,48.596586],[9.9885,48.597087],[9.982462,48.595533],[9.981561,48.59723],[9.976774,48.597736],[9.974269,48.597246],[9.972223,48.59609],[9.968223,48.595151],[9.964472,48.594968],[9.964379,48.597579],[9.963082,48.597527],[9.964474,48.600945],[9.962283,48.601026],[9.961248,48.603585],[9.967158,48.605597],[9.96923,48.60843],[9.968396,48.611216],[9.969522,48.612935],[9.96935,48.615085],[9.965873,48.616803],[9.96262,48.61744],[9.960183,48.618948],[9.957836,48.618549],[9.957088,48.620823],[9.959425,48.621214],[9.955582,48.624736],[9.952876,48.623373],[9.94955,48.623211],[9.948423,48.625347],[9.947706,48.629339],[9.952003,48.629067],[9.948346,48.631145],[9.945831,48.63182],[9.942818,48.631907],[9.940263,48.630763],[9.937287,48.630264],[9.933362,48.63088],[9.92916,48.629753],[9.923894,48.629781],[9.924597,48.628023],[9.921174,48.628161],[9.921601,48.626199],[9.916014,48.626383],[9.913118,48.625826],[9.913814,48.62327],[9.910555,48.622988],[9.900981,48.623105],[9.900221,48.62201],[9.896819,48.62135],[9.892198,48.622509],[9.891096,48.620496],[9.889735,48.61991],[9.887774,48.615743],[9.8937,48.615792],[9.898125,48.615398],[9.897215,48.613497],[9.895508,48.614201],[9.895608,48.611265],[9.894061,48.611424],[9.884408,48.60524],[9.882579,48.603575],[9.870916,48.589231],[9.868336,48.590664],[9.866226,48.58832],[9.861368,48.588696],[9.857987,48.589441],[9.862365,48.586086],[9.859969,48.584363],[9.856907,48.585359],[9.856287,48.584246],[9.853355,48.583987],[9.851186,48.582926],[9.846761,48.583967],[9.845165,48.584822],[9.838829,48.585824],[9.839387,48.582853],[9.837458,48.579123],[9.83435,48.577329],[9.835942,48.575014],[9.835506,48.574039],[9.83103,48.570122],[9.8288,48.56541],[9.827046,48.565264],[9.82454,48.563877],[9.821788,48.565349],[9.817602,48.564954],[9.81792,48.56272],[9.820355,48.561402],[9.815937,48.558624],[9.812046,48.558555],[9.809772,48.557279],[9.802124,48.557257],[9.798597,48.556543],[9.797695,48.558733],[9.790677,48.558707],[9.78725,48.559758],[9.778957,48.560362],[9.777883,48.561516],[9.777743,48.563448],[9.775836,48.56559],[9.7718,48.564518],[9.770042,48.56621],[9.767247,48.565304],[9.768869,48.56324],[9.767792,48.562731],[9.765064,48.564037],[9.764845,48.561333],[9.763187,48.559976],[9.760361,48.560895],[9.758103,48.560953],[9.75241,48.563118],[9.749326,48.563335],[9.747606,48.562516],[9.744432,48.563744],[9.740184,48.561821],[9.740286,48.56057],[9.735272,48.560699],[9.734035,48.562663],[9.732015,48.561647],[9.730108,48.563408],[9.726044,48.561976],[9.727066,48.560855],[9.723443,48.558284],[9.719265,48.557098],[9.720539,48.554211],[9.722787,48.551296],[9.722896,48.546785],[9.719819,48.545144],[9.714036,48.544619],[9.713496,48.54559],[9.70822,48.545169],[9.709874,48.543202],[9.709071,48.541227],[9.705063,48.541292],[9.703509,48.540535],[9.697494,48.540339],[9.69408,48.541042],[9.696609,48.53703],[9.694876,48.535517],[9.690347,48.53456],[9.690099,48.529839],[9.687109,48.528755],[9.683113,48.525948],[9.681824,48.524465],[9.684593,48.522998],[9.68845,48.519601],[9.689203,48.518254],[9.686603,48.517461],[9.68482,48.519821],[9.681706,48.521007],[9.677385,48.523195],[9.672765,48.522781],[9.670062,48.523855],[9.666086,48.52481],[9.656156,48.524036],[9.656762,48.521144],[9.659374,48.521351],[9.659161,48.519276],[9.65557,48.518869],[9.654068,48.520719],[9.648655,48.524777],[9.646959,48.524127],[9.645944,48.526368],[9.639278,48.530905],[9.639448,48.533015],[9.635378,48.533621],[9.633141,48.535409],[9.632486,48.537195],[9.627384,48.537325],[9.615653,48.537054],[9.614869,48.539101],[9.611916,48.540614],[9.610361,48.540684],[9.603673,48.539269],[9.60203,48.540017],[9.599688,48.538332],[9.594038,48.540155],[9.587128,48.539574],[9.587224,48.538408],[9.585453,48.536743],[9.583094,48.53881],[9.579214,48.538789],[9.573194,48.539977],[9.569964,48.539318],[9.564989,48.537237],[9.564599,48.535339],[9.56106,48.533369],[9.559672,48.531955],[9.556013,48.531165],[9.55134,48.528884],[9.544867,48.527831],[9.541848,48.526454],[9.539592,48.527296],[9.532024,48.526967],[9.533392,48.521734],[9.535337,48.521419],[9.532362,48.51791],[9.533153,48.516676],[9.530976,48.513594],[9.529154,48.513858],[9.528678,48.51554],[9.524756,48.515778],[9.521925,48.519937],[9.520307,48.518034],[9.518135,48.518437],[9.516093,48.520342],[9.512251,48.52185],[9.510665,48.523331],[9.510136,48.526372],[9.504334,48.526901],[9.508603,48.523748],[9.50971,48.521009],[9.506732,48.518416],[9.502576,48.517342],[9.503419,48.516086],[9.506047,48.515702],[9.505786,48.514526],[9.501773,48.512492],[9.498535,48.514713],[9.4974,48.517856],[9.497899,48.519742],[9.499331,48.520813],[9.497518,48.521704],[9.494671,48.520715],[9.490728,48.52111],[9.488604,48.520108],[9.490856,48.517462],[9.48873,48.517144],[9.485847,48.518034],[9.47949,48.518249],[9.471993,48.515417],[9.473989,48.512357],[9.470235,48.512793],[9.46835,48.513536],[9.466106,48.51612],[9.468862,48.518187],[9.4705,48.518594],[9.474687,48.521161],[9.473785,48.522926],[9.476134,48.523881],[9.478191,48.523157],[9.480125,48.523475],[9.480529,48.52518],[9.478524,48.525724],[9.479245,48.527193],[9.482227,48.528301],[9.489234,48.527605],[9.490273,48.530511],[9.486491,48.533119],[9.48268,48.535176],[9.480787,48.534887],[9.478374,48.53615],[9.474113,48.536976],[9.472055,48.538401],[9.466595,48.538816],[9.4641,48.54031],[9.46426,48.543796],[9.463204,48.544466],[9.455702,48.544739],[9.450657,48.546397],[9.449075,48.545111],[9.444783,48.544179],[9.440598,48.542465],[9.439825,48.540139],[9.435895,48.540598],[9.432601,48.542729],[9.429914,48.543734],[9.426303,48.543782],[9.424343,48.540827],[9.420837,48.541808],[9.419237,48.539907],[9.416887,48.538581],[9.41953,48.537654],[9.418396,48.536232],[9.415016,48.536488],[9.41413,48.535754],[9.408622,48.538978],[9.40626,48.537862],[9.40688,48.535578],[9.400479,48.534615],[9.397593,48.533454],[9.395585,48.531374],[9.393554,48.530858],[9.391215,48.531983],[9.389869,48.534475],[9.385987,48.534421],[9.38421,48.535681],[9.379849,48.535386],[9.37899,48.53451],[9.373833,48.533874],[9.369488,48.534493],[9.366834,48.537466],[9.365934,48.539317],[9.362611,48.542835],[9.358376,48.54448],[9.353759,48.543234],[9.349582,48.543766],[9.348496,48.545106],[9.343553,48.546265],[9.340159,48.548393],[9.337571,48.547235],[9.336691,48.543565],[9.331351,48.540425],[9.327079,48.540559],[9.326447,48.541736],[9.323919,48.541474],[9.324864,48.543475],[9.322449,48.546976],[9.320419,48.54799],[9.318347,48.546455],[9.314564,48.546252],[9.313991,48.547361],[9.317616,48.550013],[9.316415,48.551279],[9.31917,48.552483],[9.316975,48.554616],[9.320712,48.556507],[9.31926,48.559414],[9.316689,48.560315],[9.314936,48.561965],[9.311578,48.562827],[9.312624,48.564722],[9.317905,48.567163],[9.319411,48.568552],[9.321416,48.568976],[9.321922,48.57232],[9.322776,48.574113],[9.319712,48.577006],[9.315994,48.578696],[9.314749,48.580389],[9.31142,48.581028],[9.309948,48.580002],[9.307514,48.57699],[9.303889,48.577207],[9.29978,48.575524],[9.298521,48.573901],[9.296741,48.574637],[9.294545,48.573553],[9.295172,48.572486],[9.298341,48.572943],[9.29619,48.569715],[9.297212,48.5685],[9.29571,48.565765],[9.293994,48.565355],[9.289354,48.566183],[9.285436,48.565195],[9.284483,48.566852],[9.281919,48.56636],[9.280824,48.568011],[9.27911,48.568493],[9.276719,48.566935],[9.273375,48.567004],[9.26806,48.565793],[9.265693,48.56653],[9.26192,48.56677],[9.260505,48.566122],[9.259922,48.569235],[9.254424,48.568319],[9.252481,48.570455],[9.252207,48.571874],[9.248055,48.574885],[9.247427,48.57448],[9.24162,48.576438],[9.24117,48.578614],[9.237441,48.57847],[9.23646,48.574437],[9.234985,48.574853],[9.231844,48.571568],[9.229579,48.572348],[9.228958,48.569007],[9.228171,48.567802],[9.225151,48.566318],[9.223359,48.567668],[9.216593,48.567802],[9.211398,48.570576],[9.208546,48.572471],[9.207341,48.574092],[9.208267,48.579135],[9.206497,48.583677],[9.20293,48.58651],[9.197769,48.588136],[9.198092,48.591603],[9.202814,48.591933],[9.202486,48.593445],[9.205687,48.593144],[9.205258,48.596456],[9.207208,48.599053],[9.206745,48.601242],[9.20516,48.603269],[9.202952,48.604016],[9.196692,48.601454],[9.191449,48.599742],[9.185762,48.598277],[9.184168,48.598679],[9.179756,48.603689],[9.175521,48.60525],[9.173,48.605398],[9.170763,48.604835],[9.165909,48.605286],[9.161914,48.604943],[9.155434,48.605912],[9.151985,48.605254],[9.149754,48.604331],[9.14043,48.602667],[9.140121,48.602059],[9.134865,48.601204],[9.132991,48.601993],[9.129779,48.601607],[9.127371,48.60042],[9.123263,48.600142],[9.11983,48.600737],[9.117207,48.602108],[9.112276,48.603409],[9.110147,48.60523],[9.112575,48.607254],[9.111917,48.608339],[9.113836,48.611648],[9.11553,48.6128],[9.115517,48.614869],[9.113505,48.616525],[9.108548,48.616136],[9.107282,48.617322],[9.107658,48.618881],[9.107437,48.622792],[9.095653,48.621556],[9.096494,48.617362],[9.095755,48.615941],[9.092365,48.614399],[9.091177,48.612507],[9.088252,48.61319],[9.086977,48.612022],[9.083027,48.612198],[9.085552,48.610109],[9.087197,48.605717],[9.089063,48.604203],[9.089144,48.602975],[9.08643,48.601442],[9.08537,48.602222],[9.083239,48.600018],[9.085378,48.599471],[9.081479,48.597484],[9.077941,48.598071],[9.078087,48.595112],[9.07911,48.59309],[9.078713,48.589996],[9.076198,48.5901],[9.070853,48.593659],[9.065606,48.59334],[9.063645,48.592532],[9.056918,48.59145],[9.05648,48.593662],[9.052018,48.593092],[9.049918,48.591686],[9.045242,48.590276],[9.045029,48.588708],[9.04323,48.587809],[9.041093,48.587817],[9.040116,48.5861],[9.038127,48.584695],[9.038301,48.58175],[9.035965,48.579901],[9.034839,48.575959],[9.031104,48.578404],[9.025742,48.578665],[9.023308,48.579535],[9.02139,48.579457],[9.020512,48.580711],[9.018449,48.581544],[9.013435,48.586217],[9.009131,48.586893],[9.00598,48.5882],[9.002309,48.587298],[8.996885,48.58647],[8.995077,48.584414],[8.992995,48.584183],[8.991204,48.58542],[8.989138,48.585782],[8.981618,48.588525],[8.976906,48.590653],[8.974994,48.589265],[8.966156,48.587138],[8.956089,48.586562],[8.956853,48.587933],[8.953992,48.588331],[8.950249,48.587445],[8.947786,48.586019],[8.947715,48.585113],[8.949192,48.579984],[8.944799,48.579322],[8.944199,48.577923],[8.941471,48.577628],[8.93886,48.57932],[8.935922,48.577504],[8.937254,48.574471],[8.939584,48.573294],[8.939164,48.571756],[8.940366,48.570557],[8.945193,48.567548],[8.940535,48.566565],[8.932599,48.564406],[8.931963,48.567438],[8.929784,48.567664],[8.928589,48.569188],[8.925915,48.569083],[8.924175,48.570981],[8.919362,48.570046],[8.917805,48.572154],[8.914411,48.570946],[8.912737,48.572625],[8.910471,48.572051],[8.909502,48.569968],[8.901274,48.56524],[8.899675,48.565115],[8.897816,48.563337],[8.895524,48.564503],[8.893989,48.562611],[8.890039,48.564313],[8.888553,48.560702],[8.89009,48.560075],[8.890835,48.5582],[8.889887,48.556374],[8.888665,48.55176],[8.889031,48.544654],[8.885674,48.543925],[8.886949,48.541762],[8.88258,48.540977],[8.877215,48.539409],[8.873864,48.540232],[8.869515,48.539633],[8.866495,48.540187],[8.851328,48.537084],[8.853219,48.53292],[8.852954,48.531376],[8.857097,48.529293],[8.858593,48.529367],[8.859408,48.527183],[8.854679,48.522733],[8.857442,48.520283],[8.85582,48.518967],[8.858314,48.516743],[8.862429,48.517337],[8.864578,48.516776],[8.86593,48.514789],[8.858543,48.512228],[8.853363,48.509927],[8.849464,48.509742],[8.844188,48.507538],[8.845423,48.506451],[8.84668,48.503457],[8.844922,48.500246],[8.844701,48.498467],[8.840637,48.497721],[8.838337,48.498849],[8.833777,48.500052],[8.836159,48.504223],[8.825459,48.506398],[8.817736,48.507282],[8.80969,48.507136],[8.804439,48.506477],[8.803992,48.50863],[8.796578,48.510532],[8.796498,48.512512],[8.793748,48.512864],[8.792728,48.513798],[8.792501,48.516116],[8.790033,48.520259],[8.786604,48.520888],[8.780854,48.521421],[8.773661,48.523733],[8.771562,48.524103],[8.769148,48.522345],[8.770868,48.522144],[8.771801,48.519606],[8.769852,48.519062],[8.765915,48.519293],[8.763713,48.518302],[8.764923,48.516364],[8.765327,48.512833],[8.76436,48.510202],[8.761036,48.505992],[8.75602,48.506807],[8.755519,48.504093],[8.761932,48.503903],[8.765942,48.503238],[8.768844,48.501697],[8.768897,48.499808],[8.770545,48.498818],[8.770094,48.497145],[8.772364,48.495245],[8.773747,48.490357],[8.776155,48.48752],[8.778418,48.486942],[8.780542,48.484275],[8.78448,48.4859],[8.78839,48.486324],[8.792289,48.485993],[8.792806,48.484777],[8.795264,48.484963],[8.795804,48.481689],[8.798533,48.481919],[8.799288,48.479995],[8.802574,48.480741],[8.80321,48.478511],[8.806983,48.479077],[8.806731,48.476746],[8.809097,48.473218],[8.81162,48.473809],[8.812776,48.470264],[8.815029,48.46978],[8.818277,48.470363],[8.819002,48.468576],[8.821494,48.469284],[8.82218,48.467576],[8.823874,48.468039],[8.825434,48.465781],[8.830126,48.463142],[8.825795,48.461927],[8.823991,48.462953],[8.817671,48.462371],[8.817985,48.46075],[8.810333,48.459066],[8.810398,48.455838],[8.808159,48.455377],[8.807545,48.456655],[8.80459,48.456028],[8.805256,48.454676],[8.793494,48.452134],[8.790133,48.452001],[8.788434,48.449542],[8.78935,48.447852],[8.786801,48.446643],[8.781747,48.446937],[8.779755,48.446212],[8.778089,48.444731],[8.780651,48.444175],[8.782328,48.441229],[8.780404,48.441116],[8.77894,48.439487],[8.775709,48.437986],[8.772916,48.438826],[8.769174,48.438067],[8.770647,48.434898],[8.770314,48.432998],[8.767544,48.431362],[8.763764,48.428377],[8.763838,48.426472],[8.769976,48.424973],[8.770508,48.422617],[8.771797,48.42185],[8.774506,48.422257],[8.778022,48.421285],[8.776364,48.419854],[8.770517,48.418966],[8.768359,48.416396],[8.769562,48.415043],[8.767572,48.414001],[8.765033,48.413721],[8.767795,48.410532],[8.766602,48.410158],[8.764666,48.405644],[8.761028,48.403627],[8.760234,48.401893],[8.760416,48.399445],[8.759136,48.397021],[8.757057,48.395964],[8.756908,48.394374],[8.75525,48.392343],[8.751813,48.391677],[8.748699,48.390053],[8.748688,48.38809],[8.751718,48.387327],[8.755186,48.384507],[8.757957,48.38365],[8.757707,48.381977],[8.751797,48.380083],[8.746325,48.378637],[8.737174,48.377668]],[[9.171877,48.604449],[9.171745,48.601937],[9.169387,48.601769],[9.169281,48.600419],[9.171401,48.599976],[9.17126,48.59854],[9.163873,48.597445],[9.168094,48.600584],[9.163884,48.601408],[9.164183,48.604372],[9.16882,48.604135],[9.171877,48.604449]]]},"properties":{"rs":84000000000,"name":"Regierungsbezirk Tübingen"},"id":"relation/2811874"}]}