rs,election_id,party_id,name,party_family_id,color,name_long
81110000000,2241,1,GRÜNE,NA,#46962b,BÜNDNIS 90/DIE GRÜNEN
81110000000,2241,2,CDU,NA,#32302e,Christlich Demokratische Union Deutschlands
81110000000,2241,3,SPD,NA,#ff0000,Sozialdemokratische Partei Deutschlands
81110000000,2241,4,FDP/DVP,NA,#e6007e,Freie Demokratische Partei / Demokratische Volkspartei
81110000000,2241,5,Freie Wähler,NA,#f29204,Freie Wähler Kreisverband Stuttgart e.V.
81110000000,2241,6,AfD,NA,#009ee0,Alternative für Deutschland
81110000000,2241,7,DIE LINKE,NA,#9900cc,DIE LINKE
81110000000,2241,8,SÖS - Stuttgart ökologisch sozial,NA,#78b018,SÖS - Stuttgart ökologisch sozial
81110000000,2241,9,Die Stadtisten,NA,#2289cb,Die Stadtisten
81110000000,2241,10,Die PARTEI,NA,#b91023,"Partei für Arbeit, Rechtsstaat, Tierschutz, Elitenförderung und basisdemokratische Initiative"
81110000000,2241,11,Tierschutzpartei,NA,#d2d2d2,PARTEI MENSCH UMWELT TIERSCHUTZ
81110000000,2241,12,ÖDP,NA,#ffa338,Ökologisch-Demokratische Partei / Familie und Umwelt
81110000000,2241,13,KLIMALISTE,NA,#bedc0a,Klimaliste Deutschland
81110000000,2241,14,Volt,NA,#502379,Volt Deutschland
81110000000,2241,15,"Children-First, Kinderrechte stärken",NA,#1d989d,"Children-First, Kinderrechte stärken"
81110000000,2241,16,Vielfalt,NA,#f7aa28,Bündnis der Vielfalt Stuttgart
81110000000,2241,17,FeLi,NA,#a349a3,Feministische Liste Stuttgart
81110000000,2241,18,Stuttgarter Liste,NA,#ff6347,Stuttgarter Liste
81150003003,4101,1,GRÜNE,NA,#46962b,BÜNDNIS 90/DIE GRÜNEN
81150003003,4101,2,CDU,NA,#32302e,Christlich Demokratische Union Deutschlands
81150003003,4101,3,FWBB,NA,#ffffff,Freie Wähler Böblingen
81150003003,4101,4,SPD,NA,#ff0000,Sozialdemokratische Partei Deutschlands
81150003003,4101,5,FDP,NA,#ffed00,Freie Demokratische Partei
81150003003,4101,6,BfB,NA,#ffffff,Bürger für Böblingen
81150003003,4101,7,DIE LINKE,NA,#9900cc,DIE LINKE
81150003003,4101,8,AfD,NA,#009ee0,Alternative für Deutschland
81150028028,2048,1,GRÜNE,NA,#46962b,BÜNDNIS 90/DIE GRÜNEN
81150028028,2048,2,Freie Wähler,NA,#bbd622,Freie Wähler Stadtverband Leonberg e.V.
81150028028,2048,3,CDU,NA,#32302e,Christlich Demokratische Union Deutschlands
81150028028,2048,4,SPD,NA,#ff0000,Sozialdemokratische Partei Deutschlands
81150028028,2048,5,FDP,NA,#ffed00,Freie Demokratische Partei
81150028028,2048,6,S:ALZ,NA,#116bab,"S:ALZ - Stadt: Arbeit, Leben, Zukunft"
81150028028,2048,7,AfD,NA,#009ee0,Alternative für Deutschland
81150029029,3055,1,FLM,NA,#f0af0a,Freie Liste Magstadt
81150029029,3055,2,FW,NA,#7fdbf5,Freie Wähler Magstadt e.V.
81150029029,3055,3,SPD,NA,#fa2d2d,Sozialdemokratische Partei Deutschlands
81150029029,3055,4,CDU,NA,#000000,Christlich Demokratische Union Deutschlands
81150041041,2390,1,FW,NA,#2313ad,Freie Wähler Stadtverband Renningen/Malmsheim e.V.
81150041041,2390,2,GRÜNE,NA,#46962b,BÜNDNIS 90/DIE GRÜNEN
81150041041,2390,3,SPD,NA,#ff0000,Sozialdemokratische Partei Deutschlands
81150041041,2390,4,CDU,NA,#32302e,Christlich Demokratische Union Deutschlands
81150041041,2390,5,FfR,NA,#d927d3,Frauen für Renningen
81150041041,2390,6,FDP,NA,#ffed00,Freie Demokratische Partei
81150041041,2390,7,AfD,NA,#009ee0,Alternative für Deutschland
81150042042,3347,1,BWV,NA,#bcde23,Bürgerliche Wählervereinigung Rutesheim
81150042042,3347,2,UBR,NA,#bcde23,Unabhängige Bürger Rutesheim
81150042042,3347,3,CDU,NA,#32302e,Christlich Demokratische Union Deutschlands
81150042042,3347,4,SPD,NA,#ff0000,Sozialdemokratische Partei Deutschlands
81150042042,3347,5,GRÜNE,NA,#46962b,BÜNDNIS 90/DIE GRÜNEN
81150042042,3347,6,WIR,NA,#f78d02,Wir in Rutesheim
81150044044,5288,1,CDU/FWV,NA,#0d000d,Christlich Demokratische Union und Freie Wählervereinigung Schönaich
81150044044,5288,2,GRÜNE,NA,#46962b,BÜNDNIS 90/DIE GRÜNEN
81150044044,5288,3,SPD,NA,#ff0000,Sozialdemokratische Partei Deutschlands
81150044044,5288,4,FDP/UWG,NA,#fff200,Freie Demokratische Partei/Unabhängige Wählergemeinschaft
81150044044,5288,5,AfD,NA,#009ee0,Alternative für Deutschland
81150045045,4222,1,CDU,NA,#32302e,Christlich Demokratische Union Deutschlands
81150045045,4222,2,GRÜNE,NA,#46962b,BÜNDNIS 90/DIE GRÜNEN
81150045045,4222,3,FWS,NA,#0e489e,Freie Wähler Sindelfingen
81150045045,4222,4,SPD,NA,#ff0000,Sozialdemokratische Partei Deutschlands
81150045045,4222,5,FDP,NA,#ffed00,Freie Demokratische Partei
81150045045,4222,6,DIE LINKE,NA,#9900cc,DIE LINKE
81150045045,4222,7,AfD,NA,#009ee0,Alternative für Deutschland
81150045045,4222,8,Vielfalt,NA,#f5a43b,Bündnis der Vielfalt Sindelfingen
81150050050,1716,1,GRÜNE,NA,#46962b,BÜNDNIS 90/DIE GRÜNEN
81150050050,1716,2,CDU,NA,#32302e,Christlich Demokratische Union Deutschlands
81150050050,1716,3,FWV,NA,#14d3f5,Freie Wähler Vereinigung Weil der Stadt e.V.
81150050050,1716,4,SPD,NA,#ff0000,Sozialdemokratische Partei Deutschlands
81150050050,1716,5,FDP,NA,#ffed00,Freie Demokratische Partei
81150050050,1716,6,DIE LINKE,NA,#9900cc,DIE LINKE
81150051051,4269,1,CDU,NA,#32302e,Christlich Demokratische Union Deutschlands
81150051051,4269,2,WAB,NA,#d19411,Wahlgemeinschaft Aktive Bürger
81150051051,4269,3,UBW,NA,#959696,Unabhängige Bürgerliche Wählergemeinschaft
81150051051,4269,4,FWV,NA,#2222f0,Freie Wählervereinigung Weil im Schönbuch e.V.
81150051051,4269,5,GRÜNE,NA,#46962b,BÜNDNIS 90/DIE GRÜNEN
81150052052,5449,1,FREIE WÄHLER,NA,#19fafa,Freie Wähler Ortsverband Weissach-Flacht e.V.
81150052052,5449,2,BL,NA,#bff52a,Bürgerliste - Unabhängige Wählervereinigung e.V.
81150052052,5449,3,UL,NA,#ebbc23,Unabhängige Liste Weissach und Flacht
81150052052,5449,4,GRÜNE,NA,#46962b,BÜNDNIS 90/DIE GRÜNEN
81155001001,5742,1,CDU,NA,#32302e,Christlich Demokratische Union Deutschlands
81155001001,5742,2,Freie Wähler,NA,#b7cb01,Ortsverband Freie Wähler in der Gesamtgemeinde Aidlingen e.V.
81155001001,5742,3,GRÜNE,NA,#46962b,BÜNDNIS 90/DIE GRÜNEN
81155001001,5742,4,SPD,NA,#ff0000,Sozialdemokratische Partei Deutschlands
81155001001,5742,5,Die Freien,NA,#f79934,Die Freien
81155001001,5742,6,FDP,NA,#ffed00,Freie Demokratische Partei
81155001054,5611,1,FWG,NA,#ffffff,Freie Wählervereinigung Grafenau
81155001054,5611,2,CDU,NA,#32302e,Christlich Demokratische Union Deutschlands
81155001054,5611,3,GRÜNE,NA,#46962b,BÜNDNIS 90/DIE GRÜNEN
81155001054,5611,4,SPD,NA,#ff0000,Sozialdemokratische Partei Deutschlands
81155001054,5611,5,FDP,NA,#ffed00,Freie Demokratische Partei
81155001054,5611,6,Die PARTEI,NA,#b91023,"Partei für Arbeit, Rechtsstaat, Tierschutz, Elitenförderung und basisdemokratische Initiative"
81155002013,4263,1,FREIE WÄHLER (FW),NA,#3be2f5,FREIE WÄHLER EHNINGEN - FREIE WÄHLER (FW)
81155002013,4263,2,GRÜNE,NA,#46962b,BÜNDNIS 90/DIE GRÜNEN
81155002013,4263,3,CDU,NA,#32302e,Christlich Demokratische Union Deutschlands
81155002013,4263,4,SPD,NA,#ff0000,Sozialdemokratische Partei Deutschlands
81155002015,3385,1,Freie Wähler,NA,#ffae00,Freie Wähler in Gärtringen e.V.
81155002015,3385,2,CDU,NA,#32302e,Christlich Demokratische Union Deutschlands
81155002015,3385,3,Grüne Liste Gärtringen,NA,#0dff00,Grüne Liste Gärtringen
81155002015,3385,4,SPD,NA,#ff0000,Sozialdemokratische Partei Deutschlands
81155002015,3385,5,FDP,NA,#ffed00,Freie Demokratische Partei
81155003010,3671,1,Gemeinsam für Deckenpfronn,NA,#2619e3,Gemeinsam für Deckenpfronn
81155003010,3671,2,freie Zeile,NA,#b238ee,Vom Wähler vorgeschlagene Personen
81155003021,4339,1,Freie Wähler,NA,#f08d0c,Freie Wähler
81155003021,4339,2,Grüne,NA,#32ed4e,BÜNDNIS 90 / DIE GRÜNEN
81155003021,4339,3,CDU,NA,#32302e,Christlich Demokratische Union Deutschlands
81155003021,4339,4,SPD,NA,#ff0000,Sozialdemokratische Partei Deutschlands
81155003021,4339,5,Frauenliste Herrenberg,NA,#a52ee6,Frauenliste Herrenberg
81155003021,4339,6,FDP,NA,#ffed00,Freie Demokratische Partei
81155003021,4339,7,AfD,NA,#009ee0,Alternative für Deutschland
81155003021,4339,8,Liste Perspektive,NA,#39c4ad,Liste Perspektive
81155003037,2500,1,Freie Liste Nufringen,NA,#ff7a0d,Freie Liste Nufringen
81155003037,2500,2,CDU,NA,#32302e,Christlich Demokratische Union Deutschlands
81155003037,2500,3,SPD,NA,#ff0000,Sozialdemokratische Partei Deutschlands
81155003037,2500,4,GRÜNE,NA,#46962b,BÜNDNIS 90/DIE GRÜNEN
81155004002,3297,1,BWV,NA,#ffbf00,Bürgerliche Wählervereinigung
81155004002,3297,2,IMA,NA,#00fbff,Initiative Modernes Altdorf
81155004002,3297,3,Altdorfer Forum,NA,#a6ff00,Altdorfer Forum
81155004022,2656,1,FREIE WÄHLER,NA,#f29204,FREIE WÄHLER
81155004022,2656,2,CDU,NA,#000000,Christlich Demokratische Union
81155004024,2064,1,FWV,NA,#00ffff,Freie Wählervereinigung Holzgerlingen e.V.
81155004024,2064,2,BNU,NA,#0c9100,Bürger für Natur und Umweltschutz Holzgerlingen
81155004024,2064,3,CDU,NA,#32302e,Christlich Demokratische Union Deutschlands
81155004024,2064,4,SPD,NA,#ff0000,Sozialdemokratische Partei Deutschlands
81155005004,2244,1,FREIE WÄHLER,NA,#f29204,FREIE WÄHLER
81155005004,2244,2,CDU,NA,#32302e,Christlich Demokratische Union Deutschlands
81155005004,2244,3,SPD,NA,#ff0000,Sozialdemokratische Partei Deutschlands
81155005004,2244,4,GRÜNE,NA,#46962b,BÜNDNIS 90/DIE GRÜNEN
81155005016,3701,1,FWV,NA,#2d62eb,Freie Wählervereinigung Gäufelden
81155005016,3701,2,CDU,NA,#32302e,Christlich Demokratische Union Deutschlands
81155005016,3701,3,GRÜNE,NA,#46962b,BÜNDNIS 90/DIE GRÜNEN
81155005016,3701,4,SPD,NA,#ff0000,Sozialdemokratische Partei Deutschlands
81155005034,2057,1,MLi,NA,#03fcf0,Mötzinger Liste
81155005034,2057,2,SPD,NA,#ff0000,Sozialdemokratische Partei Deutschlands
81155005053,1710,1,FWGJB,NA,#d6f046,"Freie Wähler, Wählergemeinschaft Jettinger Bürger"
81155005053,1710,2,CDU,NA,#32302e,Christlich Demokratische Union Deutschlands
81155005053,1710,3,GRÜNE,NA,#46962b,BÜNDNIS 90/DIE GRÜNEN
81155005053,1710,4,SPD,NA,#ff0000,Sozialdemokratische Partei Deutschlands
81155006046,6655,1,FWV,NA,#0aefff,Freie Wählervereinigung Steinenbronn e.V.
81155006046,6655,2,CDU,NA,#32302e,Christlich Demokratische Union Deutschlands
81155006046,6655,3,OGL,NA,#18bf0f,Offene Grüne Liste Steinenbronn
81155006046,6655,4,SPD,NA,#ff0000,Sozialdemokratische Partei Deutschlands
81155006048,5784,1,FWV,NA,#1e42ba,Freie Wählervereinigung Waldenbuch e.V.
81155006048,5784,2,CDU,NA,#32302e,Christlich Demokratische Union Deutschlands
81155006048,5784,3,SPD,NA,#ff0000,Sozialdemokratische Partei Deutschlands
81155006048,5784,4,GRÜNE,NA,#46962b,BÜNDNIS 90/DIE GRÜNEN
81160015015,3788,1,FWV,NA,#5821d9,Freie Wählervereinigung Denkendorf
81160015015,3788,2,CDU,NA,#32302e,Christlich Demokratische Union Deutschlands
81160015015,3788,3,SPD,NA,#ff0000,Sozialdemokratische Partei Deutschlands
81160015015,3788,4,GRÜNE,NA,#46962b,BÜNDNIS 90/DIE GRÜNEN
81160019019,1817,1,GRÜNE,NA,#46962b,BÜNDNIS 90/DIE GRÜNEN
81160019019,1817,2,SPD,NA,#ff0000,Sozialdemokratische Partei Deutschlands
81160019019,1817,3,Freie Wähler,NA,#afba18,Freie Wähler Esslingen e.V.
81160019019,1817,4,CDU,NA,#32302e,Christlich Demokratische Union Deutschlands
81160019019,1817,5,DIE LINKE,NA,#9900cc,DIE LINKE
81160019019,1817,6,FDP,NA,#ffed00,Freie Demokratische Partei
81160019019,1817,7,FÜR Esslingen,NA,#1ee8d7,Personenwahlbündnis Fortschrittlich-Überparteilich-Rege FÜR Esslingen
81160019019,1817,8,WIR/Sportplätze erhalten,NA,#eb9d5e,WIR und Sportplätze erhalten
81160019019,1817,9,AfD,NA,#009ee0,Alternative für Deutschland
81160019019,1817,10,Volt/ÖDP,NA,#000000,Volt Deutschland/Ökologisch-Demokratische Partei
81160019019,1817,11,Die PARTEI,NA,#b91023,"Partei für Arbeit, Rechtsstaat, Tierschutz, Elitenförderung und basisdemokratische Initiative"
81160047047,6395,1,Freie Wähler,NA,#4560ba,Freie Wähler Neuhausen
81160047047,6395,2,CDU,NA,#32302e,Christlich Demokratische Union Deutschlands
81160047047,6395,3,IGL,NA,#3dba2d,Initiative Grüne Liste
81160047047,6395,4,SPD,NA,#ff0000,Sozialdemokratische Partei Deutschlands
81160047047,6395,5,FDP,NA,#ffed00,Freie Demokratische Partei
81160072072,4246,1,WBL,NA,#1758e6,Wernauer Bürgerliste
81160072072,4246,2,FWV,NA,#eef51b,Freie Wählervereinigung
81160072072,4246,3,CDU,NA,#32302e,Christlich Demokratische Union Deutschlands
81160072072,4246,4,SPD,NA,#ff0000,Sozialdemokratische Partei Deutschlands
81160072072,4246,5,GRÜNE,NA,#2cde62,GRÜNE/Unabhängige
81160072072,4246,6,JB,NA,#f79b11,Junge Bürger
81160076076,6647,1,CDU,NA,#32302e,Christlich Demokratische Union Deutschlands
81160076076,6647,2,FREIE WÄHLER,NA,#f29204,FREIE WÄHLER
81160076076,6647,3,SPD,NA,#ff0000,Sozialdemokratische Partei Deutschlands
81160076076,6647,4,GRÜNE,NA,#46962b,BÜNDNIS 90/DIE GRÜNEN
81160077077,2847,1,Freie Wähler,NA,#2b7cb3,Freie Wähler Filderstadt e.V.
81160077077,2847,2,CDU,NA,#32302e,Christlich Demokratische Union Deutschlands
81160077077,2847,3,GRÜNE,NA,#46962b,BÜNDNIS 90/DIE GRÜNEN
81160077077,2847,4,SPD,NA,#ff0000,Sozialdemokratische Partei Deutschlands
81160077077,2847,5,FDP,NA,#ffed00,Freie Demokratische Partei
81160078078,5768,1,GRÜNE,NA,#46962b,BÜNDNIS 90/DIE GRÜNEN
81160078078,5768,2,Freie Wähler L.-E.,NA,#0394fc,Freie Wähler Leinfelden-Echterdingen e.V.
81160078078,5768,3,CDU,NA,#32302e,Christlich Demokratische Union Deutschlands
81160078078,5768,4,SPD,NA,#ff0000,Sozialdemokratische Partei Deutschlands
81160078078,5768,5,FDP,NA,#ffed00,Freie Demokratische Partei
81160078078,5768,6,L. E. Bürger,NA,#fab402,Liste Engagierte Bürger e.V.
81160078078,5768,7,DiB,NA,#5c3b6f,DEMOKRATIE IN BEWEGUNG
81160080080,3205,1,Freie Wähler Ostfildern e.V.,NA,#0075be,Freie Wähler Ostfildern e.V.
81160080080,3205,2,GRÜNE,NA,#23b02d,Bündnis 90/ Die Grünen
81160080080,3205,3,CDU,NA,#000000,Christlich Demokratische Union Deutschlands
81160080080,3205,4,SPD,NA,#e0193a,Sozialdemokratische Partei Deutschlands
81160080080,3205,5,FDP,NA,#e8f016,Freie Demokratische Partei
81160080080,3205,6,Die Linke,NA,#c012e3,Die Linke
81160081081,2584,1,FUW,NA,#1a2beb,Freie Unabhängige Wählervereinigung
81160081081,2584,2,GRÜNE,NA,#40c22f,BÜNDNIS 90/ DIE GRÜNEN
81160081081,2584,3,LIBERALE,NA,#ebe013,Aichtaler Liberale Bürger / FDP
81160081081,2584,4,CDU/BLA,NA,#080707,Christlich Demokratische Union Deutschlands/Bürgerliste Aichtal
81160081081,2584,5,SPD/UL,NA,#ff0000,Sozialdemokratische Partei Deutschlands/Unabhängige Liste
81165001016,6836,1,CDU / FWV,NA,#000000,Christlich Demokratische Union / Freie Wählervereinigung
81165001016,6836,2,DBL!,NA,#f7a916,Dettinger Bürgerliste!
81165001016,6836,3,GRÜNE,NA,#46962b,BÜNDNIS 90/DIE GRÜNEN
81165001033,3455,1,FWK,NA,#14235e,Freie Wähler Kirchheim - Teck
81165001033,3455,2,GRÜNE,NA,#46962b,BÜNDNIS 90/DIE GRÜNEN
81165001033,3455,3,CDU,NA,#32302e,Christlich Demokratische Union Deutschlands
81165001033,3455,4,SPD,NA,#ff0000,Sozialdemokratische Partei Deutschlands
81165001033,3455,5,FDP / KiBü,NA,#f7f145,Freie Demokratische Partei / Kirchheimer Bürgerliste
81165001033,3455,6,CIK,NA,#32e6d1,Christliche Initiative Kirchheim
81165001033,3455,7,KiSo,NA,#f57373,Kirchheim.Sozial
81165001033,3455,8,AfD,NA,#009ee0,Alternative für Deutschland
81165001048,2851,1,UKW,NA,#eb9617,Unabhängige Kommunale Wählervereinigung Notzingen-Wellingen
81165001048,2851,2,CDU,NA,#32302e,Christlich Demokratische Union Deutschlands
81165001048,2851,3,CNW,NA,#0fcbf5,Christoph für Notzingen und Wellingen
81165002018,6002,1,UBL,NA,#ff4467,Unabhängige Bürgerliste
81165002018,6002,2,BWV,NA,#ff8300,Bürgerliche Wählervereinigung
81165002018,6002,3,GRÜNE,NA,#189925,BÜNDNIS 90/DIE GRÜNEN
81165002054,1811,1,UWV,NA,#d4a477,Unabhängige Wählervereinigung
81165002054,1811,2,BWV,NA,#6a6e99,Bürgerliche Wählervereinigung
81165002079,2734,1,BWL,NA,#1c23a3,Bürgerliche Wählervereinigung Lenningen
81165002079,2734,2,GRÜNE,NA,#68d91c,BÜNDNIS 90/DIE GRÜNEN
81165003005,5391,1,FBL,NA,#032365,Freie Bürgerliste Altdorf
81165003005,5391,2,UB,NA,#cc3333,Unabhängige Bürger
81165003008,2294,1,FWV,NA,#b4e362,Freie Wählervereinigung Bempflingen
81165003008,2294,2,U.B.,NA,#e3000f,Unabhängige Bürger
81165003041,4020,1,FFW,NA,#afb832,Freie Fortschrittliche Wählerververeinigung
81165003041,4020,2,WJB/CDU,NA,#c43737,Wählervereinigung Junge Bürger & Christlich Demokratische Union
81165003041,4020,3,SPD/FB,NA,#2f6eb5,Sozialdemokratische Partei Deutschlands / Freie Bürger
81165003042,2759,1,FBL,NA,#16f2f2,Freie Bürgerliste Neckartenzlingen
81165003042,2759,2,JLN,NA,#f07511,Junge Liste Neckartenzlingen
81165003042,2759,3,GLN,NA,#15eb15,Grüne Liste Neckartenzlingen
81165003042,2759,4,SPD,NA,#f20c0c,Sozialdemokratische Partei Deutschlands
81165003042,2759,5,LaN,NA,#f0f013,Lieberale aus Neckartenzlingen
81165004011,6772,1,Freie Wähler Beuren-Balzholz,NA,#276a7a,Freie Wähler Beuren-Balzholz
81165004011,6772,2,CDU,NA,#32302e,Christlich Demokratische Union Deutschlands
81165004011,6772,3,SPD,NA,#ff0000,Sozialdemokratische Partei Deutschlands
81165004046,3616,1,FWV,NA,#e6fa32,Freie Wählervereinigung Neuffen-Kappishäusern
81165004046,3616,2,CDU,NA,#32302e,Christlich Demokratische Union Deutschlands
81165004046,3616,3,SPD,NA,#ff0000,Sozialdemokratische Partei Deutschlands
81165004046,3616,4,GRÜNE,NA,#46962b,BÜNDNIS 90/DIE GRÜNEN
81165005020,5657,1,Freie Wähler,NA,#3cf078,"Freie Wähler in Frickenhausen, Linsenhofen und Tischardt"
81165005020,5657,2,CDU,NA,#32302e,Christlich Demokratische Union Deutschlands
81165005020,5657,3,SPD,NA,#ff0000,Sozialdemokratische Partei Deutschlands
81165005022,6814,1,Freie Wähler,NA,#bfb1fc,Freie Wähler / Unabhängige Wählervereinigung Großbettlingen
81165005022,6814,2,CDU,NA,#32302e,Christlich Demokratische Union Deutschlands
81165005022,6814,3,Frauenliste,NA,#ffe100,Frauenliste Großbettlingen
81165005022,6814,4,Grüne Liste,NA,#74a43f,Grüne Liste Großbettlingen
81165005022,6814,5,SPD,NA,#ff0000,Sozialdemokratische Partei Deutschlands
81165005049,4129,1,NL/G,NA,#1bf263,Nürtinger Liste/Grüne
81165005049,4129,2,CDU,NA,#32302e,Christlich Demokratische Union Deutschlands
81165005049,4129,3,NT14,NA,#1b6e31,NT14
81165005049,4129,4,Freie Wähler,NA,#3a4eb0,Freie Wähler
81165005049,4129,5,SPD,NA,#ff0000,Sozialdemokratische Partei Deutschlands
81165005049,4129,6,FDP,NA,#ffed00,Freie Demokratische Partei
81165005050,3193,1,UWV,NA,#ff0000,Unabhängige Wählervereinigung Oberboihingen
81165005050,3193,2,BLO,NA,#1a00ff,Bürgerliste Oberboihingen
81165005068,5929,1,UBG,NA,#0a1df2,Unabhängige Bürgergemeinschaft Unterensingen
81165005068,5929,2,Freie Bürger.CDU,NA,#000000,Freie Bürger.Christlich Demokratische Union Deutschlands
81165005068,5929,3,proUE,NA,#0ff5f5,pro Unterensingen
81165005068,5929,4,BVU,NA,#c62fd4,Bürgervereinigung Unterensingen
81165005068,5929,5,SPD,NA,#ff0000,Sozialdemokratische Partei Deutschlands
81165005073,5143,1,UW,NA,#fae505,Unabhängige Wählervereinigung
81165005073,5143,2,OGL,NA,#25cc2a,Offene Grüne Liste
81165005073,5143,3,CDU,NA,#32302e,Christlich Demokratische Union Deutschlands
81165005073,5143,4,SPD,NA,#ff0000,Sozialdemokratische Partei Deutschlands
81165005073,5143,5,Agenda Wolfschlugen,NA,#fa7507,Agenda Wolfschlugen
81165006004,5101,1,UWV,NA,#f5ad14,Unabhängige Wählervereinigung Altbach e. V.
81165006004,5101,2,SPD,NA,#ff0000,Sozialdemokratische Partei Deutschlands
81165006004,5101,3,CDU,NA,#32302e,Christlich Demokratische Union Deutschlands
81165006014,3438,1,FWG,NA,#f0e511,Freie Wählergemeinschaft Deizisau
81165006014,3438,2,CDU,NA,#302c2c,CDU-Bürgerliste Deizisau
81165006014,3438,3,LED,NA,#24b510,Liste Engagierter DeizisauerInnen
81165006014,3438,4,FSL,NA,#ed4e4e,Freie Soziale Liste
81165006056,4155,1,CDU Wahlgem.,NA,#030202,Christlich Demokratische Union Deutschlands (CDU) - Wahlgemeinschaft Plochingen
81165006056,4155,2,SPD,NA,#ff0000,Sozialdemokratische Partei Deutschlands
81165006056,4155,3,OGL,NA,#3beb41,Offene Grüne Liste Plochingen e.V.
81165006056,4155,4,ULP,NA,#f2e233,Unabhängige Liste Plochingen e.V.
81165006056,4155,5,Bürgerliste Plochingen,NA,#8e1ed9,Bürgerliste Plochingen
81165007007,4803,1,Grüne,NA,#5dba4c,Bündnis 90 / Die Grünen
81165007007,4803,2,CDU,NA,#000000,Christlich Demokratische Union
81165007007,4803,3,FWV,NA,#2844e0,Freie Wählervereinigung
81165007007,4803,4,UB,NA,#f2af11,Unabhängige Bürger
81165007007,4803,5,SPD,NA,#ff0000,Sozialdemokratische Partei Deutschlands
81165007007,4803,6,NFL,NA,#e3eb5b,Neue Freie Liste
81165007027,4772,1,Freie Wähler,NA,#c3ed28,Freie Wähler Hochdorf
81165007027,4772,2,SPD,NA,#ff0000,Sozialdemokratische Partei Deutschlands
81165007027,4772,3,CDU,NA,#32302e,Christlich Demokratische Union Deutschlands
81165007027,4772,4,GRÜNE,NA,#46962b,BÜNDNIS 90/DIE GRÜNEN
81165007027,4772,5,Mitte,NA,#f2af1d,die.Mitte
81165007037,2120,1,LBL,NA,#db35af,Bürgerliste (LBL)
81165007037,2120,2,CDU,NA,#000000,Christlich Demokratische Union
81165007037,2120,3,GRÜNE,NA,#46962b,BÜNDNIS 90/DIE GRÜNEN
81165007037,2120,4,FUW,NA,#37bfde,Freie Unabhängige Wähler (FUW)
81165007058,1622,1,FW,NA,#566bbf,Freie Wähler Reichenbach an der Fils e. V.
81165007058,1622,2,GRÜNE,NA,#46962b,BÜNDNIS 90/DIE GRÜNEN
81165007058,1622,3,CDU,NA,#000000,Christlich Demokratische Union
81165007058,1622,4,SPD,NA,#ff0000,Sozialdemokratische Partei Deutschlands
81165007058,1622,5,mfR,NA,#779db5,miteinander für Reichenbach
81165008012,1787,1,UWV,NA,#fa0522,Unabhängige Wählervereinigung
81165008012,1787,2,FWV,NA,#fac905,Freie Wählervereinigung
81165008043,2986,1,NWV,NA,#11ed32,Neidlinger Wählervereinigung
81165008043,2986,2,WuB,NA,#147807,Wählervereinigung unabhängiger Bürger
81165008070,2599,1,FWV,NA,#eb1010,Freie Wählervereinigung Weilheim an der Teck
81165008070,2599,2,UWV,NA,#564ddb,Unabhängige Wählervereinigung Weilheim an der Teck und Hepsisau
81165008070,2599,3,SBV,NA,#2bd9a2,Soziale Bürgervereinigung Weilheim an der Teck
81165008070,2599,4,BDF,NA,#d1d145,Bürgerdemokratische Fraktion Weilheim an der Teck
81165009035,1947,1,FWV,NA,#e8f011,Freie Wähler Vereinigung Köngen
81165009035,1947,2,CDU,NA,#32302e,Christlich Demokratische Union Deutschlands
81165009035,1947,3,SPD,NA,#ff0000,Sozialdemokratische Partei Deutschlands
81165009035,1947,4,GRÜNE,NA,#46962b,BÜNDNIS 90/DIE GRÜNEN
81165009071,2844,1,FWV,NA,#ed9715,Freie Wählervereinigung Wendlingen am Neckar
81165009071,2844,2,CDU,NA,#000000,Christlich Demokratische Union Deutschlands
81165009071,2844,3,GRÜNE,NA,#1be01b,BÜNDNIS 90/DIE GRÜNEN
81165009071,2844,4,SPD,NA,#ff0000,Sozialdemokratische Partei Deutschlands
81170010010,4075,1,FWG,NA,#d80ceb,Freie Wählergemeinschaft Böhmenkirch (FWG)
81170010010,4075,2,FBV/CDU,NA,#000000,Freie Bürgervereinigung Böhmenkirch/Christlich Demokratische Union Deutschlands (CDU)
81170010010,4075,3,AfD,NA,#009ee0,Alternative für Deutschland
81175001006,2424,1,Bürgerliste,NA,#eb1a1a,Bürgerliste
81175001006,2424,2,GRÜNE,NA,#46962b,BÜNDNIS 90/DIE GRÜNEN
81175001014,4087,1,CDU,NA,#32302e,Christlich Demokratische Union Deutschlands
81175001014,4087,2,FW,NA,#1987e0,Freie Wähler Deggingen
81175001014,4087,3,GRÜNE/SPD,NA,#05eff7,BÜNDNIS 90/DIE GRÜNEN und Sozialdemokratische Partei Deutschlands
81175002018,6760,1,FWV,NA,#f0e278,Freie Wählervereinigung Ebersbach e.V.
81175002018,6760,2,CDU,NA,#000000,Christlich Demokratische Union
81175002018,6760,3,SPD,NA,#ff0000,Sozialdemokratische Partei Deutschlands
81175002018,6760,4,Grüne,NA,#3ba31c,BÜNDNIS 90/ DIE GRÜNEN
81175002018,6760,5,AfD,NA,#4e98ed,Alternative für Deutschland
81175002018,6760,6,BIG,NA,#eb6e15,Bündnis für Innovation und Gerechtigkeit
81175002044,2075,1,FUW,NA,#0061f2,"Freie Unabhängige Wählergemeinschaft, Ortsverband Schlierbach e.V."
81175002044,2075,2,CDU,NA,#f00707,Christlich Demokratische Union Deutschlands
81175003019,2129,1,FWV,NA,#1721e6,Freie Wählervereinigung Eislingen/Fils e.V.
81175003019,2129,2,CDU,NA,#000000,Christlich Demokratische Union Deutschlands
81175003019,2129,3,Grüne,NA,#42db51,Bündnis 90/DIE GRÜNEN Eislingen
81175003019,2129,4,SPD,NA,#f20707,Sozialdemokratische Partei Deutschlands
81175003019,2129,5,EDM,NA,#42d6c2,EislingerDemokratischeMitte
81175003019,2129,6,WfE,NA,#e88e20,Wir für Eislingen
81175003037,2422,1,Ott Bü,NA,#eaf200,Ottenbacher Bürger
81175003037,2422,2,freie Zeile,NA,#b238ee,Vom Wähler vorgeschlagene Personen
81175003042,6654,1,CDU,NA,#32302e,Christlich Demokratische Union Deutschlands
81175003042,6654,2,SPD,NA,#ff0000,Sozialdemokratische Partei Deutschlands
81175003042,6654,3,SÖS,NA,#b12ed9,Salach Ökologisch Sozial
81175004007,5877,1,BWV,NA,#1f38f2,Bürgerliche Wählervereinigung
81175004007,5877,2,CDU,NA,#000000,Christlich Demokratische Union Deutschlands
81175004024,3586,1,CDU,NA,#32302e,Christlich Demokratische Union Deutschlands
81175004024,3586,2,FW,NA,#2e75b0,Freie Wähler Geislingen e.V.
81175004024,3586,3,GRÜNE,NA,#46962b,BÜNDNIS 90/DIE GRÜNEN
81175004024,3586,4,SPD,NA,#ff0000,Sozialdemokratische Partei Deutschlands
81175004024,3586,5,OLG,NA,#902ad4,OFFENE LISTE GEISLINGEN
81175004024,3586,6,FDP,NA,#ffed00,Freie Demokratische Partei
81175004024,3586,7,AfD,NA,#009ee0,Alternative für Deutschland
81175004033,2026,1,CDU,NA,#32302e,Christlich Demokratische Union Deutschlands
81175004033,2026,2,FWV Kuchen e.V.,NA,#f0a70a,Freie Wähler Kuchen e.V.
81175004033,2026,3,SPD,NA,#ff0000,Sozialdemokratische Partei Deutschlands
81175004033,2026,4,GRÜNE,NA,#46962b,BÜNDNIS 90/DIE GRÜNEN
81175004033,2026,5,FDP,NA,#ffed00,Freie Demokratische Partei
81175005026,1791,1,GRÜNE,NA,#46962b,BÜNDNIS 90/DIE GRÜNEN
81175005026,1791,2,CDU,NA,#32302e,Christlich Demokratische Union Deutschlands
81175005026,1791,3,SPD,NA,#ff0000,Sozialdemokratische Partei Deutschlands
81175005026,1791,4,FWG,NA,#0909b5,Freie Wähler Göppingen
81175005026,1791,5,FDP/FW,NA,#dae012,Freie Demokratische Partei / Freie Wähler
81175005026,1791,6,AfD,NA,#009ee0,Alternative für Deutschland
81175005026,1791,7,DIE LINKE,NA,#9900cc,DIE LINKE
81175005026,1791,8,PIRATEN,NA,#ff8800,Piratenpartei Deutschland
81175005053,2247,1,CDU,NA,#32302e,Christlich Demokratische Union Deutschlands
81175005053,2247,2,fww,NA,#e8b75d,Freie Wähler Wäschenbeuren e.V.
81175005053,2247,3,SPD,NA,#ff0000,Sozialdemokratische Partei Deutschlands
81175005053,2247,4,GRÜNE,NA,#46962b,BÜNDNIS 90/DIE GRÜNEN
81175005055,6086,1,Unabhängige Wählervereinigung Wangen,NA,#de8e26,Unabhängige Wählervereinigung Wangen
81175005055,6086,2,Christian Burger,NA,#b238ee,character(0)
81175005055,6086,3,Frank Scholz,NA,#b238ee,character(0)
81175005055,6086,4,Werner Friedrich,NA,#b238ee,character(0)
81175005055,6086,5,Tobias Krickl,NA,#b238ee,character(0)
81175005055,6086,6,Steffen Schurr,NA,#b238ee,character(0)
81175005055,6086,7,Horst Bauer,NA,#b238ee,character(0)
81175005055,6086,8,Andreas Uebele,NA,#b238ee,character(0)
81175005055,6086,9,Sebastian Stöckle,NA,#b238ee,character(0)
81175005055,6086,10,Valentin Steinheil,NA,#b238ee,character(0)
81175005055,6086,11,Thomas Mayer,NA,#b238ee,character(0)
81175005055,6086,12,Thomas Angerbauer,NA,#b238ee,character(0)
81175005055,6086,13,Markus Schurr (nicht wählbar),NA,#b238ee,character(0)
81175005055,6086,14,Peter Stecker,NA,#b238ee,character(0)
81175005055,6086,15,Steffen Weinert,NA,#b238ee,character(0)
81175005055,6086,16,Bärbel Hobelsberger,NA,#b238ee,character(0)
81175005055,6086,17,Erich Kröner,NA,#b238ee,character(0)
81175005055,6086,18,Yasmin Ben Hamida (nicht wählbar),NA,#b238ee,character(0)
81175005055,6086,19,Ingo Wahl,NA,#b238ee,character(0)
81175005055,6086,20,Helmut Skutta,NA,#b238ee,character(0)
81175005055,6086,21,Matthias Blaschko,NA,#b238ee,character(0)
81175005055,6086,22,Markus Roth (nicht wählbar),NA,#b238ee,character(0)
81175005055,6086,23,Swen Hofsäß,NA,#b238ee,character(0)
81175005055,6086,24,Dominik Hofmann,NA,#b238ee,character(0)
81175005055,6086,25,Jürgen Schimo,NA,#b238ee,character(0)
81175005055,6086,26,Martin Rösch,NA,#b238ee,character(0)
81175005055,6086,27,Samantha Hofsäß,NA,#b238ee,character(0)
81175005055,6086,28,Manuela Halbauer,NA,#b238ee,character(0)
81175005055,6086,29,Ralf Rempel,NA,#b238ee,character(0)
81175005055,6086,30,Monja Rohleder,NA,#b238ee,character(0)
81175005055,6086,31,Michael Kümmerle,NA,#b238ee,character(0)
81175005055,6086,32,Uwe Uebele,NA,#b238ee,character(0)
81175005055,6086,33,Volker Friedrich,NA,#b238ee,character(0)
81175005055,6086,34,Volker Stöckle,NA,#b238ee,character(0)
81175005055,6086,35,Rainer Schurr,NA,#b238ee,character(0)
81175005055,6086,36,Thomas Zeller,NA,#b238ee,character(0)
81175005055,6086,37,Heike Goldmann- Winkler,NA,#b238ee,character(0)
81175005055,6086,38,Peter Barth,NA,#b238ee,character(0)
81175006015,1721,1,CDU,NA,#32302e,Christlich Demokratische Union Deutschlands
81175006015,1721,2,FWV Donzdorf e.V.,NA,#999e9e,Freie Wählervereinigung Donzdorf-Reichenbach u.R-Winzingen e.V.
81175006015,1721,3,GRÜNE,NA,#46962b,BÜNDNIS 90/DIE GRÜNEN
81175006015,1721,4,SPD,NA,#ff0000,Sozialdemokratische Partei Deutschlands
81175006015,1721,5,FDP,NA,#ffed00,Freie Demokratische Partei
81175006015,1721,6,AfD,NA,#009ee0,Alternative für Deutschland
81175006025,5502,1,UWG-FW,NA,#0e24c7,Unabhängige Wählergemeinschaft - Freie Wähler
81175006025,5502,2,CDU/FWV,NA,#1f1919,Christlich Demokratische Union Deutschlands / Freie Wählervereinigung
81175006025,5502,3,GL,NA,#0acdf0,Gingener Liste
81175006025,5502,4,SPD,NA,#f00a30,Sozial Demokratische Partei Deutschlands
81175006025,5502,5,Grüne,NA,#0af257,BÜNDNIS 90 / DIE GRÜNEN
81175006049,4770,1,CDU,NA,#0d0c0c,Christlich Demokratische Union
81175006049,4770,2,SPD,NA,#f5142e,Sozialdemokratische Partei Deutschlands
81175006049,4770,3,BÜNDNIS 90 / DIE GRÜNEN,NA,#22ba2c,BÜNDNIS 90 / DIE GRÜNEN
81175006049,4770,4,Verein FDP/AFW Süßen e.V.,NA,#f2f20a,Verein FDP/AFW Süßen e.V.
81175006061,6952,1,Freie Wählervereinigung Lauterstein,NA,#3df518,Freie Wählervereinigung Lauterstein
81175006061,6952,2,freie Zeile,NA,#b238ee,Vom Wähler vorgeschlagene Personen
81175007035,7012,1,FW,NA,#000000,NA
81175007058,5652,1,Offene Kandidatenliste,NA,#ffffff,Offene Kandidatenliste
81175007058,5652,2,Bürger für Wiesensteig,NA,#ffffff,Bürger für Wiesensteig
81175007058,5652,3,AfD,NA,#009ee0,Alternative für Deutschland
81175007058,5652,4,Freie Liste,NA,#ffffff,Freie Liste
81175008009,6103,1,FWV,NA,#f08f11,Freie Wählervereinigung
81175008009,6103,2,SPD,NA,#ff0000,Sozialdemokratische Partei Deutschlands
81175008009,6103,3,CDU,NA,#32302e,Christlich Demokratische Union Deutschlands
81175008038,6705,1,UB,NA,#0ad4f7,Unabhängige Bürger Rechberghausen
81175008038,6705,2,GRÜNE,NA,#3bf516,Bündnis 90/Die Grünen
81175008038,6705,3,SPD,NA,#f71111,Sozialdemokratische Partei Deutschlands
81175008038,6705,4,CDU,NA,#000000,Christlich Demokratische Union Deutschlands
81175009012,6428,1,Grüne Liste Bad Boll,NA,#149c19,Grüne Liste Bad Boll
81175009012,6428,2,CDU,NA,#32302e,Christlich Demokratische Union Deutschlands
81175009012,6428,3,UWV,NA,#a2b2f2,Unabhängige Wählervereinigung
81175009060,5864,1,Bürgerforum Zell u. A./Pliensbach,NA,#42d651,Bürgerforum Zell u. A./Pliensbach
81175009060,5864,2,Freie Wählervereinigung Zell/Pliensbach,NA,#f5ea14,Freie Wählervereinigung Zell/Pliensbach
81175009060,5864,3,Fortschrittliche Wählergemeinschaft,NA,#f01150,Fortschrittliche Wählergemeinschaft
81175009060,5864,4,CDU,NA,#32302e,Christlich Demokratische Union Deutschlands
81175009060,5864,5,Unabhängige Liste Zell u. A./Pliensbach,NA,#dd15e8,Unabhängige Liste Zell u. A./Pliensbach
81175010003,6795,1,FWS,NA,#ffffff,Freie Wählerschaft
81175010003,6795,2,BWV,NA,#ffffff,Bürgerliche Wählervereinigung
81175010003,6795,3,CDU,NA,#ffffff,Christlich Demokratische Union Deutschlands
81175010051,4810,1,FWV,NA,#4fe5f0,Freie Wählervereinigung Uhingen
81175010051,4810,2,UBU,NA,#d99632,Unabhängige Bürger Uhingen
81175010051,4810,3,SPD,NA,#ff0000,Sozialdemokratische Partei Deutschlands
81175010051,4810,4,CDU,NA,#32302e,Christlich Demokratische Union Deutschlands
81175010051,4810,5,FDP / UB,NA,#aee640,Freie Demokratische Partei / Unabhängige Bürger
81175010051,4810,6,Bündnis 90 / Die Grünen,NA,#1abd20,Bündnis 90 / Die Grünen
81175010051,4810,7,AfD,NA,#009ee0,Alternative für Deutschland
81175011020,5991,1,Bürger-Aktion Eschenbach,NA,#95d959,Bürger-Aktion Eschenbach
81175011020,5991,2,Freie Wählervereinigung Eschenbach,NA,#c8d424,Freie Wählervereinigung Eschenbach
81175011030,5781,1,CDU,NA,#0d0c0c,Freie Bürgerliste/Christlich Demokratische Union Deutschlands
81175011030,5781,2,Frauenliste,NA,#27e8e8,Frauenliste Heiningen
81175011030,5781,3,Freie Wählerliste,NA,#f00e0e,Freie Wählerliste
81180003003,5801,1,Freie Wähler,NA,#f29204,Freie Wähler Asperg e.V.
81180003003,5801,2,GRÜNE,NA,#46962b,BÜNDNIS 90/DIE GRÜNEN
81180003003,5801,3,CDU,NA,#32302e,Christlich Demokratische Union Deutschlands
81180003003,5801,4,SPD,NA,#ff0000,Sozialdemokratische Partei Deutschlands
81180003003,5801,5,FDP,NA,#ffed00,Freie Demokratische Partei
81180011011,2147,1,CDU,NA,#32302e,Christlich Demokratische Union Deutschlands
81180011011,2147,2,Freie Wähler/FW,NA,#eb8a0c,Freie Wähler Stadtverband Ditzingen e.V.
81180011011,2147,3,GRÜNE,NA,#46962b,BÜNDNIS 90/DIE GRÜNEN
81180011011,2147,4,SPD,NA,#ff0000,Sozialdemokratische Partei Deutschlands
81180011011,2147,5,UB,NA,#b00bbf,Unabhängige Bürger
81180011011,2147,6,FDP,NA,#ffed00,Freie Demokratische Partei
81180011011,2147,7,AfD,NA,#009ee0,Alternative für Deutschland
81180011011,2147,8,Junge Liste,NA,#09e6ed,Junge Liste Ditzingen
81180019019,1754,1,FREIE WÄHLER,NA,#f29204,FREIE WÄHLER
81180019019,1754,2,CDU,NA,#32302e,Christlich Demokratische Union Deutschlands
81180019019,1754,3,GRÜNE,NA,#46962b,BÜNDNIS 90/DIE GRÜNEN
81180019019,1754,4,Junge Gerlinger,NA,#8a8080,Junge Gerlinger
81180019019,1754,5,FDP,NA,#ffed00,Freie Demokratische Partei
81180019019,1754,6,SPD,NA,#ff0000,Sozialdemokratische Partei Deutschlands
81180019019,1754,7,AfD,NA,#009ee0,Alternative für Deutschland
81180021021,5558,1,FBWV,NA,#6ef525,Freie Bürgerliche Wählervereinigung
81180021021,5558,2,CDU,NA,#32302e,Christlich Demokratische Union Deutschlands
81180021021,5558,3,SPD,NA,#ff0000,Sozialdemokratische Partei Deutschlands
81180021021,5558,4,FDP,NA,#ffed00,Freie Demokratische Partei
81180021021,5558,5,GRÜNE,NA,#46962b,BÜNDNIS 90/DIE GRÜNEN
81180046046,2650,1,CDU,NA,#32302e,Christlich Demokratische Union Deutschlands
81180046046,2650,2,GRÜNE,NA,#46962b,BÜNDNIS 90/DIE GRÜNEN
81180046046,2650,3,FREIE WÄHLER,NA,#179de6,Freie Wählervereinigung Kornwestheim e.V.
81180046046,2650,4,SPD,NA,#ff0000,Sozialdemokratische Partei Deutschlands
81180046046,2650,5,FDP,NA,#ffed00,Freie Demokratische Partei
81180046046,2650,6,VIELFALT,NA,#981be0,Bündnis der Vielfalt Kornwestheim
81180048048,1726,1,GRÜNE,NA,#46962b,BÜNDNIS 90/DIE GRÜNEN
81180048048,1726,2,CDU,NA,#32302e,Christlich Demokratische Union Deutschlands
81180048048,1726,3,Freie Wähler,NA,#c5ff26,Freie Wähler Ludwigsburg
81180048048,1726,4,SPD,NA,#ff0000,Sozialdemokratische Partei Deutschlands
81180048048,1726,5,FDP,NA,#ffed00,Freie Demokratische Partei
81180048048,1726,6,DIE LINKE,NA,#9900cc,DIE LINKE
81180048048,1726,7,Vielfalt,NA,#f5970a,Bündnis der Vielfalt
81180048048,1726,8,LUBU,NA,#007832,Liste Unabhängiger Bürgerinnen Und Bürger
81180048048,1726,9,AfD,NA,#009ee0,Alternative für Deutschland
81180050050,2091,1,FW,NA,#ed7a1c,Freie Wähler Markgröningen-Unterriexingen
81180050050,2091,2,CDU,NA,#32302e,Christlich Demokratische Union Deutschlands
81180050050,2091,3,SPD,NA,#ff0000,Sozialdemokratische Partei Deutschlands
81180050050,2091,4,GAL,NA,#74db97,Grün-Alternative Liste Markgröningen
81180050050,2091,5,FDP,NA,#ffed00,Freie Demokratische Partei
81180050050,2091,6,AfD,NA,#009ee0,Alternative für Deutschland
81180051051,5432,1,FWV,NA,#31d1f5,Freie Wählervereinigung Möglingen e.V.
81180051051,5432,2,CDU/WU,NA,#1a1717,Christlich Demokratische Union Deutschlands/Wählerunion
81180051051,5432,3,GRÜNE,NA,#46962b,BÜNDNIS 90/DIE GRÜNEN
81180051051,5432,4,SPD,NA,#ff0000,Sozialdemokratische Partei Deutschlands
81180051051,5432,5,FDP,NA,#ffed00,Freie Demokratische Partei
81180051051,5432,6,Vielfalt,NA,#d1cfcd,Bündnis der Vielfalt
81180060060,6345,1,FW,NA,#b7cc01,Freie Wähler Oberstenfeld
81180060060,6345,2,CDU,NA,#32302e,Christlich Demokratische Union Deutschlands
81180060060,6345,3,SPD,NA,#ff0000,Sozialdemokratische Partei Deutschlands
81180076076,1996,1,FW,NA,#bee649,Freie Wähler Sachsenheim
81180076076,1996,2,GLS,NA,#30991c,Grüne Liste Sachsenheim
81180076076,1996,3,CDU,NA,#32302e,Christlich Demokratische Union Deutschlands
81180076076,1996,4,SPD,NA,#ff0000,Sozialdemokratische Partei Deutschlands
81180076076,1996,5,FDP,NA,#ffed00,Freie Demokratische Partei
81180076076,1996,6,S.F.S.,NA,#e346af,Sachsenheimer für Sachsenheim
81180076076,1996,7,WIR,NA,#f59402,Wir mit Herz für alle Stadtteile Sachsenheim
81180080080,2982,1,FW,NA,#13b0b0,Freie Wähler Korntal-Münchingen
81180080080,2982,2,CDU,NA,#32302e,Christlich Demokratische Union Deutschlands
81180080080,2982,3,GRÜNE,NA,#46962b,BÜNDNIS 90/DIE GRÜNEN
81180080080,2982,4,SPD,NA,#ff0000,Sozialdemokratische Partei Deutschlands
81180080080,2982,5,FDP,NA,#ffed00,Freie Demokratische Partei
81180081081,3067,1,Freie Wähler,NA,#64eb1c,Freie Wähler
81180081081,3067,2,GRÜNE,NA,#46962b,BÜNDNIS 90/DIE GRÜNEN
81180081081,3067,3,CDU,NA,#32302e,Christlich Demokratische Union Deutschlands
81180081081,3067,4,FDP,NA,#ffed00,Freie Demokratische Partei
81180081081,3067,5,SPD,NA,#ff0000,Sozialdemokratische Partei Deutschlands
81185001007,2134,1,BMU,NA,#458c29,Bündnis Mensch und Umwelt
81185001007,2134,2,CDU,NA,#32302e,Christlich Demokratische Union Deutschlands
81185001007,2134,3,FW Besigheim,NA,#4b44c9,Freie Wähler Besigheim e.V.
81185001007,2134,4,SPD,NA,#ff0000,Sozialdemokratische Partei Deutschlands
81185001007,2134,5,FDP,NA,#ffed00,Freie Demokratische Partei
81185001007,2134,6,SIP,NA,#b441d1,Stadtimpulse
81185001016,5261,1,BGF,NA,#3f5be8,Bürgergruppe Freudental e.V.
81185001016,5261,2,CDU,NA,#32302e,Christlich Demokratische Union Deutschlands
81185001016,5261,3,SPD / UBF,NA,#e81313,Sozialdemokratische Partei Deutschlands / Unabhängige Bürger Freudental
81185001016,5261,4,FM,NA,#4a8f35,Freudentaler Mitte
81185001018,5498,1,Aktives Gemmrigheim,NA,#d41cc7,Aktives Gemmrigheim
81185001018,5498,2,CDU,NA,#32302e,Christlich Demokratische Union Deutschlands
81185001018,5498,3,FWV,NA,#25d9b5,Freie Wählervereinigung Gemmrigheim
81185001028,1674,1,Bürger für Hessigheim,NA,#0d30bd,Bürger für Hessigheim
81185001028,1674,2,Unabhängige Bürgerliste Hessigheim,NA,#f5f540,Unabhängige Bürgerliste Hessigheim
81185001047,6812,1,FWL,NA,#e89313,Freie Wähler Löchgau
81185001047,6812,2,CDU,NA,#000000,Christlich Demokratische Union
81185001047,6812,3,SPD,NA,#f70521,Sozialdemokratische Partei Deutschlands
81185001053,2492,1,FBW,NA,#4634eb,Freie Bürgerliche Wählervereinigung
81185001053,2492,2,BWV,NA,#c40e4e,Bürgerliche Wählervereinigung Mundelsheim
81185001053,2492,3,FWV,NA,#2aeb54,Freie Wählervereinigung Mundelsheim
81185001053,2492,4,Familien für Mundelsheim,NA,#d7e330,Familien für Mundelsheim
81185001074,6258,1,Freie Wählervereinigung Walheim,NA,#1996d4,Freie Wählervereinigung Walheim
81185001074,6258,2,Offene Liste Walheim,NA,#a3bd33,Offene Liste Walheim
81185002071,4587,1,AWV,NA,#008bd2,Allgemeine Wählervereinigung - Freie Wähler Tamm e.V.
81185002071,4587,2,CDU,NA,#32302e,Christlich Demokratische Union Deutschlands
81185002071,4587,3,GRÜNE,NA,#46962b,BÜNDNIS 90/DIE GRÜNEN
81185002071,4587,4,LLT,NA,#f7941d,Liste lebenswertes Tamm
81185002071,4587,5,SPD,NA,#ff0000,Sozialdemokratische Partei Deutschlands
81185002077,3150,1,FWG,NA,#4b46d4,Freie Wählergemeinschaft Ingersheim
81185002077,3150,2,SPD/FB,NA,#f04141,Sozialdemokratische Partei Deutschlands/Fortschrittliche Bürger
81185002077,3150,3,CDU,NA,#32302e,Christlich Demokratische Union Deutschlands
81185002077,3150,4,MiT,NA,#4adb25,MiT-Ingersheim
81185002077,3150,5,FDP,NA,#ffed00,Freie Demokratische Partei
81185002079,4531,1,CDU,NA,#32302e,Christlich Demokratische Union Deutschlands
81185002079,4531,2,GAL,NA,#2eeb15,Grün-Alternative Liste Bietigheim-Bissingen
81185002079,4531,3,FW,NA,#b7cb00,Freie Wähler Bietigheim-Bissingen e.V.
81185002079,4531,4,SPD,NA,#ff0000,Sozialdemokratische Partei Deutschlands
81185002079,4531,5,FDP,NA,#ffed00,Freie Demokratische Partei
81185002079,4531,6,BMD,NA,#f7c10f,Bündnis für mehr Mitwirkung und Demokratie
81185002079,4531,7,AfD,NA,#009ee0,Alternative für Deutschland
81185002079,4531,8,BAT,NA,#f5750c,Bürgerliste Aktive Teilhabe für Bietigheim-Bissingen
81185003010,4418,1,FWV/CDU,NA,#ff8800,Freie Wählervereinigung Bönnigheim/Christlich Demokratische Union Deutschlands
81185003010,4418,2,UWG,NA,#b700ff,Unabhängige Wählergemeinschaft Bönnigheim
81185003010,4418,3,GRÜNE,NA,#46962b,BÜNDNIS 90/DIE GRÜNEN
81185003010,4418,4,SPD,NA,#ff0000,Sozialdemokratische Partei Deutschlands
81185003010,4418,5,ABö,NA,#1b0091,Aktive Bönnigheimer
81185003015,2373,1,FEW,NA,#1aed6b,Freie Erligheimer Wählergemeinschaft
81185003015,2373,2,EB,NA,#2abf75,Erligheimer Bürger
81185003040,2181,1,Wählergemeinschaft Kirchheim am Neckar (WGK),NA,#57dede,Wählergemeinschaft Kirchheim am Neckar (WGK)
81185003040,2181,2,Unabhängigen Wählervereinigung Kirchheim am Neckar (Die Unabhängigen),NA,#f5e10a,Unabhängigen Wählervereinigung Kirchheim am Neckar (Die Unabhängigen)
81185003040,2181,3,Christlich Demokratische Union Deutschlands - CDU,NA,#12de26,Christlich Demokratische Union Deutschlands - CDU
81185004063,5564,1,CDU,NA,#32302e,Christlich Demokratische Union Deutschlands
81185004063,5564,2,WIR,NA,#717a61,WIR - Bürger für Pleidelsheim
81185004063,5564,3,FWV,NA,#d0d627,Freie Wählervereinigung Pleidelsheim e. V.
81185004063,5564,4,SPD,NA,#ff0000,Sozialdemokratische Partei Deutschlands
81185004063,5564,5,Vielfalt,NA,#a64686,Bündnis der Vielfalt
81185004078,4061,1,FW,NA,#09dfeb,Freie Wähler Freiberg am Neckar e.V.
81185004078,4061,2,CDU,NA,#32302e,Christlich Demokratische Union Deutschlands
81185004078,4061,3,GRÜNE,NA,#46962b,BÜNDNIS 90/DIE GRÜNEN
81185004078,4061,4,SPD,NA,#ff0000,Sozialdemokratische Partei Deutschlands
81185004078,4061,5,FDP,NA,#ffed00,Freie Demokratische Partei
81185004078,4061,6,FBFET,NA,#f2910a,"Freiberger Bürgerallianz für Fortschritt, Entwicklung und Tradition"
81185005001,6903,1,FWV,NA,#a5bce6,Freie Wählervereinigung Affalterbach
81185005001,6903,2,CDU,NA,#32302e,Christlich Demokratische Union Deutschlands
81185005001,6903,3,SPD,NA,#ff0000,Sozialdemokratische Partei Deutschlands
81185005001,6903,4,ULA,NA,#e8acdd,Unabhängige Liste Affalterbach
81185005001,6903,5,GRÜNE,NA,#46962b,BÜNDNIS 90/DIE GRÜNEN
81185005006,5199,1,FWV,NA,#ffffff,Freie Wähler Vereinigung
81185005006,5199,2,CDU,NA,#32302e,Christlich Demokratische Union Deutschlands
81185005006,5199,3,SPD,NA,#ff0000,Sozialdemokratische Partei Deutschlands
81185005006,5199,4,ULB,NA,#ffffff,Unabhängige Liste Benningen
81185005006,5199,5,GRÜNE,NA,#46962b,BÜNDNIS 90/DIE GRÜNEN
81185005014,4775,1,FWV,NA,#ffffff,Freie Wählervereinigung Erdmannhausen
81185005014,4775,2,CDU,NA,#32302e,Christlich Demokratische Union Deutschlands
81185005014,4775,3,GRÜNE,NA,#46962b,BÜNDNIS 90/DIE GRÜNEN
81185005014,4775,4,BLE,NA,#ffffff,Bürgerliste Erdmannhausen
81185005049,5970,1,FW,NA,#196fd1,Freie Wähler Marbach am Neckar
81185005049,5970,2,SPD,NA,#ff0000,Sozialdemokratische Partei Deutschlands
81185005049,5970,3,GRÜNE,NA,#46962b,BÜNDNIS 90/DIE GRÜNEN
81185005049,5970,4,CDU,NA,#32302e,Christlich Demokratische Union Deutschlands
81185005049,5970,5,PULS,NA,#cc234a,Parteiunabhängige Liste Solidarität
81185006027,4689,1,CDU,NA,#32302e,Christlich Demokratische Union Deutschlands
81185006027,4689,2,FWH e.V.,NA,#e8ae1c,Freie Wähler Hemmingen e.V.
81185006027,4689,3,SPD,NA,#ff0000,Sozialdemokratische Partei Deutschlands
81185006027,4689,4,FDP,NA,#ffed00,Freie Demokratische Partei
81185006027,4689,5,GRÜNE,NA,#46962b,BÜNDNIS 90/DIE GRÜNEN
81185006027,4689,6,BdVH,NA,#00b6e8,Bündnis der Vielfalt Hemmingen
81185006067,1723,1,FWV,NA,#232cd9,Freie Wählervereinigung Schwieberdingen e. V.
81185006067,1723,2,CDU,NA,#32302e,Christlich Demokratische Union Deutschlands
81185006067,1723,3,GRÜNE,NA,#46962b,BÜNDNIS 90/DIE GRÜNEN
81185006067,1723,4,ABG,NA,#bfbfbf,Aktive Bürgergemeinschaft Schwieberdingen e. V.
81185006067,1723,5,FDP,NA,#ffed00,Freie Demokratische Partei
81185006067,1723,6,SPD,NA,#ff0000,Sozialdemokratische Partei Deutschlands
81185007054,2427,1,FWV,NA,#6793e6,Freie Wählervereinigung Murr e.V.
81185007054,2427,2,CDU,NA,#32302e,Christlich Demokratische Union Deutschlands
81185007054,2427,3,SPD,NA,#ff0000,Sozialdemokratische Partei Deutschlands
81185007054,2427,4,GRÜNE,NA,#46962b,BÜNDNIS 90/DIE GRÜNEN
81185007070,6122,1,CDU,NA,#32302e,Christlich Demokratische Union Deutschlands
81185007070,6122,2,FWV,NA,#faba43,Freie Wähler Steinheim an der Murr e.V.
81185007070,6122,3,GRÜNE,NA,#46962b,BÜNDNIS 90/DIE GRÜNEN
81185007070,6122,4,SPD,NA,#ff0000,Sozialdemokratische Partei Deutschlands
81185008012,5175,1,CDU,NA,#32302e,Christlich Demokratische Union Deutschlands
81185008012,5175,2,FWE,NA,#ebaf26,Freie Wähler Eberdingen
81185008012,5175,3,SPD/Grüne Liste,NA,#e63030,SPD/Grüne Liste
81185008059,3669,1,UBO,NA,#bdba00,Unabhängige Bürger Oberriexingen
81185008059,3669,2,OBL,NA,#d99100,Oberriexinger Bürgerliste
81185008059,3669,3,FLF,NA,#0526ff,Freie Liste Frauen
81185008068,3358,1,FW - FWS,NA,#ffffff,Freie Wähler - Freie Wählervereinigung Sersheim
81185008068,3358,2,UBS,NA,#ffffff,Unabhängige Bürger Sersheim e.V.
81185008068,3358,3,CDU-FSL,NA,#ffffff,"Christlich Demokratische Union Deutschlands - Freie Sersheimer Liste ""Gemeinsam für Sersheim"""
81185008068,3358,4,SWG,NA,#ffffff,Sersheimer Wählergemeinschaft
81185008073,2685,1,FW,NA,#7d6969,Freie Wähler Verwaltungsgemeinschaft Vaihingen an der Enz e.V.
81185008073,2685,2,CDU,NA,#32302e,Christlich Demokratische Union Deutschlands
81185008073,2685,3,GRÜNE,NA,#46962b,BÜNDNIS 90/DIE GRÜNEN
81185008073,2685,4,BbV,NA,#e0a71f,Bürger bewegen Vaihingen
81185008073,2685,5,SPD,NA,#ff0000,Sozialdemokratische Partei Deutschlands
81185008073,2685,6,FDP,NA,#ffed00,Freie Demokratische Partei
81185008073,2685,7,Wir in Vaihingen,NA,#e01da9,Wir in Vaihingen
81185008073,2685,8,DIE LINKE,NA,#9900cc,DIE LINKE
81185008073,2685,9,AfD,NA,#009ee0,Alternative für Deutschland
81190001001,3209,1,FW,NA,#1c4a9e,Freie Wählervereinigung Alfdorf
81190001001,3209,2,CDU,NA,#32302e,Christlich Demokratische Union Deutschlands
81190001001,3209,3,UBL,NA,#47d90d,Unabhängige Bürgerliste
81190020020,3726,1,FW-FD,NA,#ffff00,Freie Wähler und Freie Demokraten Fellbach e. V.
81190020020,3726,2,CDU,NA,#32302e,Christlich Demokratische Union Deutschlands
81190020020,3726,3,GRÜNE,NA,#46962b,BÜNDNIS 90/DIE GRÜNEN
81190020020,3726,4,SPD,NA,#ff0000,Sozialdemokratische Partei Deutschlands
81190020020,3726,5,WUFF,NA,#c488db,Wir - unabhängig für Fellbach
81190020020,3726,6,Stadtmacher Fellbach,NA,#9bcf19,Stadtmacher Fellbach
81190041041,6829,1,Korber Freie Bürger,NA,#0c31ed,Korber Freie Bürger
81190041041,6829,2,CDU / FW,NA,#000000,Christlich Demokratische Union / Freie Wähler
81190041041,6829,3,Bündnis 90 / Die Grünen,NA,#0cf50c,Bündnis 90 / Die Grünen
81190041041,6829,4,SPD,NA,#ff0000,Sozialdemokratische Partei Deutschlands
81190044044,5371,1,CDU/FWV,NA,#000000,Christlich Demokratische Union Deutschlands/Freie Wählervereinigung
81190044044,5371,2,UL,NA,#36648b,Unabhängige Liste
81190044044,5371,3,MDAL/Die Grünen,NA,#228b22,Murrhardter Demokraten/Alternative Liste - Bündnis 90/Die Grünen
81190044044,5371,4,SPD,NA,#ff3030,Sozialdemokratische Partei Deutschlands
81190061061,5070,1,Rudersberger Bürger,NA,#468a32,Rudersberger Bürger
81190061061,5070,2,Freie Wählervereinigung Rudersberg,NA,#fa820a,Freie Wählervereinigung Rudersberg
81190061061,5070,3,CDU,NA,#32302e,Christlich Demokratische Union Deutschlands
81190061061,5070,4,SPD,NA,#ff0000,Sozialdemokratische Partei Deutschlands
81190079079,3594,1,CDU/FW,NA,#000000,Christlich Demokratische Union und Freie Wähler
81190079079,3594,2,SPD,NA,#ff0000,Sozialdemokratische Partei Deutschlands
81190079079,3594,3,FW-DFB,NA,#0e7ab0,Freie Wähler - Demokratische Freie Bürger
81190079079,3594,4,ALi,NA,#abe069,Alternative Liste Waiblingen
81190079079,3594,5,FDP,NA,#ffed00,Freie Demokratische Partei
81190079079,3594,6,GRÜNT,NA,#4e8f15,"Grüne, Natur- und Tierfreunde Waiblingen"
81190079079,3594,7,BüBi,NA,#1e4d0b,Bürgerliste Bittenfeld
81190079079,3594,8,Tierschutzpartei,NA,#d2d2d2,PARTEI MENSCH UMWELT TIERSCHUTZ
81190079079,3594,9,GRÜNE,NA,#46962b,BÜNDNIS 90/DIE GRÜNEN
81190089089,4179,1,BWV,NA,#40ded6,Bürgerliche Wählervereinigung Berglen
81190089089,4179,2,SPD-oLB,NA,#de2c2c,Sozialdemokratische Partei Deutschlands und offene Liste Berglen
81190090090,3485,1,BWV,NA,#1a14db,Bürgerliche Wählervereinigung Remshalden
81190090090,3485,2,CDU,NA,#32302e,Christlich Demokratische Union Deutschlands
81190090090,3485,3,SPD,NA,#ff0000,Sozialdemokratische Partei Deutschlands
81190090090,3485,4,FDP/FW,NA,#e3f20f,"Freie Demokratische Partei/Freie Wähler, Remshalden"
81190090090,3485,5,GRÜNE,NA,#46962b,BÜNDNIS 90/DIE GRÜNEN
81190091091,3628,1,CDU,NA,#32302e,Christlich Demokratische Union Deutschlands
81190091091,3628,2,FWW,NA,#f0ac00,Freie Wähler Weinstadt e.V.
81190091091,3628,3,GRÜNE,NA,#46962b,BÜNDNIS 90/DIE GRÜNEN
81190091091,3628,4,SPD,NA,#ff0000,Sozialdemokratische Partei Deutschlands
81190093093,3555,1,CDU,NA,#32302e,Christlich Demokratische Union Deutschlands
81190093093,3555,2,UFW,NA,#d9d91a,Unabhängige Freie Wähler
81190093093,3555,3,OGL,NA,#12e068,Offene Grüne Liste Kernen
81190093093,3555,4,SPD,NA,#ff0000,Sozialdemokratische Partei Deutschlands
81190093093,3555,5,PFB,NA,#c213ed,PARTEIFREIES BÜNDNIS
81190093093,3555,6,FDP,NA,#ffed00,Freie Demokratische Partei
81190093093,3555,7,OLK,NA,#6b592b,Offene Liste für Kernen
81190093093,3555,8,BZG,NA,#297078,Bündnis Zukunft Gestalten
81195001003,7312,1,UWV,NA,#110e6b,Unabhängige Wählervereinigung
81195001003,7312,2,NLAH,NA,#fcd572,Neue Liste Allmersbach-Heutensbach
81195001004,4935,1,FREIE WÄHLERVEREINIGUNG,NA,#000000,FREIE WÄHLERVEREINIGUNG
81195001004,4935,2,BÜRGERLISTE,NA,#ff0000,BÜRGERLISTE
81195001004,4935,3,FA 2000,NA,#15ff00,FORUM ALTHÜTTE 2000
81195001006,6001,1,BWA,NA,#124de3,Bürgerliche Wählervereinigung Auenwald
81195001006,6001,2,NLA,NA,#28dec9,Neue Liste Auenwald
81195001006,6001,3,UWA,NA,#e9f71e,Unabhängige Wählergemeinschaft Auenwald
81195001006,6001,4,FWA,NA,#cbed34,Freie Wählervereinigung Auenwald
81195001008,4010,1,CDU,NA,#32302e,Christlich Demokratische Union Deutschlands
81195001008,4010,2,GRÜNE,NA,#46962b,BÜNDNIS 90/DIE GRÜNEN
81195001008,4010,3,SPD,NA,#ff0000,Sozialdemokratische Partei Deutschlands
81195001008,4010,4,AfD,NA,#009ee0,Alternative für Deutschland
81195001008,4010,5,CIB,NA,#f24edc,Christliche Initiative Backnang
81195001008,4010,6,BD,NA,#eb973d,Backnanger Demokraten
81195001008,4010,7,BfB,NA,#e6c627,Bürgerforum Backnang
81195001008,4010,8,B&B,NA,#35f0c7,Bürgerstimme Backnang
81195001008,4010,9,BDB,NA,#6477bd,Bündnis Deutscher Bürger
81195001008,4010,10,Junge Liste Backnang,NA,#a32bc4,Junge Liste Backnang
81195001018,2239,1,Wählervereinigung,NA,#48d4c8,Freie Wählervereinigung Burgstetten
81195001018,2239,2,Bürgervereinigung,NA,#79318f,Bürgervereinigung Burgstetten
81195001038,6390,1,BUK,NA,#e81a1a,Bürger Union Kirchberg
81195001038,6390,2,UBK,NA,#3f22e3,Unabhängige Bürgerschaft Kirchberg
81195001038,6390,3,Freie Liste Kirchberg,NA,#ecf235,Freie Liste Kirchberg
81195001038,6390,4,GGK,NA,#25cc2a,Gesundes Gemeinwesen Kirchberg
81195001053,6827,1,FGO,NA,#f0f030,Freie Gemeindeliste Oppenweiler
81195001053,6827,2,FWV,NA,#ed721a,Freie Wählervereinigung Oppenweiler
81195001083,5750,1,CDU/ FWV,NA,#000000,Christlich Demokratische Union/ Freie Wählervereinigung
81195001083,5750,2,UBL,NA,#e5f55b,Unabhängige Bürgerliste Weissach im Tal
81195001083,5750,3,SPD,NA,#ff0000,Sozialdemokratische Partei Deutschlands
81195001083,5750,4,OGL,NA,#13cf45,Offene Grüne Liste
81195001087,2829,1,FWA,NA,#27e36f,Freie Wählervereinigung Aspach
81195001087,2829,2,CDU und Bürgerliche Wählerliste Aspach,NA,#000000,Christlich Demokratische Union und Bürgerliche Wählerliste Aspach
81195001087,2829,3,SPD und Aspacher Demokraten,NA,#ed1a1a,Sozialdemokraitsche Partei Deutschland und Aspacher Demokraten
81195002055,3619,1,CDU,NA,#32302e,Christlich Demokratische Union Deutschlands
81195002055,3619,2,Freie Wähler Plüderhausen e.V.,NA,#f5f516,Freie Wähler Plüderhausen e.V.
81195002055,3619,3,SPD,NA,#ff0000,Sozialdemokratische Partei Deutschlands
81195002055,3619,4,GLU,NA,#43f054,Grüne Liste Umwelt
81195002055,3619,5,UBP,NA,#00f7ff,Unabhängige Bürgerliste Plüderhausen
81195002076,4176,1,Freie Wähler Urbach,NA,#2ac8d4,Freie Wähler Urbach
81195002076,4176,2,CDU,NA,#32302e,Christlich Demokratische Union Deutschlands
81195002076,4176,3,GRÜNE,NA,#46962b,BÜNDNIS 90/DIE GRÜNEN
81195002076,4176,4,BLU,NA,#eda011,Bürgerliste Urbach
81195002076,4176,5,SPD,NA,#ff0000,Sozialdemokratische Partei Deutschlands
81195002076,4176,6,JU,NA,#a11ec9,"Liste ""Junges Urbach"""
81195003067,2942,1,CDU,NA,#32302e,Christlich Demokratische Union Deutschlands
81195003067,2942,2,SPD,NA,#ff0000,Sozialdemokratische Partei Deutschlands
81195003067,2942,3,GRÜNE,NA,#46962b,BÜNDNIS 90/DIE GRÜNEN
81195003067,2942,4,FDP - FW,NA,#f5e90a,Freie Demokratische Partei - Freie Wähler
81195003067,2942,5,AfD,NA,#009ee0,Alternative für Deutschland
81195003067,2942,6,BSS,NA,#d927d9,Bürgerstimme Schorndorf
81195003086,5475,1,BWV,NA,#2643d4,Bürgerliche Wählervereinigung Winterbach-Engelberg-Manolzweiler
81195003086,5475,2,GRÜNE,NA,#46962b,BÜNDNIS 90/DIE GRÜNEN
81195003086,5475,3,CDU,NA,#32302e,Christlich Demokratische Union Deutschlands
81195003086,5475,4,SPD,NA,#ff0000,Sozialdemokratische Partei Deutschlands
81195004024,4347,1,FWV,NA,#f52905,Freie Wählervereinigung der Gemeinde Großerlach
81195004024,4347,2,UWL,NA,#edf514,Unabhängige Wählerliste
81195004069,3916,1,FW,NA,#ebbd28,Freie Wählervereinigung
81195004069,3916,2,GVL,NA,#db9e02,Gemeinsam Vorwärts Liste
81195004075,5072,1,UBL,NA,#136dd4,Unabhängige Bürgerliste
81195004075,5072,2,CDU/FW,NA,#000000,Christlich Demokratische Union Deutschlands / Freie Wähler
81195004075,5072,3,Grüne,NA,#138724,Bündnis 90 / Die Grünen
81195004075,5072,4,PULS,NA,#e8e813,Parteiunabhängige Liste Sulzbach an der Murr
81195005037,5206,1,Freie Bürger Liste,NA,#fcc900,Freie Bürger Liste
81195005037,5206,2,Aktive Wähler-Vereinigung,NA,#13823e,Aktive Wähler-Vereinigung
81195005084,5654,1,WBF,NA,#56016b,Welzheimer BürgerForum
81195005084,5654,2,FWV,NA,#ffae00,Freie Wählervereinigung Welzheim
81195005084,5654,3,CDU,NA,#32302e,Christlich Demokratische Union Deutschlands
81195005084,5654,4,SPD,NA,#ff0000,Sozialdemokratische Partei Deutschlands
81195005084,5654,5,PIRATEN,NA,#ff8800,Piratenpartei Deutschland
81195006042,5901,1,FWG,NA,#efff0a,Freie Wählergemeinschaft Leutenbach
81195006042,5901,2,CDU,NA,#32302e,Christlich Demokratische Union Deutschlands
81195006042,5901,3,SPD,NA,#ff0000,Sozialdemokratische Partei Deutschlands
81195006042,5901,4,GRÜNE,NA,#46962b,BÜNDNIS 90/DIE GRÜNEN
81195006068,3727,1,CDU-Freie Bürger,NA,#030202,Christlich Demokratische Union Deutschlands-Freie Bürger
81195006068,3727,2,SPD,NA,#f00e21,Sozialdemokratische Partei Deutschland
81195006068,3727,3,Grüne,NA,#12a353,Bündnis 90/Die Grünen
81195006068,3727,4,FDP / Freie Wähler,NA,#f013c7,Freie Demokratische Partei / Freie Wähler
81195006085,2377,1,FWV,NA,#1355d1,Freie Wählervereinigung Winnenden
81195006085,2377,2,CDU,NA,#32302e,Christlich Demokratische Union Deutschlands
81195006085,2377,3,FDP,NA,#ffed00,Freie Demokratische Partei
81195006085,2377,4,SPD,NA,#ff0000,Sozialdemokratische Partei Deutschlands
81195006085,2377,5,GRÜNE/ALI,NA,#2fa337,BÜNDNIS 90/DIE GRÜNEN - Alternative und Grüne Liste Winnenden
81195006085,2377,6,BWin,NA,#f5a30a,Bürgerstimme Winnenden
81210000000,2187,1,CDU,NA,#32302e,Christlich Demokratische Union Deutschlands
81210000000,2187,2,GRÜNE,NA,#46962b,BÜNDNIS 90/DIE GRÜNEN
81210000000,2187,3,SPD,NA,#ff0000,Sozialdemokratische Partei Deutschlands
81210000000,2187,4,FWV,NA,#f58e3b,Freie Wähler Stadtverband Heilbronn e. V.
81210000000,2187,5,FDP,NA,#ffed00,Freie Demokratische Partei
81210000000,2187,6,AfD,NA,#009ee0,Alternative für Deutschland
81210000000,2187,7,DIE LINKE,NA,#9900cc,DIE LINKE
81210000000,2187,8,PRO,NA,#0f2cbd,Bürgerbewegung PRO Heilbronn e. V.
81210000000,2187,9,UfHN,NA,#50d3eb,Unabhängige für Heilbronn e. V.
81210000000,2187,10,Gemeinsam für unser HN,NA,#c499e0,Gemeinsam für unser HN
81210000000,2187,11,Die PARTEI,NA,#b91023,"Partei für Arbeit, Rechtsstaat, Tierschutz, Elitenförderung und basisdemokratische Initiative"
81210000000,2187,12,BIG,NA,#646464,Bündnis für Innovation und Gerechtigkeit
81250007007,4136,1,CDU/FW,NA,#000000,Christlich Demokratische Union Deutschlands/Freie Wähler
81250007007,4136,2,SPD-WL,NA,#ff0000,Sozialdemokratische Partei Deutschlands - Wimpfener Liste
81250007007,4136,3,BÜNDNIS 90/DIE GRÜNEN,NA,#00ff00,BÜNDNIS 90/DIE GRÜNEN
81250007007,4136,4,WiSe,NA,#ffa500,Wimpfener Stadtentwicklung
81250007007,4136,5,UB/FDP,NA,#ffff00,Unabhängige Bürger/Freie Demokratische Partei
81250039039,2725,1,Liste unabhängiger Bürger,NA,#f011e8,Liste unabhängiger Bürger
81250039039,2725,2,CDU,NA,#32302e,Christlich Demokratische Union Deutschlands
81250039039,2725,3,SPD,NA,#ff0000,Sozialdemokratische Partei Deutschlands
81250039039,2725,4,WIR FÜR HIER,NA,#0ee3eb,WIR FÜR HIER
81250058058,2779,1,CDU,NA,#32302e,Christlich Demokratische Union Deutschlands
81250058058,2779,2,FWV Leingarten,NA,#e3d539,Freie Wählervereinigung Leingarten
81250058058,2779,3,GRÜNE,NA,#46962b,BÜNDNIS 90/DIE GRÜNEN
81250058058,2779,4,SPD,NA,#ff0000,Sozialdemokratische Partei Deutschlands
81250058058,2779,5,Liste 19,NA,#29e6d0,Liste 19 - Die Jugendinitiative
81250058058,2779,6,Unabhängige Liste Leingarten (ULLe),NA,#e3b51e,Unabhängige Liste für eine Politik mit neuen Ideen für Mensch und Natur
81250068068,5222,1,Unabhängige Freie Wähler Neudenau,NA,#90f0eb,Unabhängige Freie Wähler Neudenau
81250068068,5222,2,CDU,NA,#32302e,Christlich Demokratische Union Deutschlands
81250068068,5222,3,SPD,NA,#ff0000,Sozialdemokratische Partei Deutschlands
81250107107,5956,1,FWV,NA,#44beeb,Freie Wählervereinigung Wüstenrot
81250107107,5956,2,SPD,NA,#ff0000,Sozialdemokratische Partei Deutschlands
81255001005,1863,1,FREIE WÄHLER,NA,#1f50f0,Freie Wähler Bad Friedrichshall e.V.
81255001005,1863,2,CDU,NA,#171414,Christlich Demokratische Union Deutschlands
81255001005,1863,3,SPD,NA,#f70f0f,Sozialdemokratische Partei Deutschlands
81255001005,1863,4,FDP,NA,#edf516,Freie Demokratische Partei
81255001005,1863,5,GRÜNE,NA,#20e874,Bündnis90/Die Grünen
81255001078,2743,1,CDU,NA,#32302e,Christlich Demokratische Union Deutschlands
81255001078,2743,2,FWV,NA,#eded15,Freie Wählervereinigung Oedheim-Degmarn
81255001078,2743,3,SPD,NA,#ff0000,Sozialdemokratische Partei Deutschlands
81255002006,3784,1,CDU,NA,#32302e,Christlich Demokratische Union Deutschlands
81255002006,3784,2,Freie Wähler Bad Rappenau,NA,#f507f5,Freie Wähler Bad Rappenau
81255002006,3784,3,SPD,NA,#ff0000,Sozialdemokratische Partei Deutschlands
81255002006,3784,4,GRÜNE,NA,#46962b,BÜNDNIS 90/DIE GRÜNEN
81255002006,3784,5,ÖDP,NA,#ffa338,Ökologisch-Demokratische Partei / Familie und Umwelt
81255002049,3462,1,FUW,NA,#f0c311,Freie Unabhängige Wählervereinigung
81255002049,3462,2,CDU,NA,#32302e,Christlich Demokratische Union Deutschlands
81255002049,3462,3,SPD,NA,#ff0000,Sozialdemokratische Partei Deutschlands
81255002049,3462,4,AfD,NA,#009ee0,Alternative für Deutschland
81255002087,3038,1,WIR für Siegelsbach,NA,#f5f525,WIR für Siegelsbach
81255002087,3038,2,freie Zeile,NA,#b238ee,Vom Wähler vorgeschlagene Personen
81255003013,2570,1,FWB,NA,#3f34e0,Freie Wähler Brackenheim
81255003013,2570,2,CDU,NA,#32302e,Christlich Demokratische Union Deutschlands
81255003013,2570,3,Liste21,NA,#2c7a18,Liste21
81255003013,2570,4,SPD,NA,#ff0000,Sozialdemokratische Partei Deutschlands
81255003013,2570,5,GRÜNE,NA,#46962b,BÜNDNIS 90/DIE GRÜNEN
81255003017,2820,1,CDU,NA,#32302e,Christlich Demokratische Union Deutschlands
81255003017,2820,2,PC,NA,#1572eb,Pro Cleebronn
81255003017,2820,3,FWV,NA,#e3eb15,Freie Wählervereinigung
81255003017,2820,4,AGU,NA,#18d91e,Arbeitsgemeinschaft Umwelt
81255004034,5656,1,FWV,NA,#ed13d7,Freie Wählervereinigung Gemmingen-Stebbach
81255004034,5656,2,CDU,NA,#32302e,Christlich Demokratische Union Deutschlands
81255004034,5656,3,SPD,NA,#ff0000,Sozialdemokratische Partei Deutschlands
81255004034,5656,4,LDN,NA,#1c64b8,Liste Dorf und Natur
81255004034,5656,5,FDP,NA,#ffed00,Freie Demokratische Partei
81255004047,2660,1,LFWI,NA,#243da3,Liste Freie Wählervereinigung Ittlingen
81255004047,2660,2,FiG,NA,#eb1c57,Frauen im Gemeinderat
81255005030,2585,1,FWV Flein,NA,#b3b3b3,Freie Wählervereinigung Flein
81255005030,2585,2,SPD,NA,#ff0000,Sozialdemokratische Partei Deutschlands
81255005030,2585,3,FDP,NA,#ffed00,Freie Demokratische Partei
81255005030,2585,4,CDU,NA,#32302e,Christlich Demokratische Union Deutschlands
81255005030,2585,5,BL,NA,#2600ff,Die Fleiner Bürgerliste
81255005094,5945,1,BIT,NA,#0d1fde,BürgerInteressen Talheim
81255005094,5945,2,FWT,NA,#807878,Freie Wähler Talheim
81255005094,5945,3,CDU,NA,#32302e,Christlich Demokratische Union Deutschlands
81255006056,3140,1,CDU,NA,#32302e,Christlich Demokratische Union Deutschlands
81255006056,3140,2,FREIE WÄHLER,NA,#f29204,FREIE WÄHLER
81255006056,3140,3,GRÜNE,NA,#46962b,BÜNDNIS 90/DIE GRÜNEN
81255006056,3140,4,FDP,NA,#ffed00,Freie Demokratische Partei
81255006056,3140,5,SPD,NA,#ff0000,Sozialdemokratische Partei Deutschlands
81255006056,3140,6,AfD,NA,#009ee0,Alternative für Deutschland
81255006056,3140,7,BfL,NA,#6b14b8,Bürger für Lauffen
81255006066,5756,1,FBV,NA,#000cf0,Freie Bürgervereinigung Neckarwestheim
81255006066,5756,2,CDU,NA,#32302e,Christlich Demokratische Union Deutschlands
81255006066,5756,3,SPD,NA,#ff0000,Sozialdemokratische Partei Deutschlands
81255006074,4701,1,FBW,NA,#1024b5,Freie Bürgerliche Wählervereinigung
81255006074,4701,2,CDU,NA,#32302e,Christlich Demokratische Union Deutschlands
81255006074,4701,3,SPD,NA,#ff0000,Sozialdemokratische Partei Deutschlands
81255007048,4685,1,FB,NA,#000000,Freie Bürger
81255007048,4685,2,freie Zeile,NA,#b238ee,Vom Wähler vorgeschlagene Personen
81255007063,5859,1,FWV,NA,#70996d,Freie Wählervereinigung Möckmühl
81255007063,5859,2,GRÜNE,NA,#46962b,BÜNDNIS 90/DIE GRÜNEN
81255007063,5859,3,Bürg.Liste-CDU,NA,#90dec8,Bürgerliche Liste-CDU
81255007063,5859,4,SPD,NA,#ff0000,Sozialdemokratische Partei Deutschlands
81255007103,3753,1,FW,NA,#be83f2,Freie Wähler
81255007103,3753,2,ZfW,NA,#f046a9,Zukunft für Widdern
81255007103,3753,3,AB,NA,#30d9bd,Aktive Bürger
81255007103,3753,4,BZ,NA,#9ef9ff,Bündnis Zukunft
81255008027,2777,1,WV,NA,#314ede,Wählervereinigung Erlenbach-Binswangen
81255008027,2777,2,CDU,NA,#32302e,Christlich Demokratische Union Deutschlands
81255008065,2257,1,CDU,NA,#32302e,Christlich Demokratische Union Deutschlands
81255008065,2257,2,SPD,NA,#ff0000,Sozialdemokratische Partei Deutschlands
81255008065,2257,3,GRÜNE,NA,#46962b,BÜNDNIS 90/DIE GRÜNEN
81255008065,2257,4,FWV Neckarsulm,NA,#05b2fc,Freie Wählervereinigung Neckarsulm
81255008065,2257,5,FDP,NA,#ffed00,Freie Demokratische Partei
81255008065,2257,6,BIG,NA,#646464,Bündnis für Innovation und Gerechtigkeit
81255008065,2257,7,ZfN,NA,#ceebd0,"Neue Liste ""Zukunft für Neckarsulm"""
81255008096,6625,1,FWV,NA,#ffffff,Freie Wähler Vereinigung Untereisesheim
81255008096,6625,2,UBU,NA,#ffffff,Unabhängige Bürger Untereisesheim
81255008096,6625,3,SPD,NA,#ff0000,Sozialdemokratische Partei Deutschlands
81255008096,6625,4,CDU,NA,#32302e,Christlich Demokratische Union Deutschlands
81255009069,2746,1,BG,NA,#416dcc,Bürgergemeinschaft Neuenstadt
81255009069,2746,2,CDU,NA,#32302e,Christlich Demokratische Union Deutschlands
81255009069,2746,3,SPD,NA,#ff0000,Sozialdemokratische Partei Deutschlands
81255009111,4498,1,FWV,NA,#d6d62f,Freie Wählervereinigung Hardthausen
81255009111,4498,2,CDU,NA,#32302e,Christlich Demokratische Union Deutschlands
81255009113,6646,1,FWV,NA,#eb17eb,Freie Wählervereinigung Langenbrettach
81255009113,6646,2,UFL,NA,#f7ae0f,Unabhängige Frauenliste Langenbrettach
81255010038,5146,1,FUW,NA,#2f28f7,Freie Unabhängige Wählervereinigung
81255010038,5146,2,BU,NA,#eef531,Bürger-Union
81255010038,5146,3,NL,NA,#f50a31,Neue Liste
81255010081,5557,1,FB,NA,#edf505,Freie Bürger
81255010081,5557,2,FWV,NA,#000000,Freie Wählervereinigung
81255010108,2233,1,FWV,NA,#f01326,Freie Wählervereinigung
81255010108,2233,2,UWV,NA,#0eeb3e,Unabhängige Wählervereinigung
81255010108,2233,3,AfD,NA,#009ee0,Alternative für Deutschland
81255011059,3367,1,Freie Wählervereinigung Löwenstein,NA,#f03030,Freie Wählervereinigung Löwenstein
81255011059,3367,2,Offenes Forum für Löwenstein,NA,#f0e13c,Offenes Forum für Löwenstein
81255011059,3367,3,Unabhängige Bürger,NA,#2b68ed,Unabhängige Bürger
81255011059,3367,4,Lebendiges Löwenstein,NA,#49bf5e,Lebendiges Löwenstein
81255011059,3367,5,Gemeinsam für Löwenstein,NA,#ca35f0,Gemeinsam für Löwenstein
81255011110,5510,1,FWV,NA,#fca400,Freie Wähler Vereinigung Obersulm
81255011110,5510,2,GRÜNE,NA,#46962b,BÜNDNIS 90/DIE GRÜNEN
81255011110,5510,3,CDU,NA,#32302e,Christlich Demokratische Union Deutschlands
81255011110,5510,4,SPD,NA,#ff0000,Sozialdemokratische Partei Deutschlands
81255011110,5510,5,FBO,NA,#48e8fa,Freie Bürger Obersulm
81255012001,3956,1,CDU,NA,#32302e,Christlich Demokratische Union Deutschlands
81255012001,3956,2,FWG,NA,#17e1e8,Freie Wählergemeinschaft Abstatt
81255012001,3956,3,AfD,NA,#009ee0,Alternative für Deutschland
81255012001,3956,4,LWA,NA,#000000,LebensWertes Abstatt
81255012008,4748,1,"Freie Wählervereinigung der Beilsteiner Bürgerinnen und Bürger mit Teilorten, FWV",NA,#b132e3,"Freie Wählervereinigung der Beilsteiner Bürgerinnen und Bürger mit Teilorten, FWV"
81255012008,4748,2,Freien Demokratischen Partei (FDP) Stadtverband Beilstein,NA,#f0f716,Freien Demokratischen Partei (FDP) Stadtverband Beilstein
81255012008,4748,3,Initiative Beilstein,NA,#1cd955,Initiative Beilstein
81255012008,4748,4,Sozialdemokratische Partei Deutschlands (SPD) und Beilsteiner Wählergemeinschaft,NA,#eb1a1a,Sozialdemokratische Partei Deutschlands (SPD) und Beilsteiner Wählergemeinschaft
81255012008,4748,5,"Bürgerliste Beilstein, Wir für Beilstein",NA,#000000,"Bürgerliste Beilstein, Wir für Beilstein"
81255012046,7093,1,Bürgerforum Ilsfeld,NA,#0ef025,Bürgerforum Ilsfeld
81255012046,7093,2,BWV,NA,#f507f5,Bürgerliche Wählervereinigung
81255012046,7093,3,CDU,NA,#32302e,Christlich Demokratische Union Deutschlands
81255012046,7093,4,AfD,NA,#009ee0,Alternative für Deutschland
81255012046,7093,5,"Eberle, Thomas",NA,#ebf2ef,"Eberle, Thomas"
81255012098,4966,1,UWG,NA,#ebe4d8,Unabhängige Wählergemeinschaft Untergruppenbach
81255012098,4966,2,CDU,NA,#32302e,Christlich Demokratische Union Deutschlands
81255012098,4966,3,SPD,NA,#ff0000,Sozialdemokratische Partei Deutschlands
81255012098,4966,4,GRÜNE,NA,#46962b,BÜNDNIS 90/DIE GRÜNEN
81255012098,4966,5,FDP,NA,#ffed00,Freie Demokratische Partei
81255013061,1786,1,FWV,NA,#85e35f,Freie Wählervereinigung
81255013061,1786,2,CDU,NA,#32302e,Christlich Demokratische Union Deutschlands
81255013061,1786,3,MBL,NA,#f2f250,Massenbachhausener Bürgerliste
81255013061,1786,4,SPD,NA,#fa0a0a,Sozialdemokratische Partei Deutschlands
81255013086,2738,1,FWV/BuW,NA,#f0a316,Freie Wählervereinigung/Bauern und Weingärtner
81255013086,2738,2,CDU,NA,#32302e,Christlich Demokratische Union Deutschlands
81255013086,2738,3,LGU,NA,#16f216,Liste Grüne und Unabhängige Schwaigern
81255013086,2738,4,SPD,NA,#ff0000,Sozialdemokratische Partei Deutschlands
81255014021,5025,1,BWV,NA,#5a51d6,Bürgerliche Wählervereinigung
81255014021,5025,2,CDU und Freie,NA,#242121,Christlich Demokratische Union Deutschlands und Freie
81255014021,5025,3,GBL,NA,#15bf06,Grüne Bürgerliste
81255014021,5025,4,SPD und Unabhängige,NA,#de1818,Sozialdemokratische Partei Deutschlands und Unabhängige
81255014057,6784,1,Bürgerliste Lehrensteinsfeld,NA,#9d9da8,Bürgerliste Lehrensteinsfeld
81255014057,6784,2,freie Zeile,NA,#b238ee,Vom Wähler vorgeschlagene Personen
81255014102,4023,1,FWV,NA,#190af5,Freie Wählervereinigung Weinsberg 1950
81255014102,4023,2,CDU,NA,#32302e,Christlich Demokratische Union Deutschlands
81255014102,4023,3,ABW,NA,#33c491,Aktive Bürger Weinsberg
81255014102,4023,4,SPD,NA,#ff0000,Sozialdemokratische Partei Deutschlands
81255014102,4023,5,DIE LINKE,NA,#9900cc,DIE LINKE
81260011011,2623,1,FWV,NA,#ffffff,Freie Wählervereinigung Bretzfeld
81260011011,2623,2,CDU,NA,#32302e,Christlich Demokratische Union Deutschlands
81260011011,2623,3,SPD,NA,#ff0000,Sozialdemokratische Partei Deutschlands
81260011011,2623,4,AfD,NA,#009ee0,Alternative für Deutschland
81260072072,2591,1,CDU,NA,#32302e,Christlich Demokratische Union Deutschlands
81260072072,2591,2,Freie Wähler Schöntal,NA,#68edd7,Freie Wähler Schöntal
81265001047,5699,1,FWV,NA,#23b0a0,Freie Wählervereinigung
81265001047,5699,2,UWG,NA,#eba117,Unabhängige Wählergemeinschaft
81265001047,5699,3,SPD,NA,#ff0000,Sozialdemokratische Partei Deutschlands
81265001058,5752,1,FWV,NA,#2284d4,Freie Wählervereinigung
81265001058,5752,2,Aktive,NA,#3cc712,Aktive Bürger
81265001058,5752,3,SPD,NA,#ff0000,Sozialdemokratische Partei Deutschlands
81265001085,5709,1,BÜRGER,NA,#e8b32e,Bürgervereinigung Waldenburg
81265001085,5709,2,FREIE,NA,#27e2e8,Freie Wählergemeinschaft Waldenburg
81265002020,6433,1,UWV,NA,#fa9805,Unabhängige Wählervereinigung
81265002020,6433,2,CDU,NA,#32302e,Christlich Demokratische Union Deutschlands
81265002045,5827,1,FWK,NA,#2821de,Freie Wähler Stadtverband Krautheim e.V.
81265002045,5827,2,CDU-Bürgerliste,NA,#3b0a0a,CDU-Bürgerliste
81265002056,2763,1,Unabhängige Wählervereinigung (UWV),NA,#deb618,Unabhängige Wählervereinigung (UWV)
81265002056,2763,2,CDU,NA,#32302e,Christlich Demokratische Union Deutschlands
81265003039,1841,1,FWV,NA,#b8c730,Freie Wählervereinigung Ingelfingen
81265003039,1841,2,Unabhängige Bürgerliste,NA,#c75a5a,Unabhängige Bürgerliste
81265003046,1977,1,CDU,NA,#32302e,Christlich Demokratische Union Deutschlands
81265003046,1977,2,SPD & GRÜNE,NA,#ff0000,Sozialdemokratische Partei Deutschlands & BÜNDNIS 90/DIE GRÜNEN
81265003046,1977,3,UBK,NA,#7ffaf6,Unabhängige Bürger Künzelsau
81265003046,1977,4,FFK,NA,#ff8c00,Fraktion für Künzelsau
81265003046,1977,5,DIE FREIEN,NA,#f5ff3d,DIE FREIEN - WÄHLER UND DEMOKRATEN
81265003046,1977,6,Die PARTEI,NA,#b91023,"Partei für Arbeit, Rechtsstaat, Tierschutz, Elitenförderung und basisdemokratische Initiative"
81265004028,6236,1,FWV,NA,#a347ff,Freie Wählervereinigung
81265004028,6236,2,UWV,NA,#059c9c,Unabhängige Wählervereinigung
81265004028,6236,3,GRÜNE,NA,#46962b,BÜNDNIS 90/DIE GRÜNEN
81265004060,7125,1,BWV,NA,#2130d9,Bürgerliche Wählervereinigung Niedernhall
81265004060,7125,2,SPD,NA,#ff0000,Sozialdemokratische Partei Deutschlands
81265004060,7125,3,FWV,NA,#a7dee8,Freie Wählervereinigung Niedernhall
81265004086,7154,1,BWV,NA,#130be3,Bürgerliche Wählervereinigung
81265004086,7154,2,FWV,NA,#0ef0f0,Freie Wählervereinigung Weißbach / Crispenhofen
81265004086,7154,3,SPD,NA,#ff0000,Sozialdemokratische Partei Deutschlands
81265005066,5077,1,CDU,NA,#32302e,Christlich Demokratische Union Deutschlands
81265005066,5077,2,UNS/Grüne,NA,#20f50c,Bürgerliste UNS/Bündnis 90/Die Grünen (UNS/Grüne)
81265005066,5077,3,LBÖ,NA,#f5ba3b,Liberale Bürger Öhringen
81265005066,5077,4,FWV,NA,#f740f1,Freie Wählervereinigung Öhringen
81265005066,5077,5,SPD,NA,#ff0000,Sozialdemokratische Partei Deutschlands
81265005066,5077,6,FDP,NA,#ffed00,Freie Demokratische Partei
81265005066,5077,7,AfD,NA,#009ee0,Alternative für Deutschland
81265005069,2338,1,FWV,NA,#8d1bc2,Freie Wählervereinigung Pfedelbach
81265005069,2338,2,CDU/Freie Wähler Kommunal,NA,#000000,Christlich Demokratische Union Deutschlands / Freie Wähler Kommunal
81265005069,2338,3,GRÜNE/SPD,NA,#1dbf60,BÜNDNIS 90/DIE GRÜNEN / Sozialdemokratische Partei Deutschlands
81265005069,2338,4,74629 - DAS SIND WIR - Verein o. E.,NA,#ccc2c2,74629 - DAS SIND WIR - Verein o. E.
81265005094,5387,1,Bürgerliste,NA,#ffffff,Bürgerliste
81265005094,5387,2,freie Zeile,NA,#b238ee,Vom Wähler vorgeschlagene Personen
81270008008,4228,1,Unabhänige Bürgerliste Blaufelden,NA,#ff0000,Unabhänige Bürgerliste Blaufelden
81270008008,4228,2,Bauernverband - Bund der Selbstständigen - Christlich Demokratische Union -(CDU),NA,#000000,Bauernverband - Bund der Selbstständigen - Christlich Demokratische Union -(CDU)
81270008008,4228,3,Freie Wählervereinigung und Arbeitnehmer,NA,#00ff26,Freie Wählerverienigung und Arbeitnehmer
81270052052,5766,1,UWV,NA,#e8bc2a,Unabhängige Wählervereinigung
81270052052,5766,2,FAL,NA,#099e13,Freie Alternative Liste
81270052052,5766,3,FWV,NA,#1e6ce3,FREIE WÄHLER Vereinigung
81270075075,2032,1,FWV,NA,#3632ab,Freie Wählervereinigung Schrozberg
81270075075,2032,2,CDU,NA,#32302e,Christlich Demokratische Union Deutschlands
81270075075,2032,3,WfJ,NA,#2bcc23,Wahlgemeinschaft für Jedermann
81270075075,2032,4,SPD,NA,#ff0000,Sozialdemokratische Partei Deutschlands
81275001009,6018,1,Unabhängige Bürger,NA,#008fcc,Unabhängige Bürger
81275001009,6018,2,Neue Liste Braunsbach,NA,#800077,Neue Liste Braunsbach
81275001009,6018,3,Zwei für Braunsbach,NA,#d4d420,Zwei für Braunsbach
81275001086,3097,1,Freie Liste,NA,#133de8,Freie Liste
81275001086,3097,2,Unabhängige Wähler,NA,#f7f420,Unabhängige  Wähler
81275001086,3097,3,Wählervereinigung Brachbach,NA,#f7144d,Wählervereinigung Brachbach
81275002014,3266,1,CDU,NA,#050505,Christlich Demokratische Union Deutschlands
81275002014,3266,2,AWV,NA,#f0f01d,Allgemeine Wählervereinigung
81275002014,3266,3,SPD,NA,#e31010,Sozialdemokratische Partei Deutschlands
81275002014,3266,4,GRÜNE,NA,#41c20e,BÜNDNIS 90/DIE GRÜNEN
81275002014,3266,5,BLC,NA,#9e30f2,Bürgerliste Crailsheim
81275002014,3266,6,AfD,NA,#009ee0,Alternative für Deutschland
81275002014,3266,7,Aktive Bürger,NA,#d18600,Aktive Bürger
81275002073,4660,1,AWV,NA,#e3a520,Allgemeine Wählervereinigung
81275002073,4660,2,FWG,NA,#e2f092,Freie Wählergemeinschaft
81275002073,4660,3,Aktive Bürger,NA,#ebb2b2,Aktive Bürger
81275002103,1616,1,Freie Wähler,NA,#c9c349,Freie Wähler
81275002103,1616,2,Kritische Bürger,NA,#5ba39b,Liste Kritische Bürger
81275002103,1616,3,CDU,NA,#0a0a0a,Christlich Demokratische Union
81275002104,4580,1,Freie Wählervereinigung,NA,#6916f0,Freie Wählervereinigung
81275002104,4580,2,Erweiterte Freie Wählervereingung,NA,#db3de3,Erweiterte Freie Wählervereingung
81275003101,3998,1,Offene Liste,NA,#1fceed,Offene Liste Kreßberg
81275003101,3998,2,AWV,NA,#f09e6c,Allgemeine Wählervereinigung
81275004032,2662,1,FWV,NA,#67e314,Freie Wähler Vereinigung Gerabronn
81275004032,2662,2,CDU,NA,#32302e,Christlich Demokratische Union Deutschlands
81275004032,2662,3,UWV,NA,#cd1ed6,Unabhängige Wählervereinigung
81275004047,4147,1,Freie Bürgerliste Langenburg,NA,#3ba342,Freie Bürgerliste Langenburg
81275004047,4147,2,FREIE,NA,#e86202,Freie Wählerliste Langenburg
81275004047,4147,3,LeNa,NA,#f5ea20,Lebensqualität und Natur
81275005043,5346,1,Die Neue Liste,NA,#24cbd1,Die Neue Liste
81275005043,5346,2,Freie Wählerschaft - unabhängige Bürgerliste,NA,#f07529,Freie Wählerschaft - unabhängige Bürgerliste
81275005043,5346,3,Offene Liste - SPD,NA,#eb2828,Offene Liste - SPD
81275005043,5346,4,Freie Unabhängige Demokratische Wähler,NA,#1717ad,Freie Unabhängige Demokratische Wähler
81275005043,5346,5,CDU,NA,#32302e,Christlich Demokratische Union Deutschlands
81275005089,6707,1,Wir für Vellberg,NA,#1e3fe6,Wir für Vellberg
81275005089,6707,2,freie Zeile,NA,#b238ee,Vom Wähler vorgeschlagene Personen
81275005099,5748,1,Liste Eins,NA,#3fe8da,Liste Eins
81275005099,5748,2,Wir für Wolpertshausen,NA,#f277dc,Wir für Wolpertshausen
81275006025,3145,1,FWV,NA,#e1e80c,Freie Wählervereinigung Gaildorf
81275006025,3145,2,SPD - Aktive Bürger,NA,#fa0a0a,SPD - Aktive Bürger
81275006025,3145,3,CDU,NA,#32302e,Christlich Demokratische Union Deutschlands
81275006062,5849,1,Freie Bürgerliste Oberrot,NA,#000000,Freie Bürgerliste Oberrot
81275006062,5849,2,Unabhängige Bürgerliste,NA,#78c439,Unabhängige Bürgerliste
81275007012,5887,1,Aktive Bürger,NA,#0c7027,Aktive Bürger
81275007012,5887,2,Engagierte Bürger,NA,#e3eb10,Engagierte Bürger
81275007013,5670,1,DL,NA,#6060ab,Demokratische Liste
81275007013,5670,2,Rolf Funk,NA,#b238ee,character(0)
81275007013,5670,3,Heiko Karl-Heinz Sonder,NA,#b238ee,character(0)
81275007013,5670,4,Martin Strobel,NA,#b238ee,character(0)
81275007013,5670,5,Gerald Anton Schreckenhöfer,NA,#b238ee,character(0)
81275007013,5670,6,Viktor Engel,NA,#b238ee,character(0)
81275007013,5670,7,Peter Johannes Riek,NA,#b238ee,character(0)
81275007013,5670,8,Karl Heinz Reiber,NA,#b238ee,character(0)
81275007013,5670,9,Jürgen Kurz,NA,#b238ee,character(0)
81275007013,5670,10,Manfred Latzel,NA,#b238ee,character(0)
81275007013,5670,11,Günther Schneider,NA,#b238ee,character(0)
81275007013,5670,12,Ulrich Bareiß,NA,#b238ee,character(0)
81275007013,5670,13,Tobias Müller,NA,#b238ee,character(0)
81275007013,5670,14,Josef Wagner,NA,#b238ee,character(0)
81275007013,5670,15,Christopher Ammon,NA,#b238ee,character(0)
81275007013,5670,16,Frank Strobel,NA,#b238ee,character(0)
81275007013,5670,17,Markus Schön,NA,#b238ee,character(0)
81275007013,5670,18,Jürgen Walter Jäger,NA,#b238ee,character(0)
81275007013,5670,19,Robert Haas,NA,#b238ee,character(0)
81275007013,5670,20,Steffen Schüle,NA,#b238ee,character(0)
81275007013,5670,21,Karin Maria Leykauf,NA,#b238ee,character(0)
81275007013,5670,22,Fabian Ziegele,NA,#b238ee,character(0)
81275007013,5670,23,Daniel Schneider,NA,#b238ee,character(0)
81275007013,5670,24,Karl Neidlein,NA,#b238ee,character(0)
81275007013,5670,25,Christoph Engel,NA,#b238ee,character(0)
81275007013,5670,26,Patrick Franz Rechtenbacher,NA,#b238ee,character(0)
81275007013,5670,27,Franz Alfons Rechtenbacher,NA,#b238ee,character(0)
81275007013,5670,28,Alexander Bernd Schneider,NA,#b238ee,character(0)
81275007013,5670,29,Corina Rother,NA,#b238ee,character(0)
81275007013,5670,30,Lukas Pfitzer,NA,#b238ee,character(0)
81275007013,5670,31,Martin Krauß,NA,#b238ee,character(0)
81275007013,5670,32,Christian Willi Vogt,NA,#b238ee,character(0)
81275007013,5670,33,Dr. Sybille Ziegler,NA,#b238ee,character(0)
81275007013,5670,34,Florian Bernhard Hippert,NA,#b238ee,character(0)
81275007013,5670,35,Hannes Pfitzer,NA,#b238ee,character(0)
81275007013,5670,36,Michael Kiesel,NA,#b238ee,character(0)
81275007013,5670,37,Siegfried Trittner,NA,#b238ee,character(0)
81275007013,5670,38,Marvin Bernd Eisebraun,NA,#b238ee,character(0)
81275007013,5670,39,Udo Sonder,NA,#b238ee,character(0)
81275007013,5670,40,Maxililian Bach,NA,#b238ee,character(0)
81275007013,5670,41,Matthias Rall,NA,#b238ee,character(0)
81275007013,5670,42,Steffen Haag,NA,#b238ee,character(0)
81275007013,5670,43,Petra Nikel,NA,#b238ee,character(0)
81275007013,5670,44,Silvia Katharina Ciupke,NA,#b238ee,character(0)
81275007013,5670,45,Stefan Kiesel,NA,#b238ee,character(0)
81275007013,5670,46,Hubert Kiesel,NA,#b238ee,character(0)
81275007013,5670,47,Bernd Kurz,NA,#b238ee,character(0)
81275007013,5670,48,Georg Josef Schreckenhöfer,NA,#b238ee,character(0)
81275007013,5670,49,Martinus Waizmann,NA,#b238ee,character(0)
81275007013,5670,50,Priska Schneider,NA,#b238ee,character(0)
81275007013,5670,51,Armin Bareiß,NA,#b238ee,character(0)
81275007013,5670,52,Uwe Stellmach,NA,#b238ee,character(0)
81275007013,5670,53,Rene Michael Freisinger,NA,#b238ee,character(0)
81275007013,5670,54,Jonas Ziegele,NA,#b238ee,character(0)
81275007013,5670,55,freie Zeile,NA,#b238ee,Vom Wähler vorgeschlagene Personen
81275007063,3114,1,Wir für Obersontheim,NA,#d46161,Wir für Obersontheim
81275007063,3114,2,AVFW,NA,#09ebeb,Aktive Vereinigung Freier Wähler
81275008046,4462,1,Aktive Bürger,NA,#eb2626,Aktive Bürger
81275008046,4462,2,UWV,NA,#0062c4,Unabhängige Wählervereinigung Kirchberg/Jagst UWV
81275008071,5451,1,auo,NA,#f00a24,aktiv und offen
81275008071,5451,2,AWV,NA,#264ff0,Allgemeine Wählervereinigung
81275008091,2219,1,Unabhängige Wählervereinigung,NA,#838a22,Unabhängige Wählervereinigung
81275008091,2219,2,CDU,NA,#32302e,Christlich Demokratische Union Deutschlands
81275009056,5377,1,UB,NA,#000000,Unabhängige Bürger
81275009056,5377,2,FWV,NA,#ffea00,Freie Wählervereinigung
81275009059,5026,1,Unabhängige Bürger,NA,#ffffff,Unabhängige Bürger
81275009059,5026,2,Freie Bürger,NA,#ffffff,Freie Bürger
81275009059,5026,3,Aktive Bürger,NA,#ffffff,Aktive Bürger
81275009076,6019,1,GRÜNE,NA,#46962b,BÜNDNIS 90/DIE GRÜNEN
81275009076,6019,2,CDU,NA,#32302e,Christlich Demokratische Union Deutschlands
81275009076,6019,3,SPD,NA,#ff0000,Sozialdemokratische Partei Deutschlands
81275009076,6019,4,FWV,NA,#fecb00,Freie Wählervereinigung Schwäbisch Hall e.V.
81275009076,6019,5,FDP,NA,#ffed00,Freie Demokratische Partei
81275009076,6019,6,Die PARTEI,NA,#b91023,"Partei für Arbeit, Rechtsstaat, Tierschutz, Elitenförderung und basisdemokratische Initiative"
81275009076,6019,7,Linke Liste,NA,#6f003c,Linke Liste
81275009076,6019,8,Bunte Liste,NA,#a603fa,Bunte Liste
81275009076,6019,9,AfD,NA,#009ee0,Alternative für Deutschland
81275009100,5675,1,Demokratische Wählervereinigung,NA,#ffffff,Demokratische Wählervereinigung
81275009100,5675,2,Zusammenarbeit,NA,#ffffff,Zusammenarbeit
81280020020,3008,1,WCB,NA,#37b0b0,Wählergemeinschaft Creglinger Bürger
81280020020,3008,2,SPD,NA,#f00c0c,Sozialdemokratische Partei Deutschlands
81280020020,3008,3,WFC,NA,#ff8800,Wir Für Creglingen
81280020020,3008,4,TFZ,NA,#8d9173,"Liste ""Gemeindearbeit - transparent, fair, zukunftsorientiert"""
81280039039,2549,1,CDU,NA,#32302e,Christlich Demokratische Union Deutschlands
81280039039,2549,2,FW Freudenberg,NA,#ffea00,Freie Wähler Freudenberg
81280039039,2549,3,SPD,NA,#ff0000,Sozialdemokratische Partei Deutschlands
81280064064,2070,1,CDU,NA,#000000,Christlich Demokratische Union
81280064064,2070,2,FWV Külsheim,NA,#f5f520,Freie Wählervereinigung Külsheim
81280064064,2070,3,SPD,NA,#f50707,Sozialdemokratische Partei Deutschlands
81280082082,5145,1,AWV,NA,#eba50e,Allgemeine Wählervereinigung
81280082082,5145,2,SPD,NA,#ff0000,Sozialdemokratische Partei Deutschlands
81280082082,5145,3,Zukunft Niederstetten,NA,#23c6cc,Zukunft Niederstetten
81280126126,4885,1,CDU,NA,#32302e,Christlich Demokratische Union Deutschlands
81280126126,4885,2,SPD/UB,NA,#f70a41,Sozialdemokratische Partei Deutschlands und Unabhängige Bürger
81280126126,4885,3,GO,NA,#00f050,GO! Grün und Offen Wählervereinigung
81280126126,4885,4,BLW,NA,#168ef0,Bürgerliste-Weikersheim
81280131131,2686,1,CDU,NA,#32302e,Christlich Demokratische Union Deutschlands
81280131131,2686,2,SPD,NA,#ff0000,Sozialdemokratische Partei Deutschlands
81280131131,2686,3,FBW,NA,#c8eb83,Freie Bürger Wertheim
81280131131,2686,4,GRÜNE,NA,#46962b,BÜNDNIS 90/DIE GRÜNEN
81280131131,2686,5,BLW,NA,#518fed,Bürgerliste Wertheim
81280139139,2438,1,FBL,NA,#1e46c9,Freie Bürgerliste
81280139139,2438,2,CDU,NA,#32302e,Christlich Demokratische Union Deutschlands
81280139139,2438,3,SPD / FB,NA,#ed114f,Sozialdemokratische Partei Deutschlands / Freie Bürger
81280139139,2438,4,GRÜNE,NA,#46962b,BÜNDNIS 90/DIE GRÜNEN
81285001007,1614,1,CDU,NA,#32302e,Christlich Demokratische Union Deutschlands
81285001007,1614,2,GRÜNE,NA,#1aa037,Bündnis 90 / Die Grünen
81285001007,1614,3,Freie Wähler,NA,#fab002,Freie Wähler
81285001007,1614,4,SPD,NA,#ff0000,Sozialdemokratische Partei Deutschlands
81285001007,1614,5,FDP,NA,#ffed00,Freie Demokratische Partei
81285001007,1614,6,Kreis,NA,#92f6f7,Kreis
81285001007,1614,7,PRO BAD MERGENTHEIM,NA,#4a6e8a,PRO BAD MERGENTHEIM
81285001058,2290,1,FBV,NA,#d4db4f,Freie Bürgervereinigung
81285001058,2290,2,CDU,NA,#32302e,Christlich Demokratische Union Deutschlands
81285001058,2290,3,GRÜNE,NA,#46962b,BÜNDNIS 90/DIE GRÜNEN
81285002014,5195,1,Freie Wählervereinigung Boxberg,NA,#000000,Freie Wählervereinigung Boxberg
81285002014,5195,2,Bürgerliste,NA,#000000,Bürgerliste
81285002138,4486,1,BL,NA,#ffffff,Bürgerliste
81285002138,4486,2,freie Zeile,NA,#b238ee,Vom Wähler vorgeschlagene Personen
81285003047,5094,1,GL,NA,#e1f00c,Grünsfelder Liste
81285003047,5094,2,FBL,NA,#1923e0,Freie Bürgerliste
81285003047,5094,3,CDU/FWV,NA,#141313,CDU / Freie Wählervereinigung
81285004045,5803,1,IMB,NA,#ffffff,Initiative Mündiger Bürger
81285004045,5803,2,CDU,NA,#32302e,Christlich Demokratische Union Deutschlands
81285004045,5803,3,FW,NA,#ffffff,FREIE WÄHLER Ortsverband Großrinderfeld e.V.
81285004061,3375,1,Bürgerliste,NA,#8787fa,Bürgerliste e.V.
81285004061,3375,2,CDU,NA,#32302e,Christlich Demokratische Union Deutschlands
81285004115,3259,1,CDU,NA,#32302e,Christlich Demokratische Union Deutschlands
81285004115,3259,2,BL,NA,#eb1a1a,Bürgerliste
81285004115,3259,3,UFW,NA,#bfc42b,UNABHÄNGIGE FREIE WÄHLER e.V. Tauberbischofsheim
81285004115,3259,4,DIE LINKE,NA,#9900cc,DIE LINKE
81285004128,6694,1,Aktive Bürger,NA,#3edebe,Aktive Bürger
81285004128,6694,2,UBL,NA,#e5f04a,Unabhängige Bürgerliste
81350010010,2126,1,Freier Wählerblock Dischingen,NA,#ed6024,Freier Wählerblock Dischingen
81350010010,2126,2,CDU,NA,#000000,Christlich Demokratische Union Deutschlands
81350010010,2126,3,ÖDP,NA,#f57f0a,Ökologisch-Demokratische Partei / Familie und Umwelt
81350010010,2126,4,AfD,NA,#00ccff,Alternative für Deutschland
81350010010,2126,5,BGD,NA,#25347e,Bürgervereinigung Gemeinde Dischingen
81350015015,3361,1,FWV,NA,#0900ff,Freie Wählervereinigung
81350015015,3361,2,BÜNDNIS 90/DIE GRÜNEN und Unabhängige,NA,#00ff09,BÜNDNIS 90/DIE GRÜNEN und Unabhängige
81350015015,3361,3,CDU,NA,#32302e,Christlich Demokratische Union Deutschlands
81350015015,3361,4,Ökologisch-Demokratische Partei (ÖDP) und Unabhängige Bürger,NA,#ff9100,Ökologisch-Demokratische Partei (ÖDP) und Unabhängige Bürger
81350015015,3361,5,FDP,NA,#ffed00,Freie Demokratische Partei
81350015015,3361,6,KWG - SPD,NA,#ff0000,Kommunale Wähler-Gemeinschaft (KWG) - Sozialdemokratische Partei Deutschlands (SPD)
81350020020,1911,1,FWV,NA,#ffffff,Freie Wählervereinigung Herbrechtingen
81350020020,1911,2,CDU,NA,#32302e,Christlich Demokratische Union Deutschlands
81350020020,1911,3,SPD,NA,#ff0000,Sozialdemokratische Partei Deutschlands
81350020020,1911,4,AfD,NA,#009ee0,Alternative für Deutschland
81350020020,1911,5,GRÜNE und Unabhängige,NA,#00eb2b,BÜNDNIS 90/DIE GRÜNEN und Unabhängige
81350025025,3608,1,SPD,NA,#ff0000,Sozialdemokratische Partei Deutschlands
81350025025,3608,2,UWB,NA,#eb6a0e,Unabhängiger Wählerblock
81350025025,3608,3,Unabhängige und GRÜNE,NA,#2dcc18,Unabhängige und BÜNDNIS 90 / DIE GRÜNEN
81350025025,3608,4,Bürgerliche und CDU,NA,#141313,Bürgerliche Liste und Christlich Demokratische Union Deutschlands
81350032032,4359,1,FWV,NA,#d9850f,Freie Wählervereinigung Steinheim
81350032032,4359,2,CDU,NA,#32302e,Christlich Demokratische Union Deutschlands
81350032032,4359,3,SPD / ANB,NA,#e60e0e,Sozialdemokratische Partei Deutschlands / Arbeitnehmerblock
81350032032,4359,4,"Bündnis 90, Die Grünen und Unabhängige",NA,#4bbf15,"Bündnis 90, Die Grünen und Unabhängige"
81350032032,4359,5,AfD,NA,#009ee0,Alternative für Deutschland
81355001016,1592,1,CDU-Wählerblock Giengen,NA,#000000,Christliche Demokratische Union Deutschlands - Wählerblock Giengen
81355001016,1592,2,SPD,NA,#ff0000,Sozialdemokratische Partei Deutschlands
81355001016,1592,3,Unabhängige und Grüne,NA,#13f507,Unabhängige und Grüne
81355001016,1592,4,AfD,NA,#009ee0,Alternative für Deutschland
81355001016,1592,5,FDP,NA,#ffed00,Freie Demokratische Partei
81355001021,6910,1,Bürgerliste Hermaringen,NA,#f27216,Bürgerliste Hermaringen
81355001021,6910,2,freie Zeile,NA,#b238ee,Vom Wähler vorgeschlagene Personen
81355002019,3458,1,GRÜNE,NA,#46962b,BÜNDNIS 90/DIE GRÜNEN
81355002019,3458,2,CDU,NA,#32302e,Christlich Demokratische Union Deutschlands
81355002019,3458,3,FREIE WÄHLER,NA,#3321d9,Freie Wähler Ortsverband Heidenheim e. V.
81355002019,3458,4,SPD,NA,#ff0000,Sozialdemokratische Partei Deutschlands
81355002019,3458,5,DIE LINKE,NA,#d923d9,DIE LINKE
81355002019,3458,6,FDP,NA,#ffed00,Freie Demokratische Partei
81355002019,3458,7,DKP,NA,#ff0000,Deutsche Kommunistische Partei
81355002019,3458,8,AfD,NA,#009ee0,Alternative für Deutschland
81355002019,3458,9,ÖDP,NA,#ffa338,Ökologisch-Demokratische Partei / Familie und Umwelt
81355002026,5878,1,Bürgerliche Wählervereinigung (BWV) und Christlich Demokratische Union Deutschlands (CDU),NA,#000001,Bürgerliche Wählervereinigung (BWV) und Christlich Demokratische Union Deutschlands (CDU)
81355002026,5878,2,Unabhängige Wählervereinigung Nattheim,NA,#f70505,Unabhängige Wählervereinigung Nattheim
81355003027,7144,1,CDU-Wählerblock,NA,#0a0101,CDU-Wählerblock
81355003027,7144,2,BWI,NA,#0eeded,Bürger- und Wählerinitiative
81355003027,7144,3,SPD,NA,#f50707,Sozialdemokratische Partei Deutschlands
81355003027,7144,4,FDP,NA,#edf505,Freie Demokratische Partei
81355003031,6650,1,FREIE WÄHLER,NA,#f29204,FREIE WÄHLER
81355003031,6650,2,SPD,NA,#ff0000,Sozialdemokratische Partei Deutschlands
81355003031,6650,3,CDU,NA,#32302e,Christlich Demokratische Union Deutschlands
81360002002,4138,1,CDU / Unabhängige Bürger,NA,#000000,CDU / Unabhängige Bürger
81360002002,4138,2,Freie Wähler,NA,#f0e962,Freie Wähler
81360002002,4138,3,SPD / Aktive Bürger,NA,#e63427,SPD - Sozialdemokratische Partei Deutschlands / Aktive Bürger
81360042042,3009,1,CDU,NA,#32302e,Christlich Demokratische Union Deutschlands
81360042042,3009,2,FWV Lorch,NA,#d8e344,Freie Wählervereinigung Lorch
81360042042,3009,3,SPD,NA,#ff0000,Sozialdemokratische Partei Deutschlands
81360045045,7112,1,CDU,NA,#32302e,Christlich Demokratische Union Deutschlands
81360045045,7112,2,FWV,NA,#1e68e8,Freie Wählervereinigung Neresheim
81360045045,7112,3,GRÜNE,NA,#46962b,BÜNDNIS 90/DIE GRÜNEN
81360045045,7112,4,SPD,NA,#ff0000,Sozialdemokratische Partei Deutschlands
81360050050,2506,1,SPD,NA,#ff0000,Sozialdemokratische Partei Deutschlands
81360050050,2506,2,CDU,NA,#32302e,Christlich Demokratische Union Deutschlands
81360050050,2506,3,FBO,NA,#e1f013,Freie Bürger Oberkochen
81360050050,2506,4,GRÜNE,NA,#46962b,BÜNDNIS 90/DIE GRÜNEN
81360050050,2506,5,AfD,NA,#009ee0,Alternative für Deutschland
81365001021,5294,1,FWV,NA,#ede31f,Freie Wählervereinigung Essingen
81365001021,5294,2,CDU - Freie Bürger Essingen,NA,#080000,Christlich Demokratische Union Deutschlands - Freie Bürger Essingen
81365001021,5294,3,SPD,NA,#ff0000,Sozialdemokratische Partei Deutschlands
81365001021,5294,4,GRÜNE,NA,#46962b,BÜNDNIS 90/DIE GRÜNEN
81365001033,5633,1,BL,NA,#3f37b0,Bürgerliste
81365001033,5633,2,ABuCDU,NA,#0f0d0d,Aktive Bürger und CDU
81365001033,5633,3,WfH,NA,#eb8723,Bürgerinnen und Bürger - Wir für Hüttlingen
81365001088,6614,1,CDU,NA,#32302e,Christlich Demokratische Union Deutschlands
81365001088,6614,2,GRÜNE,NA,#46962b,BÜNDNIS 90/DIE GRÜNEN
81365001088,6614,3,SPD,NA,#ff0000,Sozialdemokratische Partei Deutschlands
81365001088,6614,4,Freie Wähler Aalen,NA,#f5ac0f,Freie Wähler Aalen
81365001088,6614,5,AfD,NA,#009ee0,Alternative für Deutschland
81365001088,6614,6,DIE LINKE,NA,#9900cc,DIE LINKE
81365001088,6614,7,FDP Plus,NA,#f5f558,FDP Plus
81365001088,6614,8,AKTIVE BÜRGER,NA,#ec4dfa,AKTIVE BÜRGER
81365001088,6614,9,Vision Aalen,NA,#c4adc4,Vision Aalen
81365001088,6614,10,HERZSCHRITTMACHER,NA,#35f2cc,HERZSCHRITTMACHER
81365002010,1751,1,CDU,NA,#32302e,Christlich Demokratische Union Deutschlands
81365002010,1751,2,Freie Wähler,NA,#ffef00,Freie Wähler Bopfingen e.V.
81365002010,1751,3,SPD,NA,#ff0000,Sozialdemokratische Partei Deutschlands
81365002087,5658,1,Unabhängige Bürgerliste Riesbürg,NA,#a7d624,Unabhängige Bürgerliste Riesbürg
81365002087,5658,2,Freie Wählervereinigung Riesbürg,NA,#6d31a8,Freie Wählervereinigung Riesbürg
81365003019,6440,1,CDU,NA,#32302e,Christlich Demokratische Union Deutschlands
81365003019,6440,2,FBE,NA,#0a1df5,Freie Bürger Ellwangen e. V.
81365003019,6440,3,GRÜNE,NA,#46962b,BÜNDNIS 90/DIE GRÜNEN
81365003019,6440,4,SPD,NA,#ff0000,Sozialdemokratische Partei Deutschlands
81365003035,2024,1,JBl,NA,#f27e0a,Jagstzeller Bürgerliste
81365003035,2024,2,freie Zeile,NA,#b238ee,Vom Wähler vorgeschlagene Personen
81365003046,4103,1,Freie Bürgerliste Neuler,NA,#2b0d0d,Freie Bürgerliste Neuler
81365003046,4103,2,ZLN,NA,#0d1bb8,ZukunftsListe Neuler
81365003060,5573,1,freie & unabhängige Wählervereinigung,NA,#ffffff,freie & unabhängige Wählervereinigung
81365003060,5573,2,freie Zeile,NA,#b238ee,Vom Wähler vorgeschlagene Personen
81365003089,5955,1,Unabhängige Liste,NA,#000000,Unabhängige Liste
81365003089,5955,2,Wir für Rainau,NA,#ff0000,Wir für Rainau
81365004038,4968,1,FWV,NA,#0eeb1d,Freie Wählervereinigung Lauchheim
81365004038,4968,2,UBL,NA,#141ff5,Unabhängige Bürgerliste
81365004038,4968,3,CDU,NA,#32302e,Christlich Demokratische Union Deutschlands
81365004082,5522,1,CDU und Freie Bürger,NA,#000000,Christlich Demokratische Union Deutschlands und Freie Bürger
81365004082,5522,2,FBV,NA,#15bceb,Freie Bürgervereinigung Westhausen
81365004082,5522,3,SPD und Unabhängige,NA,#ff0000,Sozialdemokratische Partei Deutschlands und Unabhängige
81365004082,5522,4,GRÜNE,NA,#46962b,BÜNDNIS 90/DIE GRÜNEN
81365005020,5285,1,Eschacher Zukunft,NA,#2ad449,Eschacher Zukunft
81365005020,5285,2,freie Zeile,NA,#b238ee,Vom Wähler vorgeschlagene Personen
81365005024,5496,1,Bürgernahe Liste,NA,#471de0,Bürgernahe Liste
81365005024,5496,2,Bürgerlicher Wahlvorschlag,NA,#fae714,Bürgerlicher Wahlvorschlag
81365005024,5496,3,Freie - Wähler - Gemeinschaft,NA,#fa8e00,Freie - Wähler - Gemeinschaft
81365005034,3777,1,FW,NA,#48966b,Freie Wähler
81365005034,3777,2,freie Zeile,NA,#b238ee,Vom Wähler vorgeschlagene Personen
81365006007,4595,1,Freie Bürgerliste,NA,#e7f525,Freie Bürgerliste
81365006007,4595,2,Andreas Kühnhöfer,NA,#0cf063,character(0)
81365006007,4595,3,Manuel Wüst,NA,#0cf063,character(0)
81365006007,4595,4,Markus Ott,NA,#0cf063,character(0)
81365006007,4595,5,Michael Zaubzer,NA,#0cf063,character(0)
81365006007,4595,6,Oliver Fehleisen,NA,#0cf063,character(0)
81365006007,4595,7,Manuel Kaufmann,NA,#0cf063,character(0)
81365006007,4595,8,Andrea Klingenmaier,NA,#0cf063,character(0)
81365006007,4595,9,Erich Nuding,NA,#0cf063,character(0)
81365006007,4595,10,Albin Häberle,NA,#0cf063,character(0)
81365006007,4595,11,Benny Mezger,NA,#0cf063,character(0)
81365006007,4595,12,Hubert Nuding,NA,#0cf063,character(0)
81365006007,4595,13,Sigrid Durst,NA,#0cf063,character(0)
81365006007,4595,14,Sabine Hägele,NA,#0cf063,character(0)
81365006007,4595,15,Erwin Ritz,NA,#0cf063,character(0)
81365006007,4595,16,Eugen Niederberger,NA,#0cf063,character(0)
81365006007,4595,17,Stephan Krieg,NA,#0cf063,character(0)
81365006007,4595,18,Leo Christmann,NA,#0cf063,character(0)
81365006007,4595,19,Joachim Roth,NA,#0cf063,character(0)
81365006007,4595,20,Peter Wüst,NA,#0cf063,character(0)
81365006007,4595,21,Sebastian Feichtenbeiner,NA,#0cf063,character(0)
81365006007,4595,22,Ralf Lieb,NA,#0cf063,character(0)
81365006007,4595,23,Frank Bez,NA,#0cf063,character(0)
81365006007,4595,24,Michael Schang,NA,#0cf063,character(0)
81365006007,4595,25,Michael Ochs,NA,#0cf063,character(0)
81365006007,4595,26,Patrick Kratzer,NA,#0cf063,character(0)
81365006007,4595,27,Stefan Krieg,NA,#0cf063,character(0)
81365006007,4595,28,Reiner Vetter,NA,#0cf063,character(0)
81365006007,4595,29,Wolfgang Wamsler,NA,#0cf063,character(0)
81365006007,4595,30,Bettina Ritz,NA,#0cf063,character(0)
81365006007,4595,31,Erwin Rieger,NA,#0cf063,character(0)
81365006007,4595,32,Lars Scholz,NA,#0cf063,character(0)
81365006007,4595,33,Renate Lieb,NA,#0cf063,character(0)
81365006007,4595,34,Karl Ludwig Mücke,NA,#0cf063,character(0)
81365006007,4595,35,Rene Streicher,NA,#0cf063,character(0)
81365006007,4595,36,Michaela Gruber,NA,#0cf063,character(0)
81365006007,4595,37,Anna Jüttler,NA,#0cf063,character(0)
81365006007,4595,38,Stefan Vogt,NA,#0cf063,character(0)
81365006007,4595,39,Florian Feichtenbeiner,NA,#0cf063,character(0)
81365006007,4595,40,Jens Fehleisen,NA,#0cf063,character(0)
81365006007,4595,41,Rainer Fehleisen,NA,#0cf063,character(0)
81365006007,4595,42,Gerhard Ritz,NA,#0cf063,character(0)
81365006007,4595,43,Edith Neff,NA,#0cf063,character(0)
81365006007,4595,44,Christian Kopp,NA,#0cf063,character(0)
81365006043,4220,1,FUMB,NA,#f7fe2e,Freie und Unabhängige Mögglinger Bürger
81365006043,4220,2,AM-SPD,NA,#ff0000,Aktive Mögglinger - SPD
81365006043,4220,3,ZfM,NA,#030202,Zukunft für Mögglingen
81365006043,4220,4,VFM,NA,#f5a911,Vielfalt.Freiheit.Miteinander
81365007065,4139,1,CDU,NA,#32302e,Christlich Demokratische Union Deutschlands
81365007065,4139,2,GRÜNE,NA,#46962b,BÜNDNIS 90/DIE GRÜNEN
81365007065,4139,3,SPD,NA,#ff0000,Sozialdemokratische Partei Deutschlands
81365007065,4139,4,BL,NA,#ed541c,Die Bürgerliste Schwäbisch Gmünd
81365007065,4139,5,FDP/FW,NA,#f2e357,Freie Demokratische Partei/Freie Wählervereinigung
81365007065,4139,6,Die PARTEI,NA,#b91023,"Partei für Arbeit, Rechtsstaat, Tierschutz, Elitenförderung und basisdemokratische Initiative"
81365007065,4139,7,AfD,NA,#009ee0,Alternative für Deutschland
81365007065,4139,8,söl,NA,#ce26d4,sozial ökologisch links
81365007079,5034,1,CDU,NA,#32302e,Christlich Demokratische Union Deutschlands
81365007079,5034,2,FWV,NA,#0e27e3,Freie Wählervereinigung Waldstetten/Wißgoldingen
81365007079,5034,3,UB,NA,#14e34b,Unabhängige Bürger Waldstetten/Wißgoldingen e.V.
81365008015,5115,1,FWV,NA,#ffffff,Freie Wählervereinigung Durlangen
81365008015,5115,2,FBV,NA,#ffffff,Freie Bürgervereinigung Durlangen
81365008044,2071,1,UWL,NA,#1100ff,Unabhängige Wählerliste für Mutlangen und Pfersbach
81365008044,2071,2,GRÜNE,NA,#46962b,BÜNDNIS 90/DIE GRÜNEN
81365008044,2071,3,SPD,NA,#ff0000,Sozialdemokratische Partei Deutschlands
81365008044,2071,4,CDU,NA,#32302e,Christlich Demokratische Union Deutschlands
81365008066,4957,1,FW,NA,#f7af11,Freie Wähler Spraitbach
81365008066,4957,2,SPD,NA,#ff0000,Sozialdemokratische Partei Deutschlands
81365008066,4957,3,CDU,NA,#26e0ed,CDU - Unabhängige Bürger
81365009075,6882,1,CDU,NA,#030303,CDU
81365009075,6882,2,Freie Bürgerliste Unterschneidheim (FBL),NA,#a4bbeb,Freie Bürgerliste Unterschneidheim (FBL)
81365009075,6882,3,Gemeinschaft Mensch + Natur + Heimat (MNH),NA,#16942d,Gemeinschaft Mensch + Natur + Heimat (MNH)
81365009075,6882,4,Unabhängiger Wähler Siegfried Waschek,NA,#d6aeae,Unabhängiger Wähler Siegfried Waschek
82110000000,3163,1,GRÜNE,NA,#46962b,BÜNDNIS 90/DIE GRÜNEN
82110000000,3163,2,CDU,NA,#32302e,Christlich Demokratische Union Deutschlands
82110000000,3163,3,SPD,NA,#ff0000,Sozialdemokratische Partei Deutschlands
82110000000,3163,4,FBB,NA,#e01d5b,Freie Bürger für Baden-Baden e.V.
82110000000,3163,5,FW,NA,#12b2de,Freie Wähler
82110000000,3163,6,FDP,NA,#ffed00,Freie Demokratische Partei
82110000000,3163,7,AfD,NA,#009ee0,Alternative für Deutschland
82110000000,3163,8,DIE LINKE,NA,#9900cc,DIE LINKE
82120000000,2015,1,GRÜNE,NA,#46962b,BÜNDNIS 90/DIE GRÜNEN
82120000000,2015,2,CDU,NA,#32302e,Christlich Demokratische Union Deutschlands
82120000000,2015,3,SPD,NA,#ff0000,Sozialdemokratische Partei Deutschlands
82120000000,2015,4,FDP,NA,#ffed00,Freie Demokratische Partei
82120000000,2015,5,AfD,NA,#009ee0,Alternative für Deutschland
82120000000,2015,6,DIE LINKE,NA,#9900cc,DIE LINKE
82120000000,2015,7,KAL,NA,#5d19e5,Karlsruher Liste
82120000000,2015,8,Die PARTEI,NA,#b91023,"Partei für Arbeit, Rechtsstaat, Tierschutz, Elitenförderung und basisdemokratische Initiative"
82120000000,2015,9,FW KA e.V.,NA,#03888f,Freie Wähler Karlsruhe e.V.
82120000000,2015,10,FÜR Karlsruhe,NA,#b2c82e,FÜR Karlsruhe - Politik mit christlicher Herzenshaltung e.V.
82120000000,2015,11,Team Todenhöfer,NA,#d93f11,Die Gerechtigkeitspartei - Team Todenhöfer
82120000000,2015,12,Demokratie und Aufklärung Karlsruhe,NA,#85817f,Demokratie und Aufklärung Karlsruhe
82120000000,2015,13,KAG,NA,#cf14e0,Karlsruhe-nicht meckern-gestalten
82120000000,2015,14,Volt,NA,#502379,Volt Deutschland
82120000000,2015,15,ÖDP,NA,#f36717,Ökologisch-Demokratische Partei
82150017017,3344,1,CDU,NA,#32302e,Christlich Demokratische Union Deutschlands
82150017017,3344,2,GRÜNE,NA,#46962b,BÜNDNIS 90/DIE GRÜNEN
82150017017,3344,3,FE/FW,NA,#ebd31c,"Für Ettlingen-FE e.V., FE / Freie Wähler Ettlingen e.V., FW"
82150017017,3344,4,SPD,NA,#ff0000,Sozialdemokratische Partei Deutschlands
82150017017,3344,5,AfD,NA,#009ee0,Alternative für Deutschland
82150017017,3344,6,FDP,NA,#ffed00,Freie Demokratische Partei
82150046046,5468,1,Freie Wähler Malsch e. V.,NA,#7260b3,Freie Wähler Malsch e. V.
82150046046,5468,2,CDU,NA,#32302e,Christlich Demokratische Union Deutschlands
82150046046,5468,3,SPD,NA,#ff0000,Sozialdemokratische Partei Deutschlands
82150046046,5468,4,Bündnis für Völkersbach,NA,#00eeff,Bündnis für Völkersbach
82150046046,5468,5,GRÜNE,NA,#46962b,BÜNDNIS 90/DIE GRÜNEN
82150046046,5468,6,FDP,NA,#ffed00,Freie Demokratische Partei
82150047047,6872,1,Bürgervereinigung Freie Wähler (BV/FWV) Marxzell e. V.,NA,#2161d9,Bürgervereinigung Freie Wähler (BV/FWV) Marxzell e. V.
82150047047,6872,2,Marxzellplus- Unabhängige Wählervereinigung e.V.,NA,#8d4394,Marxzellplus- Unabhängige Wählervereinigung e.V.
82150047047,6872,3,CDU,NA,#32302e,Christlich Demokratische Union Deutschlands
82150047047,6872,4,Freie Demokratische Partei (FDP) / Liberale Liste Marxzell,NA,#f0f70f,Freie Demokratische Partei (FDP) / Liberale Liste Marxzell
82150047047,6872,5,SPD,NA,#ff0000,Sozialdemokratische Partei Deutschlands
82150047047,6872,6,GRÜNE,NA,#46962b,BÜNDNIS 90/DIE GRÜNEN
82150064064,1850,1,CDU,NA,#32302e,Christlich Demokratische Union Deutschlands
82150064064,1850,2,SPD,NA,#ff0000,Sozialdemokratische Partei Deutschlands
82150064064,1850,3,ULi,NA,#4800ff,Unabhängige Liste
82150064064,1850,4,GRÜNE,NA,#46962b,BÜNDNIS 90/DIE GRÜNEN
82150064064,1850,5,AfD,NA,#009ee0,Alternative für Deutschland
82150064064,1850,6,Freie Bürgerliste,NA,#f7e223,Freie Bürgerliste
82150084084,6047,1,CDU,NA,#080708,Christlich Demokratische Union Deutschlands
82150084084,6047,2,FWV,NA,#f0e513,Freie Wählervereinigung Ubstadt-Weiher e.V.
82150084084,6047,3,SPD,NA,#ed0505,Sozialdemokratische Partei Deutschlands
82150084084,6047,4,Grüne,NA,#50d413,Bündnis 90/Die Grünen
82150089089,5176,1,CDU,NA,#000000,Christlich Demokratische Union Deutschlands
82150089089,5176,2,GRÜNE,NA,#1fd15b,Bündnis 90 / DIE GRÜNEN
82150089089,5176,3,SPD,NA,#e31b14,Sozialdemokratische Partei Deutschlands
82150089089,5176,4,FDP / WBL,NA,#edd03b,Freie Demokratische Partei / Walzbachtaler Bürgerliste
82150089089,5176,5,AfD,NA,#3865d6,Alternative für Deutschland
82150090090,4933,1,WBB,NA,#ffffff,Weingartener Bürgerbewegung
82150090090,4933,2,CDU,NA,#32302e,Christlich Demokratische Union Deutschlands
82150090090,4933,3,GLW,NA,#23de2a,Grüne Liste Weingarten
82150090090,4933,4,SPD,NA,#ff0000,Sozialdemokratische Partei Deutschlands
82150090090,4933,5,FDP,NA,#ffed00,Freie Demokratische Partei
82150096096,5634,1,Freie Wähler Karlsbad e.V.,NA,#0c05eb,Freie Wähler Karlsbad e.V.
82150096096,5634,2,GRÜNE,NA,#46962b,BÜNDNIS 90/DIE GRÜNEN
82150096096,5634,3,CDU,NA,#32302e,Christlich Demokratische Union Deutschlands
82150096096,5634,4,SPD,NA,#ff0000,Sozialdemokratische Partei Deutschlands
82150096096,5634,5,FDP / Liberale Liste Karlsbad,NA,#f0f011,Freie Demokratische Partei Deutschlands (FDP) / Liberale Liste Karlsbad
82150097097,3738,1,CDU,NA,#32302e,Christlich Demokratische Union Deutschlands
82150097097,3738,2,Freie Wählervereinigung Kraichtal e. V.,NA,#ffffff,Freie Wählervereinigung Kraichtal e. V.
82150097097,3738,3,SPD,NA,#ff0000,Sozialdemokratische Partei Deutschlands
82150097097,3738,4,GRÜNE,NA,#46962b,BÜNDNIS 90/DIE GRÜNEN
82150097097,3738,5,Gemeinsam für Kraichtal,NA,#ffffff,Gemeinsam für Kraichtal
82150097097,3738,6,AfD,NA,#009ee0,Alternative für Deutschland
82150097097,3738,7,DIE LINKE,NA,#9900cc,DIE LINKE
82150101101,1629,1,CDU,NA,#32302e,Christlich Demokratische Union Deutschlands
82150101101,1629,2,GRÜNE,NA,#46962b,BÜNDNIS 90/DIE GRÜNEN
82150101101,1629,3,SPD,NA,#ff0000,Sozialdemokratische Partei Deutschlands
82150101101,1629,4,ULiP,NA,#ffffff,Unabhängige Liste Pfinztal
82150101101,1629,5,Bürgerliste,NA,#ffffff,Bürgerliste Pfinztal
82150101101,1629,6,DIE LINKE,NA,#9900cc,DIE LINKE
82150101101,1629,7,AfD,NA,#009ee0,Alternative für Deutschland
82150101101,1629,8,Bürgerinitiative Pfinztal,NA,#ffffff,Die Bürgerinitiative Pfinztal
82150102102,3207,1,FW,NA,#143af7,Freie Wähler Eggenstein-Leopoldshafen e.V.
82150102102,3207,2,GRÜNE,NA,#11991a,Bündnis 90 / Die Grünen
82150102102,3207,3,CDU,NA,#000000,Christlich Demokratische Union Deutschlands
82150102102,3207,4,SPD,NA,#e80e0e,Sozialdemokratische Partei Deutschlands
82150102102,3207,5,FDP,NA,#fff047,Freie Demokratische Partei
82150102102,3207,6,LISTE,NA,#f0740e,Liste Eggenstein-Leopoldshafener Bürger e.V.
82150105105,3194,1,Freie Wähler Linkenheim-Hochstetten,NA,#29d6d9,Freie Wähler Linkenheim-Hochstetten
82150105105,3194,2,CDU,NA,#32302e,Christlich Demokratische Union Deutschlands
82150105105,3194,3,GRÜNE,NA,#46962b,BÜNDNIS 90/DIE GRÜNEN
82150105105,3194,4,SPD,NA,#ff0000,Sozialdemokratische Partei Deutschlands
82150105105,3194,5,FDP,NA,#ffed00,Freie Demokratische Partei
82150106106,2223,1,CDU,NA,#32302e,Christlich Demokratische Union Deutschlands
82150106106,2223,2,SPD,NA,#f23207,Sozialdemokratische Partei Deutschlands
82150106106,2223,3,FW,NA,#fafa00,Freie Wähler Waghäusel e. V.
82150106106,2223,4,Die Unabhängigen,NA,#a204c2,Unabhängige Bürger für Waghäusel
82150106106,2223,5,JL,NA,#7793bd,Junge Liste Waghäusel
82150106106,2223,6,AfD,NA,#009ee0,Alternative für Deutschland
82150106106,2223,7,GRÜNE,NA,#22f040,Bündnis 90 / Die Grünen (Große Kreisstadt Waghäusel)
82150106106,2223,8,WIN,NA,#eba817,WIN - Waghäusel Innovativ + Nachhaltig
82150108108,5723,1,CDU,NA,#32302e,Christlich Demokratische Union Deutschlands
82150108108,5723,2,SPD,NA,#ff0000,Sozialdemokratische Partei Deutschlands
82150108108,5723,3,GRÜNE,NA,#46962b,BÜNDNIS 90/DIE GRÜNEN
82150108108,5723,4,ULR,NA,#c778cf,Unabhängige Liste Rheinstetten
82150108108,5723,5,FDP,NA,#ffed00,Freie Demokratische Partei
82150108108,5723,6,BfR,NA,#decc92,Bürger für Rheinstetten
82150108108,5723,7,JL,NA,#54c5d1,Junge Liste Rheinstetten
82150109109,3921,1,Freie Wähler,NA,#1a40ff,Freie Wähler Stutensee e.V.
82150109109,3921,2,CDU,NA,#32302e,Christlich Demokratische Union Deutschlands
82150109109,3921,3,GRÜNE,NA,#46962b,BÜNDNIS 90/DIE GRÜNEN
82150109109,3921,4,SPD,NA,#ff0000,Sozialdemokratische Partei Deutschlands
82150109109,3921,5,FDP,NA,#ffed00,Freie Demokratische Partei
82150110110,5147,1,CDU,NA,#32302e,Christlich Demokratische Union Deutschlands
82150110110,5147,2,GRÜNE,NA,#46962b,BÜNDNIS 90/DIE GRÜNEN
82150110110,5147,3,Aktive Bürger Waldbronn,NA,#f28f0c,Aktive Bürger Waldbronn
82150110110,5147,4,Freie Wähler Waldbronn,NA,#147df5,Freie Wähler Waldbronn
82150110110,5147,5,SPD,NA,#ff0000,Sozialdemokratische Partei Deutschlands
82155001039,6828,1,CDU,NA,#32302e,Christlich Demokratische Union Deutschlands
82155001039,6828,2,Freie Wähler,NA,#f08d0c,Freie Wähler Kronau e.V.
82155001039,6828,3,SPD,NA,#ff0000,Sozialdemokratische Partei Deutschlands
82155001039,6828,4,AfD,NA,#009ee0,Alternative für Deutschland
82155001039,6828,5,GRÜNE,NA,#46962b,BÜNDNIS 90/DIE GRÜNEN
82155001100,2068,1,Freie Wähler,NA,#ffd500,Freie Wähler Bad Schönborn e.V.
82155001100,2068,2,CDU,NA,#000000,Christlich Demokratische Union Deutschlands
82155001100,2068,3,SPD,NA,#f00741,Sozialdemokratische Partei Deutschlands
82155001100,2068,4,Grüne Liste,NA,#44cc00,Grüne Liste Bad Schönborn
82155001100,2068,5,UBBS,NA,#c614f7,Unabhängige Bürgerliste Bad Schönborn
82155002007,3151,1,CDU,NA,#32302e,Christlich Demokratische Union Deutschlands
82155002007,3151,2,GRÜNE,NA,#46962b,BÜNDNIS 90/DIE GRÜNEN
82155002007,3151,3,FWV,NA,#f28d0a,Freie Wählervereinigung Bretten e.V.
82155002007,3151,4,die aktiven,NA,#f00e8a,die aktiven
82155002007,3151,5,SPD,NA,#ff0000,Sozialdemokratische Partei Deutschlands
82155002007,3151,6,AfD,NA,#009ee0,Alternative für Deutschland
82155002007,3151,7,FDP/Bürgerliste,NA,#f2df0c,FDP/Bürgerliste
82155002025,7192,1,FWG,NA,#f0a418,Freie Wähler Gondelsheim e. V.
82155002025,7192,2,CDU,NA,#000000,Christlich Demokratische Union Deutschlands
82155002025,7192,3,SPD,NA,#f01338,Sozialdemokratische Partei Deutschlands
82155002025,7192,4,GRÜNE,NA,#11991e,BÜNDNIS 90 / DIE GRÜNEN
82155003009,2434,1,CDU,NA,#32302e,Christlich Demokratische Union Deutschlands
82155003009,2434,2,GRÜNE Bruchsal,NA,#239107,BÜNDNIS 90/DIE GRÜNEN Bruchsal
82155003009,2434,3,SPD,NA,#ff0000,Sozialdemokratische Partei Deutschlands
82155003009,2434,4,Freie Wähler Bruchsal,NA,#ebe421,Freie Wähler Bruchsal
82155003009,2434,5,FDP / Bürgerliste,NA,#c418c1,Freie Demokratische Partei / Bürgerliste
82155003009,2434,6,AfD,NA,#009ee0,Alternative für Deutschland
82155003009,2434,7,UWV,NA,#d9bf84,Unabhängige Wählervereinigung
82155003009,2434,8,Aufbruch Bruchsal,NA,#4ed4c6,Aufbruch Bruchsal
82155003021,5585,1,CDU,NA,#000000,Christlich Demokratische Union Deutschlands
82155003021,5585,2,FW,NA,#db6b1a,Freie Wähler
82155003021,5585,3,SPD,NA,#d91111,Sozialdemokratische Partei Deutschlands
82155003021,5585,4,GRÜNE,NA,#2ac421,Bündnis 90/Die Grünen
82155003029,2681,1,CDU,NA,#050404,Christlich Demokratische Union Deutschlands
82155003029,2681,2,JL,NA,#544d4d,Junge Liste Hambrücken
82155003029,2681,3,FW,NA,#de5a18,Freie Wähler Hambrücken
82155003029,2681,4,SPD,NA,#d61818,Sozialdemokratische Partei Deutschlands
82155003029,2681,5,WfH,NA,#aceb1a,Wir für Hambrücken
82155003029,2681,6,AfD,NA,#1f2cbf,Alternative für Deutschland
82155003103,3934,1,CDU,NA,#32302e,Christlich Demokratische Union Deutschlands
82155003103,3934,2,Freie Wähler Karlsdorf-Neuthard e.V.,NA,#2796db,Freie Wähler Karlsdorf-Neuthard e.V.
82155003103,3934,3,GLKN,NA,#25d92b,Grüne Liste Karlsdorf-Neuthard
82155003103,3934,4,SPD,NA,#ff0000,Sozialdemokratische Partei Deutschlands
82155004099,2442,1,CDU,NA,#32302e,Christlich Demokratische Union Deutschlands
82155004099,2442,2,SPD,NA,#ff0000,Sozialdemokratische Partei Deutschlands
82155004099,2442,3,GRÜNE,NA,#46962b,BÜNDNIS 90/DIE GRÜNEN
82155004099,2442,4,Unabhängige Liste - FÜR Graben-Neudorf,NA,#0180ab,Unabhängige Liste - FÜR Graben-Neudorf
82155004111,2291,1,Freie Wähler,NA,#1340b0,Freie Wähler Dettenheim
82155004111,2291,2,CDU,NA,#32302e,Christlich Demokratische Union Deutschlands
82155004111,2291,3,SPD,NA,#ff0000,Sozialdemokratische Partei Deutschlands
82155004111,2291,4,GRÜNE,NA,#46962b,BÜNDNIS 90/DIE GRÜNEN
82155005040,3099,1,FWV,NA,#ff0000,Freie Wählervereinigung
82155005040,3099,2,Liste 4,NA,#1a00ff,Liste 4
82155005059,3431,1,CDU,NA,#32302e,Christlich Demokratische Union Deutschlands
82155005059,3431,2,FWV,NA,#ebf73e,Freie Wählervereinigung
82155005059,3431,3,SPD,NA,#ff0000,Sozialdemokratische Partei Deutschlands
82155005059,3431,4,GRÜNE,NA,#46962b,BÜNDNIS 90/DIE GRÜNEN
82155005059,3431,5,AfD,NA,#009ee0,Alternative für Deutschland
82155006066,2913,1,CDU,NA,#32302e,Christlich Demokratische Union Deutschlands
82155006066,2913,2,ULi,NA,#00ccff,Unabhängige Liste Philippsburg e. V.
82155006066,2913,3,Freie Wähler,NA,#ffff29,Freie Wähler
82155006066,2913,4,SPD,NA,#ff0000,Sozialdemokratische Partei Deutschlands
82155006066,2913,5,AfD,NA,#009ee0,Alternative für Deutschland
82155006066,2913,6,LDP,NA,#e38629,Lokale Demokraten Philippsburg
82155006066,2913,7,GRÜNE,NA,#46962b,BÜNDNIS 90/DIE GRÜNEN
82155006107,5704,1,CDU,NA,#32302e,Christlich Demokratische Union Deutschlands
82155006107,5704,2,FÖDL,NA,#2df013,Freie Ökologische Demokratische Liste
82155006107,5704,3,FW,NA,#ffff00,Freie Wähler Oberhausen-Rheinhausen e. V.
82155006107,5704,4,SPD,NA,#ff0000,Sozialdemokratische Partei Deutschlands
82155006107,5704,5,AfD,NA,#009ee0,Alternative für Deutschland
82155007082,5894,1,BV,NA,#ebf283,Bürgervereinigung Sulzfeld
82155007082,5894,2,CDU,NA,#32302e,Christlich Demokratische Union Deutschlands
82155007082,5894,3,SPD,NA,#ff0000,Sozialdemokratische Partei Deutschlands
82155007094,5986,1,Bürgerliste Zaisenhausen,NA,#c538e8,Bürgerliste Zaisenhausen
82155007094,5986,2,Freie Wähler,NA,#27d69f,Freie Wähler
82155007094,5986,3,Gemeinsam für Zaisenhausen,NA,#e8a456,Gemeinsam für Zaisenhausen
82160008008,2391,1,FBV,NA,#ffff00,Freie Bürgervereinigung Bühlertal e. V.
82160008008,2391,2,CDU,NA,#32302e,Christlich Demokratische Union Deutschlands
82160008008,2391,3,SPD,NA,#ff0000,Sozialdemokratische Partei Deutschlands
82160008008,2391,4,SHB,NA,#9719d1,Wählervereinigung Schwarzwald-Heimat Bühlertal
82160013013,3620,1,CDU,NA,#32302e,Christlich Demokratische Union Deutschlands
82160013013,3620,2,SPD,NA,#ff0000,Sozialdemokratische Partei Deutschlands
82160013013,3620,3,FWG,NA,#7a1887,Freie Wähler Gemeinschaft Forbach
82160013013,3620,4,GRÜNE,NA,#46962b,BÜNDNIS 90/DIE GRÜNEN
82160015015,5317,1,CDU,NA,#32302e,Christlich Demokratische Union Deutschlands
82160015015,5317,2,FWG,NA,#f0b00e,Freie Wählervereinigung Gaggenau e. V.
82160015015,5317,3,SPD,NA,#ff0000,Sozialdemokratische Partei Deutschlands
82160015015,5317,4,GRÜNE,NA,#46962b,BÜNDNIS 90/DIE GRÜNEN
82160015015,5317,5,FDP,NA,#ffed00,Freie Demokratische Partei
82165001006,2661,1,CDU,NA,#000000,Christlich Demokratische Union Deutschlands
82165001006,2661,2,SPD,NA,#ded41d,Sozialdemokratische Partei Deutschlands
82165001024,3447,1,FWG,NA,#b9ed28,Freie Wähler Gemeinschaft Kuppenheim-Oberndorf
82165001024,3447,2,CDU,NA,#000000,Christlich-Demokratische Union Deutschlands
82165001024,3447,3,SPD,NA,#fc0505,Sozialdemokratische Partei Deutschlands
82165002007,4573,1,CDU,NA,#32302e,Christlich Demokratische Union Deutschlands
82165002007,4573,2,FW,NA,#f7c611,Freie Wähler
82165002007,4573,3,SPD,NA,#ff0000,Sozialdemokratische Partei Deutschlands
82165002007,4573,4,FDP,NA,#ffed00,Freie Demokratische Partei
82165002007,4573,5,FLB,NA,#cecf97,Freie Liste Bühl
82165002007,4573,6,GAL / GRÜNE,NA,#06b817,Grün-Alternative Liste / BÜNDNIS 90/DIE GRÜNEN
82165002041,5344,1,CDU,NA,#32302e,Christlich Demokratische Union Deutschlands
82165002041,5344,2,FWG,NA,#eb7623,Freie Wähler Gemeinschaft Ottersweier e.V.
82165002041,5344,3,GRÜNE,NA,#46962b,BÜNDNIS 90/DIE GRÜNEN
82165002041,5344,4,SPD,NA,#ff0000,Sozialdemokratische Partei Deutschlands
82165003002,5310,1,FWG,NA,#ebe013,Freie Wählergemeinschaft
82165003002,5310,2,CDU,NA,#000000,Christlich Demokratische Union Deutschlands
82165003002,5310,3,SPD,NA,#ed0e28,Sozialdemokratische Partei Deutschlands
82165003005,2951,1,FWG,NA,#f5f50a,Freie Wählergemeinschaft Bietigheim
82165003005,2951,2,CDU,NA,#32302e,Christlich Demokratische Union Deutschlands
82165003005,2951,3,SPD,NA,#ff0000,Sozialdemokratische Partei Deutschlands
82165003009,5740,1,BuG,NA,#1b9e33,Bürgerliste und Grüne
82165003009,5740,2,CDU,NA,#32302e,Christlich Demokratische Union Deutschlands
82165003009,5740,3,FWG,NA,#ed9e37,Freie Wählergemeinschaft Durmersheim
82165003009,5740,4,SPD,NA,#ff0000,Sozialdemokratische Partei Deutschlands
82165003009,5740,5,GRÜNE,NA,#46962b,BÜNDNIS 90/DIE GRÜNEN
82165003009,5740,6,FDP,NA,#ffed00,Freie Demokratische Partei
82165003012,2142,1,EIL,NA,#f0f011,Elchesheim-Illinger-Liste
82165003012,2142,2,CDU,NA,#32302e,Christlich Demokratische Union Deutschlands
82165003012,2142,3,ABL,NA,#e309e3,Alternative Bürgerliste
82165004017,2374,1,FBVG,NA,#c7c7c7,Freie Bürgervereinigung Gernsbach e.V.
82165004017,2374,2,CDU,NA,#32302e,Christlich Demokratische Union Deutschlands
82165004017,2374,3,SPD,NA,#ff0000,Sozialdemokratische Partei Deutschlands
82165004017,2374,4,GRÜNE,NA,#46962b,BÜNDNIS 90/DIE GRÜNEN
82165004017,2374,5,AfD,NA,#009ee0,Alternative für Deutschland
82165004017,2374,6,FDP,NA,#ffed00,Freie Demokratische Partei
82165004029,5588,1,FWG,NA,#92d14f,Freie Wählergemeinschaft Loffenau
82165004029,5588,2,SPD & ALB,NA,#ff0000,SPD & Aktive Loffenauer Bürger
82165004029,5588,3,CDU,NA,#32302e,Christlich Demokratische Union Deutschlands
82165004059,3004,1,Bürgerliste,NA,#e0e848,Bürgerliste Weisenbach
82165005023,5780,1,FWG,NA,#32b83b,Freie Wählergemeinschaft Iffezheim e.V.
82165005023,5780,2,CDU,NA,#32302e,Christlich Demokratische Union Deutschlands
82165005023,5780,3,SPD,NA,#ff0000,Sozialdemokratische Partei Deutschlands
82165005033,2884,1,MBV,NA,#375399,Muggensturmer Bürgervereinigung
82165005033,2884,2,SPD,NA,#ff0000,Sozialdemokratische Partei Deutschlands
82165005033,2884,3,CDU,NA,#32302e,Christlich Demokratische Union Deutschlands
82165005033,2884,4,GRÜNE,NA,#46962b,BÜNDNIS 90/DIE GRÜNEN
82165005039,3557,1,FWG Ötigheim,NA,#34e391,Freie Wähler Gemeinschaft Ötigheim
82165005039,3557,2,CDU,NA,#000000,Christlich Demokratische Union Deutschlands
82165005039,3557,3,Offene Liste Ötigheim,NA,#e5f50f,Offene Liste Ötigheim
82165005043,2823,1,CDU,NA,#32302e,Christlich Demokratische Union Deutschlands
82165005043,2823,2,SPD,NA,#ff0000,Sozialdemokratische Partei Deutschlands
82165005043,2823,3,GRÜNE,NA,#46962b,BÜNDNIS 90/DIE GRÜNEN
82165005043,2823,4,FW,NA,#4a4a4a,"Freie Wähler, Stadtverband Rastatt e.V."
82165005043,2823,5,AfD,NA,#009ee0,Alternative für Deutschland
82165005043,2823,6,FuR,NA,#8c0000,Für unser Rastatt e.V.
82165005043,2823,7,FDP,NA,#ffed00,Freie Demokratische Partei
82165005052,6852,1,CDU,NA,#171313,Christliche Demokratische Union
82165005052,6852,2,BV,NA,#344cc2,Bürgervereinigung
82165006028,4876,1,BfL,NA,#195719,Bürger für Lichtenau
82165006028,4876,2,CDU,NA,#32302e,Christlich Demokratische Union Deutschlands
82165006028,4876,3,FWL,NA,#1820ad,Freie Wähler Lichtenau e.V.
82165006028,4876,4,MiTEiNANDER,NA,#ad230a,MiTEiNANDER
82165006028,4876,5,AfD,NA,#009ee0,Alternative für Deutschland
82165006063,3376,1,CDU,NA,#32302e,Christlich Demokratische Union Deutschlands
82165006063,3376,2,BfR,NA,#246ae3,Bürger für Rheinmünster
82165006063,3376,3,SPD,NA,#ff0000,Sozialdemokratische Partei Deutschlands
82165007022,4028,1,CDU,NA,#32302e,Christlich Demokratische Union Deutschlands
82165007022,4028,2,FWG,NA,#fff000,Freie Wählergemeinschaft Hügelsheim
82165007022,4028,3,GRÜNE,NA,#46962b,BÜNDNIS 90/DIE GRÜNEN
82165007049,2515,1,CDU,NA,#32302e,Christlich Demokratische Union Deutschlands
82165007049,2515,2,GRÜNE,NA,#46962b,BÜNDNIS 90/DIE GRÜNEN
82165007049,2515,3,GfS,NA,#1af0de,Gemeinsam für Sinzheim e.V.
82165007049,2515,4,FWV,NA,#878383,Freie Wählervereinigung Sinzheim e.V.
82165007049,2515,5,SPD,NA,#ff0000,Sozialdemokratische Partei Deutschlands
82165007049,2515,6,FDP,NA,#ffed00,Freie Demokratische Partei
82210000000,3581,1,GRÜNE,NA,#46962b,BÜNDNIS 90/DIE GRÜNEN
82210000000,3581,2,CDU,NA,#32302e,Christlich Demokratische Union Deutschlands
82210000000,3581,3,SPD,NA,#ff0000,Sozialdemokratische Partei Deutschlands
82210000000,3581,4,"„DIE HEIDELBERGER""",NA,#5e606b,DIE HEIDELBERGER unabhängige Wählerinitiative
82210000000,3581,5,DIE LINKE,NA,#9900cc,DIE LINKE
82210000000,3581,6,FDP,NA,#ffed00,Freie Demokratische Partei
82210000000,3581,7,AfD,NA,#009ee0,Alternative für Deutschland
82210000000,3581,8,GAL,NA,#bbd494,Grün - Alternative Liste Heidelberg e.V.
82210000000,3581,9,Bunte Linke,NA,#faaaaa,"Bunte Linke Heidelberg - Bündnis für Demokratie, Solidarität, Umwelt und Frieden"
82210000000,3581,10,Die PARTEI,NA,#b91023,"Partei für Arbeit, Rechtsstaat, Tierschutz, Elitenförderung und basisdemokratische Initiative"
82210000000,3581,11,HiB,NA,#d6d6d6,Heidelberg in Bewegung
82210000000,3581,12,FWV,NA,#2b4fff,"Freie Wähler Vereinigung e.V., Kreisverband Heidelberg"
82210000000,3581,13,"„IDA""",NA,#cf9e00,"„Initiative für Demokratie und Aufklärung e.V."""
82210000000,3581,14,Volt,NA,#502379,Volt Deutschland
82210000000,3581,15,Sofia Leser Liste,NA,#00d68f,Sofia Leser Liste
82220000000,1677,1,GRÜNE,NA,#46962b,BÜNDNIS 90/DIE GRÜNEN
82220000000,1677,2,SPD,NA,#ff0000,Sozialdemokratische Partei Deutschlands
82220000000,1677,3,CDU,NA,#32302e,Christlich Demokratische Union Deutschlands
82220000000,1677,4,AfD,NA,#009ee0,Alternative für Deutschland
82220000000,1677,5,Freie Wähler-ML,NA,#ffa500,Freie Wähler Mannheimer Liste e.V.
82220000000,1677,6,FDP,NA,#ffed00,Freie Demokratische Partei
82220000000,1677,7,DIE LINKE,NA,#9900cc,DIE LINKE
82220000000,1677,8,Die PARTEI,NA,#b91023,"Partei für Arbeit, Rechtsstaat, Tierschutz, Elitenförderung und basisdemokratische Initiative"
82220000000,1677,9,MfM,NA,#a89e9e,Mittelstand für Mannheim e.V.
82220000000,1677,10,Tierschutzpartei,NA,#d2d2d2,PARTEI MENSCH UMWELT TIERSCHUTZ
82220000000,1677,11,DIE MANNHEIMER,NA,#ff8800,DIE MANNHEIMER – Die Wählerinitiative unabhängiger Bürger
82220000000,1677,12,KLIMALISTE,NA,#bedc0a,Klimaliste Deutschland
82220000000,1677,13,Schützt die Autos,NA,#c7c7c7,Schützt die Autos
82250014014,5330,1,CDU,NA,#32302e,Christlich Demokratische Union Deutschlands
82250014014,5330,2,Freie Wähler FW,NA,#99b846,Freie Wähler Buchen/Odw. e.V.
82250014014,5330,3,AfD,NA,#009ee0,Alternative für Deutschland
82250014014,5330,4,SPD,NA,#ff0000,Sozialdemokratische Partei Deutschlands
82250014014,5330,5,GRÜNE,NA,#46962b,BÜNDNIS 90/DIE GRÜNEN
82250060060,6379,1,CDU-Bürgerliste,NA,#000000,Christlich Demokratische Union Deutschlands (CDU) und Bürgerliste (CDU-Bürgerliste)
82250060060,6379,2,FUB,NA,#991772,Freie Unabhängige Bürger (FUB)
82255001032,5809,1,CDU,NA,#32302e,Christlich Demokratische Union Deutschlands
82255001032,5809,2,FWU,NA,#0d05f7,Freie Wähler Union Hardheim
82255001032,5809,3,SPD - Bürgerliste,NA,#f58e8e,SPD - Bürgerliste
82255001032,5809,4,Unabhängige Liste Umweltschutz,NA,#ffffff,Unabhängige Liste Umweltschutz
82255001039,6878,1,SPD,NA,#ff0000,Sozialdemokratische Partei Deutschlands
82255001039,6878,2,CDU-Bürgerliste,NA,#3b3831,Christlich Demokratische Union Deutschlands (CDU) und Bürgerliste
82255001039,6878,3,Freie Wähler Vereinigung Höpfingen,NA,#f5f511,Freie Wähler Vereinigung Höpfingen
82255001109,1593,1,CDU,NA,#32302e,Christlich Demokratische Union Deutschlands
82255001109,1593,2,SPD,NA,#ff0000,Sozialdemokratische Partei Deutschlands
82255001109,1593,3,AfD,NA,#009ee0,Alternative für Deutschland
82255002033,3755,1,Freie Wähler,NA,#4668e3,Freie Wähler Ortsverband Haßmersheim e.V.
82255002033,3755,2,SPD,NA,#ff0000,Sozialdemokratische Partei Deutschlands
82255002033,3755,3,CDU/UFW,NA,#000000,Christlich Demokratische Union/ Unabhängige Freie Wähler
82255002033,3755,4,Grüne Liste,NA,#11a83e,Grüne Liste Haßmersheim
82255002042,1898,1,FWG,NA,#f07d0a,Freie Wählergruppe Hüffenhardt
82255002042,1898,2,Bürger für Bürger,NA,#e3e322,Bürger für Bürger
82255002042,1898,3,Freie Wähler Vereinigung Hüffenhardt,NA,#10eb93,Freie Wähler Vereinigung Hüffenhardt
82255002042,1898,4,"„Frauenliste"" Hüffenhardt / Kälbertshausen",NA,#e80ee1,"„Frauenliste"" Hüffenhardt / Kälbertshausen"
82255002042,1898,5,"Bürgerliste ""Mit Erfahrung und Weitblick in die Zukunft""",NA,#6c76eb,"Bürgerliste ""Mit Erfahrung und Weitblick in die Zukunft"""
82255003002,1732,1,UWV,NA,#fff200,Unabhängige Wählervereinigung
82255003002,1732,2,GLA,NA,#00ff6a,Grüne Liste Aglasterhausen
82255003002,1732,3,CDU,NA,#32302e,Christlich Demokratische Union Deutschlands
82255003002,1732,4,SPD,NA,#ff0000,Sozialdemokratische Partei Deutschlands
82255003068,4548,1,CDU,NA,#32302e,Christlich Demokratische Union Deutschlands
82255003068,4548,2,FREIE WÄHLER,NA,#f29204,FREIE WÄHLER
82255003068,4548,3,SPD,NA,#ff0000,Sozialdemokratische Partei Deutschlands
82255003116,5998,1,WV Schwarzach,NA,#ebdd46,Wählervereinigung Schwarzach
82255003116,5998,2,CDU/BL,NA,#0a0a0a,Christlich Demokratische Union Deutschlands (CDU)/Schwarzacher Bürgerliste
82255003116,5998,3,SPD,NA,#ff0000,Sozialdemokratische Partei Deutschlands
82255004024,1937,1,BWG,NA,#a14c4c,Bürgerliche Wählergemeinschaft
82255004024,1937,2,GFA,NA,#aba2a2,GEMEINSAM FÜR ALLE
82255004024,1937,3,Liste ZMV,NA,#545151,"Liste ZMV (Zusammenhalt, Mut, Veränderung)"
82255005058,3790,1,CDU,NA,#32302e,Christlich Demokratische Union Deutschlands
82255005058,3790,2,SPD,NA,#ff0000,Sozialdemokratische Partei Deutschlands
82255005058,3790,3,FWM,NA,#fac802,Freie Wähler Mosbach
82255005058,3790,4,GRÜNE,NA,#46962b,BÜNDNIS 90/DIE GRÜNEN
82255005058,3790,5,AfD,NA,#009ee0,Alternative für Deutschland
82255005058,3790,6,MuT,NA,#ffffff,Mehr Miteinander und mehr Transparenz in Mosbach
82255005074,5737,1,FWO,NA,#242dd6,Freie Wähler Ortsverband Obrigheim e.V.
82255005074,5737,2,CDU/BL,NA,#211c1c,Christlich Demokratische Union Deutschlands/Bürgerliste
82255005074,5737,3,SPD,NA,#e81313,Sozialdemokratische Partei Deutschlands
82255005117,5476,1,CDU,NA,#32302e,Christlich Demokratische Union Deutschlands
82255005117,5476,2,FW,NA,#ffe014,Freie Wähler Elztal
82255005117,5476,3,SPD,NA,#ff0000,Sozialdemokratische Partei Deutschlands
82255005117,5476,4,GAL,NA,#50de18,Grün-Alternative-Liste Elztal
82255006010,6363,1,UBW/FBL,NA,#1b34f5,Unabhängige Binauer Wählergemeinschaft/Freie Bürgerliste Binau
82255006010,6363,2,freie Zeile,NA,#b238ee,Vom Wähler vorgeschlagene Personen
82255006064,5631,1,CDU,NA,#000000,Christlich Demokratische Union Deutschland CDU - Bürger für Neckargerach und Guttenbach
82255006064,5631,2,SPD,NA,#d13f3f,Sozialdemokratische Partei Deutschlands SPD - Ortsverein Neckargerach
82255006064,5631,3,FUB,NA,#273fb8,Freie Unabhängige Bürger FUB
82255006118,5538,1,CDU,NA,#32302e,Christlich Demokratische Union Deutschlands
82255006118,5538,2,SPD,NA,#ff0000,Sozialdemokratische Partei Deutschlands
82255006118,5538,3,UBW,NA,#deb928,Unabhängige Bürger Waldbrunn
82255007075,5931,1,Bürgerliste Osterburken 1,NA,#ffffff,Bürgerliste Osterburken 1
82255007075,5931,2,Bürgerliste Osterburken 2,NA,#ffffff,Bürgerliste Osterburken 2
82255007075,5931,3,Junge Köpfe für Osterburken und seine Stadtteile,NA,#ffffff,Junge Köpfe für Osterburken und seine Stadtteile
82255007082,5854,1,Bürgerliste,NA,#66e3dd,Bürgerliste
82255007082,5854,2,Unabhängige Liste,NA,#c884e8,Unabhängige Liste
82255007114,2605,1,CDU,NA,#32302e,Christlich Demokratische Union Deutschlands
82255007114,2605,2,SPD,NA,#ff0000,Sozialdemokratische Partei Deutschlands
82255007114,2605,3,Freie Wähler,NA,#000000,Freie Wähler
82255007114,2605,4,AfD,NA,#009ee0,Alternative für Deutschland
82255008009,5194,1,CDU,NA,#32302e,Christlich Demokratische Union Deutschlands
82255008009,5194,2,SPD,NA,#ff0000,Sozialdemokratische Partei Deutschlands
82255008009,5194,3,Freie Wähler - Ortsverband Billigheim,NA,#ffffff,Freie Wähler - Ortsverband Billigheim
82255008115,3674,1,WV 1,NA,#7096e6,Wahlvorschlag 1
82255008115,3674,2,WV 2,NA,#a474e8,Wahlvorschlag 2
82255009001,6793,1,Liste Adelsheim 1,NA,#1f1919,Liste Adelsheim 1
82255009001,6793,2,Liste Adelsheim 2,NA,#e64c4c,Liste Adelsheim 2
82255009091,2295,1,CDU,NA,#32302e,Christlich Demokratische Union Deutschlands
82255009091,2295,2,Grüne Liste,NA,#0fff4f,Grüne Liste
82255009091,2295,3,"Liste ""Menschen.Ort.Heimat.Region.Engagement""",NA,#d64dc2,"Liste ""Menschen.Ort.Heimat.Region.Engagement"""
82255009091,2295,4,AfD,NA,#009ee0,Alternative für Deutschland
82260009009,4892,1,CDU,NA,#32302e,Christlich Demokratische Union Deutschlands
82260009009,4892,2,FW,NA,#22b2bd,Freie Wähler Brühl/Rohrhof e.V.
82260009009,4892,3,SPD,NA,#ff0000,Sozialdemokratische Partei Deutschlands
82260009009,4892,4,GLB,NA,#1abd11,Grüne Liste Brühl e.V.
82260009009,4892,5,FDP,NA,#ffed00,Freie Demokratische Partei
82260009009,4892,6,AfD,NA,#009ee0,Alternative für Deutschland
82260012012,3600,1,GRÜNE,NA,#46962b,BÜNDNIS 90/DIE GRÜNEN
82260012012,3600,2,CDU,NA,#32302e,Christlich Demokratische Union Deutschlands
82260012012,3600,3,FW,NA,#e8b409,Freie Wähler
82260012012,3600,4,SPD,NA,#ff0000,Sozialdemokratische Partei Deutschlands
82260012012,3600,5,FDP,NA,#ffed00,Freie Demokratische Partei
82260012012,3600,6,DIE LINKE,NA,#9900cc,DIE LINKE
82260018018,3285,1,GRÜNE,NA,#46962b,BÜNDNIS 90/DIE GRÜNEN
82260018018,3285,2,CDU,NA,#32302e,Christlich Demokratische Union Deutschlands
82260018018,3285,3,SPD,NA,#ff0000,Sozialdemokratische Partei Deutschlands
82260018018,3285,4,EPPELHEIMER LISTE e.V.,NA,#f0940a,EPPELHEIMER LISTE e.V.
82260018018,3285,5,FDP,NA,#ffed00,Freie Demokratische Partei
82260018018,3285,6,DIE LINKE,NA,#9900cc,DIE LINKE
82260028028,3215,1,CDU,NA,#32302e,Christlich Demokratische Union Deutschlands
82260028028,3215,2,GRÜNE,NA,#46962b,BÜNDNIS 90/DIE GRÜNEN
82260028028,3215,3,SPD,NA,#ff0000,Sozialdemokratische Partei Deutschlands
82260028028,3215,4,HL / FDP,NA,#0050ac,Heddesheimer Liste / Freie Demokratische Partei
82260036036,3360,1,Freie Wähler,NA,#f9ff57,Freie Wähler Ilvesheim e.V. (FW)
82260036036,3360,2,Grüne,NA,#0bbf3b,Bündnis 90/Die Grünen
82260036036,3360,3,CDU,NA,#0a0909,Christlich Demokratische Union Deutschlands
82260036036,3360,4,SPD,NA,#f02b2b,Sozialdemokratische Partei Deutschlands
82260037037,6899,1,CDU,NA,#32302e,Christlich Demokratische Union Deutschlands
82260037037,6899,2,SPD,NA,#ff0000,Sozialdemokratische Partei Deutschlands
82260037037,6899,3,GRÜNE,NA,#46962b,BÜNDNIS 90/DIE GRÜNEN
82260037037,6899,4,(FWV),NA,#97f0eb,Freie Wählervereinigung Ketsch e.V.
82260037037,6899,5,FDP,NA,#ffed00,Freie Demokratische Partei
82260037037,6899,6,AfD,NA,#009ee0,Alternative für Deutschland
82260038038,2495,1,CDU,NA,#0d0101,Christlich Demokratische Union
82260038038,2495,2,GRÜNE,NA,#55eb28,Bündnis 90/DIE GRÜNEN Ladenburg
82260038038,2495,3,SPD,NA,#eb0e0e,Sozialdemokratische Partei Deutschlands
82260038038,2495,4,FDP,NA,#f0f013,Freie Demokratische Partei
82260038038,2495,5,BfL,NA,#c707f7,Bürger für Ladenburg
82260041041,1708,1,GALL,NA,#16fa2d,Grün Alternative Liste Leimen
82260041041,1708,2,CDU,NA,#32302e,Christlich Demokratische Union Deutschlands
82260041041,1708,3,FW,NA,#f5b411,Freie Wähler Leimen
82260041041,1708,4,FDP,NA,#ffed00,Freie Demokratische Partei
82260041041,1708,5,SPD,NA,#ff0000,Sozialdemokratische Partei Deutschlands
82260041041,1708,6,AfD,NA,#009ee0,Alternative für Deutschland
82260060060,3894,1,CDU,NA,#32302e,Christlich Demokratische Union Deutschlands
82260060060,3894,2,GRÜNE,NA,#46962b,BÜNDNIS 90/DIE GRÜNEN
82260060060,3894,3,LLisN,NA,#fa0ae2,Liberale Liste Nußloch
82260060060,3894,4,SPD,NA,#ff0000,Sozialdemokratische Partei Deutschlands
82260062062,2327,1,FWV,NA,#2083c9,Freie Wähler Vereinigung Oftersheim
82260062062,2327,2,CDU,NA,#32302e,Christlich Demokratische Union Deutschlands
82260062062,2327,3,GRÜNE,NA,#46962b,BÜNDNIS 90/DIE GRÜNEN
82260062062,2327,4,SPD,NA,#ff0000,Sozialdemokratische Partei Deutschlands
82260062062,2327,5,FDP/OL,NA,#f7e40a,Freie Demokratische Partei / Oftersheimer Liste
82260063063,5897,1,Plankstadter Liste e.V.,NA,#1244e6,Plankstadter Liste e.V.
82260063063,5897,2,CDU,NA,#240808,Christlich Demokratische Union
82260063063,5897,3,GLP,NA,#3ecc12,Grüne Liste Plankstadt e.V.
82260063063,5897,4,SPD,NA,#f2072e,Sozialdemokratische Partei Deutschlands
82260076076,7124,1,CDU,NA,#32302e,Christlich Demokratische Union Deutschlands
82260076076,7124,2,SPD,NA,#ff0000,Sozialdemokratische Partei Deutschlands
82260076076,7124,3,FDP,NA,#ffed00,Freie Demokratische Partei
82260076076,7124,4,GAL,NA,#2d801c,Grün-Alternative Liste Sandhausen
82260082082,3056,1,GL Schriesheim,NA,#11f218,Grüne Liste Schriesheim
82260082082,3056,2,CDU,NA,#32302e,Christlich Demokratische Union Deutschlands
82260082082,3056,3,FW,NA,#eda113,Freie Wähler Schriesheim
82260082082,3056,4,SPD,NA,#ff0000,Sozialdemokratische Partei Deutschlands
82260082082,3056,5,FDP,NA,#ffed00,Freie Demokratische Partei
82260082082,3056,6,AfD,NA,#009ee0,Alternative für Deutschland
82260082082,3056,7,BgS,NA,#16cce0,Bürgergemeinschaft Schriesheim
82260082082,3056,8,ISB,NA,#e809d9,Initiative Schriesheimer Bürger
82260084084,2094,1,SFW,NA,#f0c416,Schwetzinger Freie Wähler
82260084084,2094,2,GRÜNE,NA,#46962b,BÜNDNIS 90/DIE GRÜNEN
82260084084,2094,3,CDU,NA,#32302e,Christlich Demokratische Union Deutschlands
82260084084,2094,4,SPD,NA,#ff0000,Sozialdemokratische Partei Deutschlands
82260084084,2094,5,FDP,NA,#ffed00,Freie Demokratische Partei
82260084084,2094,6,ISS,NA,#e823db,Inklusiv und sozial für Schwetzingen
82260095095,1597,1,CDU,NA,#32302e,Christlich Demokratische Union Deutschlands
82260095095,1597,2,SPD,NA,#ff0000,Sozialdemokratische Partei Deutschlands
82260095095,1597,3,GRÜNE,NA,#46962b,BÜNDNIS 90/DIE GRÜNEN
82260095095,1597,4,FDP,NA,#ffed00,Freie Demokratische Partei
82260095095,1597,5,Zusammen für Walldorf,NA,#3818c7,Zusammen für Walldorf
82260096096,2292,1,Freie Wähler Weinheim,NA,#f0c20c,Freie Wähler Weinheim
82260096096,2292,2,CDU,NA,#32302e,Christlich Demokratische Union Deutschlands
82260096096,2292,3,SPD,NA,#ff0000,Sozialdemokratische Partei Deutschlands
82260096096,2292,4,DIE LINKE,NA,#9900cc,DIE LINKE
82260096096,2292,5,FDP,NA,#ffed00,Freie Demokratische Partei
82260096096,2292,6,GRÜNE,NA,#46962b,BÜNDNIS 90/DIE GRÜNEN
82260096096,2292,7,WMD,NA,#465bb3,Wählervereinigung Mehr Demokratie Weinheim
82260103103,4515,1,FW,NA,#34c3eb,Freie Wähler
82260103103,4515,2,CDU,NA,#32302e,Christlich Demokratische Union Deutschlands
82260103103,4515,3,FDP,NA,#ffed00,Freie Demokratische Partei
82260103103,4515,4,GRÜNE,NA,#46962b,BÜNDNIS 90/DIE GRÜNEN
82260103103,4515,5,SPD,NA,#ff0000,Sozialdemokratische Partei Deutschlands
82260103103,4515,6,AfD,NA,#009ee0,Alternative für Deutschland
82260105105,2031,1,UBL - FDP/FWV,NA,#f2f20f,Unabhängige Bürgerliste - Freie Demokratische Partei / Freie Wählervereinigung
82260105105,2031,2,CDU,NA,#32302e,Christlich Demokratische Union Deutschlands
82260105105,2031,3,OGL,NA,#27b02b,Offene Grüne Liste Edingen-Neckarhausen
82260105105,2031,4,SPD/EBEN,NA,#e3000f,Sozialdemokratische Partei Deutschland / Engagierte Bürger Edingen-Neckarhausen
82260105105,2031,5,Die PARTEI,NA,#b91023,"Partei für Arbeit, Rechtsstaat, Tierschutz, Elitenförderung und basisdemokratische Initiative"
82260107107,4461,1,GLH,NA,#13b03d,Grüne Liste Hirschberg
82260107107,4461,2,FW,NA,#1a32e8,Freie Wähler Hirschberg
82260107107,4461,3,CDU,NA,#32302e,Christlich Demokratische Union Deutschlands
82260107107,4461,4,SPD,NA,#ff0000,Sozialdemokratische Partei Deutschlands
82260107107,4461,5,FDP,NA,#ffed00,Freie Demokratische Partei
82265001013,3601,1,FW,NA,#fafa14,Freie Wähler Eberbach e.V.
82265001013,3601,2,SPD,NA,#ff0000,Sozialdemokratische Partei Deutschlands
82265001013,3601,3,CDU,NA,#32302e,Christlich Demokratische Union Deutschlands
82265001013,3601,4,AGL,NA,#18f520,Alternative Grüne Liste
82265001081,5876,1,FW,NA,#157ee8,Freie Wähler Ortsverband Schönbrunn e.V.
82265001081,5876,2,CDU,NA,#000000,CDU Stadtverband Eberbach-Schönbrunn
82265001081,5876,3,SPD,NA,#d10841,SPD Ortsverein Eberbach-Schönbrunn
82265001081,5876,4,Liste Schwanheim,NA,#dce82c,Liste Schwanheim
82265002020,7212,1,Eschelbronner Liste,NA,#000000,Eschelbronner Liste
82265002020,7212,2,UBDU,NA,#1adb1a,Unabhängige Bürger für Dorf und Umwelt
82265002020,7212,3,Freie Wähler Eschelbronn,NA,#eb7f13,Freie Wähler Eschelbronn
82265002048,3323,1,CDU,NA,#32302e,Christlich Demokratische Union Deutschlands
82265002048,3323,2,UfM,NA,#dea426,Unabhängig für Mauer
82265002048,3323,3,SPD,NA,#ff0000,Sozialdemokratische Partei Deutschlands
82265002048,3323,4,GRÜNE,NA,#46962b,BÜNDNIS 90/DIE GRÜNEN
82265002049,2586,1,CDU,NA,#32302e,Christlich Demokratische Union Deutschlands
82265002049,2586,2,MuM,NA,#f0c51a,Bürgergemeinschaft für Meckesheimer u. Mönchzeller
82265002049,2586,3,M² Gemeinsam stark!,NA,#64d0e8,M² Gemeinsam stark!
82265002049,2586,4,SPD,NA,#ff0000,Sozialdemokratische Partei Deutschlands
82265002104,6937,1,SPD,NA,#ff0000,Sozialdemokratische Partei Deutschlands
82265002104,6937,2,CDU,NA,#32302e,Christlich Demokratische Union Deutschlands
82265003031,4884,1,CDU,NA,#32302e,Christlich Demokratische Union Deutschlands
82265003031,4884,2,FREIE WÄHLER,NA,#f29204,FREIE WÄHLER
82265003031,4884,3,SPD,NA,#ff0000,Sozialdemokratische Partei Deutschlands
82265003031,4884,4,GBL,NA,#127a09,Grün-Bunte Liste
82265003031,4884,5,PH,NA,#f2a516,Pro Hemsbach e.V.
82265003031,4884,6,FDP,NA,#ffed00,Freie Demokratische Partei
82265003040,1591,1,CDU,NA,#32302e,Christlich Demokratische Union Deutschlands
82265003040,1591,2,SPD,NA,#ff0000,Sozialdemokratische Partei Deutschlands
82265003040,1591,3,GRÜNE,NA,#46962b,BÜNDNIS 90/DIE GRÜNEN
82265004003,3647,1,GRÜNE,NA,#46962b,BÜNDNIS 90/DIE GRÜNEN
82265004003,3647,2,FWV,NA,#e8f013,Freie Wählervereinigung Altlußheim e.V.
82265004003,3647,3,CDU,NA,#32302e,Christlich Demokratische Union Deutschlands
82265004003,3647,4,SPD,NA,#ff0000,Sozialdemokratische Partei Deutschlands
82265004032,5973,1,CDU,NA,#32302e,Christlich Demokratische Union Deutschlands
82265004032,5973,2,FWV,NA,#102aeb,Freie Wählervereinigung Hockenheim e.V.
82265004032,5973,3,GRÜNE,NA,#46962b,BÜNDNIS 90/DIE GRÜNEN
82265004032,5973,4,SPD,NA,#ff0000,Sozialdemokratische Partei Deutschlands
82265004032,5973,5,FDP/LfH,NA,#e8f00c,Freie Demokratische Partei / Liste für Hockenheim
82265004059,5989,1,FREIE WÄHLER,NA,#ebeb0c,Freie Wählervereinigung Neulußheim e.V.
82265004059,5989,2,CDU,NA,#000000,CDU Neulußheim
82265004059,5989,3,GRÜNE,NA,#4fcc14,B 90/DIE GRÜNEN
82265004059,5989,4,SPD,NA,#f50000,Sozialdemokratische Partei Deutschlands
82265004059,5989,5,WfN,NA,#0059ff,Wählervereinigung Wir für Neulußheim e.V.
82265004068,3400,1,FW,NA,#d5db14,Freie Wähler Reilingen e. V.
82265004068,3400,2,SPD,NA,#ff0000,Sozialdemokratische Partei Deutschlands Ortsverein Reilingen
82265004068,3400,3,CDU,NA,#000000,Christlich Demokratische Union Deutschlands Ortsverband Reilingen
82265004068,3400,4,Grüne,NA,#1eff00,Bündnis´90/Die Grünen-Ortsverband Reilingen
82265004068,3400,5,FDP,NA,#ffed00,Freie Demokratische Partei
82265004068,3400,6,DIE LINKE,NA,#9900cc,DIE LINKE
82265005006,5238,1,CDU/BV Bammental,NA,#000000,Christlich Demokratische Union/Bürgervereinigung Bammental
82265005006,5238,2,GRÜNE,NA,#46962b,BÜNDNIS 90/DIE GRÜNEN
82265005006,5238,3,SPD,NA,#ff0000,Sozialdemokratische Partei Deutschlands
82265005006,5238,4,Pro Bammental,NA,#2656d1,Pro Bammental
82265005006,5238,5,UWB,NA,#f5e911,Unabhängige Wählervereinigung Bammental
82265005056,3461,1,FREIE WÄHLER,NA,#f29204,FREIE WÄHLER
82265005056,3461,2,GRÜNE,NA,#46962b,BÜNDNIS 90/DIE GRÜNEN
82265005056,3461,3,CDU,NA,#32302e,Christlich Demokratische Union Deutschlands
82265005056,3461,4,SPD,NA,#ff0000,Sozialdemokratische Partei Deutschlands
82265005056,3461,5,DIE LINKE,NA,#9900cc,DIE LINKE
82265005097,5692,1,GRÜNE,NA,#46962b,BÜNDNIS 90/DIE GRÜNEN
82265005097,5692,2,FREIE WÄHLER,NA,#f29204,FREIE WÄHLER
82265005097,5692,3,CDU,NA,#32302e,Christlich Demokratische Union Deutschlands
82265005097,5692,4,SPD,NA,#ff0000,Sozialdemokratische Partei Deutschlands
82265006046,3663,1,FWV,NA,#f29c1b,Freie Wählervereinigung 69254 Malsch e.V.
82265006046,3663,2,CDU,NA,#32302e,Christlich Demokratische Union Deutschlands
82265006046,3663,3,GRÜNE,NA,#46962b,BÜNDNIS 90/DIE GRÜNEN
82265006046,3663,4,FDP,NA,#ffed00,Freie Demokratische Partei
82265006054,5700,1,CDU,NA,#120512,Christlich Demokratische Union Deutschlands
82265006054,5700,2,Grüne,NA,#37f211,Bündnis 90/ Die Grünen
82265006054,5700,3,FWB,NA,#ebac0e,Freie Wähler-Bürgerliste e.V.
82265006054,5700,4,SPD,NA,#fc053f,Sozialdemokratische Partei Deutschlands
82265006065,2490,1,CDU,NA,#32302e,Christlich Demokratische Union Deutschlands
82265006065,2490,2,FREIE WÄHLER,NA,#091be3,Freie Wähler Rauenberg e.V.
82265006065,2490,3,GRÜNE,NA,#46962b,BÜNDNIS 90/DIE GRÜNEN
82265006065,2490,4,SPD,NA,#ff0000,Sozialdemokratische Partei Deutschlands
82265006065,2490,5,FDP,NA,#ffed00,Freie Demokratische Partei
82265008085,4116,1,CDU,NA,#32302e,Christlich Demokratische Union Deutschlands
82265008085,4116,2,FW,NA,#c7c544,Freie Wähler
82265008085,4116,3,GRÜNE,NA,#46962b,BÜNDNIS 90/DIE GRÜNEN
82265008085,4116,4,SPD,NA,#ff0000,Sozialdemokratische Partei Deutschlands
82265008085,4116,5,FDP,NA,#ffed00,Freie Demokratische Partei
82265008085,4116,6,AfD,NA,#009ee0,Alternative für Deutschland
82265008085,4116,7,Deutsche Liste,NA,#bdbda6,Deutsche Liste
82265008101,5410,1,GUW,NA,#4162d1,Gemeinschaft Unabhängiger Wähler - Liste für Zuzenhausen
82265008101,5410,2,CDU,NA,#32302e,Christlich Demokratische Union Deutschlands
82265008101,5410,3,SPD,NA,#ff0000,Sozialdemokratische Partei Deutschlands
82265009017,5972,1,FW Epfenbach,NA,#ffffff,Freie Wähler Bürgerverein Epfenbach
82265009017,5972,2,CDU Epfenbach,NA,#ffffff,CDU Gemeindeverband Epfenbach
82265009017,5972,3,SPD,NA,#ffffff,Sozialdemokratische Partei Deutschlands
82265009055,5825,1,Aktive Liste / CDU,NA,#ffffff,Aktive Liste / CDU
82265009055,5825,2,FW/SPD,NA,#ffffff,Freie Wähler/SPD-Sozialdemokratische Partei Deutschlands
82265009066,7356,1,FWV,NA,#c7d542,Freie Wählervereinigung Reichartshausen
82265009066,7356,2,FDP,NA,#ffed00,Freie Demokratische Partei
82265009066,7356,3,CDU und Liste Mensch und Umwelt,NA,#000000,Christlich Demokratische Union (CDU) und Liste Mensch und Umwelt
82265009091,3624,1,CDU und BWD,NA,#0d0101,CDU und Bürger für Waibstadt + Daisbach
82265009091,3624,2,WWG,NA,#f0eb90,Waibstadter Wählergemeinschaft
82265009091,3624,3,SPD,NA,#ff0000,Sozialdemokratische Partei Deutschlands
82265009091,3624,4,GRÜNE,NA,#46962b,BÜNDNIS 90/DIE GRÜNEN
82265009091,3624,5,FWW,NA,#f2bd0f,Freie Wählergemeinschaft Waibstadt
82265009106,5040,1,SPD/FWV,NA,#f70a0a,Sozialdemokratische Partei Deutschlands/Freie Wählervereinigung
82265009106,5040,2,CDU,NA,#32302e,Christlich Demokratische Union Deutschlands
82265010010,1760,1,CDU,NA,#32302e,Christlich Demokratische Union Deutschlands
82265010010,1760,2,SPD,NA,#ff0000,Sozialdemokratische Partei Deutschlands
82265010010,1760,3,BürgerInnen,NA,#751d1d,BürgerInnen
82265010010,1760,4,FDP,NA,#ffed00,Freie Demokratische Partei
82265010098,2797,1,GRÜNE,NA,#46962b,BÜNDNIS 90/DIE GRÜNEN
82265010098,2797,2,CDU,NA,#32302e,Christlich Demokratische Union Deutschlands
82265010098,2797,3,FWV,NA,#59ebeb,Freie Wähler Wiesloch
82265010098,2797,4,SPD,NA,#ff0000,Sozialdemokratische Partei Deutschlands
82265010098,2797,5,WGF,NA,#a518b8,Wählergemeinschaft Frauenweiler
82265010098,2797,6,AWL,NA,#e8881a,Altwieslocher Liste
82265010098,2797,7,FDP,NA,#ffed00,Freie Demokratische Partei
82310000000,3311,1,CDU,NA,#32302e,Christlich Demokratische Union Deutschlands
82310000000,3311,2,AfD,NA,#009ee0,Alternative für Deutschland
82310000000,3311,3,SPD,NA,#ff0000,Sozialdemokratische Partei Deutschlands
82310000000,3311,4,FDP,NA,#ffed00,Freie Demokratische Partei
82310000000,3311,5,Grüne Liste Pforzheim,NA,#4dab82,Grüne Liste Pforzheim
82310000000,3311,6,GRÜNE,NA,#46962b,BÜNDNIS 90/DIE GRÜNEN
82310000000,3311,7,Freie Wähler Vereinigung,NA,#f2d43f,Freie Wähler Vereinigung Pforzheim
82310000000,3311,8,UB,NA,#4e8ad9,Unabhängige Bürger für Pforzheim
82310000000,3311,9,DIE LINKE,NA,#9900cc,DIE LINKE
82310000000,3311,10,WiP,NA,#e857eb,Wir in Pforzheim
82310000000,3311,11,Bürgerliste Pforzheim,NA,#9de324,Bürgerliste Pforzheim
82310000000,3311,12,SAROW Liste,NA,#f748b1,SAROW Liste
82310000000,3311,13,Frauenliste Pforzheim,NA,#7426eb,Frauenliste Pforzheim
82310000000,3311,14,Gemeinsam für Pforzheim,NA,#d9e31e,Gemeinsam für Pforzheim
82310000000,3311,15,FREIE WÄHLER - Partei,NA,#fc790d,FREIE WÄHLER
82310000000,3311,16,ZfP,NA,#fbff00,Zukunftsperspektive für Pforzheim
82310000000,3311,17,Team Todenhöfer,NA,#b33b3d,Die Gerechtigkeitspartei - Team Todenhöfer
82350065065,4986,1,MUZ,NA,#f50a0a,Mensch Umwelt Zukunft
82350065065,4986,2,UWV,NA,#0a41f5,Unabhängige Wählervereinigung
82350065065,4986,3,CDU,NA,#32302e,Christlich Demokratische Union Deutschlands
82350080080,4146,1,CDU,NA,#32302e,Christlich Demokratische Union Deutschlands
82350080080,4146,2,FREIE WÄHLER,NA,#f29204,FREIE WÄHLER
82350080080,4146,3,SPD,NA,#ff0000,Sozialdemokratische Partei Deutschlands
82350080080,4146,4,GRÜNE,NA,#46962b,BÜNDNIS 90/DIE GRÜNEN
82350080080,4146,5,FDP,NA,#ffed00,Freie Demokratische Partei
82355001006,4697,1,FW,NA,#ffffff,Freie Wähler Ortsvereinigung Altensteig e.V.
82355001006,4697,2,CDU,NA,#32302e,Christlich Demokratische Union Deutschlands
82355001006,4697,3,FBV,NA,#ffffff,Freie Bürgervereinigung
82355001006,4697,4,AfD,NA,#009ee0,Alternative für Deutschland
82355001006,4697,5,SPD-GRÜNE,NA,#ffffff,Sozialdemokratische Partei Deutschlands - BÜNDNIS 90 / DIE GRÜNEN
82355001022,2528,1,FREIE-WÄHLER-LISTE,NA,#9c9c24,FREIE-WÄHLER-LISTE
82355001022,2528,2,freie Zeile,NA,#b238ee,Vom Wähler vorgeschlagene Personen
82355002007,4350,1,UWV,NA,#2debdb,Unabhängige Wählervereinigung
82355002007,4350,2,FWV,NA,#f0710a,Freie Wählervereinigung
82355002007,4350,3,GRÜNE,NA,#46962b,BÜNDNIS 90/DIE GRÜNEN
82355002007,4350,4,SPD,NA,#ff0000,Sozialdemokratische Partei Deutschlands
82355002007,4350,5,CDU,NA,#32302e,Christlich Demokratische Union Deutschlands
82355002029,3673,1,GFW,NA,#0fa68d,Gechinger Freie Wählergemeinschaft
82355002029,3673,2,BU,NA,#000000,Bürger-Union
82355002029,3673,3,SPD,NA,#ff0000,Sozialdemokratische Partei Deutschlands
82355002067,3986,1,Unabhängige Wählerschaft Simmozheim,NA,#ffffff,Unabhängige Wählerschaft Simmozheim
82355002067,3986,2,aktiv für Simmozheim,NA,#ffffff,aktiv für Simmozheim
82355003018,7352,1,PD,NA,#1f43d1,PRO Dobel
82355003018,7352,2,FuD,NA,#f57d05,Freie unabhängige Dobler (FuD)
82355003018,7352,3,GLD,NA,#3aa81e,Grüne Liste Dobel
82355003033,4639,1,CDU,NA,#32302e,Christlich Demokratische Union Deutschlands
82355003033,4639,2,UBV,NA,#3c07b8,Unabhängige Bürgervereinigung Bad Herrenalb
82355003033,4639,3,GL,NA,#268713,Grüne Liste Bad Herrenalb
82355003033,4639,4,SPD,NA,#ff0000,Sozialdemokratische Partei Deutschlands
82355003033,4639,5,Pro Bad Herrenalb und Höhenorte,NA,#b2edea,Pro Bad Herrenalb und Höhenorte
82355003033,4639,6,AfD,NA,#009ee0,Alternative für Deutschland
82355003033,4639,7,Liste Manfred Senk,NA,#b5f772,Liste Manfred Senk
82355004008,4521,1,UL,NA,#f09329,Unabhängige Liste
82355004008,4521,2,CDU,NA,#32302e,Christlich Demokratische Union Deutschlands
82355004008,4521,3,GRÜNE,NA,#46962b,BÜNDNIS 90/DIE GRÜNEN
82355004008,4521,4,ZBL,NA,#20f5f5,Zukunft Bad Liebenzell
82355004008,4521,5,AfD,NA,#009ee0,Alternative für Deutschland
82355004073,4904,1,UBL,NA,#ffffff,Unabhängige Bürgerliste
82355004073,4904,2,Freien Wählervereinigung,NA,#ffffff,Freien Wählervereinigung
82355004073,4904,3,UGLU,NA,#ffffff,Unabhängige Grüne Liste Unterreichenbach
82355005047,2297,1,UWV,NA,#d9e346,Unabhängige Wähler Vereinigung - UWV
82355005047,2297,2,CDU,NA,#32302e,Christlich Demokratische Union Deutschlands
82355005047,2297,3,UGL,NA,#54d448,Unabhängige Grüne Liste - UGL
82355005050,4869,1,FWU,NA,#f01818,Freie Wählerunion
82355005050,4869,2,ZfN,NA,#141313,Zukunft für Neuweiler
82355005050,4869,3,AfD,NA,#009ee0,Alternative für Deutschland
82355005084,3484,1,Bündnis 90/Die Grünen,NA,#ffffff,Bündnis 90/Die Grünen
82355005084,3484,2,Bürgerliste,NA,#ffffff,Bürgerliste
82355006055,4985,1,Bürgerliste,NA,#2b18d6,Bürgerliste
82355006055,4985,2,Freie Wähler,NA,#e8e81c,Freie Wähler
82355006055,4985,3,Liste für mehr Bürgernähe,NA,#0eab18,Liste für mehr Bürgernähe
82355006055,4985,4,SPD,NA,#ff0000,Sozialdemokratische Partei Deutschlands
82355006085,2280,1,GfC,NA,#f018cf,Gemeinsam für Calw
82355006085,2280,2,FW,NA,#1f1ff0,Freie Wähler
82355006085,2280,3,CDU,NA,#32302e,Christlich Demokratische Union Deutschlands
82355006085,2280,4,SPD,NA,#ff0000,Sozialdemokratische Partei Deutschlands
82355006085,2280,5,DIE LINKE,NA,#9900cc,DIE LINKE
82355006085,2280,6,GRÜNE,NA,#46962b,BÜNDNIS 90/DIE GRÜNEN
82355006085,2280,7,AfD,NA,#009ee0,Alternative für Deutschland
82355007020,3680,1,BWG,NA,#000000,Bürgerliche Wahlgemeinschaft
82355007020,3680,2,SDW,NA,#ff0000,Sozialdemokratische Wahlgemeinschaft
82355007032,4132,1,UBL,NA,#36c7c0,Unabhängige Bürgerliste Haiterbach
82355007032,4132,2,CDU,NA,#32302e,Christlich Demokratische Union Deutschlands
82355007046,4478,1,FWV,NA,#2ce8f2,Freie Wählervereinigung Nagold
82355007046,4478,2,CDU,NA,#32302e,Christlich Demokratische Union Deutschlands
82355007046,4478,3,SPD,NA,#ff0000,Sozialdemokratische Partei Deutschlands
82355007046,4478,4,GRÜNE,NA,#46962b,BÜNDNIS 90/DIE GRÜNEN
82355007046,4478,5,FDP,NA,#ffed00,Freie Demokratische Partei
82355007046,4478,6,AfD,NA,#009ee0,Alternative für Deutschland
82355007046,4478,7,Jung.Progressiv.Kollektiv.,NA,#d419c4,Jung.Progressiv.Kollektiv.
82355008079,4776,1,CDU,NA,#32302e,Christlich Demokratische Union Deutschlands
82355008079,4776,2,SPD,NA,#ff0000,Sozialdemokratische Partei Deutschlands
82355008079,4776,3,FWV,NA,#de8909,Freie Wählervereinigung Bad Wildbad
82355008079,4776,4,AfD,NA,#009ee0,Alternative für Deutschland
82360004004,5501,1,CDU,NA,#32302e,Christlich Demokratische Union Deutschlands
82360004004,5501,2,UWB,NA,#e89313,Unabhängige Wähler Birkenfeld
82360004004,5501,3,UGLB,NA,#288a2b,Unabhängige Grüne Liste Birkenfeld
82360004004,5501,4,SPD,NA,#ff0000,Sozialdemokratische Partei Deutschlands
82360028028,1652,1,CDU,NA,#32302e,Christlich Demokratische Union Deutschlands
82360028028,1652,2,UBL,NA,#14e8f7,Unabhängige Bürger - Liste
82360028028,1652,3,SPD,NA,#ff0000,Sozialdemokratische Partei Deutschlands
82360028028,1652,4,Neue Liste 2019,NA,#8c540a,Neue Liste 2019
82360028028,1652,5,GRÜNE,NA,#46962b,BÜNDNIS 90/DIE GRÜNEN
82360028028,1652,6,AfD,NA,#009ee0,Alternative für Deutschland
82360030030,3079,1,LMU,NA,#43b339,Liste Mensch und Umwelt
82360030030,3079,2,FWI,NA,#4c6c8c,Freie Wählervereinigung Ispringen
82360030030,3079,3,SPD,NA,#ff0000,Sozialdemokratische Partei Deutschlands
82360030030,3079,4,CDU,NA,#32302e,Christlich Demokratische Union Deutschlands
82360033033,2375,1,CDU,NA,#32302e,Christlich Demokratische Union Deutschlands
82360033033,2375,2,AL,NA,#30f079,Aktive Liste für Mensch und Umwelt
82360033033,2375,3,SPD,NA,#ff0000,Sozialdemokratische Partei Deutschlands
82360033033,2375,4,PWV,NA,#5bf5f5,Parteilose Wählervereinigung Knittlingen
82360033033,2375,5,UWK,NA,#e01dd3,Unabhängige Wählervereinigung Knittlingen
82360033033,2375,6,UBK,NA,#e8ab10,Unabhängige Bürgerliste Knittlingen
82360033033,2375,7,AfD,NA,#009ee0,Alternative für Deutschland
82360046046,4261,1,FW/FDP,NA,#f5f516,Freie Wähler / Freie Demokratische Partei
82360046046,4261,2,CDU,NA,#32302e,Christlich Demokratische Union Deutschlands
82360046046,4261,3,FWV,NA,#3205fa,Freie Wählervereinigung Niefern-Öschelbronn e.V. 1989
82360046046,4261,4,LMU,NA,#24f049,Liste Mensch und Umwelt Niefern-Öschelbronn e.V.
82360046046,4261,5,SPD,NA,#ff0000,Sozialdemokratische Partei Deutschlands
82360070070,2739,1,FWG,NA,#5e7fd1,Freie Wählergemeinschaft Keltern
82360070070,2739,2,GRÜNE,NA,#46962b,BÜNDNIS 90/DIE GRÜNEN
82360070070,2739,3,CDU,NA,#32302e,Christlich Demokratische Union Deutschlands
82360070070,2739,4,SPD,NA,#ff0000,Sozialdemokratische Partei Deutschlands
82360070070,2739,5,WIW,NA,#11d4d4,WIR-IN-WEILER
82360071071,6816,1,CDU,NA,#32302e,Christlich Demokratische Union Deutschlands
82360071071,6816,2,FWV,NA,#1b1ffa,Freie Wählervereinigung
82360071071,6816,3,GRÜNE,NA,#46962b,BÜNDNIS 90/DIE GRÜNEN
82360071071,6816,4,BL,NA,#e854ff,"Bürgerliste für Umwelt, Transparenz und Fortschritt"
82360071071,6816,5,SPD,NA,#ff0000,Sozialdemokratische Partei Deutschlands
82360072072,1704,1,Freie Wähler,NA,#0db4d1,Freie Wähler Straubenhardt
82360072072,1704,2,SPD,NA,#ff0000,Sozialdemokratische Partei Deutschlands
82360072072,1704,3,Grüne Liste,NA,#90d929,Grüne Liste Mensch und Umwelt Straubenhardt
82360072072,1704,4,CDU,NA,#32302e,Christlich Demokratische Union Deutschlands
82365001019,6651,1,FWV,NA,#ede215,Freie Wähler Vereinigung
82365001019,6651,2,WFF,NA,#12d5e3,Wir Für Friolzheim
82365001019,6651,3,b.u.n.t.,NA,#15ed3d,b.u.n.t. für Friolzheim
82365001025,4092,1,BfH,NA,#d522e6,Bürger für Heimsheim
82365001025,4092,2,FWV,NA,#2d19e0,Freie Wählervereinigung Heimsheim
82365001025,4092,3,CDU,NA,#32302e,Christlich Demokratische Union Deutschlands
82365001025,4092,4,SPD,NA,#ff0000,Sozialdemokratische Partei Deutschlands
82365001025,4092,5,UWV,NA,#e1e813,Unabhängige Wählervereinigung Heimsheim
82365001025,4092,6,FfH,NA,#0ced35,Frauen für Heimsheim
82365001065,6364,1,(UL),NA,#ffffff,Unabhängige Liste
82365001065,6364,2,Liste LAND,NA,#38cf58,Liste LAND
82365001065,6364,3,(CDU),NA,#ffffff,Christlich Demokratische Union Deutschlands
82365001065,6364,4,AfD,NA,#ffffff,Alternative für Deutschland
82365001065,6364,5,(LFD/FDP),NA,#ffffff,Liste Freie Demokraten/Freie Demokratische Partei
82365001065,6364,6,Liste WSPI - Wir setzen pragmatische Impulse,NA,#ffffff,Liste WSPI - Wir setzen pragmatische Impulse
82365001067,5902,1,BfW,NA,#c111ed,Bürger für Wimsheim
82365001067,5902,2,FWV,NA,#f26913,Freie Wählervereinigung Wimsheim
82365001067,5902,3,BI,NA,#0af5ed,Liste Bürgerinitiative
82365001068,7005,1,NWV,NA,#ff0000,Neue Wählervereinigung Wurmberg-Neubärental
82365001068,7005,2,FWV,NA,#ffea00,Freie Wählervereinigung Wurmberg
82365001068,7005,3,CDU,NA,#32302e,Christlich Demokratische Union Deutschlands
82365002011,4153,1,FWVE,NA,#db9d18,Freie Wählervereinigung Eisingen
82365002011,4153,2,GfE,NA,#fa1100,Gemeinsam für Eisingen e.V.
82365002011,4153,3,CDU,NA,#32302e,Christlich Demokratische Union Deutschlands
82365002074,6249,1,FWV,NA,#ffffff,Freie Wählervereinigung Kämpfelbach
82365002074,6249,2,CDU,NA,#32302e,Christlich Demokratische Union Deutschlands
82365002074,6249,3,MuM,NA,#ffffff,Liste Mensch und Umwelt Kämpfelbach
82365002074,6249,4,SPD,NA,#ff0000,Sozialdemokratische Partei Deutschlands
82365002076,5969,1,FWV,NA,#2548e6,Freie Wählervereinigung
82365002076,5969,2,GRÜNE,NA,#46962b,BÜNDNIS 90/DIE GRÜNEN
82365002076,5969,3,CDU,NA,#32302e,Christlich Demokratische Union Deutschlands
82365002076,5969,4,SPD,NA,#ff0000,Sozialdemokratische Partei Deutschlands
82365002076,5969,5,Bürgerliste – K-S,NA,#ffa742,Bürgerliste Königsbach-Stein
82365003038,5694,1,BWV,NA,#4a89bd,Bürgerliche Wählervereinigung
82365003038,5694,2,LMU,NA,#1bbf4c,Liste Mensch und Umwelt
82365003038,5694,3,CDU Maulbronn,NA,#121010,Christlich Demokratische Union Deutschlands
82365003038,5694,4,SPD Maulbronn,NA,#e31212,Sozialdemokratische Partei Deutschlands
82365003061,6936,1,FWV,NA,#0c6591,Freie Wähler Vereinigung Sternenfels
82365003061,6936,2,LfSuD,NA,#db75e0,Liste für Sternenfels und Diefenbach
82365003061,6936,3,SPD,NA,#ff0000,Sozialdemokratische Partei Deutschlands
82365003061,6936,4,LMU,NA,#26b51f,Liste Mensch und Umwelt Sternenfels
82365004040,3044,1,CDU,NA,#32302e,Christlich Demokratische Union Deutschlands
82365004040,3044,2,LMU,NA,#3b7d47,Liste Mensch und Umwelt
82365004040,3044,3,FW,NA,#785380,Freie Wähler Mühlacker
82365004040,3044,4,SPD,NA,#ff0000,Sozialdemokratische Partei Deutschlands
82365004040,3044,5,FDP,NA,#ffed00,Freie Demokratische Partei
82365004050,2932,1,FWV/UBL,NA,#07fa50,Freie Wählervereinigung / Unabhängige Bürgerliste
82365004050,2932,2,Es geht noch mehr...,NA,#f5aa0a,Es geht noch mehr...
82365004050,2932,3,BUN,NA,#cefa0c,Bürgerliste Umwelt und Natur Ötisheim und Teilorte
82365004050,2932,4,JLA,NA,#0d0c0c,Junge Liste Aize
82365005013,2679,1,Bürgerliste Engelsbrand,NA,#b5094e,Bürgerliste Engelsbrand
82365005013,2679,2,CDU,NA,#32302e,Christlich Demokratische Union Deutschlands
82365005013,2679,3,LE,NA,#ffffff,Lebenswertes Engelsbrand
82365005043,2368,1,UWV,NA,#183fdb,Unabhängige Wähler Vereinigung
82365005043,2368,2,Grüne Liste Neuenbürg,NA,#1dcf52,Grüne Liste Neuenbürg
82365005043,2368,3,CDU,NA,#32302e,Christlich Demokratische Union Deutschlands
82365005043,2368,4,Neuenbürger Liste,NA,#de2c2c,Neuenbürger Liste
82365006031,5893,1,SPD,NA,#ff0000,Sozialdemokratische Partei Deutschlands
82365006031,5893,2,BVK,NA,#1573ed,Bürgervereinigung Kieselbronn
82365006031,5893,3,KUL,NA,#3dd15d,Kieselbronner Umweltliste
82365006031,5893,4,CDU,NA,#32302e,Christlich Demokratische Union Deutschlands
82365006073,3298,1,FWV,NA,#eb7a1e,Freie Wählervereinigung Neulingen
82365006073,3298,2,CDU,NA,#32302e,Christlich Demokratische Union Deutschlands
82365006073,3298,3,SPD,NA,#ff0000,Sozialdemokratische Partei Deutschlands
82365006073,3298,4,LMU Neulingen,NA,#168c0b,Liste Mensch und Umwelt Neulingen
82365006075,5480,1,FW,NA,#2027b3,Freie Wählervereinigung Ölbronn-Dürrn
82365006075,5480,2,AB,NA,#4be362,Aktive Bürger Ölbronn-Dürrn
82365006075,5480,3,PA,NA,#f5ea1b,Parteiunabhängige Aktion
82365007044,6467,1,Bürger für das Biet,NA,#ffffff,Bürger für das Biet
82365007044,6467,2,FWV,NA,#ffffff,Freie Wählervereinigung
82365007044,6467,3,CDU,NA,#32302e,Christlich Demokratische Union Deutschlands
82365007044,6467,4,SPD,NA,#ff0000,Sozialdemokratische Partei Deutschlands
82365007044,6467,5,GRÜNE,NA,#46962b,BÜNDNIS 90/DIE GRÜNEN
82365007062,2378,1,CDU,NA,#32302e,Christlich Demokratische Union Deutschlands
82365007062,2378,2,LMU,NA,#1c9432,Liste Mensch und Umwelt Tiefenbronn
82365007062,2378,3,Freie Wähler Tiefenbronn,NA,#1840de,Freie Wähler Tiefenbronn
82370004004,6668,1,CDU,NA,#32302e,Christlich Demokratische Union Deutschlands
82370004004,6668,2,FWV,NA,#f08a05,Freie Wählervereinigung
82370004004,6668,3,BUB,NA,#15f00a,Bürgeraktion Umwelt Baiersbronn
82370004004,6668,4,FDP / UBL,NA,#ede209,Freie Demokratische Partei / Unabhängige Bürgerliste
82370004004,6668,5,SPD,NA,#ff0000,Sozialdemokratische Partei Deutschlands
82370004004,6668,6,AfD,NA,#009ee0,Alternative für Deutschland
82370045045,4164,1,FWV Loßburg,NA,#29bbe3,Freie Wählervereinigung Loßburg
82370045045,4164,2,CDU,NA,#000000,Christlich Demokratische Union Deutschlands
82370045045,4164,3,GL,NA,#32ab48,Grüne Liste Loßburg
82375001019,6365,1,Freie Wähler und CDU,NA,#0a0909,Freie Wähler und CDU
82375001019,6365,2,Freie Bürger,NA,#a69d8e,Freie Bürger
82375001019,6365,3,SPD,NA,#fa0505,Sozialdemokratische Partei Deutschlands
82375001019,6365,4,AfD,NA,#009ee0,Alternative für Deutschland
82375001019,6365,5,OGL Dornstetten,NA,#56c7a3,Offene Grüne Liste Dornstetten
82375001030,5783,1,Unabhängige Liste,NA,#e8d823,Unabhängige Liste
82375001030,5783,2,Bürgerliste,NA,#8113f0,Bürgerliste
82375001061,4057,1,FL,NA,#fafa07,Freie Liste
82375001061,4057,2,UL,NA,#f0840a,unabhängige Liste
82375001061,4057,3,NB,NA,#05f5e9,Neue Bürgerliste
82375001074,5755,1,FWV,NA,#ffa600,Freie Wählervereinigung
82375001074,5755,2,CDU,NA,#32302e,Christlich Demokratische Union Deutschlands
82375001074,5755,3,AfD,NA,#009ee0,Alternative für Deutschland
82375002028,2767,1,FWV,NA,#1b42a6,Freie Wählervereinigung Freudenstadt e.V.
82375002028,2767,2,CDU,NA,#32302e,Christlich Demokratische Union Deutschlands
82375002028,2767,3,SPD,NA,#ff0000,Sozialdemokratische Partei Deutschlands
82375002028,2767,4,AfD,NA,#009ee0,Alternative für Deutschland
82375002028,2767,5,BA GRÜNE,NA,#20d632,BürgerAktion GRÜNE
82375002028,2767,6,ULF,NA,#e68620,Unabhängige Liste Freudenstadt
82375002075,5379,1,FREIE WÄHLER,NA,#f29204,FREIE WÄHLER
82375002075,5379,2,CDU,NA,#32302e,Christlich Demokratische Union Deutschlands
82375003024,2507,1,UBL,NA,#004b8b,Unabhängige Bürgerliste
82375003024,2507,2,WIR,NA,#175422,WIR - Bürger für Empfingen
82375003027,5765,1,CDU,NA,#32302e,Christlich Demokratische Union Deutschlands
82375003027,5765,2,BiG,NA,#5eade6,Bürgerliste im Gäu
82375003040,3721,1,CDU,NA,#32302e,Christlich Demokratische Union Deutschlands
82375003040,3721,2,FD/FW,NA,#ffff00,Freie Demokraten/Freie Wähler
82375003040,3721,3,BiM,NA,#00ff00,Bürger im Mittelpunkt
82375003040,3721,4,SPD,NA,#ff0000,Sozialdemokratische Partei Deutschlands
82375003040,3721,5,OGL,NA,#008000,Offene Grüne Liste
82375003040,3721,6,ULH,NA,#ffd700,Unabhängige Liste Horb
82375003040,3721,7,AfD,NA,#009ee0,Alternative für Deutschland
82375005054,4894,1,FWV,NA,#e5f50a,Freie Wählervereingigung (FWV) Pfalzgrafenweiler
82375005054,4894,2,CDU,NA,#32302e,Christlich Demokratische Union Deutschlands
82375005054,4894,3,SPD,NA,#ff0000,Sozialdemokratische Partei Deutschlands
82375005054,4894,4,OGL,NA,#008000,Offene Grüne Liste Pfalzgrafenweiler
83110000000,1959,1,GRÜNE,NA,#46962b,BÜNDNIS 90/DIE GRÜNEN
83110000000,1959,2,SPD,NA,#ff0000,Sozialdemokratische Partei Deutschlands
83110000000,1959,3,CDU,NA,#32302e,Christlich Demokratische Union Deutschlands
83110000000,1959,4,Linke Liste,NA,#ff008c,Linke Liste - Solidarische Stadt
83110000000,1959,5,GAF,NA,#457818,Grüne Alternative Freiburg
83110000000,1959,6,FW,NA,#3f4eeb,FREIE WÄHLER Kreisverband Freiburg e.V.
83110000000,1959,7,FL,NA,#00f7ff,Freiburg Lebenswert
83110000000,1959,8,JF,NA,#2622a8,Junges Freiburg
83110000000,1959,9,FDP,NA,#ffed00,Freie Demokratische Partei
83110000000,1959,10,AfD,NA,#009ee0,Alternative für Deutschland
83110000000,1959,11,UFR,NA,#40f7d9,Urbanes Freiburg
83110000000,1959,12,Die PARTEI,NA,#b91023,"Partei für Arbeit, Rechtsstaat, Tierschutz, Elitenförderung und basisdemokratische Initiative"
83110000000,1959,13,kult,NA,#57210d,Kulturliste Freiburg
83110000000,1959,14,UFF,NA,#fc00fc,Unabhängige Frauen Freiburg
83110000000,1959,15,BFF,NA,#b4aeb8,Bürger für Freiburg
83110000000,1959,16,LTI,NA,#f29213,Liste Teilhabe und Inklusion
83110000000,1959,17,APPD,NA,#000000,Anarchistische Pogo-Partei Deutschlands
83110000000,1959,18,FFR,NA,#c7c722,Für Freiburg - Politik aus christlicher Verantwortung
83110000000,1959,19,Volt,NA,#502379,Volt Deutschland
83110000000,1959,20,SPITZ,NA,#522619,Meinrad Spitz
83150068068,5815,1,CDU,NA,#32302e,Christlich Demokratische Union Deutschlands
83150068068,5815,2,Bürgerliste Lenzkirch,NA,#d94a23,Bürgerliste Lenzkirch
83150068068,5815,3,SPD,NA,#ff0000,Sozialdemokratische Partei Deutschlands
83150068068,5815,4,FWL,NA,#c5d918,Freie Wähler Lenzkirch
83150076076,1595,1,FWN,NA,#fff70f,Freie Wählervereinigung Neuenburg am Rhein e.V.
83150076076,1595,2,CDU,NA,#32302e,Christlich Demokratische Union Deutschlands
83150076076,1595,3,SPD,NA,#ff0000,Sozialdemokratische Partei Deutschlands
83150076076,1595,4,AfD,NA,#009ee0,Alternative für Deutschland
83150133133,4235,1,FWV,NA,#0731d9,Freie Wählervereinigung
83150133133,4235,2,CDU,NA,#000000,Christlich Demokratische Union Deutschland
83150133133,4235,3,GRÜNE,NA,#46962b,BÜNDNIS 90/DIE GRÜNEN
83155001006,5189,1,CDU,NA,#32302e,Christlich Demokratische Union Deutschlands
83155001006,5189,2,GRÜNE,NA,#46962b,BÜNDNIS 90/DIE GRÜNEN
83155001006,5189,3,SPD,NA,#ff0000,Sozialdemokratische Partei Deutschlands
83155001006,5189,4,KFB,NA,#1d9cbf,Krozinger Freie Bürger
83155001048,4889,1,FWV,NA,#0000ff,Freie Wählervereinigung
83155001048,4889,2,CDU,NA,#32302e,Christlich Demokratische Union Deutschlands
83155001048,4889,3,Frauenliste,NA,#b300b3,Frauenliste - Hartheim - Feldkirch - Bremgarten
83155002015,6626,1,CDU,NA,#32302e,Christlich Demokratische Union Deutschlands
83155002015,6626,2,SPD,NA,#ff0000,Sozialdemokratische Partei Deutschlands
83155002015,6626,3,GRÜNE,NA,#46962b,BÜNDNIS 90/DIE GRÜNEN
83155002015,6626,4,ULB,NA,#ffffff,Umweltliste Breisach
83155002015,6626,5,FDP/FWB,NA,#ffffff,Freie Demokratische Partei / Freie Wähler Breisach
83155002015,6626,6,AfD,NA,#009ee0,Alternative für Deutschland
83155002015,6626,7,BLB,NA,#ffffff,Bürgerliste Breisach
83155002059,1974,1,CDU,NA,#32302e,Christlich Demokratische Union Deutschlands
83155002059,1974,2,GRÜNE,NA,#46962b,BÜNDNIS 90/DIE GRÜNEN
83155002059,1974,3,BürgerListe plus Ihringen & Wasenweiler,NA,#e30613,BürgerListe plus Ihringen & Wasenweiler
83155002059,1974,4,W. I. R. Wasenweiler Ihringen Regional,NA,#fed700,W. I. R. Wasenweiler Ihringen Regional
83155002072,3603,1,FBL,NA,#c4b752,Freie Bürgerliste Merdingen
83155002072,3603,2,SPD,NA,#ff0000,Sozialdemokratische Partei Deutschlands
83155002072,3603,3,CDU,NA,#32302e,Christlich Demokratische Union Deutschlands
83155003020,6551,1,CDU,NA,#000000,Christlich Demokratische Union Deutschlands
83155003020,6551,2,UWG,NA,#3239cf,Unabhängige Wahlgemeinschaft
83155003064,3043,1,GRÜNE,NA,#46962b,BÜNDNIS 90/DIE GRÜNEN
83155003064,3043,2,CDU,NA,#32302e,Christlich Demokratische Union Deutschlands
83155003064,3043,3,FWG,NA,#f0e40a,Freie Wählergemeinschaft Kirchzarten e.V.
83155003064,3043,4,SPD,NA,#ff0000,Sozialdemokratische Partei Deutschlands
83155003064,3043,5,SÖW,NA,#696969,Sozialökologischer Wandel
83155003084,5127,1,CDU,NA,#000000,Christlich Demokratische Union - Gemeindeverband Oberried
83155003084,5127,2,Freie Wähler Oberried,NA,#e89527,Freie Wähler Oberried
83155003109,4301,1,FWG,NA,#e8b81a,Freie Wählergemeinschaft Stegen
83155003109,4301,2,CDU,NA,#32302e,Christlich Demokratische Union Deutschlands
83155003109,4301,3,GRÜNE,NA,#46962b,BÜNDNIS 90/DIE GRÜNEN
83155003109,4301,4,SPD,NA,#ff0000,Sozialdemokratische Partei Deutschlands
83155003109,4301,5,LISB,NA,#f5870a,Linke Liste - Solidarischer Breisgau-Hochschwarzwald
83155004014,6611,1,FBL,NA,#ebeb13,Freie Bürgerliste Bollschweil - St. Ulrich
83155004014,6611,2,BBU,NA,#080202,Bürgerforum Bollschweil - St. Ulrich
83155004014,6611,3,Offenes Forum für Bollschweil und St. Ulrich,NA,#14de21,Offenes Forum für Bollschweil und St. Ulrich
83155004131,4846,1,FWV,NA,#126fe0,Freie Wählervereinigung Ehrenkirchen
83155004131,4846,2,CDU,NA,#32302e,Christlich Demokratische Union Deutschlands
83155004131,4846,3,GRÜNE,NA,#46962b,BÜNDNIS 90/DIE GRÜNEN
83155004131,4846,4,SPD,NA,#ff0000,Sozialdemokratische Partei Deutschlands
83155004131,4846,5,Die PARTEI,NA,#b91023,"Partei für Arbeit, Rechtsstaat, Tierschutz, Elitenförderung und basisdemokratische Initiative"
83155005047,5324,1,Freie Wähler Gundelfingen-Wildtal e.V. (FW),NA,#ff962e,Freie Wähler Gundelfingen-Wildtal e.V. (FW)
83155005047,5324,2,GRÜNE,NA,#46962b,BÜNDNIS 90/DIE GRÜNEN
83155005047,5324,3,SPD,NA,#ff0000,Sozialdemokratische Partei Deutschlands
83155005047,5324,4,CDU,NA,#32302e,Christlich Demokratische Union Deutschlands
83155005051,5466,1,Neue Liste Heuweiler,NA,#ffffff,Neue Liste Heuweiler
83155005051,5466,2,Freie Wählergemeinschaft Heuweiler,NA,#ffffff,Freie Wählergemeinschaft Heuweiler
83155005051,5466,3,Frauenliste Heuweiler,NA,#ffffff,Frauenliste Heuweiler
83155006008,6165,1,FWG,NA,#e36d19,Freie Wählergemeinschaft Ballrechten-Dottingen e.V.
83155006008,6165,2,CDU,NA,#0d0c0c,Christlich Demokratische Union Deutschlands
83155006008,6165,3,SPD,NA,#e81313,Sozialdemokratische Partei Deutschlands
83155006033,5397,1,FBE,NA,#ffffff,Freie Bürgerliste Eschbach
83155006033,5397,2,CDU,NA,#32302e,Christlich Demokratische Union Deutschlands
83155006050,3041,1,SPD,NA,#ff0000,Sozialdemokratische Partei Deutschlands
83155006050,3041,2,CDU,NA,#32302e,Christlich Demokratische Union Deutschlands
83155006050,3041,3,FWH,NA,#3270e3,Freie Wähler Heitersheim e.V.
83155006050,3041,4,GRÜNE,NA,#46962b,BÜNDNIS 90/DIE GRÜNEN
83155007003,2097,1,WV Au,NA,#ffff00,Wählervereinigung Au
83155007003,2097,2,Nachhaltig für Au,NA,#ffae00,Nachhaltig für Au
83155007003,2097,3,WBU / Grüne Liste Au,NA,#00fa36,Wählergemeinschaft für Bürgernähe und Umweltschutz / Grüne Liste Au
83155007056,3480,1,FWV Horben,NA,#ecfa2f,Freie Wählervereinigung Horben
83155007056,3480,2,Liste Horben,NA,#165bf0,Liste Horben
83155007056,3480,3,U.B.F.,NA,#75f54e,Unabhängiges Bürgerforum Horben
83155007056,3480,4,MDW,NA,#aa43b0,Mehr Demokratie wagen
83155007073,4751,1,GRÜNE,NA,#0db824,BÜNDNIS 90/DIE GRÜNEN
83155007073,4751,2,CDU,NA,#32302e,Christlich Demokratische Union Deutschlands
83155007073,4751,3,FBG,NA,#0c3af0,Freie Bürgergemeinschaft Merzhausen
83155007073,4751,4,SPD,NA,#ff0000,Sozialdemokratische Partei Deutschlands
83155007073,4751,5,UB/ÖDP,NA,#d420cb,Unabhängige Bürger/Ökologisch-Demokratische Partei
83155007107,5450,1,BS,NA,#e87f0e,Die Bürgerliste Sölden
83155007107,5450,2,GRÜNE,NA,#46962b,BÜNDNIS 90/DIE GRÜNEN
83155007107,5450,3,CDU,NA,#32302e,Christlich Demokratische Union Deutschlands
83155007125,3387,1,FWG,NA,#000000,Freie Wählergemeinschaft Wittnau
83155007125,3387,2,NaWi,NA,#76d145,Natürlich Wittnau
83155008016,4700,1,Bürgerliste,NA,#26e815,Bürgerliste
83155008016,4700,2,freie Zeile,NA,#b238ee,Vom Wähler vorgeschlagene Personen
83155008052,6072,1,Liste für Hinterzarten,NA,#79a8a4,Liste für Hinterzarten
83155008052,6072,2,freie Zeile,NA,#b238ee,Vom Wähler vorgeschlagene Personen
83155009013,5384,1,FWG,NA,#9f11c2,Freie Wähler Gemeinschaft
83155009013,5384,2,CDU,NA,#32302e,Christlich Demokratische Union Deutschlands
83155009013,5384,3,FWV,NA,#fa7507,Freie Wähler Vereinigung
83155009013,5384,4,SPD,NA,#ff0000,Sozialdemokratische Partei Deutschlands
83155009013,5384,5,GRÜNE,NA,#46962b,BÜNDNIS 90/DIE GRÜNEN
83155009030,6543,1,FWV,NA,#38d918,Freie Wählervereinigung
83155009030,6543,2,Aktive Bürger,NA,#e9fa02,Aktive Bürger
83155009030,6543,3,SPD,NA,#ff0000,Sozialdemokratische Partei Deutschlands
83155009030,6543,4,GRÜNE,NA,#46962b,BÜNDNIS 90/DIE GRÜNEN
83155009043,2526,1,FWG,NA,#0e3bf0,Freie Wähler Gemeinschaft
83155009043,2526,2,CDU,NA,#000000,Christlich Demokratische Union
83155009043,2526,3,FBL,NA,#3bf50c,Freie Bürger Liste
83155009043,2526,4,Frauenliste,NA,#dede1d,Frauenliste
83155009043,2526,5,SPD,NA,#ff0000,Sozialdemokratische Partei Deutschlands
83155009043,2526,6,LUST.,NA,#f50ae5,Liste Umwelt & Soziale Teilhabe
83155010039,5415,1,Freie Bürgerliste,NA,#ffffff,Freie Bürgerliste
83155010039,5415,2,Freie Wählerschaft,NA,#ffffff,Freie Wählerschaft
83155010070,2078,1,FDP-FW Löffingen,NA,#f5ee73,FDP Löffingen - Freie Wähler Löffingen
83155010070,2078,2,CDU,NA,#32302e,Christlich Demokratische Union Deutschlands
83155010070,2078,3,SPD,NA,#ff0000,Sozialdemokratische Partei Deutschlands
83155010070,2078,4,GRÜNE,NA,#46962b,BÜNDNIS 90/DIE GRÜNEN
83155011115,6837,1,UBU,NA,#3fd62b,Unabhängige Bürgerliste Umkirch
83155011115,6837,2,CDU,NA,#32302e,Christlich Demokratische Union Deutschlands
83155011115,6837,3,FWVU,NA,#f0f04d,Freie Wähler Vereinigung Umkirch
83155011115,6837,4,SPD,NA,#ff0000,Sozialdemokratische Partei Deutschlands
83155011132,3240,1,Die Grünen,NA,#00ad11,Bündnis 90/ Die Grünen
83155011132,3240,2,UBM,NA,#e3a70e,Unabhängige Bürgerliste March
83155011132,3240,3,CDU,NA,#32302e,Christlich Demokratische Union Deutschlands
83155011132,3240,4,SPD,NA,#ff0000,Sozialdemokratische Partei Deutschlands
83155011132,3240,5,GFM,NA,#05d9e8,Gemeinsam für March
83155012004,5125,1,FREIE LISTE AUGGEN,NA,#3ce6d7,FREIE LISTE AUGGEN
83155012004,5125,2,AUGGEN-MITEINANDER,NA,#f20fd0,AUGGEN-MITEINANDER
83155012007,3536,1,GRÜNE,NA,#46962b,BÜNDNIS 90/DIE GRÜNEN
83155012007,3536,2,SPD,NA,#ff0000,Sozialdemokratische Partei Deutschlands
83155012007,3536,3,CDU,NA,#32302e,Christlich Demokratische Union Deutschlands
83155012007,3536,4,BfB/FDP,NA,#e5eb38,Bürger und Bürgerinnen für Badenweiler / Freie Demokratische Partei
83155012007,3536,5,ZB,NA,#4bd9de,ZUKUNFT BADENWEILER
83155012022,2184,1,Freie Wählervereinigung Buggingen-Seefelden,NA,#d62dd6,Freie Wählervereinigung Buggingen-Seefelden
83155012022,2184,2,MUTige Bürgerliste,NA,#d99d1c,MUTige Bürgerliste
83155012022,2184,3,CDU,NA,#32302e,Christlich Demokratische Union Deutschlands
83155012022,2184,4,SPD,NA,#ff0000,Sozialdemokratische Partei Deutschlands
83155012022,2184,5,GRÜNE,NA,#46962b,BÜNDNIS 90/DIE GRÜNEN
83155012074,1774,1,CDU,NA,#32302e,Christlich Demokratische Union Deutschlands
83155012074,1774,2,FWG,NA,#0217fa,Freie Wählergemeinschaft Müllheim e.V.
83155012074,1774,3,SPD,NA,#ff0000,Sozialdemokratische Partei Deutschlands
83155012074,1774,4,GRÜNE,NA,#46962b,BÜNDNIS 90/DIE GRÜNEN
83155012111,6798,1,CDU,NA,#32302e,Christlich Demokratische Union Deutschlands
83155012111,6798,2,Mitbürgerliste,NA,#ff99cb,Mitbürgerliste
83155012111,6798,3,FL,NA,#ffcc66,Freie Liste Sulzburg - Laufen - St. Ilgen
83155012111,6798,4,GRÜNE,NA,#46962b,BÜNDNIS 90/DIE GRÜNEN
83155012111,6798,5,SPD,NA,#ff0000,Sozialdemokratische Partei Deutschlands
83155013094,6732,1,FB,NA,#3a54d6,Freie Bürger
83155013094,6732,2,freie Zeile,NA,#b238ee,Vom Wähler vorgeschlagene Personen
83155014028,6612,1,Bürger für Ebringen,NA,#318a08,"Bürger für Ebringen, gemeinsam - ökologisch - sozial"
83155014028,6612,2,Frauenliste,NA,#7f039e,Frauenliste
83155014028,6612,3,Bürgerliste,NA,#ff780a,Bürgerliste
83155014028,6612,4,CDU,NA,#32302e,Christlich Demokratische Union Deutschlands
83155014089,1722,1,FBL,NA,#ffffff,Freie Bürger Liste Pfaffenweiler
83155014089,1722,2,CDU,NA,#32302e,Christlich Demokratische Union Deutschlands
83155014098,2376,1,GRÜNE,NA,#46962b,BÜNDNIS 90/DIE GRÜNEN
83155014098,2376,2,ABS,NA,#8838c2,Aktive Bürger Schallstadt
83155014098,2376,3,CDU,NA,#32302e,Christlich Demokratische Union Deutschlands
83155014098,2376,4,FWV,NA,#100cf5,Freie Wählervereinigung Schallstadt
83155014098,2376,5,SPD,NA,#ff0000,Sozialdemokratische Partei Deutschlands
83155015037,5378,1,Die Feldberger Liste,NA,#ffffff,Die Feldberger Liste
83155015037,5378,2,Freie Wähler Feldberg,NA,#ffffff,Freie Wähler Feldberg
83155015037,5378,3,Bürgerliste Feldberg,NA,#ffffff,Bürgerliste Feldberg
83155015102,5263,1,CDU-Bürgerliste,NA,#000000,CDU-Bürgerliste
83155015102,5263,2,SPD,NA,#ff0000,Sozialdemokratische Partei Deutschlands
83155015102,5263,3,Freie Wähler Liste Schluchsee,NA,#ffffff,Freie Wähler Liste Schluchsee
83155016108,5376,1,FW,NA,#edaa1a,Freie Wähler Staufen e.V.
83155016108,5376,2,ULS-DIE GRÜNEN,NA,#20b32a,Umweltliste-DIE GRÜNEN
83155016108,5376,3,CDU,NA,#32302e,Christlich Demokratische Union Deutschlands
83155016108,5376,4,SPD,NA,#ff0000,Sozialdemokratische Partei Deutschlands
83155016108,5376,5,AfD,NA,#009ee0,Alternative für Deutschland
83155016108,5376,6,UBS,NA,#d6d2d2,Unabhängige Bürgerliste Staufen
83155016130,5586,1,CDU,NA,#32302e,Christlich Demokratische Union Deutschlands
83155016130,5586,2,FWV,NA,#19d14a,Freie Wählervereinigung Münstertal e.V.
83155016130,5586,3,SPD,NA,#ff0000,Sozialdemokratische Partei Deutschlands
83155016130,5586,4,BfM,NA,#f7ee36,Bürger für Münstertal
83155017031,5950,1,Freie Bürgerliste,NA,#ffffff,Freie Bürgerliste
83155017031,5950,2,freie Zeile,NA,#b238ee,Vom Wähler vorgeschlagene Personen
83155017113,3389,1,CDU,NA,#32302e,Christlich Demokratische Union Deutschlands
83155017113,3389,2,GRÜNE,NA,#46962b,BÜNDNIS 90/DIE GRÜNEN
83155017113,3389,3,LEB,NA,#00eeff,Liste Engagierter Bürger
83155017113,3389,4,SPD,NA,#ff0000,Sozialdemokratische Partei Deutschlands
83155017113,3389,5,BL,NA,#ffff00,Bürgerliste
83165001009,2807,1,GRÜNE,NA,#46962b,BÜNDNIS 90/DIE GRÜNEN
83165001009,2807,2,CDU,NA,#32302e,Christlich Demokratische Union Deutschlands
83165001009,2807,3,FWD,NA,#0957b0,Freie Wähler Denzlingen e.V.
83165001009,2807,4,SPD,NA,#ff0000,Sozialdemokratische Partei Deutschlands
83165001009,2807,5,BL,NA,#ed7e0e,Bürgerliste DENZLINGEN
83165001009,2807,6,UB/ÖDP,NA,#b53405,Unabhängige Bürger/Ökologisch-Demokratische Partei
83165001009,2807,7,FDP,NA,#ffed00,Freie Demokratische Partei
83165001036,6544,1,BL,NA,#32c7bf,Bürgerliste
83165001036,6544,2,CDU,NA,#080707,Christliche Demokratische Union Deutschlands
83165001045,6665,1,FFW,NA,#e8e817,Freie Wähler Vörstetten e.V.
83165001045,6665,2,SPD,NA,#ff0000,Sozialdemokratische Partei Deutschlands
83165001045,6665,3,CDU,NA,#32302e,Christlich Demokratische Union Deutschlands
83165002003,1946,1,Unabhängige Liste,NA,#eb3705,Unabhängige Liste
83165002003,1946,2,freie Zeile,NA,#b238ee,Vom Wähler vorgeschlagene Personen
83165002010,2696,1,Freie Wähler Elzach - FWE -,NA,#eddb11,Freie Wähler Elzach - FWE -
83165002010,2696,2,CDU - Stadtverband Elzach,NA,#0a0a0a,CDU - Stadtverband Elzach
83165002010,2696,3,Sozialdemokratische Partei Deutschlands (SPD),NA,#f01111,Sozialdemokratische Partei Deutschlands (SPD)
83165002055,4479,1,CDU,NA,#32302e,Christlich Demokratische Union Deutschlands
83165002055,4479,2,SPD,NA,#ff0000,Sozialdemokratische Partei Deutschlands
83165002055,4479,3,FWW,NA,#3407fa,Freie Wähler Winden im Elztal
83165003011,3242,1,GRÜNE,NA,#46962b,BÜNDNIS 90/DIE GRÜNEN
83165003011,3242,2,CDU,NA,#32302e,Christlich Demokratische Union Deutschlands
83165003011,3242,3,SPD,NA,#ff0000,Sozialdemokratische Partei Deutschlands
83165003011,3242,4,FWV,NA,#311de0,Freie Wählervereinigung Emmendingen e.V.
83165003011,3242,5,FDP,NA,#ffed00,Freie Demokratische Partei
83165003011,3242,6,Liste Zukunft,NA,#d95218,"Liste Zukunft – gemeinsam für ein soziales, klimafreundliches und wirklich nachhaltiges Emmendingen"
83165003011,3242,7,Die PARTEI,NA,#b91023,"Partei für Arbeit, Rechtsstaat, Tierschutz, Elitenförderung und basisdemokratische Initiative"
83165003011,3242,8,AfD,NA,#009ee0,Alternative für Deutschland
83165003024,7152,1,FWG,NA,#f1f736,Freie Wählergemeinschaft
83165003024,7152,2,BVM,NA,#27f2f2,Bürger-Vereinigung-Malterdingen
83165003024,7152,3,SPD,NA,#ff0000,Sozialdemokratische Partei Deutschlands
83165003024,7152,4,CDU,NA,#32302e,Christlich Demokratische Union Deutschlands
83165003039,5539,1,FWG,NA,#ffa245,Freie Wähler Gemeinschaft Sexau gegr. 1953
83165003039,5539,2,CDU,NA,#32302e,Christlich Demokratische Union Deutschlands
83165003039,5539,3,SPD,NA,#ff0000,Sozialdemokratische Partei Deutschlands
83165003043,3758,1,FWV,NA,#bbc3c7,Freie-Wähler-Vereinigung Teningen e.V.
83165003043,3758,2,SPD,NA,#f70505,Sozialdemokratische Partei Deutschlands
83165003043,3758,3,CDU,NA,#000000,Christlich Demokratische Union Deutschland
83165003043,3758,4,UB/ÖDP,NA,#e67920,Unabhängige Bürger / Ökologisch-Demokratische Partei
83165003043,3758,5,BVT,NA,#ff00c8,Bürgervereinigung Teningen e.V.
83165003043,3758,6,GRÜNE,NA,#34d126,Bündnis 90 / DIE GRÜNEN
83165003054,5279,1,FWV,NA,#6c4cb5,Freie Wählervereinigung Freiamt
83165003054,5279,2,CDU,NA,#000000,Christlich Demokratische Union Deutschlands
83165003054,5279,3,SPD,NA,#f50202,Sozialdemokratische Partei Deutschlands
83165004017,6163,1,CDU,NA,#32302e,Christlich Demokratische Union Deutschlands
83165004017,6163,2,GRÜNE,NA,#46962b,BÜNDNIS 90/DIE GRÜNEN
83165004017,6163,3,FWG,NA,#f7eb0a,Freie Wählergemeinschaft Herbolzheim/Breisgau e.V.
83165004017,6163,4,SPD,NA,#ff0000,Sozialdemokratische Partei Deutschlands
83165004020,6499,1,CDU,NA,#32302e,Christlich Demokratische Union Deutschlands
83165004020,6499,2,FW/BVK,NA,#ff9900,Freie Wähler / Bürgervereinigung Kenzingen
83165004020,6499,3,ABL,NA,#26ab33,Aktive Bürgerliste Kenzingen - ABL
83165004020,6499,4,SPD,NA,#ff0000,Sozialdemokratische Partei Deutschlands
83165004020,6499,5,FDP,NA,#ffed00,Freie Demokratische Partei
83165004020,6499,6,MiK,NA,#193ba8,Mir in Kenzingen
83165004049,5463,1,BL,NA,#ff8308,Bürgerliste
83165004049,5463,2,FÜR WEISWEIL,NA,#1fb2cc,FÜR WEISWEIL
83165004053,5655,1,CDU,NA,#32302e,Christlich Demokratische Union Deutschlands
83165004053,5655,2,Bürgerliste Rheinhausen,NA,#ffffff,Bürgerliste Rheinhausen
83165004053,5655,3,Pro Rheinhausen,NA,#ffffff,Pro Rheinhausen
83165005002,1731,1,FAB,NA,#f1ff26,Freie Aktive Bürger
83165005002,1731,2,CDU,NA,#32302e,Christlich Demokratische Union Deutschlands
83165005002,1731,3,NL,NA,#9d40c2,Neue Liste
83165005002,1731,4,GRÜNE,NA,#46962b,BÜNDNIS 90/DIE GRÜNEN
83165005002,1731,5,JL,NA,#ba2525,Junge Liste
83165005012,1733,1,EBG,NA,#e8f016,Endinger Bürgergemeinschaft
83165005012,1733,2,CDU,NA,#32302e,Christlich Demokratische Union Deutschlands
83165005012,1733,3,GRÜNE,NA,#46962b,BÜNDNIS 90/DIE GRÜNEN
83165005012,1733,4,DU,NA,#1c25d4,Die Unabhängigen
83165005012,1733,5,SPD,NA,#ff0000,Sozialdemokratische Partei Deutschlands
83165005013,1785,1,Neue Liste,NA,#1d11bf,Neue Liste
83165005013,1785,2,FWG,NA,#f6fc3a,Freie Wählergruppe
83165005037,5698,1,CDU,NA,#32302e,Christlich Demokratische Union Deutschlands
83165005037,5698,2,SPD,NA,#ff0000,Sozialdemokratische Partei Deutschlands
83165005037,5698,3,FWV,NA,#5595c9,Freie Wählervereinigung
83165005037,5698,4,GRÜNE,NA,#46962b,BÜNDNIS 90/DIE GRÜNEN
83165005038,5050,1,FWV,NA,#ff0000,Freie Wählervereinigung
83165005038,5050,2,FBL,NA,#00ff00,Freie-Bürger-Liste
83165005038,5050,3,AfD,NA,#391ddb,Alternative für Deutschland
83165005051,2816,1,FWV,NA,#e08f14,Freie Wählervereinigung
83165005051,2816,2,CDU,NA,#080707,Christlich Demokratische Union
83165006014,2183,1,FWV,NA,#eba015,Freie Wählervereinigung Ortsverband Gutach e.V.
83165006014,2183,2,CDU,NA,#32302e,Christlich Demokratische Union Deutschlands
83165006014,2183,3,ÖL,NA,#1ed41e,Ökologische Liste
83165006042,4044,1,FWV,NA,#eaf205,Freie Wähler Vereinigung Simonswald
83165006042,4044,2,CDU,NA,#000000,Christlich Demokratische Union
83165006042,4044,3,ÖLS,NA,#3da605,Ökologische Liste Simonswald
83165006056,5224,1,SPD,NA,#ff0000,Sozialdemokratische Partei Deutschlands
83165006056,5224,2,CDU,NA,#32302e,Christlich Demokratische Union Deutschlands
83165006056,5224,3,FW,NA,#f0bb0e,Freie Wähler Waldkirch e. V.
83165006056,5224,4,FDP,NA,#ffed00,Freie Demokratische Partei
83165006056,5224,5,"DOL, GRÜNE",NA,#30bf13,"Die Offene Liste, BÜNDNIS 90/DIE GRÜNEN"
83170005005,6906,1,CDU,NA,#32302e,Christlich Demokratische Union Deutschlands
83170005005,6906,2,Freie Wähler,NA,#24e3d3,Freie Wählervereinigung Appenweier-Nesselried-Urloffen e.V.
83170005005,6906,3,Frauenliste/ Grüne,NA,#28c728,Frauenliste/ Die Grünen
83170005005,6906,4,SPD,NA,#ff0000,Sozialdemokratische Partei Deutschlands
83170031031,6027,1,CDU,NA,#32302e,Christlich Demokratische Union Deutschlands
83170031031,6027,2,Kommunale Freie Wähler,NA,#f06e11,Kommunale Freie Wähler - Friesenheim e.V.
83170031031,6027,3,GLU,NA,#05b30e,Grüne Liste Umweltschutz
83170031031,6027,4,SPD,NA,#ff0000,Sozialdemokratische Partei Deutschlands
83170031031,6027,5,FDW,NA,#ede615,Freie Demokratische Wählervereinigung Friesenheim
83170051051,5097,1,CDU,NA,#32302e,Christlich Demokratische Union Deutschlands
83170051051,5097,2,SPD,NA,#ff0000,Sozialdemokratische Partei Deutschlands
83170051051,5097,3,FW Hornberg,NA,#f2784b,Freie Wähler Hornberg - Anhänger nichtmitgliedschaftlich organisierte Wählervereinigung
83170057057,4835,1,SPD,NA,#ff0000,Sozialdemokratische Partei Deutschlands
83170057057,4835,2,GRÜNE,NA,#46962b,BÜNDNIS 90/DIE GRÜNEN
83170057057,4835,3,CDU,NA,#32302e,Christlich Demokratische Union Deutschlands
83170057057,4835,4,FWK,NA,#f08d2b,Freie Wähler Kehl e. V.
83170057057,4835,5,AfD,NA,#009ee0,Alternative für Deutschland
83170057057,4835,6,FDP,NA,#ffed00,Freie Demokratische Partei
83170057057,4835,7,Kehler für Kehl,NA,#8e3ac7,Kehler für Kehl
83170057057,4835,8,Projekt Kehl+,NA,#a19f9f,Projekt Kehl+
83170141141,4541,1,FWV,NA,#ffcc80,Freie Wählervereinigung
83170141141,4541,2,CDU,NA,#32302e,Christlich Demokratische Union Deutschlands
83170141141,4541,3,SPD,NA,#ff0000,Sozialdemokratische Partei Deutschlands
83170141141,4541,4,NL,NA,#c4c4c4,Neue Liste
83170141141,4541,5,GRÜNE,NA,#46962b,BÜNDNIS 90/DIE GRÜNEN
83170151151,6521,1,FWV,NA,#f0a400,Freie Wähler Vereinigung
83170151151,6521,2,UL,NA,#2be813,Umwelt und Leben
83170151151,6521,3,CDU,NA,#32302e,Christlich Demokratische Union Deutschlands
83170151151,6521,4,SPD,NA,#ff0000,Sozialdemokratische Partei Deutschlands
83170153153,4874,1,FWG/CDU Rheinau,NA,#121010,Freie Wählergemeinschaft / Christlich Demokratische Union Rheinau
83170153153,4874,2,SPD und WfR,NA,#eb0e33,Sozialdemokratische Partei Deutschlands und Wir für Rheinau
83170153153,4874,3,IG Rheinau,NA,#e8d333,Interessengemeinschaft Rheinau
83170153153,4874,4,AfD,NA,#009ee0,Alternative für Deutschland
83170153153,4874,5,GRÜNE,NA,#46962b,BÜNDNIS 90/DIE GRÜNEN
83175001001,2958,1,CDU,NA,#32302e,Christlich Demokratische Union Deutschlands
83175001001,2958,2,FW,NA,#edb334,Freie Wähler
83175001001,2958,3,ABL,NA,#0b6275,Acherner Bürger Liste
83175001001,2958,4,GRÜNE,NA,#46962b,BÜNDNIS 90/DIE GRÜNEN
83175001001,2958,5,SPD,NA,#ff0000,Sozialdemokratische Partei Deutschlands
83175001001,2958,6,FDP,NA,#ffed00,Freie Demokratische Partei
83175001001,2958,7,AfD,NA,#009ee0,Alternative für Deutschland
83175001068,2735,1,CDU,NA,#32302e,Christlich Demokratische Union Deutschlands
83175001068,2735,2,LM,NA,#72c1f2,Laufer Mitte
83175001068,2735,3,GRÜNE,NA,#46962b,BÜNDNIS 90/DIE GRÜNEN
83175001116,3678,1,CDU,NA,#32302e,Christlich Demokratische Union Deutschlands
83175001116,3678,2,FBL,NA,#2eabe6,Freie Bürgerliste für Sasbach und Obersasbach
83175001116,3678,3,GRÜNE,NA,#46962b,BÜNDNIS 90/DIE GRÜNEN
83175001116,3678,4,Junge Liste,NA,#96968f,Junge Liste Union
83175001118,2925,1,FWV,NA,#f7821b,Freie Wählervereinigung Sasbachwalden
83175001118,2925,2,CDU,NA,#32302e,Christlich Demokratische Union Deutschlands
83175002026,5105,1,CDU,NA,#32302e,Christlich Demokratische Union Deutschlands
83175002026,5105,2,FWV,NA,#8771ab,Freie Wähler Vereinigung
83175002026,5105,3,SPD,NA,#ff0000,Sozialdemokratische Partei Deutschlands
83175002026,5105,4,FLE,NA,#1f0854,Freie Liste Ettenheim
83175002026,5105,5,GRÜNE,NA,#46962b,BÜNDNIS 90/DIE GRÜNEN
83175002026,5105,6,AfD,NA,#009ee0,Alternative für Deutschland
83175002073,4364,1,CDU,NA,#32302e,Christlich Demokratische Union Deutschlands
83175002073,4364,2,BFMO,NA,#eff545,BürgerForum Mahlberg+Orschweier
83175002073,4364,3,FWV,NA,#16f56b,Freie Wählervereinigung Mahlberg
83175002073,4364,4,SPD,NA,#ff0000,Sozialdemokratische Partei Deutschlands
83175002113,2457,1,CDU,NA,#32302e,Christlich Demokratische Union Deutschlands
83175002113,2457,2,FW,NA,#f59211,Freie Wählervereinigung
83175002113,2457,3,SPD,NA,#ff0000,Sozialdemokratische Partei Deutschlands
83175002114,2459,1,CDU,NA,#32302e,Christlich Demokratische Union Deutschlands
83175002114,2459,2,SPD,NA,#ff0000,Sozialdemokratische Partei Deutschlands
83175002114,2459,3,FW Rust,NA,#f5970a,Freie Wähler Rust
83175002114,2459,4,ABfR,NA,#1dc423,Aktive Bürger für Rust
83175002152,3226,1,CDU,NA,#32302e,Christlich Demokratische Union Deutschlands
83175002152,3226,2,Pro KG,NA,#19bf42,Pro Kappel-Grafenhausen
83175002152,3226,3,AfD,NA,#009ee0,Alternative für Deutschland
83175003009,3931,1,FWG,NA,#2a3dd1,Freie Wählergruppe Berghaupten
83175003009,3931,2,CDU,NA,#32302e,Christlich Demokratische Union Deutschlands
83175003009,3931,3,GLB,NA,#ede213,Gemeinschaftsliste Berghaupten
83175003034,1720,1,GLG,NA,#37914b,Grüne Liste Gengenbach (GLG) e.V.
83175003034,1720,2,CDU,NA,#32302e,Christlich Demokratische Union Deutschlands
83175003034,1720,3,FWG,NA,#ebe45e,Freie Wähler Gengenbach e.V.
83175003034,1720,4,SPD,NA,#ff0000,Sozialdemokratische Partei Deutschlands
83175004029,4898,1,BLF,NA,#fa6b05,Bürgerliste Fischerbach
83175004029,4898,2,freie Zeile,NA,#b238ee,Vom Wähler vorgeschlagene Personen
83175004040,4921,1,CDU,NA,#32302e,Christlich Demokratische Union Deutschlands
83175004040,4921,2,Freie Wähler Haslach im Kinzigtal,NA,#2a66e8,Freie Wähler Haslach im Kinzigtal
83175004040,4921,3,GRÜNE,NA,#46962b,BÜNDNIS 90/DIE GRÜNEN
83175004040,4921,4,SPD,NA,#ff0000,Sozialdemokratische Partei Deutschlands
83175004040,4921,5,LHL,NA,#9737bd,Liste Haslach Lebenswert
83175004040,4921,6,FDP,NA,#ffed00,Freie Demokratische Partei
83175004046,4571,1,CDU,NA,#32302e,Christlich Demokratische Union Deutschlands
83175004046,4571,2,FW Hofstetten,NA,#dbb90b,Freie Wähler Hostetten
83175004129,6757,1,FWV,NA,#ffffff,Freie Wählervereinigung Steinach-Welschensteinach
83175004129,6757,2,CDU,NA,#32302e,Christlich Demokratische Union Deutschlands
83175004129,6757,3,GRÜNE,NA,#46962b,BÜNDNIS 90/DIE GRÜNEN
83175005039,1802,1,FWV,NA,#ffffff,Freie Wählervereinigung Gutach
83175005039,1802,2,FDP,NA,#ffed00,Freie Demokratische Partei
83175005039,1802,3,SPD,NA,#ff0000,Sozialdemokratische Partei Deutschlands
83175005039,1802,4,CDU,NA,#32302e,Christlich Demokratische Union Deutschlands
83175005041,3703,1,Freie Wähler Hausach e. V.,NA,#fff200,Freie Wähler Hausach e. V.
83175005041,3703,2,CDU,NA,#32302e,Christlich Demokratische Union Deutschlands
83175005041,3703,3,SPD,NA,#ff0000,Sozialdemokratische Partei Deutschlands
83175005041,3703,4,Grüne Liste Hausach,NA,#3a752b,Grüne Liste Hausach
83175006056,3130,1,FWV,NA,#044ad6,Freie Wähler-Vereinigung Kappelrodeck/Waldulm
83175006056,3130,2,CDU,NA,#32302e,Christlich Demokratische Union Deutschlands
83175006102,6527,1,FWG,NA,#044ad6,Freie Wähler Gruppe Ottenhöfen im Schwarzwald
83175006102,6527,2,CDU,NA,#32302e,Christlich Demokratische Union Deutschlands
83175007059,2456,1,CDU,NA,#32302e,Christlich Demokratische Union Deutschlands
83175007059,2456,2,FWV,NA,#f5970a,Freie Wähler Vereinigung Kippenheim-Schmieheim
83175007059,2456,3,SPD,NA,#ff0000,Sozialdemokratische Partei Deutschlands
83175007059,2456,4,GRÜNE,NA,#46962b,BÜNDNIS 90/DIE GRÜNEN
83175007059,2456,5,FDW,NA,#f7f70f,Freie Demokratische Wählervereinigung Kippenheim
83175007065,4851,1,KFWL,NA,#1c10c7,Kommunale Freie Wähler Lahr
83175007065,4851,2,GRÜNE,NA,#46962b,BÜNDNIS 90/DIE GRÜNEN
83175007065,4851,3,SPD,NA,#ff0000,Sozialdemokratische Partei Deutschlands
83175007065,4851,4,CDU,NA,#32302e,Christlich Demokratische Union Deutschlands
83175007065,4851,5,AfD,NA,#009ee0,Alternative für Deutschland
83175007065,4851,6,FDP,NA,#ffed00,Freie Demokratische Partei
83175007065,4851,7,BL,NA,#ad45cc,Liste Birgit Lemke
83175008098,1755,1,UWO,NA,#dece71,Unabhängige Wählervereinigung Oppenau e.V.
83175008098,1755,2,CDU,NA,#32302e,Christlich Demokratische Union Deutschlands
83175008098,1755,3,GRÜNE,NA,#46962b,BÜNDNIS 90/DIE GRÜNEN
83175009067,6764,1,Bürgerliste Lautenbach,NA,#de1fd1,Bürgerliste Lautenbach
83175009067,6764,2,CDU,NA,#32302e,Christlich Demokratische Union Deutschlands
83175009089,4049,1,CDU,NA,#32302e,Christlich Demokratische Union Deutschlands
83175009089,4049,2,GRÜNE,NA,#46962b,BÜNDNIS 90/DIE GRÜNEN
83175009089,4049,3,BfO,NA,#b8b4b4,Bürger für Oberkirch
83175009089,4049,4,SPD & du,NA,#f50c0c,Sozialdemokratische Partei Deutschlands (SPD) & du - gemeinsam für Oberkirch
83175009089,4049,5,FWV,NA,#fa7d00,Freie Wählervereinigung Oberkirch e. V.
83175009089,4049,6,FDP,NA,#ffed00,Freie Demokratische Partei
83175009089,4049,7,OLO,NA,#edc993,Offene Liste Oberkirch
83175009110,4532,1,Freie Wähler Renchen e.V.,NA,#fab70c,Freie Wähler Renchen e.V.
83175009110,4532,2,CDU,NA,#32302e,Christlich Demokratische Union Deutschlands
83175009110,4532,3,SPD,NA,#ff0000,Sozialdemokratische Partei Deutschlands
83175009110,4532,4,AfD,NA,#009ee0,Alternative für Deutschland
83175009110,4532,5,FDP,NA,#ffed00,Freie Demokratische Partei
83175010021,2740,1,FW,NA,#14cccc,Freie Wähler Durbachtal
83175010021,2740,2,CDU,NA,#32302e,Christlich Demokratische Union Deutschlands
83175010047,4386,1,FWH,NA,#1e389e,Freie Wähler Hohberg e.V.
83175010047,4386,2,CDU,NA,#32302e,Christlich Demokratische Union Deutschlands
83175010047,4386,3,SPD,NA,#ff0000,Sozialdemokratische Partei Deutschlands
83175010047,4386,4,LEDO,NA,#e8e84a,"freie.liste.hoh-lebendige Demokratie für freies Wirken, Gerechtigkeit und Kreativität"
83175010047,4386,5,GRÜNE,NA,#46962b,BÜNDNIS 90/DIE GRÜNEN
83175010096,5589,1,GRÜNE,NA,#46962b,BÜNDNIS 90/DIE GRÜNEN
83175010096,5589,2,CDU,NA,#32302e,Christlich Demokratische Union Deutschlands
83175010096,5589,3,FWO,NA,#f2a144,Freie Wähler Offenburg
83175010096,5589,4,SPD,NA,#ff0000,Sozialdemokratische Partei Deutschlands
83175010096,5589,5,FDP,NA,#ffed00,Freie Demokratische Partei
83175010096,5589,6,AfD,NA,#009ee0,Alternative für Deutschland
83175010096,5589,7,FBO,NA,#f022e9,Freie Bürger Offenburg
83175010096,5589,8,DIE LINKE,NA,#9900cc,DIE LINKE
83175010122,5662,1,CDU,NA,#32302e,Christlich Demokratische Union Deutschlands
83175010122,5662,2,FWU,NA,#fafa25,Freie Wähler Union Schutterwald e.V.
83175010122,5662,3,SPD,NA,#ff0000,Sozialdemokratische Partei Deutschlands
83175010122,5662,4,GRÜNE,NA,#46962b,BÜNDNIS 90/DIE GRÜNEN
83175011121,6529,1,CDU,NA,#32302e,Christlich Demokratische Union Deutschlands
83175011121,6529,2,FWV,NA,#f09116,Freie Wählervereinigung
83175011127,7140,1,FBL,NA,#f5f50a,Freie Bürgerliste
83175011127,7140,2,CDU,NA,#32302e,Christlich Demokratische Union Deutschlands
83175011127,7140,3,SPD,NA,#ff0000,Sozialdemokratische Partei Deutschlands
83175011127,7140,4,GRÜNE,NA,#46962b,BÜNDNIS 90/DIE GRÜNEN
83175012075,1670,1,FL,NA,#00ff26,FL - Freie Liste
83175012075,1670,2,FW,NA,#fc9700,FW - Freie Wähler
83175012075,1670,3,PRO M+K,NA,#ffea00,PRO Meißenheim und Kürzell
83175012075,1670,4,KWG,NA,#fa0a26,Kommunale Wählergemeinschaft Meißenheim und Kürzell
83175012075,1670,5,AfD,NA,#009ee0,Alternative für Deutschland
83175012150,5207,1,FWV,NA,#2444e3,Freie Wählervereinigung
83175012150,5207,2,SPD,NA,#ff0000,Sozialdemokratische Partei Deutschlands
83175012150,5207,3,CDU,NA,#32302e,Christlich Demokratische Union Deutschlands
83175012150,5207,4,Liste Hartmut Läßle,NA,#25d940,Liste Hartmut Läßle
83175012150,5207,5,FDW,NA,#e8dd15,Freie Demokratische Wählervereinigung Schwanau
83175013093,4671,1,Bürgerliste Oberwolfach,NA,#f53105,Bürgerliste Oberwolfach
83175013093,4671,2,freie Zeile,NA,#b238ee,Vom Wähler vorgeschlagene Personen
83175013145,6911,1,Freie Wählervereinigung Wolfach,NA,#ffffff,Freie Wählervereinigung Wolfach
83175013145,6911,2,CDU,NA,#32302e,Christlich Demokratische Union Deutschlands
83175013145,6911,3,GRÜNE,NA,#46962b,BÜNDNIS 90/DIE GRÜNEN
83175013145,6911,4,SPD,NA,#ff0000,Sozialdemokratische Partei Deutschlands
83175014011,4702,1,FWB,NA,#60c6eb,Freie Wähler Biberach
83175014011,4702,2,CDU,NA,#32302e,Christlich Demokratische Union Deutschlands
83175014011,4702,3,SPD,NA,#ff0000,Sozialdemokratische Partei Deutschlands
83175014085,5852,1,CDU,NA,#32302e,Christlich Demokratische Union Deutschlands
83175014085,5852,2,FWV,NA,#fafa02,Freie Wählervereinigung Nordrach
83175014085,5852,3,UWN,NA,#2871de,Unabhängige Wähler Nordrach
83175014088,6838,1,Freie Wähler Oberharmersbach,NA,#1ae8de,Freie Wähler Oberharmersbach
83175014088,6838,2,CDU,NA,#32302e,Christlich Demokratische Union Deutschlands
83175014146,4005,1,FW,NA,#cfe83f,Freie Wähler Zell am Harmersbach
83175014146,4005,2,CDU,NA,#32302e,Christlich Demokratische Union Deutschlands
83175014146,4005,3,GLZ,NA,#0a6b24,Grüne Liste Zell
83175014146,4005,4,SPD,NA,#ff0000,Sozialdemokratische Partei Deutschlands
83250012012,4806,1,Wählervereinigung Dornhan,NA,#cf47d6,Wählervereinigung Dornhan
83250012012,4806,2,Bürgerliste,NA,#6ddecb,Bürgerliste
83255001014,5076,1,Freie Liste,NA,#2663d4,Freie Liste
83255001014,5076,2,CDU,NA,#32302e,Christlich Demokratische Union Deutschlands
83255001014,5076,3,SPD,NA,#ff0000,Sozialdemokratische Partei Deutschlands
83255001071,6652,1,Unabhängige Bürgervereinigung Eschbronn,NA,#0c76f0,Unabhängige Bürgervereinigung Eschbronn
83255001071,6652,2,freie Zeile,NA,#b238ee,Vom Wähler vorgeschlagene Personen
83255002015,3917,1,Freie Bürger - FB,NA,#31ebeb,Freie Bürger - FB
83255002015,3917,2,Freie Wählervereinigung FW,NA,#ed861f,Freie Wählervereinigung FW
83255002045,6469,1,FWV,NA,#f5a973,Freie Wählervereinigung Oberndorf a. N. e. V.
83255002045,6469,2,CDU,NA,#32302e,Christlich Demokratische Union Deutschlands
83255002045,6469,3,SPD,NA,#ff0000,Sozialdemokratische Partei Deutschlands
83255002045,6469,4,AfD,NA,#009ee0,Alternative für Deutschland
83255002045,6469,5,BfO,NA,#fc5500,Bürger für Oberndorf a. N.
83255002045,6469,6,SÖW,NA,#c708d1,Soziale Ökologische Wählervereinigung Oberndorf a. N.
83255002070,5345,1,Zukunft gestalten,NA,#e6c319,Zukunft gestalten
83255002070,5345,2,Irina Melber,NA,#b238ee,character(0)
83255002070,5345,3,Georg Mauch,NA,#b238ee,character(0)
83255002070,5345,4,Manfred Moser,NA,#b238ee,character(0)
83255002070,5345,5,Margot Ziegler,NA,#b238ee,character(0)
83255002070,5345,6,Wolfgang Heim,NA,#b238ee,character(0)
83255002070,5345,7,Franz Heim,NA,#b238ee,character(0)
83255002070,5345,8,Robert Heim,NA,#b238ee,character(0)
83255002070,5345,9,Gertrud Kleiner,NA,#b238ee,character(0)
83255002070,5345,10,Edgar Heim,NA,#b238ee,character(0)
83255002070,5345,11,Dr. Frank Stephan,NA,#b238ee,character(0)
83255002070,5345,12,Steffen Jauch,NA,#b238ee,character(0)
83255002070,5345,13,Martin Kimmich,NA,#b238ee,character(0)
83255002070,5345,14,Maximilian Rempp,NA,#b238ee,character(0)
83255002070,5345,15,Michael Arnold,NA,#b238ee,character(0)
83255002070,5345,16,Silvia Schmid,NA,#b238ee,character(0)
83255002070,5345,17,Bernd Melber,NA,#b238ee,character(0)
83255002070,5345,18,Thomas Hezel,NA,#b238ee,character(0)
83255002070,5345,19,Matthias Kreet,NA,#b238ee,character(0)
83255002070,5345,20,Ralf Reiter,NA,#b238ee,character(0)
83255002070,5345,21,Christian Kappel,NA,#b238ee,character(0)
83255002070,5345,22,Elmar Schmid,NA,#b238ee,character(0)
83255002070,5345,23,Rosemarie Ott,NA,#b238ee,character(0)
83255002070,5345,24,Thomas Wöhr,NA,#b238ee,character(0)
83255002070,5345,25,Peter Wilhelm,NA,#b238ee,character(0)
83255002070,5345,26,Michael Wernz,NA,#b238ee,character(0)
83255002070,5345,27,Stefan Heim,NA,#b238ee,character(0)
83255002070,5345,28,Michael Hezel,NA,#b238ee,character(0)
83255002070,5345,29,Klaus Michelfelder,NA,#b238ee,character(0)
83255002070,5345,30,Karl Kammerer,NA,#b238ee,character(0)
83255002070,5345,31,Eugen Schmid,NA,#b238ee,character(0)
83255002070,5345,32,Karl-Heinz Kreuzberger,NA,#b238ee,character(0)
83255002070,5345,33,Florin Albu,NA,#b238ee,character(0)
83255002070,5345,34,Helmut Ruf,NA,#b238ee,character(0)
83255002070,5345,35,Florian Glunk,NA,#b238ee,character(0)
83255002070,5345,36,Michaela Schmahl,NA,#b238ee,character(0)
83255002070,5345,37,Timo Schmid,NA,#b238ee,character(0)
83255002070,5345,38,Felix Niebel,NA,#b238ee,character(0)
83255002070,5345,39,Ralf Stoiber,NA,#b238ee,character(0)
83255002070,5345,40,Kai-Uwe Färber,NA,#b238ee,character(0)
83255002070,5345,41,Ulrich Gaus,NA,#b238ee,character(0)
83255002070,5345,42,Ernst Stängel,NA,#b238ee,character(0)
83255002070,5345,43,Armin Heim,NA,#b238ee,character(0)
83255002070,5345,44,Gerd Flaig,NA,#b238ee,character(0)
83255002070,5345,45,Stefan Haller,NA,#b238ee,character(0)
83255002070,5345,46,Ertunc Cetinkaya,NA,#b238ee,character(0)
83255002070,5345,47,Jürgen Heim,NA,#b238ee,character(0)
83255002070,5345,48,Stefan Trik,NA,#b238ee,character(0)
83255002070,5345,49,Sandra Trik,NA,#b238ee,character(0)
83255002070,5345,50,Gert Heimburger,NA,#b238ee,character(0)
83255002070,5345,51,Christoph Scharf,NA,#b238ee,character(0)
83255002070,5345,52,Matthias Hirt,NA,#b238ee,character(0)
83255002070,5345,53,Sabrina Hezel,NA,#b238ee,character(0)
83255002070,5345,54,Silvia Ott,NA,#b238ee,character(0)
83255002070,5345,55,Luzia Schwarz,NA,#b238ee,character(0)
83255002070,5345,56,Karin Schumpp,NA,#b238ee,character(0)
83255002070,5345,57,Ulrich Hezel,NA,#b238ee,character(0)
83255002070,5345,58,Marcel Antonaci,NA,#b238ee,character(0)
83255002070,5345,59,Matthias Krauß,NA,#b238ee,character(0)
83255002070,5345,60,Kerstin Gaus,NA,#b238ee,character(0)
83255002070,5345,61,Merten Seidel,NA,#b238ee,character(0)
83255002070,5345,62,Martin Schmid,NA,#b238ee,character(0)
83255002070,5345,63,Armin Glunk,NA,#b238ee,character(0)
83255002070,5345,64,Steffen Heim,NA,#b238ee,character(0)
83255002070,5345,65,Karl-Heinz Hezel,NA,#b238ee,character(0)
83255002070,5345,66,Jonas Schmid,NA,#b238ee,character(0)
83255002070,5345,67,Dr. Roland Gerster,NA,#b238ee,character(0)
83255002070,5345,68,Alexander Schmid,NA,#b238ee,character(0)
83255002070,5345,69,Roland Heim,NA,#b238ee,character(0)
83255002070,5345,70,Ulrich Effenberger,NA,#b238ee,character(0)
83255002070,5345,71,Michael Schlaich,NA,#b238ee,character(0)
83255002070,5345,72,Jochen Schmid,NA,#b238ee,character(0)
83255002070,5345,73,Tobias Schmieder,NA,#b238ee,character(0)
83255002070,5345,74,Adelheid Heim,NA,#b238ee,character(0)
83255002070,5345,75,Ralf Schmid,NA,#b238ee,character(0)
83255003011,5411,1,Wählervereinigung,NA,#d918cc,Wählervereinigung
83255003011,5411,2,Gemeinsam mit Weitblick,NA,#000000,Gemeinsam mit Weitblick
83255003011,5411,3,Bürgervereinigung,NA,#f01a4c,Bürgervereinigung
83255003011,5411,4,AfD,NA,#009ee0,Alternative für Deutschland
83255003011,5411,5,Freie Wähler,NA,#1ae881,Freie Wähler
83255003011,5411,6,Freie Wählervereinigung,NA,#ebe013,Freie Wählervereinigung
83255003049,4886,1,CDU,NA,#32302e,Christlich Demokratische Union Deutschlands
83255003049,4886,2,FWV,NA,#de9a1d,Freie Wähler Vereinigung
83255003049,4886,3,GRÜNE,NA,#46962b,BÜNDNIS 90/DIE GRÜNEN
83255003049,4886,4,SPD,NA,#ff0000,Sozialdemokratische Partei Deutschlands
83255003049,4886,5,FDP,NA,#ffed00,Freie Demokratische Partei
83255003049,4886,6,FfR,NA,#566b34,Forum für Rottweil
83255003049,4886,7,AfD,NA,#009ee0,Alternative für Deutschland
83255003064,6702,1,CDU / Freie Bürger,NA,#e6f511,Christlich Demokratische Union Deutschlands (CDU) / Freie Bürger
83255003064,6702,2,Unabhängige Liste,NA,#000000,Unabhängige Liste
83255003069,4283,1,CDU,NA,#000000,Christlich Demokratische Union
83255003069,4283,2,FUW,NA,#160eed,Freie Unabhängige Wähler
83255003069,4283,3,DIE GRÜNEN,NA,#12c44d,BÜNDNIS 90 / DIE GRÜNEN
83255003069,4283,4,AfD,NA,#009ee0,Alternative für Deutschland
83255003069,4283,5,BSZ,NA,#f2f21d,BürgerStimmen Zimmern
83255003072,5292,1,SPD,NA,#f51616,Sozialdemokratische Partei Deutschlands
83255003072,5292,2,CDU,NA,#0f0f0f,Christlich Demokratische Union Deutschlands
83255003072,5292,3,DUL,NA,#c5c9c8,Deißlinger Unabhängige Liste
83255003072,5292,4,Die Grünen,NA,#088c30,BÜNDNIS 90/DIE GRÜNEN
83255004050,6153,1,CDU,NA,#32302e,Christlich Demokratische Union Deutschlands
83255004050,6153,2,Freie Liste Schenkenzell,NA,#2ef8ff,Freie Liste Schenkenzell
83255004050,6153,3,SPD,NA,#ff0000,Sozialdemokratische Partei Deutschlands
83255004051,2818,1,FWV,NA,#f0d71f,Freie Wählervereinigung Schiltach
83255004051,2818,2,BUW,NA,#0f7373,Bund unabhängiger Wähler
83255004051,2818,3,CDU,NA,#32302e,Christlich Demokratische Union Deutschlands
83255004051,2818,4,SPD,NA,#ff0000,Sozialdemokratische Partei Deutschlands
83255005001,5390,1,Offene Liste Aichhalden-Rötenberg,NA,#eba015,Offene Liste Aichhalden-Rötenberg
83255005001,5390,2,freie Zeile,NA,#b238ee,Vom Wähler vorgeschlagene Personen
83255005024,4377,1,Freie Bürger,NA,#c4c2c2,Freie Bürger
83255005024,4377,2,Unabhängige Bürger,NA,#9e9999,Unabhängige Bürger
83255005036,6667,1,UBL,NA,#0e18e3,Unabhängige Bürger Lauterbach
83255005036,6667,2,CDU/Offene Liste,NA,#000000,Christlich Demokratische Union/Offene Liste
83255005036,6667,3,FDP/FB,NA,#f2e605,Freie Demokratische Partei/Freie Bürger
83255005053,5313,1,CDU,NA,#32302e,Christlich Demokratische Union Deutschlands
83255005053,5313,2,Freie Liste,NA,#2f4fba,Freie Liste
83255005053,5313,3,SPD,NA,#ff0000,Sozialdemokratische Partei Deutschlands
83255005053,5313,4,Buntspecht- Liste für Umwelt und Bürgernähe,NA,#70d11b,Buntspecht- Liste für Umwelt und Bürgernähe
83255005053,5313,5,AKTIVE BÜRGER,NA,#712da6,AKTIVE BÜRGER Schramberg
83255005053,5313,6,ÖDP,NA,#ffa338,Ökologisch-Demokratische Partei / Familie und Umwelt
83255005053,5313,7,Neue Liste,NA,#16deb6,Neue Liste
83255005053,5313,8,AfD,NA,#009ee0,Alternative für Deutschland
83255006057,1764,1,FWV,NA,#de1ee8,Freie Wählervereinigung
83255006057,1764,2,CDU,NA,#32302e,Christlich Demokratische Union Deutschlands
83255006057,1764,3,GAL,NA,#1df055,Grün-Alternative-Liste
83255006057,1764,4,SPD,NA,#ff0000,Sozialdemokratische Partei Deutschlands
83255006057,1764,5,AfD,NA,#009ee0,Alternative für Deutschland
83255006061,5484,1,FWV,NA,#37bbbf,Freie Wählervereinigung
83255006061,5484,2,FBV,NA,#f5a716,Freie Bürgervereinigung
83255006061,5484,3,CDU,NA,#0d0c0c,Christlich Demokratische Union Deutschlands
83255007009,5653,1,AFB,NA,#a80aa8,Aktionskreis Freie Bürger
83255007009,5653,2,AUB,NA,#1da8a1,Aktionskreis Unabhängige Bürger
83255007009,5653,3,WFB,NA,#57bbe6,Wählervereinigung Frische Brise
83255007060,2058,1,Wir für Villingendorf,NA,#2113e8,Wir für Villingendorf
83255007060,2058,2,freie Zeile,NA,#b238ee,Vom Wähler vorgeschlagene Personen
83260003003,2403,1,CDU,NA,#32302e,Christlich Demokratische Union Deutschlands
83260003003,2403,2,FW,NA,#f29204,Freie Wähler
83260003003,2403,3,LBU,NA,#008000,Liste für Bürgerbeteiligung und Umweltschutz
83260003003,2403,4,FDP,NA,#ffed00,Freie Demokratische Partei
83260003003,2403,5,SPD,NA,#ff0000,Sozialdemokratische Partei Deutschlands
83260005005,2235,1,CDU,NA,#32302e,Christlich Demokratische Union Deutschlands
83260005005,2235,2,Freie Liste Blumberg,NA,#1577e8,Freie Liste Blumberg
83260005005,2235,3,FDP/SPD,NA,#f29305,Freie Demokratische Partei/Sozialdemokratische Partei Deutschlands
83260005005,2235,4,Zorbach,NA,#85dfe6,Zorbach
83260031031,6087,1,FW,NA,#ffff00,Freie Wähler
83260031031,6087,2,CDU,NA,#32302e,Christlich Demokratische Union Deutschlands
83260031031,6087,3,GRÜNE,NA,#46962b,BÜNDNIS 90/DIE GRÜNEN
83260031031,6087,4,SPD,NA,#ff0000,Sozialdemokratische Partei Deutschlands
83260052052,3228,1,Freie Wähler St. Georgen,NA,#f7b62a,Freie Wähler St. Georgen/Schwarzwald e. V.
83260052052,3228,2,SPD,NA,#ff0000,Sozialdemokratische Partei Deutschlands
83260052052,3228,3,CDU,NA,#32302e,Christlich Demokratische Union Deutschlands
83260052052,3228,4,Grüne Liste,NA,#1d9113,Grüne Liste
83260052052,3228,5,FDP,NA,#ffed00,Freie Demokratische Partei
83260052052,3228,6,IfStG,NA,#06bac7,Initiative für St. Georgen
83260068068,6078,1,CDU,NA,#000000,Christliche Demokratische Union Deutschlands
83260068068,6078,2,BWV,NA,#d6d938,Bürger- und Wählervereinigung Vöhrenbach
83265001006,4063,1,CDU,NA,#32302e,Christlich Demokratische Union Deutschlands
83265001006,4063,2,Gruppe 84,NA,#262ec7,Gruppe 84 - unabhängige Liste
83265001006,4063,3,FDP,NA,#ffed00,Freie Demokratische Partei
83265001006,4063,4,SPD,NA,#ff0000,Sozialdemokratische Partei Deutschlands
83265001012,1864,1,CDU,NA,#32302e,Christlich Demokratische Union Deutschlands
83265001012,1864,2,FDP/FW,NA,#fff200,Freie Demokratische Partei/Freie Wähler
83265001012,1864,3,GRÜNE,NA,#46962b,BÜNDNIS 90/DIE GRÜNEN
83265001012,1864,4,GUB,NA,#0af7f7,Gemeinschaft unabhängiger Bürger e. V.
83265001012,1864,5,SPD,NA,#ff0000,Sozialdemokratische Partei Deutschlands
83265001027,2689,1,CDU,NA,#32302e,Christlich Demokratische Union Deutschlands
83265001027,2689,2,SPD,NA,#ff0000,Sozialdemokratische Partei Deutschlands
83265001027,2689,3,LBU Hüfingen,NA,#67e336,Liste für Bürgerbeteiligung und Umweltschutz Hüfingen
83265001027,2689,4,Freies Forum (Bürgerforum/FDP/FW/UWV),NA,#dbd112,Freies Forum (Bürgerforum/FDP/FW/UWV)
83265002017,3781,1,CDU,NA,#32302e,Christlich Demokratische Union Deutschlands
83265002017,3781,2,FW,NA,#ccc8c8,Freie Wähler - Bürger für Furtwangen
83265002017,3781,3,UL,NA,#0dba3b,Unabhängige Liste
83265002017,3781,4,SPD,NA,#ff0000,Sozialdemokratische Partei Deutschlands
83265002017,3781,5,IFF,NA,#e2f029,Initiative für Furtwangen
83265002020,2069,1,CDU / Wir in Gütenbach,NA,#011024,Christlich Demokratische Union Deutschlands (CDU) / Wir in Gütenbach
83265002020,2069,2,Pirmin Riesle,NA,#b238ee,character(0)
83265002020,2069,3,Linda Dürr,NA,#b238ee,character(0)
83265002020,2069,4,Manuela Nitz,NA,#b238ee,character(0)
83265002020,2069,5,Anja Seng,NA,#b238ee,character(0)
83265002020,2069,6,Alexander Sprenger,NA,#b238ee,character(0)
83265002020,2069,7,Johannes Riesle,NA,#b238ee,character(0)
83265002020,2069,8,Siegfried Armbruster (nicht wählbar),NA,#b238ee,character(0)
83265002020,2069,9,Wolfgang Tesch,NA,#b238ee,character(0)
83265002020,2069,10,Klaus Riesle,NA,#b238ee,character(0)
83265002020,2069,11,Franziska Spath (nicht wählbar),NA,#b238ee,character(0)
83265002020,2069,12,Werner Dold,NA,#b238ee,character(0)
83265002020,2069,13,Wolfgang Dold,NA,#b238ee,character(0)
83265002020,2069,14,Andreas Dold,NA,#b238ee,character(0)
83265002020,2069,15,Daniel Dold,NA,#b238ee,character(0)
83265003054,2099,1,BLS,NA,#f0f719,Bürgerliste Schönwald
83265003054,2099,2,SPD,NA,#ff0000,Sozialdemokratische Partei Deutschlands
83265003055,2367,1,CDU,NA,#32302e,Christlich Demokratische Union Deutschlands
83265003055,2367,2,FWV,NA,#f2e711,Freie Wählervereinigung Schonach e. V.
83265003055,2367,3,OGL,NA,#29c22e,Offene Grüne Liste
83265003055,2367,4,SPD,NA,#ff0000,Sozialdemokratische Partei Deutschlands
83265003060,1743,1,CDU,NA,#050000,Christlich Demokratische Union Deutschlands
83265003060,1743,2,"Freie Bürgerschaft, Freie Wähler Triberg e. V.",NA,#27a8e8,"Freie Bürgerschaft, Freie Wähler Triberg e. V."
83265003060,1743,3,SPD,NA,#f23924,Sozialdemokratische Partei Deutschlands
83265004010,6733,1,CDU,NA,#050505,Christlich Demokratische Union Deutschlands
83265004010,6733,2,Freie Wähler Ortsverband Dauchingen,NA,#2b1df0,Freie Wähler Ortsverband Dauchingen
83265004010,6733,3,Unabhängige Bürger für Dauchingen,NA,#cc2121,Unabhängige Bürger für Dauchingen
83265004037,5066,1,UB,NA,#2ebf33,Unabhängige Bürger
83265004037,5066,2,CDU,NA,#32302e,Christlich Demokratische Union Deutschlands
83265004037,5066,3,SPD,NA,#ff0000,Sozialdemokratische Partei Deutschlands
83265004041,2589,1,CDU,NA,#32302e,Christlich Demokratische Union Deutschlands
83265004041,2589,2,FWN,NA,#a1a09a,Freie Wähler Niedereschach
83265004041,2589,3,GRÜNE,NA,#46962b,BÜNDNIS 90/DIE GRÜNEN
83265004041,2589,4,Parteilos,NA,#e46c0c,Parteilos
83265004061,2371,1,Freie Liste,NA,#f00707,Freie Liste Tuningen
83265004061,2371,2,LBU,NA,#287509,Liste für Bürgerbeteiligung und Umweltschutz
83265004065,5601,1,Gemeinsam für Unterkirnach,NA,#16f069,Gemeinsam für Unterkirnach
83265004065,5601,2,CDU,NA,#32302e,Christlich Demokratische Union Deutschlands
83265004074,3896,1,CDU,NA,#32302e,Christlich Demokratische Union Deutschlands
83265004074,3896,2,GRÜNE,NA,#46962b,BÜNDNIS 90/DIE GRÜNEN
83265004074,3896,3,Freie Wähler,NA,#f0e511,Freie Wähler Ortsverband Villingen-Schwenningen e.V.
83265004074,3896,4,SPD,NA,#ff0000,Sozialdemokratische Partei Deutschlands
83265004074,3896,5,FDP,NA,#ffed00,Freie Demokratische Partei
83265004074,3896,6,AfD,NA,#009ee0,Alternative für Deutschland
83265004075,3943,1,BI,NA,#41f0d3,Bürgerinitiative Brigachtal
83265004075,3943,2,CDU,NA,#32302e,Christlich Demokratische Union Deutschlands
83265004075,3943,3,Pro Brigachtal,NA,#eb15d5,Initiative Pro Brigachtal
83265004075,3943,4,UB,NA,#64de84,Unabhängige Bürger
83265004075,3943,5,SPD,NA,#ff0000,Sozialdemokratische Partei Deutschlands
83275001016,6649,1,Gemeinsam für Fridingen,NA,#f20f3c,Gemeinsam für Fridingen
83275001016,6649,2,freie Zeile,NA,#b238ee,Vom Wähler vorgeschlagene Personen
83275001036,7053,1,Bürgerliste,NA,#000000,Bürgerliste
83275001036,7053,2,SPD und Unabhängige,NA,#f72020,SPD und Unabhängige
83275002019,5299,1,CDU,NA,#32302e,Christlich Demokratische Union Deutschlands
83275002019,5299,2,Pro Gosheim,NA,#d49d37,Pro Gosheim
83275002019,5299,3,FWV,NA,#cf30cf,Freie Wählervereinigung Gosheim
83275003018,6245,1,FDP,NA,#f0e624,Freien Wähler/ Freie Demokratische Partei
83275003018,6245,2,CDU,NA,#32302e,Christlich Demokratische Union Deutschlands
83275003018,6245,3,Aktive Bürger,NA,#1fcc24,Aktive Bürger
83275003018,6245,4,FUB,NA,#f51616,Freie Unabhängige Bürger
83275003025,6817,1,CDU,NA,#000000,Christlich Demokratische Union Deutschlands
83275003025,6817,2,IMMI,NA,#f5970a,Immendingen mit mehr Innovation
83275003025,6817,3,EFI,NA,#ff0000,Engagement für Immendingen
83275004002,6603,1,FW,NA,#f2f22c,Freie Wähler
83275004002,6603,2,CDU,NA,#32302e,Christlich Demokratische Union Deutschlands
83275004002,6603,3,CBA,NA,#eb6d2f,Christliches Bündnis Aldingen
83275004002,6603,4,FAA,NA,#2d8ceb,Für Aldingen-Aixheim
83275004002,6603,5,LBU,NA,#2d8022,Liste für Bürgerbeteiligung und Umweltschutz Aldingen/Aixheim
83275004005,5220,1,Freie Bürger,NA,#100c70,Freie Bürger
83275004005,5220,2,Freie Wählervereinigung,NA,#e7ed34,Freie Wählervereinigung
83275004005,5220,3,PRO Balgheim,NA,#097037,PRO Balgheim
83275004006,3510,1,Wir für Böttingen,NA,#f57316,Wir für Böttingen
83275004006,3510,2,Martin Häring,NA,#b238ee,character(0)
83275004006,3510,3,Johannes Flad,NA,#b238ee,character(0)
83275004006,3510,4,Pascal Welte,NA,#b238ee,character(0)
83275004006,3510,5,Matthias Flad,NA,#b238ee,character(0)
83275004006,3510,6,Roland Villing,NA,#b238ee,character(0)
83275004006,3510,7,Norbert Zerr,NA,#b238ee,character(0)
83275004006,3510,8,Niklas Villing,NA,#b238ee,character(0)
83275004006,3510,9,Volker Villing,NA,#b238ee,character(0)
83275004006,3510,10,Maximilian Mattes,NA,#b238ee,character(0)
83275004006,3510,11,Christine Schönwald,NA,#b238ee,character(0)
83275004006,3510,12,Matthias Dressler,NA,#b238ee,character(0)
83275004006,3510,13,Eugen Beck,NA,#b238ee,character(0)
83275004006,3510,14,Marcus Schönwald,NA,#b238ee,character(0)
83275004006,3510,15,Tobias Lehr,NA,#b238ee,character(0)
83275004006,3510,16,Florian Dreßler,NA,#b238ee,character(0)
83275004006,3510,17,Herman Mattes,NA,#b238ee,character(0)
83275004006,3510,18,Harald Reichmann,NA,#b238ee,character(0)
83275004006,3510,19,Bernhard Büchner,NA,#b238ee,character(0)
83275004006,3510,20,Marzell Villing,NA,#b238ee,character(0)
83275004006,3510,21,Udo Flad,NA,#b238ee,character(0)
83275004006,3510,22,Christa Grimm,NA,#b238ee,character(0)
83275004006,3510,23,Thomas Buchwitz,NA,#b238ee,character(0)
83275004006,3510,24,Oliver Knaier,NA,#b238ee,character(0)
83275004006,3510,25,Hubert Berkenkämper,NA,#b238ee,character(0)
83275004006,3510,26,Claudia Teufel,NA,#b238ee,character(0)
83275004006,3510,27,Thomas Kästle,NA,#b238ee,character(0)
83275004006,3510,28,Edgar Villing,NA,#b238ee,character(0)
83275004006,3510,29,freie Zeile,NA,#b238ee,Vom Wähler vorgeschlagene Personen
83275004010,4936,1,Freie Denkinger Liste,NA,#000000,Freie Denkinger Liste
83275004010,4936,2,freie Zeile,NA,#b238ee,Vom Wähler vorgeschlagene Personen
83275004011,2118,1,Dürbheimer Liste,NA,#ebf20c,Dürbheimer Liste
83275004011,2118,2,Michael Wenzler,NA,#b238ee,character(0)
83275004011,2118,3,Nina Walz,NA,#b238ee,character(0)
83275004011,2118,4,Marius Zepf,NA,#b238ee,character(0)
83275004011,2118,5,Andreas Kauffmann,NA,#b238ee,character(0)
83275004011,2118,6,Shana Kielack,NA,#b238ee,character(0)
83275004011,2118,7,Tina Kielack,NA,#b238ee,character(0)
83275004011,2118,8,Robin Kielack,NA,#b238ee,character(0)
83275004011,2118,9,Christian Mattes,NA,#b238ee,character(0)
83275004011,2118,10,Edwin Kapp,NA,#b238ee,character(0)
83275004011,2118,11,Eugen Kirschbaum,NA,#b238ee,character(0)
83275004011,2118,12,Hubert Zepf,NA,#b238ee,character(0)
83275004011,2118,13,Andre Kielack,NA,#b238ee,character(0)
83275004011,2118,14,Mathias Zepf,NA,#b238ee,character(0)
83275004011,2118,15,Frank Harter,NA,#b238ee,character(0)
83275004011,2118,16,Arno Brugger,NA,#b238ee,character(0)
83275004011,2118,17,Johann Staiger,NA,#b238ee,character(0)
83275004011,2118,18,Christian Kirschbaum,NA,#b238ee,character(0)
83275004011,2118,19,Jürgen Mattes,NA,#b238ee,character(0)
83275004017,7001,1,Wir für Frittlingen,NA,#2444c7,Wir für Frittlingen
83275004017,7001,2,freie Zeile,NA,#b238ee,Vom Wähler vorgeschlagene Personen
83275004046,5818,1,FW,NA,#3a1ba8,Freie Wähler
83275004046,5818,2,Pro Spaichingen,NA,#d1b111,Pro Spaichingen
83275004046,5818,3,CDU,NA,#32302e,Christlich Demokratische Union Deutschlands
83275004046,5818,4,GRÜNE,NA,#46962b,BÜNDNIS 90/DIE GRÜNEN
83275004046,5818,5,FDP,NA,#ffed00,Freie Demokratische Partei
83275004046,5818,6,SPD,NA,#ff0000,Sozialdemokratische Partei Deutschlands
83275004046,5818,7,SBF,NA,#ffffff,Spaichinger Bürger Forum
83275005048,5116,1,FW,NA,#ffffff,Freie Wählervereinigung
83275005048,5116,2,UW,NA,#ffffff,Unabhängige Wählervereinigung
83275005049,6101,1,FW,NA,#eb8d13,Freie Wähler Trossingen e. V.
83275005049,6101,2,CDU,NA,#32302e,Christlich Demokratische Union Deutschlands
83275005049,6101,3,FDP,NA,#ffed00,Freie Demokratische Partei
83275005049,6101,4,OGL,NA,#13e81a,Offene Grüne Liste
83275005049,6101,5,SPD,NA,#ff0000,Sozialdemokratische Partei Deutschlands
83275005049,6101,6,AfD,NA,#009ee0,Alternative für Deutschland
83275006038,6777,1,Freie Wählergemeinschaft,NA,#ffffff,Freie Wählergemeinschaft
83275006038,6777,2,Gemeinsam Weiter Blicken,NA,#ffffff,Gemeinsam Weiter Blicken
83275006050,3381,1,CDU,NA,#32302e,Christlich Demokratische Union Deutschlands
83275006050,3381,2,LBU,NA,#46942e,Liste Bürgerbeteiligung und Umweltschutz
83275006050,3381,3,SPD,NA,#ff0000,Sozialdemokratische Partei Deutschlands
83275006050,3381,4,FW,NA,#165cf2,Freie Wähler
83275006050,3381,5,FDP,NA,#ffed00,Freie Demokratische Partei
83275006050,3381,6,TL,NA,#76d3e8,Tuttlinger Liste
83275006050,3381,7,AfD,NA,#009ee0,Alternative für Deutschland
83275006054,5386,1,CDU,NA,#32302e,Christlich Demokratische Union Deutschlands
83275006054,5386,2,BfW,NA,#ffbc2b,Bürger für Wurmlingen
83275006055,6056,1,Neue Bürgerliste,NA,#00040a,Neue Bürgerliste
83275006055,6056,2,freie Zeile,NA,#b238ee,Vom Wähler vorgeschlagene Personen
83275006056,5218,1,Freie Liste Rietheim-Weilheim,NA,#f2a705,Freie Liste Rietheim-Weilheim
83275006056,5218,2,freie Zeile,NA,#b238ee,Vom Wähler vorgeschlagene Personen
83275006057,4834,1,UWG,NA,#63595c,Unabhängige Wählergemeinschaft
83275006057,4834,2,Liste,NA,#228233,Die Liste
83275006057,4834,3,Frauen,NA,#cd73d9,Frauen initiativ
83350035035,5477,1,FWH,NA,#30d3f0,Freie Wähler Hilzingen
83350035035,5477,2,CDU,NA,#080202,Christlich Demokratische Union Deutschlands
83350035035,5477,3,FDP,NA,#f0e24f,Freie Demokratische Partei
83350035035,5477,4,SPD/UL,NA,#ff0a1f,Sozialdemokratische Partei Deutschlands/Unabhängige Liste
83350063063,1753,1,FGL,NA,#0f7a0f,Freie Grüne Liste Radolfzell
83350063063,1753,2,CDU,NA,#32302e,Christlich Demokratische Union Deutschlands
83350063063,1753,3,FW,NA,#839134,Freie Wähler Radolfzell
83350063063,1753,4,SPD,NA,#ff0000,Sozialdemokratische Partei Deutschlands
83350063063,1753,5,FDP,NA,#ffed00,Freie Demokratische Partei
83350080080,1691,1,FWV,NA,#c0e80c,Freie Wählervereinigung Randen
83350080080,1691,2,CDU/UW,NA,#575555,Christlich Demokratische Union Deutschlands/Unabhängige Wähler
83350080080,1691,3,Freie Bürger/SPD,NA,#f70a0a,Freie Bürger/Sozialdemokratische Partei Deutschlands
83355001001,6463,1,CDU,NA,#32302e,Christlich Demokratische Union Deutschlands
83355001001,6463,2,FWV Aach,NA,#decf2c,Freie Wählervereinigung Aach
83355001022,4583,1,UWV-Engen,NA,#d9d13b,Unabhängige Wählervereinigung Engen
83355001022,4583,2,CDU,NA,#000000,Christlich Demokratische Union Deutschlands
83355001022,4583,3,SPD,NA,#de143c,Sozialdemokratische Partei Deutschlands
83355001097,4110,1,CDU,NA,#32302e,Christlich Demokratische Union Deutschlands
83355001097,4110,2,FWV,NA,#33e8be,"Freie Wählervereinigung ""Vorwärts"""
83355001097,4110,3,UWV,NA,#a226d4,Unabhängige Wählervereinigung
83355001097,4110,4,SPD,NA,#ff0000,Sozialdemokratische Partei Deutschlands
83355002015,5865,1,Wählervereinigung: Mit Herz und Verstand für Büsingen,NA,#642b9e,Wählervereinigung: Mit Herz und Verstand für Büsingen
83355002015,5865,2,Zukunft für Büsingen,NA,#4aafba,Zukunft für Büsingen
83355002026,4511,1,SÖL,NA,#ffffff,Sozial-Ökologische Liste
83355002026,4511,2,FWG,NA,#ffffff,Freie Wähler Gailingen
83355002026,4511,3,UWG,NA,#ffffff,Unabhängige Wählergemeinschaft
83355002028,2895,1,FWG,NA,#0957e8,Freie Wähler Gottmadingen e.V.
83355002028,2895,2,SPD/UL,NA,#ff0000,Sozialdemokratische Partei Deutschlands/ Unabhängige Liste
83355002028,2895,3,CDU,NA,#32302e,Christlich Demokratische Union Deutschlands
83355003025,2659,1,FWG,NA,#13d0d6,Freie Wähler Gaienhofen
83355003025,2659,2,UBL,NA,#04a6e0,Unabhängige Bürgerliste Gaienhofen
83355003025,2659,3,Die Aktiven,NA,#9800c7,Die Aktiven
83355003025,2659,4,GRL,NA,#74d400,Grün-Rote Liste
83355003055,2984,1,UWV,NA,#ebe349,Unabhängige Wählervereinigung
83355003055,2984,2,CDU,NA,#32302e,Christlich Demokratische Union Deutschlands
83355003055,2984,3,RGL,NA,#ed1515,Rot-Grüne Liste
83355003055,2984,4,Wir für Moos,NA,#29991a,Wir für Moos
83355003061,4692,1,CDU,NA,#000000,CDU Ortsverband Öhningen
83355003061,4692,2,Netzwerk,NA,#2c5c22,Netzwerk Öhningen-Schienen-Wangen
83355003061,4692,3,FBL,NA,#2d328a,Freie Bürgerliste Öhningen
83355003061,4692,4,NL,NA,#d126d1,Neue Liste
83355003061,4692,5,GRÜNE,NA,#46962b,BÜNDNIS 90/DIE GRÜNEN
83355003061,4692,6,IGW,NA,#1b70a6,Initiative Gegenwind
83355004002,5046,1,Christlich Demokratische Union Deutschlands (CDU) Allensbach,NA,#000000,Christlich Demokratische Union Deutschlands (CDU) Allensbach
83355004002,5046,2,Freie Wähler Allensbach,NA,#221ee8,Freie Wähler Allensbach
83355004002,5046,3,Freie Demokratische Partei (FDP),NA,#e0dd0d,Freie Demokratische Partei (FDP)
83355004002,5046,4,Bündnis 90/Die Grünen,NA,#11ab3d,Bündnis 90/Die Grünen
83355004043,2027,1,CDU,NA,#000000,Christlich Demokratische Union Deutschlands
83355004043,2027,2,FWK,NA,#4982cc,Freie Wähler Konstanz e.V.
83355004043,2027,3,SPD,NA,#eb2323,Sozialdemokratische Partei Deutschlands
83355004043,2027,4,JFK,NA,#008384,Junges Forum Konstanz
83355004043,2027,5,FDP,NA,#f0e516,Freie Demokratische Partei
83355004043,2027,6,LLK,NA,#7a7979,LINKE LISTE Konstanz
83355004043,2027,7,FGL&GRÜNE,NA,#1ee81e,Freie Grüne Liste Konstanz & BÜNDNIS 90/DIE GRÜNEN
83355004043,2027,8,KN KOM.MT,NA,#f27f0c,Konstanzer Bündnis für Kommunale Mitbestimmung und Transparenz
83355004066,4831,1,FWR,NA,#ffffff,Freie Wähler Reichenau
83355004066,4831,2,CDU,NA,#32302e,Christlich Demokratische Union Deutschlands
83355004066,4831,3,SPD,NA,#ff0000,Sozialdemokratische Partei Deutschlands
83355004066,4831,4,FLN & Grüne,NA,#ffffff,Freie Liste Natur & Bündnis 90 / Die Grünen Reichenau
83355005075,1790,1,CDU,NA,#32302e,Christlich Demokratische Union Deutschlands
83355005075,1790,2,SPD,NA,#ff0000,Sozialdemokratische Partei Deutschlands
83355005075,1790,3,GRÜNE,NA,#46962b,BÜNDNIS 90/DIE GRÜNEN
83355005075,1790,4,FW,NA,#faac1b,FREIE WÄHLER Ortsverband Singen e.V.
83355005075,1790,5,Neue Linie,NA,#87f6fa,Neue Linie e.V.
83355005075,1790,6,FDP,NA,#ffed00,Freie Demokratische Partei
83355005075,1790,7,SÖS,NA,#a31212,Singen Ökologisch und Sozial
83355005075,1790,8,AfD,NA,#009ee0,Alternative für Deutschland
83355005077,4415,1,CDU,NA,#32302e,Christlich Demokratische Union Deutschlands
83355005077,4415,2,FW,NA,#ffa600,Freie Wähler Steißlingen e.V.
83355005077,4415,3,SPD/Grüne,NA,#ff0000,Sozialdemokratische Partei Deutschlands - SPD / Bündnis 90/Die Grünen - Grüne
83355005081,7143,1,CDU,NA,#32302e,Christlich Demokratische Union Deutschlands
83355005081,7143,2,FW,NA,#c9c9c9,Freie Wähler Volkertshausen e.V.
83355005081,7143,3,SPD,NA,#ff0000,Sozialdemokratische Partei Deutschlands
83355005081,7143,4,FGL,NA,#15eb1c,Freie Grüne Liste
83355005100,6815,1,FW R-W,NA,#ffff00,Freie Wähler Rielasingen-Worblingen
83355005100,6815,2,CDU,NA,#32302e,Christlich Demokratische Union Deutschlands
83355005100,6815,3,GRÜNE,NA,#46962b,BÜNDNIS 90/DIE GRÜNEN
83355005100,6815,4,SPD/UL,NA,#ff0000,Sozialdemokratische Partei Deutschlands/Unabhängige Liste
83355005100,6815,5,AfD,NA,#009ee0,Alternative für Deutschland
83355006021,4807,1,FWV,NA,#7eeddc,Freie Wählervereinigung Eigeltingen
83355006021,4807,2,UBL,NA,#000000,Unabhängige Bürgerliste
83355006057,4551,1,CDU,NA,#32302e,Christlich Demokratische Union Deutschlands
83355006057,4551,2,Freie Wähler,NA,#0d36d9,Freie Wähler
83355006057,4551,3,Die dritte Liste,NA,#f0ac1a,Die dritte Liste
83355006079,2647,1,CDU,NA,#32302e,Christlich Demokratische Union Deutschlands
83355006079,2647,2,FW,NA,#2c36f5,Freie Wähler Stockach
83355006079,2647,3,GRÜNE,NA,#46962b,BÜNDNIS 90/DIE GRÜNEN
83355006079,2647,4,SPD,NA,#ff0000,Sozialdemokratische Partei Deutschlands
83355006079,2647,5,FDP,NA,#ffed00,Freie Demokratische Partei
83355006096,3672,1,BLH,NA,#f58505,Bürgerliste Hohenfels
83355006096,3672,2,FUW,NA,#00de4a,Freie Unabhängige Wählervereinigung
83355006098,3224,1,CDU,NA,#32302e,Christlich Demokratische Union Deutschlands
83355006098,3224,2,FWV BoLu,NA,#c7bfbf,Freie Wählervereinigung Bodman-Ludwigshafen
83355006098,3224,3,GRÜNE,NA,#46962b,BÜNDNIS 90/DIE GRÜNEN
83355006098,3224,4,SPD,NA,#ff0000,Sozialdemokratische Partei Deutschlands
83355006098,3224,5,ÖDP,NA,#ffa338,Ökologisch-Demokratische Partei / Familie und Umwelt
83355006099,5203,1,Gemeinschaftsliste für Orsingen-Nenzingen,NA,#edf50c,Gemeinschaftsliste für Orsingen-Nenzingen
83355006099,5203,2,freie Zeile,NA,#b238ee,Vom Wähler vorgeschlagene Personen
83360014014,6756,1,CDU / Unabhängige,NA,#050505,Christlich Demokratische Union Deutschlands / Unabhängige
83360014014,6756,2,GRÜNE,NA,#46962b,BÜNDNIS 90/DIE GRÜNEN
83360014014,6756,3,FDP / Freie Bürger,NA,#f7eb0a,Freie Demokratische Partei Deutschlands / Freie Bürger
83360014014,6756,4,SPD,NA,#ff0000,Sozialdemokratische Partei Deutschlands
83360014014,6756,5,Freie Wähler,NA,#f0630c,Freie Wähler
83360084084,6545,1,CDU,NA,#000000,Christlich Demokratische Union Deutschland
83360084084,6545,2,Gemeinschaft,NA,#00ff44,Gemeinschaft für ein lebenswertes Dorf
83360084084,6545,3,SPD,NA,#ff0000,Sozialdemokratische Partei Deutschland
83360087087,3559,1,CDU Stadt Todtnau,NA,#ffffff,CDU Stadt Todtnau
83360087087,3559,2,SPD Stadt Todtnau,NA,#ffffff,SPD Stadt Todtnau
83360087087,3559,3,Freie Wählervereinigung Todtnau,NA,#ffffff,Freie Wählervereinigung Todtnau
83360091091,2612,1,UFW,NA,#ff8800,Unabhängige Freie Wähler
83360091091,2612,2,GRÜNE,NA,#46962b,BÜNDNIS 90/DIE GRÜNEN
83360091091,2612,3,CDU,NA,#32302e,Christlich Demokratische Union Deutschlands
83360091091,2612,4,SPD,NA,#ff0000,Sozialdemokratische Partei Deutschlands
83360091091,2612,5,FDP/Freie Bürger,NA,#ffff00,Freie Demokratische Partei/Freie Bürger
83360091091,2612,6,AfD,NA,#009ee0,Alternative für Deutschland
83360105105,3398,1,GRÜNE,NA,#46962b,BÜNDNIS 90/DIE GRÜNEN
83360105105,3398,2,CDU,NA,#32302e,Christlich Demokratische Union Deutschlands
83360105105,3398,3,FW G-W,NA,#ffcc00,Freie Wähler Grenzach-Wyhlen
83360105105,3398,4,SPD,NA,#ff0000,Sozialdemokratische Partei Deutschlands
83360105105,3398,5,FDP,NA,#ffed00,Freie Demokratische Partei
83360105105,3398,6,AfD,NA,#009ee0,Alternative für Deutschland
83360107107,6767,1,Bürgerliste Kleines Wiesental,NA,#ffffff,Bürgerliste Kleines Wiesental
83360107107,6767,2,freie Zeile,NA,#b238ee,Vom Wähler vorgeschlagene Personen
83365001045,5103,1,Freie Wähler (FWK),NA,#ffffff,Freie Wähler (FWK)
83365001045,5103,2,Christlich Demokratische Union/Unabhängige (CDU/U),NA,#ffffff,Christlich Demokratische Union/Unabhängige (CDU/U)
83365001045,5103,3,GRÜNE,NA,#46962b,BÜNDNIS 90/DIE GRÜNEN
83365001045,5103,4,Sozialdemokratische Partei Deutschlands/Unabhängige (SPD/U),NA,#ffffff,Sozialdemokratische Partei Deutschlands/Unabhängige (SPD/U)
83365003043,4018,1,CDU,NA,#32302e,Christlich Demokratische Union Deutschlands
83365003043,4018,2,SPD,NA,#ff0000,Sozialdemokratische Partei Deutschlands
83365003043,4018,3,GFI,NA,#6b67a6,Gemeinsam für Inzlingen
83365003050,3260,1,GRÜNE,NA,#46962b,BÜNDNIS 90/DIE GRÜNEN
83365003050,3260,2,CDU,NA,#32302e,Christlich Demokratische Union Deutschlands
83365003050,3260,3,SPD,NA,#ff0000,Sozialdemokratische Partei Deutschlands
83365003050,3260,4,FREIE WÄHLER,NA,#f29204,FREIE WÄHLER
83365003050,3260,5,FDP,NA,#ffed00,Freie Demokratische Partei
83365003050,3260,6,AfD,NA,#009ee0,Alternative für Deutschland
83365003050,3260,7,BfLÖ,NA,#a8a39e,Bürger für Lörrach
83365003050,3260,8,Bündnis C,NA,#646464,Bündnis C - Christen für Deutschland
83365003050,3260,9,PIRATEN,NA,#ff8800,Piratenpartei Deutschland
83365004069,3687,1,CDU,NA,#32302e,Christlich Demokratische Union Deutschlands
83365004069,3687,2,SPD,NA,#ff0000,Sozialdemokratische Partei Deutschlands
83365004069,3687,3,Freie Wähler,NA,#f5a40f,Freie Wähler
83365004069,3687,4,GRÜNE,NA,#46962b,BÜNDNIS 90/DIE GRÜNEN
83365004069,3687,5,FDP,NA,#ffed00,Freie Demokratische Partei
83365004069,3687,6,WSR,NA,#f77298,Soziales Rheinfelden
83365004069,3687,7,Tierschutzpartei,NA,#d2d2d2,PARTEI MENSCH UMWELT TIERSCHUTZ
83365004069,3687,8,AfD,NA,#009ee0,Alternative für Deutschland
83365004069,3687,9,GAR,NA,#99f288,Grüne Alternative Rheinfelden
83365004082,5800,1,Gemeinsam für Schwörstadt,NA,#64ba22,Gemeinsam für Schwörstadt
83365004082,5800,2,Miteinander in Schwörstadt,NA,#c957a7,Miteinander in Schwörstadt
83365005006,4864,1,FREIE WÄHLER,NA,#fa842b,FREIE WÄHLER BAD BELLINGEN
83365005006,4864,2,CDU,NA,#32302e,Christlich Demokratische Union Deutschlands
83365005006,4864,3,SPD,NA,#ff0000,Sozialdemokratische Partei Deutschlands
83365005078,4710,1,Freie Wähler Schliengen,NA,#a650a6,Freie Wähler Schliengen
83365005078,4710,2,CDU,NA,#32302e,Christlich Demokratische Union Deutschlands
83365005078,4710,3,GRÜNE,NA,#46962b,BÜNDNIS 90/DIE GRÜNEN
83365005078,4710,4,SPD,NA,#ff0000,Sozialdemokratische Partei Deutschlands
83365007034,5643,1,Bürgerliste für Hasel und Glashütten,NA,#79cf65,Bürgerliste für Hasel und Glashütten
83365007034,5643,2,freie Zeile,NA,#b238ee,Vom Wähler vorgeschlagene Personen
83365007036,4833,1,Freie Wähler,NA,#e612b8,Freie Wähler Hausen im Wiesental
83365007036,4833,2,SPD,NA,#ff0000,SPD Ortsverein Hausen im Wiesental
83365007036,4833,3,CDU,NA,#000000,CDU-Ortsverband Hausen im Wiesental
83365007057,3108,1,Freie Wähler Maulburg,NA,#1f6ab5,Freie Wähler Maulburg
83365007057,3108,2,SPD,NA,#ff0000,Sozialdemokratische Partei Deutschlands
83365007057,3108,3,Wir für Maulburg,NA,#00824a,Wir für Maulburg
83365007081,4958,1,GRÜNE,NA,#46962b,BÜNDNIS 90/DIE GRÜNEN
83365007081,4958,2,FW,NA,#d0e60e,Freie Wähler
83365007081,4958,3,CDU,NA,#32302e,Christlich Demokratische Union Deutschlands
83365007081,4958,4,SPD,NA,#ff0000,Sozialdemokratische Partei Deutschlands
83365009103,5229,1,SPD,NA,#ff0000,Sozialdemokratische Partei Deutschlands
83365009103,5229,2,CDU,NA,#32302e,Christlich Demokratische Union Deutschlands
83365009103,5229,3,Bürgerforum,NA,#39ba18,Bürgerforum
83365009103,5229,4,FREIE WÄHLER,NA,#f29204,FREIE WÄHLER
83370002002,6052,1,CDU,NA,#32302e,Christlich Demokratische Union Deutschlands
83370002002,6052,2,FWV,NA,#eafa0c,Freie Wählervereinigung
83370002002,6052,3,SPD,NA,#ff0000,Sozialdemokratische Partei Deutschlands
83370002002,6052,4,GRÜNE,NA,#46962b,BÜNDNIS 90/DIE GRÜNEN
83370038038,4610,1,FREIE WÄHLER,NA,#f0ba56,Freie Wähler Görwihl e. V.
83370038038,4610,2,CDU,NA,#32302e,Christlich Demokratische Union Deutschlands
83370038038,4610,3,GRÜNE,NA,#46962b,BÜNDNIS 90/DIE GRÜNEN
83370062062,3320,1,GRÜNE,NA,#46962b,BÜNDNIS 90/DIE GRÜNEN
83370062062,3320,2,FWV,NA,#e8e813,Freie Wählervereinigung Klettgau e.V.
83370062062,3320,3,CDU,NA,#32302e,Christlich Demokratische Union Deutschlands
83370062062,3320,4,SPD,NA,#ff0000,Sozialdemokratische Partei Deutschlands
83370066066,5169,1,FW,NA,#e8d333,Freie Wähler Laufenburg/Baden e.V.
83370066066,5169,2,CDU,NA,#32302e,Christlich Demokratische Union Deutschlands
83370066066,5169,3,GRÜNE,NA,#46962b,BÜNDNIS 90/DIE GRÜNEN
83370066066,5169,4,SPD,NA,#ff0000,Sozialdemokratische Partei Deutschlands
83370066066,5169,5,AfD,NA,#009ee0,Alternative für Deutschland
83370106106,5239,1,FW,NA,#eb8d13,Freie Wähler
83370106106,5239,2,CDU,NA,#32302e,Christlich Demokratische Union Deutschlands
83370116116,4369,1,FW,NA,#f08e0e,Freie Wähler Wehr und Öflingen e.V.
83370116116,4369,2,CDU,NA,#32302e,Christlich Demokratische Union Deutschlands
83370116116,4369,3,SPD,NA,#ff0000,Sozialdemokratische Partei Deutschlands
83370116116,4369,4,GRÜNE,NA,#46962b,BÜNDNIS 90/DIE GRÜNEN
83370116116,4369,5,FDP,NA,#ffed00,Freie Demokratische Partei
83370116116,4369,6,AfD,NA,#009ee0,Alternative für Deutschland
83375001022,2222,1,CDU,NA,#32302e,Christlich Demokratische Union Deutschlands
83375001022,2222,2,Bürgerliste,NA,#1c57eb,Bürgerliste
83375001022,2222,3,SPD,NA,#ff0000,Sozialdemokratische Partei Deutschlands
83375001022,2222,4,GRÜNE,NA,#46962b,BÜNDNIS 90/DIE GRÜNEN
83375001022,2222,5,Freie Wähler Bonndorf,NA,#6ef5ea,Freie Wähler Bonndorf
83375001127,5254,1,UWW,NA,#f2bf3d,Unabhängige Wählergemeinschaft Wutach
83375001127,5254,2,CDU,NA,#32302e,Christlich Demokratische Union Deutschlands
83375002060,2877,1,CDU,NA,#32302e,Christlich Demokratische Union Deutschlands
83375002060,2877,2,GRÜNE,NA,#46962b,BÜNDNIS 90/DIE GRÜNEN
83375002060,2877,3,SPD,NA,#ff0000,Sozialdemokratische Partei Deutschlands
83375002060,2877,4,Freie Wähler Ortsverband Jestetten-Altenburg,NA,#f5961b,Freie Wähler Ortsverband Jestetten-Altenburg
83375002070,4875,1,FWV,NA,#ffa600,Freie Wählervereinigung Lottstetten
83375002070,4875,2,CDU,NA,#32302e,Christlich Demokratische Union Deutschlands
83375002070,4875,3,SPD,NA,#ff0000,Sozialdemokratische Partei Deutschlands
83375003053,4213,1,CDU,NA,#32302e,Christlich Demokratische Union Deutschlands
83375003053,4213,2,FW,NA,#0643c7,Freie Wähler Hohentengen
83375003053,4213,3,SPD,NA,#ff0000,Sozialdemokratische Partei Deutschlands
83375003053,4213,4,GRÜNE,NA,#46962b,BÜNDNIS 90/DIE GRÜNEN
83375003125,2534,1,CDU,NA,#32302e,Christlich Demokratische Union Deutschlands
83375003125,2534,2,GRÜNE,NA,#46962b,BÜNDNIS 90/DIE GRÜNEN
83375003125,2534,3,SPD,NA,#ff0000,Sozialdemokratische Partei Deutschlands
83375003125,2534,4,Unabhängige Bürger,NA,#db2cd0,Unabhängige Bürger
83375003125,2534,5,Gemeinsam Gestalten,NA,#d8e619,Gemeinsam Gestalten
83375004039,4923,1,Gemeinsam für Grafhuse,NA,#f0840a,Gemeinsam für Grafhuse
83375004039,4923,2,freie Zeile,NA,#b238ee,Vom Wähler vorgeschlagene Personen
83375004128,6352,1,Freie Wähler Ühlingen-Birkendorf e.V. (Freie Wähler),NA,#d17c1b,Freie Wähler Ühlingen-Birkendorf e.V. (Freie Wähler)
83375004128,6352,2,CDU,NA,#050303,Christlich Demokratische Union
83375005049,1993,1,FREIE WÄHLER,NA,#f29204,FREIE WÄHLER
83375005049,1993,2,CDU,NA,#32302e,Christlich Demokratische Union Deutschlands
83375005049,1993,3,GRÜNE,NA,#46962b,BÜNDNIS 90/DIE GRÜNEN
83375005076,6254,1,FREIE WÄHLER,NA,#f29204,FREIE WÄHLER
83375005076,6254,2,CDU,NA,#32302e,Christlich Demokratische Union Deutschlands
83375005076,6254,3,SPD,NA,#ff0000,Sozialdemokratische Partei Deutschlands
83375005076,6254,4,GRÜNE,NA,#46962b,BÜNDNIS 90/DIE GRÜNEN
83375005076,6254,5,AfD,NA,#009ee0,Alternative für Deutschland
83375005090,4558,1,FREIE WÄHLER,NA,#f29204,FREIE WÄHLER
83375005090,4558,2,CDU,NA,#32302e,Christlich Demokratische Union Deutschlands
83375005090,4558,3,WiR,NA,#ffffff,Wir in Rickenbach
83375005090,4558,4,GRÜNE,NA,#46962b,BÜNDNIS 90/DIE GRÜNEN
83375005096,3439,1,CDU,NA,#32302e,Christlich Demokratische Union Deutschlands
83375005096,3439,2,GRÜNE,NA,#46962b,BÜNDNIS 90/DIE GRÜNEN
83375005096,3439,3,FREIE WÄHLER,NA,#f29204,FREIE WÄHLER
83375005096,3439,4,SPD,NA,#ff0000,Sozialdemokratische Partei Deutschlands
83375005096,3439,5,UBL,NA,#bc40ff,unabhängige Bürgerliste
83375005096,3439,6,AfD,NA,#009ee0,Alternative für Deutschland
83375005096,3439,7,FDP,NA,#ffed00,Freie Demokratische Partei
83375006013,3348,1,CDU,NA,#32302e,Christlich Demokratische Union Deutschlands
83375006013,3348,2,Gemeinsam für Bernau - unabhängige Bürgerliste,NA,#e89a2c,Gemeinsam für Bernau - unabhängige Bürgerliste
83375006045,4586,1,Gemeinsame Wahlliste für Häusern,NA,#e3a112,Gemeinsame Wahlliste für Häusern
83375006045,4586,2,freie Zeile,NA,#b238ee,Vom Wähler vorgeschlagene Personen
83375006051,4579,1,CDU,NA,#32302e,Christlich Demokratische Union Deutschlands
83375006051,4579,2,Bürgerliste Höchenschwand e. V.,NA,#f2a900,Bürgerliste Höchenschwand e. V.
83375006051,4579,3,SPD,NA,#ff0000,Sozialdemokratische Partei Deutschlands
83375006097,5092,1,CDU,NA,#32302e,Christlich Demokratische Union Deutschlands
83375006097,5092,2,Freie Wähler St. Blasien (FW),NA,#d97d14,Freie Wähler St. Blasien (FW)
83375006097,5092,3,SPD,NA,#ff0000,Sozialdemokratische Partei Deutschlands
83375006097,5092,4,GRÜNE,NA,#46962b,BÜNDNIS 90/DIE GRÜNEN
83375007032,3615,1,Bürgerliste,NA,#edab05,Bürgerliste
83375007032,3615,2,freie Zeile,NA,#b238ee,Vom Wähler vorgeschlagene Personen
83375007065,6813,1,FW,NA,#b5b3ae,Freie Wähler
83375007065,6813,2,CDU,NA,#32302e,Christlich Demokratische Union Deutschlands
83375007065,6813,3,SPD,NA,#ff0000,Sozialdemokratische Partei Deutschlands
83375007065,6813,4,GRÜNE,NA,#46962b,BÜNDNIS 90/DIE GRÜNEN
83375007118,5433,1,GL,NA,#ffffff,Gemeinsame Liste
83375007118,5433,2,CDU,NA,#32302e,Christlich Demokratische Union Deutschlands
83375007118,5433,3,LUB,NA,#ffffff,Liste Unabhängiger Bürger
83375007126,2657,1,CDU,NA,#32302e,Christlich Demokratische Union Deutschlands
83375007126,2657,2,GRÜNE,NA,#46962b,BÜNDNIS 90/DIE GRÜNEN
83375007126,2657,3,FW,NA,#f5a905,Freie Wähler
83375007126,2657,4,SPD,NA,#ff0000,Sozialdemokratische Partei Deutschlands
83375007126,2657,5,FDP,NA,#ffed00,Freie Demokratische Partei
83375007126,2657,6,NL,NA,#46e3e8,Neutrale Liste Waldshut-Tiengen
83375008123,5430,1,FREIE WÄHLER,NA,#f29204,FREIE WÄHLER
83375008123,5430,2,CDU,NA,#32302e,Christlich Demokratische Union Deutschlands
83375008123,5430,3,GRÜNE,NA,#46962b,BÜNDNIS 90/DIE GRÜNEN
83375008123,5430,4,SPD,NA,#ff0000,Sozialdemokratische Partei Deutschlands
83375008124,2637,1,GLE,NA,#0ee8f0,"Gemeinsame Liste Eggingen (-Christlich Demokratische Union Deutschlands -CDU-, -Freie Wählervereinigung -FWV-, Sozial Demokratische Partei Deutschlands -SPD-, Bündnis 90/Die Grünen -GRÜNE-"
83375008124,2637,2,freie Zeile,NA,#b238ee,Vom Wähler vorgeschlagene Personen
84150014014,4603,1,FWV,NA,#13f0e5,Freie Wählervereinigung Dettingen
84150014014,4603,2,UL,NA,#f00a0a,Unabhängige Liste
84150014014,4603,3,CDU,NA,#32302e,Christlich Demokratische Union Deutschlands
84150014014,4603,4,TS,NA,#56ed1a,Tayfun Sevgili (TS)
84150019019,4054,1,CDU,NA,#32302e,Christlich Demokratische Union Deutschlands
84150019019,4054,2,FWV,NA,#1313e8,Freie Wählervereinigung Eningen e.V.
84150019019,4054,3,GAL,NA,#459443,Freie grüne und alternative Liste Eningen u.A.
84150019019,4054,4,SPD,NA,#fa0c0c,Sozialdemokratische Partei Deutschland
84150059059,3258,1,UWV,NA,#e3aa19,Unabhängige Wählervereinigung Pfullingen
84150059059,3258,2,CDU,NA,#32302e,Christlich Demokratische Union Deutschlands
84150059059,3258,3,FWV,NA,#b5a7a7,Freie Wählervereinigung Pfullingen
84150059059,3258,4,GAL,NA,#83d65c,GRÜN-Alternative Liste
84150059059,3258,5,SPD,NA,#ff0000,Sozialdemokratische Partei Deutschlands
84150061061,1896,1,Die Grünen und Unabhängigen,NA,#3d9c25,Die Grünen und Unabhängigen
84150061061,1896,2,CDU,NA,#32302e,Christlich Demokratische Union Deutschlands
84150061061,1896,3,SPD,NA,#ff0000,Sozialdemokratische Partei Deutschlands
84150061061,1896,4,FWV,NA,#364fcf,Freie Wähler Vereinigung Reutlingen e. V.
84150061061,1896,5,AfD,NA,#009ee0,Alternative für Deutschland
84150061061,1896,6,WiR,NA,#9c53db,WiR - Wir in Reutlingen e. V.
84150061061,1896,7,FDP,NA,#ffed00,Freie Demokratische Partei
84150061061,1896,8,Linke Liste,NA,#e02671,Linke Liste
84150061061,1896,9,Die PARTEI,NA,#b91023,"Partei für Arbeit, Rechtsstaat, Tierschutz, Elitenförderung und basisdemokratische Initiative"
84150073073,5712,1,Freie Wähler Trochtelfingen,NA,#6b6969,Freie Wähler Trochtelfingen
84150073073,5712,2,Sozial und bürgernah / SPD,NA,#fa2020,Sozial und bürgernah / SPD
84150080080,3192,1,GAL,NA,#45de1f,Grün-Alternative Liste Wannweil
84150080080,3192,2,CDU,NA,#000000,Christlich Demokratische Union
84150080080,3192,3,FL,NA,#f5f514,Freie Liste Wannweil für Dorferhaltung und Umweltschutz
84150080080,3192,4,SPD,NA,#ff0505,Sozialdemokratische Partei Deutschlands
84150080080,3192,5,FWV,NA,#f1f2c4,Freie Wählervereinigung Wannweil
84150091091,4206,1,FWV,NA,#6f76ad,Freie Wählervereinigung Sonnenbühl
84150091091,4206,2,Sonnenbühler Bürger,NA,#6a4885,Sonnenbühler Bürger
84150091091,4206,3,CDU,NA,#32302e,Christlich Demokratische Union Deutschlands
84150092092,3935,1,FWV,NA,#de7021,Freie Wählervereinigung Lichtenstein
84150092092,3935,2,CDU Bürgerliste Lichtenstein,NA,#000000,CDU Bürgerliste Lichtenstein
84150092092,3935,3,SPD,NA,#ff0000,Sozialdemokratische Partei Deutschlands
84150092092,3935,4,Offene Grüne Liste Lichtenstein,NA,#17e61e,Offene Grüne Liste Lichtenstein
84150093093,6371,1,Neue Liste,NA,#1ed4ac,Neue Liste St. Johann
84150093093,6371,2,FWV St. Johann,NA,#b82545,Freie Wählervereinigung St. Johann
84150093093,6371,3,OBL,NA,#534ca1,Offene Bürgerliste St. Johann
84150093093,6371,4,WfS,NA,#db5c18,WIR für St. Johann
84155001089,3147,1,FB,NA,#3657d9,Freie Bürger
84155001089,3147,2,CDU,NA,#32302e,Christlich Demokratische Union Deutschlands
84155001089,3147,3,OGL,NA,#409e23,Offene Grüne Liste
84155001089,3147,4,FFL,NA,#8f30d9,Freie Frauenliste
84155001090,1948,1,Wählervereinigung Hohenstein,NA,#ffffff,Wählervereinigung Hohenstein
84155002029,2841,1,FWV Grafenberg,NA,#f0ab16,Freie Wählervereinigung Grafenberg
84155002029,2841,2,CDU,NA,#32302e,Christlich Demokratische Union Deutschlands
84155002029,2841,3,SPD,NA,#ff0000,Sozialdemokratische Partei Deutschlands
84155002050,2059,1,FWV,NA,#205ac7,Freie Wählervereinigung Metzingen Neuhausen Glems
84155002050,2059,2,CDU,NA,#32302e,Christlich Demokratische Union Deutschlands
84155002050,2059,3,GRÜNE,NA,#46962b,BÜNDNIS 90/DIE GRÜNEN
84155002050,2059,4,FDP,NA,#ffed00,Freie Demokratische Partei
84155002050,2059,5,SPD,NA,#ff0000,Sozialdemokratische Partei Deutschlands
84155002062,6859,1,Bürgerliste Riederich,NA,#0f8c14,Bürgerliste Riederich
84155002062,6859,2,freie Zeile,NA,#b238ee,Vom Wähler vorgeschlagene Personen
84155003027,3310,1,UWV,NA,#f71302,die Unabhängige Wählervereinigung
84155003027,3310,2,CDU / BL,NA,#000000,Christlich Demokratische Union Deutschlands / Bürgerliste
84155003027,3310,3,OL,NA,#129906,Offene Liste
84155003027,3310,4,GomadingerInnen,NA,#24c7c7,GomadingerInnen/Frauenliste
84155004060,2998,1,FWV,NA,#2f7bed,Freie Wählervereinigung
84155004060,2998,2,UWV,NA,#eef52a,Unabhängige Wählervereinigung
84155004060,2998,3,CDU,NA,#32302e,Christlich Demokratische Union Deutschlands
84155004060,2998,4,KLUB,NA,#369e31,Kommunale Liste umweltbewusster Bürger
84155004060,2998,5,SPD,NA,#ff0000,Sozialdemokratische Partei Deutschlands
84155004060,2998,6,AfD,NA,#009ee0,Alternative für Deutschland
84155004087,7092,1,FWV,NA,#ffffff,Freie Wählervereinigung
84155004087,7092,2,GRÜNE,NA,#46962b,BÜNDNIS 90/DIE GRÜNEN
84155004087,7092,3,FL,NA,#de33cd,Frauenliste Walddorfhäslach e.V.
84155004087,7092,4,SPD,NA,#ff0000,Sozialdemokratische Partei Deutschlands
84155004087,7092,5,AfD,NA,#009ee0,Alternative für Deutschland
84155005078,7006,1,Freie Wählervereinigung Bad Urach (FWV),NA,#ed9118,Freie Wählervereinigung Bad Urach (FWV)
84155005078,7006,2,Christlich Demokratische Union Deutschlands (CDU),NA,#000000,Christlich Demokratische Union Deutschlands (CDU)
84155005078,7006,3,Sozialdemokratische Partei Deutschlands (SPD)/Aktive Bürger (AB) (SPD)/(AB),NA,#ff0335,Sozialdemokratische Partei Deutschlands (SPD)/Aktive Bürger (AB) (SPD)/(AB)
84155005078,7006,4,BÜNDNIS 90/DIE GRÜNEN - GRÜNE,NA,#119e1f,BÜNDNIS 90/DIE GRÜNEN - GRÜNE
84155005088,6497,1,Römersteiner Liste,NA,#4c8ff5,Römersteiner Liste
84155005088,6497,2,freie Zeile,NA,#b238ee,Vom Wähler vorgeschlagene Personen
84155006034,3082,1,FWV,NA,#f0720c,Freie Wählervereinigung
84155006034,3082,2,Bürgerliste,NA,#17e8d0,Bürgerliste
84155006034,3082,3,CDU,NA,#32302e,Christlich Demokratische Union Deutschlands
84160009009,4715,1,FWV,NA,#2012e6,Freie Wählervereinigung Dettenhausen
84160009009,4715,2,Bürgerliche / CDU,NA,#000000,Bürgerliche / Christlich Demokratische Union Deutschlands
84160009009,4715,3,GLD,NA,#11d96b,Grüne Liste Dettenhausen
84160009009,4715,4,GfD,NA,#fadc64,Gemeinsam für Dettenhausen
84160022022,3446,1,FWV,NA,#f5fc17,Freie Wählervereinigung Kirchentellinsfurt
84160022022,3446,2,GAL,NA,#21d927,Grün-Alternative-Liste
84160022022,3446,3,SPD,NA,#ff0000,Sozialdemokratische Partei Deutschlands
84160022022,3446,4,CDU,NA,#32302e,Christlich Demokratische Union Deutschlands
84160023023,5497,1,FWV,NA,#7d797b,Freie Wählervereinigung Kusterdingen
84160023023,5497,2,Härtenliste,NA,#57f011,Härtenliste Umweltschutz und Demokratie
84160023023,5497,3,Neue Liste,NA,#1443de,Neue Liste
84160023023,5497,4,SPD,NA,#ff0000,Sozialdemokratische Partei Deutschlands
84160023023,5497,5,FDP,NA,#ffed00,Freie Demokratische Partei
84160023023,5497,6,CDU,NA,#32302e,Christlich Demokratische Union Deutschlands
84160041041,1700,1,AL/GRÜNE,NA,#37cc46,Alternative und Grüne Liste e.V. - BÜNDNIS 90/DIE GRÜNEN
84160041041,1700,2,SPD,NA,#ff0000,Sozialdemokratische Partei Deutschlands
84160041041,1700,3,Tübinger Liste e.V.,NA,#a8a3a3,Tübinger Liste e.V.
84160041041,1700,4,CDU,NA,#32302e,Christlich Demokratische Union Deutschlands
84160041041,1700,5,TÜL/DIE LINKE,NA,#f70a4d,Wählervereinigung Tübinger Linke/DIE LINKE
84160041041,1700,6,FDP,NA,#ffed00,Freie Demokratische Partei
84160041041,1700,7,"Die PARTEI/Stammtisch ""Unser Huhn""",NA,#1fecf0,"Die Partei für Arbeit, Rechtsstaat, Tierschutz, Elitenförderung und basisdemokratische Initiative/Stammtisch ""Unser Huhn"""
84160041041,1700,8,DiB,NA,#5c3b6f,DEMOKRATIE IN BEWEGUNG
84160041041,1700,9,KLIMALISTE,NA,#bedc0a,Klimaliste Deutschland
84160048048,2159,1,GAL,NA,#46962b,Grün-Alternative Liste
84160048048,2159,2,CDU,NA,#32302e,Christlich Demokratische Union Deutschlands
84160048048,2159,3,FWV,NA,#fbeb00,Freie Wählervereinigung
84160048048,2159,4,BWV,NA,#176ce3,Bürgerliche Wählervereinigung
84160048048,2159,5,SPD,NA,#ff0000,Sozialdemokratische Partei Deutschlands
84165001011,4336,1,DWV,NA,#3cabfa,Dußlinger Wählervereinigung
84165001011,4336,2,FWV,NA,#f9ff57,Freie Wählervereinigung Dußlingen
84165001011,4336,3,GRÜNE,NA,#46962b,BÜNDNIS 90/DIE GRÜNEN
84165001011,4336,4,SPD,NA,#ff0000,Sozialdemokratische Partei Deutschlands
84165001011,4336,5,CDU/Bürgerliche,NA,#000000,Christlich Demokratische Union / Bürgerliche Liste
84165001015,5434,1,FWV,NA,#f5f527,Freie Wähler Vereinigung Gomaringen
84165001015,5434,2,SPD,NA,#ff0000,Sozialdemokratische Partei Deutschlands
84165001015,5434,3,GL,NA,#2dfa34,Grüne Liste Gomaringen
84165001015,5434,4,CDU,NA,#32302e,Christlich Demokratische Union Deutschlands
84165001026,4704,1,Freiwillige Wählervereinigung Nehren,NA,#293fe3,Freiwillige Wählervereinigung Nehren
84165001026,4704,2,Bürgerliche und CDU,NA,#1f1c1c,Bürgerliche und CDU
84165001026,4704,3,SPD,NA,#f20202,Sozialdemokratische Partei Deutschlands
84165001026,4704,4,Alternative Liste Nehren,NA,#19e326,Alternative Liste Nehren
84165001026,4704,5,ALSOB,NA,#faea37,Alternativlosen Liste Sozial Orientierter Bürger/-innen
84165002006,5882,1,FWV,NA,#3155d6,Freie Wählervereinigung
84165002006,5882,2,SPD,NA,#ff0000,Sozialdemokratische Partei Deutschlands
84165002006,5882,3,CDU/Bürgerliche,NA,#000000,Christlich Demokratische Union Deutschlands und Bürgerliche
84165002006,5882,4,FDP,NA,#ffed00,Freie Demokratische Partei
84165002025,5302,1,FWV,NA,#229dab,Freie Wählervereinigung
84165002025,5302,2,CDU,NA,#32302e,Christlich Demokratische Union Deutschlands
84165002025,5302,3,SPD,NA,#ff0000,Sozialdemokratische Partei Deutschlands
84165002025,5302,4,GRÜNE,NA,#46962b,BÜNDNIS 90/DIE GRÜNEN
84165002025,5302,5,LiSt,NA,#674fa1,Linke im Steinlachtal
84165002025,5302,6,FDP,NA,#ffed00,Freie Demokratische Partei
84165002031,3655,1,Freie Wählervereinigung Ofterdingen,NA,#c219d1,Freie Wählervereinigung Ofterdingen
84165002031,3655,2,SPD,NA,#ff0000,Sozialdemokratische Partei Deutschlands
84165002031,3655,3,Christlich Demokratische Union & Unabhängige WV Ofterdingen,NA,#52d5f2,Christlich Demokratische Union & Unabhängige WV Ofterdingen
84165002031,3655,4,GRÜNE,NA,#46962b,BÜNDNIS 90/DIE GRÜNEN
84165003018,6953,1,FLH,NA,#e3c42b,Freie Liste Hirrlingen
84165003018,6953,2,freie Zeile,NA,#b238ee,Vom Wähler vorgeschlagene Personen
84165003036,4512,1,CDU,NA,#32302e,Christlich Demokratische Union Deutschlands
84165003036,4512,2,GRÜNE,NA,#46962b,BÜNDNIS 90/DIE GRÜNEN
84165003036,4512,3,FaiR Für alle in Rottenburg,NA,#ffaa00,FaiR Für alle in Rottenburg
84165003036,4512,4,SPD,NA,#ff0000,Sozialdemokratische Partei Deutschlands
84165003036,4512,5,JA,NA,#ffee00,Junge Aktive
84165003036,4512,6,DIE LINKE,NA,#9900cc,DIE LINKE
84165003036,4512,7,FWR,NA,#c9e3a2,Freie Wählervereinigung Rottenburg
84165003036,4512,8,FB,NA,#787878,FREIE BÜRGER
84165003036,4512,9,Die PARTEI,NA,#b91023,"Partei für Arbeit, Rechtsstaat, Tierschutz, Elitenförderung und basisdemokratische Initiative"
84165003036,4512,10,Bunte Liste,NA,#e82cd8,Bunte Liste
84165003049,2192,1,FWG,NA,#a3158e,Freie Wählergemeinschaft
84165003049,2192,2,WIN,NA,#1cb2b8,Wählerinitiative Neustetten
84165003050,5027,1,BVS,NA,#daf734,Bürgervertretung Starzach
84165003050,5027,2,Grüne,NA,#29f516,Bündnis 90 / Die Grünen
84165003050,5027,3,FWV,NA,#27ebf2,Freie Wählervereinigung
84165003050,5027,4,Kurswechsel,NA,#eda711,Kurswechsel
84170013013,4187,1,CDU,NA,#32302e,Christlich Demokratische Union Deutschlands
84170013013,4187,2,Freie Wähler,NA,#1321bd,Freie Wähler
84170013013,4187,3,GRÜNE,NA,#46962b,BÜNDNIS 90/DIE GRÜNEN
84170013013,4187,4,AfD,NA,#009ee0,Alternative für Deutschland
84170025025,4943,1,FWV,NA,#f2fa00,Freie Wählervereinigung Haigerloch
84170025025,4943,2,CDU,NA,#32302e,Christlich Demokratische Union Deutschlands
84170025025,4943,3,SÖL,NA,#f01111,Sozial-Ökologische Liste
84170025025,4943,4,Bürger für Haigerloch,NA,#14de9e,Bürger für Haigerloch
84170054054,6280,1,Unabhängige Wählergemeinschaft Rosenfeld,NA,#c066e3,Unabhängige Wählergemeinschaft Rosenfeld
84170054054,6280,2,Freie Wähler,NA,#f0a535,Freie Wähler
84170054054,6280,3,AfD,NA,#009ee0,Alternative für Deutschland
84175001010,5975,1,BB,NA,#fc0000,Bitzer Bürger
84175001010,5975,2,FWB,NA,#0a50ff,Freie Wähler Bitz
84175001079,5276,1,CDU,NA,#32302e,Christlich Demokratische Union Deutschlands
84175001079,5276,2,FWA,NA,#5aa39d,Freie Wähler Albstadt
84175001079,5276,3,GRÜNE,NA,#46962b,BÜNDNIS 90/DIE GRÜNEN
84175001079,5276,4,WSA,NA,#7d7070,WIR SIND ALBSTADT
84175001079,5276,5,SPD,NA,#ff0000,Sozialdemokratische Partei Deutschlands
84175001079,5276,6,FDP,NA,#ffed00,Freie Demokratische Partei
84175001079,5276,7,Bündnis Z.U.G.,NA,#deac2f,Zukunftsorientiert-Unabhängig-Gemeinsam
84175001079,5276,8,FLZ,NA,#e3bd88,Freie Liste ZollernAlb
84175002002,4646,1,CDU,NA,#32302e,Christlich Demokratische Union Deutschlands
84175002002,4646,2,GRÜNE,NA,#46962b,BÜNDNIS 90/DIE GRÜNEN
84175002002,4646,3,SPD,NA,#ff0000,Sozialdemokratische Partei Deutschlands
84175002002,4646,4,FDP,NA,#ffed00,Freie Demokratische Partei
84175002002,4646,5,FW,NA,#666566,Freie Wähler
84175002002,4646,6,AfD,NA,#009ee0,Alternative für Deutschland
84175002002,4646,7,FLZ,NA,#5618f2,Freie Liste Zollernalb
84175002022,5649,1,CDU,NA,#32302e,Christlich Demokratische Union Deutschlands
84175002022,5649,2,AKTIVE BÜRGER,NA,#eb1515,AKTIVE BÜRGER
84175002022,5649,3,FWV,NA,#0a16f5,Freie Wählervereinigung Geislingen
84175002022,5649,4,SÖL,NA,#c456f0,Sozial-ökologische Liste
84175003008,1973,1,CDU,NA,#000000,Christlich Demokratische Union
84175003008,1973,2,FWB,NA,#0af2d7,Freie Wähler Bisingen
84175003008,1973,3,SPD,NA,#fc0000,Sozialdemokratische Partei Deutschland
84175003008,1973,4,ALB,NA,#19942c,Alternative Liste Bisingen
84175003023,5707,1,Team Grosselfingen,NA,#fff200,Team Grosselfingen
84175003023,5707,2,Dietmar Wannenmacher,NA,#b238ee,character(0)
84175003023,5707,3,Ludwig Funk,NA,#b238ee,character(0)
84175003023,5707,4,Doris Lohmüller,NA,#b238ee,character(0)
84175003023,5707,5,Roland Beck,NA,#b238ee,character(0)
84175003023,5707,6,Lothar Gern,NA,#b238ee,character(0)
84175003023,5707,7,Yannick Vöhringer,NA,#b238ee,character(0)
84175003023,5707,8,Gerhard Lörch,NA,#b238ee,character(0)
84175003023,5707,9,Markus Walter,NA,#b238ee,character(0)
84175003023,5707,10,Carolin Krauter,NA,#b238ee,character(0)
84175003023,5707,11,Hans-Martin Fuchs,NA,#b238ee,character(0)
84175003023,5707,12,Petra Reichert-Kötzle,NA,#b238ee,character(0)
84175003023,5707,13,Erwin Sprengel,NA,#b238ee,character(0)
84175003023,5707,14,Liane Ringwald,NA,#b238ee,character(0)
84175003023,5707,15,Karin Fuchs,NA,#b238ee,character(0)
84175003023,5707,16,Thomas Teuber,NA,#b238ee,character(0)
84175003023,5707,17,Rebecca Gaiser,NA,#b238ee,character(0)
84175003023,5707,18,Henrik Legnaro,NA,#b238ee,character(0)
84175003023,5707,19,Holger Selig,NA,#b238ee,character(0)
84175003023,5707,20,Michael Oesterle,NA,#b238ee,character(0)
84175003023,5707,21,Sandra Sandherr,NA,#b238ee,character(0)
84175003023,5707,22,Linus Sickinger,NA,#b238ee,character(0)
84175003023,5707,23,Rudi Senner,NA,#b238ee,character(0)
84175003023,5707,24,Anja Lörch,NA,#b238ee,character(0)
84175003023,5707,25,Rainer Müller,NA,#b238ee,character(0)
84175003023,5707,26,Thomas Schaal,NA,#b238ee,character(0)
84175003023,5707,27,Manfred Ostertag,NA,#b238ee,character(0)
84175003023,5707,28,Peter Wannenmacher,NA,#b238ee,character(0)
84175004031,5009,1,CDU,NA,#32302e,Christlich Demokratische Union Deutschlands
84175004031,5009,2,Freie Wählervereingung Hechingen,NA,#bfc26d,Freie Wählervereingung Hechingen
84175004031,5009,3,SPD,NA,#ff0000,Sozialdemokratische Partei Deutschlands
84175004031,5009,4,Hechinger Bunte Liste,NA,#1cf211,Hechinger Bunte Liste
84175004031,5009,5,AfD,NA,#009ee0,Alternative für Deutschland
84175004031,5009,6,FDP,NA,#ffed00,Freie Demokratische Partei
84175005044,3408,1,FWVM,NA,#f7f74d,Freie Wählervereinigung Meßstetten e.V.
84175005044,3408,2,CDU,NA,#000000,Christlich Demokratische Union Deutschlands
84175005044,3408,3,Bürgerliste,NA,#be1ff2,Bürgerliste
84175005044,3408,4,AfD,NA,#2271e0,Alternative für Deutschland
84175005044,3408,5,FLZ,NA,#10a355,Freie Liste Zollernalb
84175005045,5182,1,Für Nusplingen,NA,#99d945,Für Nusplingen
84175005045,5182,2,Junge Liste,NA,#3a22d4,Junge Liste
84175005045,5182,3,Freie Bürger,NA,#eaed26,Freie Bürger
84175005047,6437,1,Bürgerliste,NA,#a51bcf,Bürgerliste
84175005047,6437,2,freie Zeile,NA,#b238ee,Vom Wähler vorgeschlagene Personen
84175006016,3157,1,Bürger für Bürger,NA,#f50707,Bürger für Bürger
84175006016,3157,2,Verantwortung + Fortschritt + Lebensqualität (VFL),NA,#31f50a,Verantwortung + Fortschritt + Lebensqualität (VFL)
84175006057,5438,1,Freie Bürger,NA,#ff0000,Freie Bürger
84175006057,5438,2,freie Zeile,NA,#b238ee,Vom Wähler vorgeschlagene Personen
84175007063,7073,1,CDU,NA,#32302e,Christlich Demokratische Union Deutschlands
84175007063,7073,2,FREIE WÄHLER,NA,#f29204,FREIE WÄHLER
84175007063,7073,3,AfD,NA,#009ee0,Alternative für Deutschland
84175007075,2260,1,Zukunft Winterlingen,NA,#ffffff,Zukunft Winterlingen
84175007075,2260,2,BÜRGERLISTE,NA,#ffffff,BÜRGERLISTE
84210000000,2496,1,GRÜNE,NA,#46962b,BÜNDNIS 90/DIE GRÜNEN
84210000000,2496,2,CDU,NA,#32302e,Christlich Demokratische Union Deutschlands
84210000000,2496,3,SPD,NA,#ff0000,Sozialdemokratische Partei Deutschlands
84210000000,2496,4,FWG,NA,#1131d4,Freie Wählergemeinschaft Ulm e.V.
84210000000,2496,5,UWS,NA,#bcbfb6,Unabhängige Wählervereinigung Ulm-Söflingen e.V.
84210000000,2496,6,FDP,NA,#ffed00,Freie Demokratische Partei
84210000000,2496,7,WWG,NA,#7d1e7d,Wiblinger Wählergemeinschaft e.V.
84210000000,2496,8,UVL,NA,#1131d4,Ulmer Vorortliste Jungingen-Lehr-Mähringen
84210000000,2496,9,UfA,NA,#dedcd7,Ulm für Alle
84210000000,2496,10,DIE LINKE,NA,#9900cc,DIE LINKE
84210000000,2496,11,PIRATEN,NA,#ff8800,Piratenpartei Deutschland
84210000000,2496,12,BLO,NA,#9edbb5,Bündnis für Lebenswerte Ortschaften
84210000000,2496,13,AfD,NA,#009ee0,Alternative für Deutschland
84210000000,2496,14,Tierschutzpartei,NA,#d2d2d2,PARTEI MENSCH UMWELT TIERSCHUTZ
84210000000,2496,15,KlimalisteBW,NA,#e1ede0,Klimaliste Baden-Württemberg
84210000000,2496,16,Junge Ulmer Liste,NA,#ffffff,Junge Ulmer Liste
84250039039,4812,1,CDU,NA,#000000,Christlich Demokratische Union Deutschlands
84250039039,4812,2,FWV,NA,#686a6b,Freie Wählervereinigung Ortsverband Erbach
84250039039,4812,3,GRÜNE,NA,#019417,BÜNDNIS 90/DIE GRÜNEN
84250039039,4812,4,SPD,NA,#fa0a0a,Sozialdemokratische Partei Deutschlands
84250039039,4812,5,Ein Herz für Erbach,NA,#0ff7e4,Ein Herz für Erbach
84250108108,4783,1,CDU,NA,#32302e,Christlich Demokratische Union Deutschlands
84250108108,4783,2,FWV,NA,#c175ff,Freie Wählervereinigung Stadtverband Schelklingen e. V.
84250108108,4783,3,SPD,NA,#ff0000,Sozialdemokratische Partei Deutschlands
84250108108,4783,4,GRÜNE,NA,#46962b,BÜNDNIS 90/DIE GRÜNEN
84250141141,4975,1,CDU,NA,#32302e,Christlich Demokratische Union Deutschlands
84250141141,4975,2,GRÜNE,NA,#46962b,BÜNDNIS 90/DIE GRÜNEN
84250141141,4975,3,Freie Wähler Blaustein e. V.,NA,#ad1a1a,Freie Wähler Blaustein e. V.
84250141141,4975,4,SPD,NA,#ff0000,Sozialdemokratische Partei Deutschlands
84250141141,4975,5,AfD,NA,#009ee0,Alternative für Deutschland
84255001002,3286,1,FREIE WÄHLER,NA,#f29204,FREIE WÄHLER
84255001002,3286,2,CDU,NA,#32302e,Christlich Demokratische Union Deutschlands
84255001004,3308,1,freie Zeile,NA,#b238ee,NA
84255002017,5205,1,FL,NA,#ffffff,Freie Liste
84255002017,5205,2,UL,NA,#ffffff,Unabhängige Liste
84255002020,1912,1,Freie Wähler Ortsverband Blaubeuren e.V.,NA,#f0960e,Freie Wähler Ortsverband Blaubeuren e.V.
84255002020,1912,2,GRÜNE,NA,#46962b,BÜNDNIS 90/DIE GRÜNEN
84255002020,1912,3,CDU,NA,#32302e,Christlich Demokratische Union Deutschlands
84255002020,1912,4,SPD,NA,#ff0000,Sozialdemokratische Partei Deutschlands
84255002020,1912,5,FDP,NA,#ffed00,Freie Demokratische Partei
84255003028,2344,1,CDU und Bürgerliste,NA,#ffffff,Christlich Demokratische Union Deutschlands und Bürgerliste
84255003028,2344,2,Unabhängige,NA,#ffffff,Unabhängige
84255003066,3169,1,Bürgergemeinschaft,NA,#3d3dc4,Bürgergemeinschaft
84255003066,3169,2,Bürgervereinigung,NA,#e89a33,Bürgervereinigung
84255003066,3169,3,Unabhängig für Vielfalt,NA,#c0f0a1,Unabhängig für Vielfalt
84255003140,3566,1,Bürgerliste 2024,NA,#1f1fcc,Bürgerliste 2024
84255003140,3566,2,freie Zeile,NA,#b238ee,Vom Wähler vorgeschlagene Personen
84255004014,4929,1,Zukunft für Beimerstetten,NA,#000000,Zukunft für Beimerstetten
84255004014,4929,2,Aktive Bürger für Beimerstetten (BfB),NA,#152eeb,Aktive Bürger für Beimerstetten (BfB)
84255004031,4292,1,Freie Wähler Dornstadt,NA,#dbd5db,Freie Wähler Dornstadt
84255004031,4292,2,CDU/BWV,NA,#000000,Christlich Demokratische Union / Bürgerliche Wählervereinigung
84255004031,4292,3,SPD,NA,#ff0000,Sozialdemokratische Partei Deutschlands
84255004031,4292,4,BIG,NA,#d4f51d,Bürgerliche Interessen-Gemeinschaft
84255004135,2560,1,Gemeinsam für Westerstetten,NA,#c73030,Gemeinsam für Westerstetten
84255004135,2560,2,Freie Liste,NA,#1ae1f0,Freie Liste
84255005033,1852,1,CDU,NA,#32302e,Christlich Demokratische Union Deutschlands
84255005033,1852,2,GRÜNE,NA,#46962b,BÜNDNIS 90/DIE GRÜNEN
84255005033,1852,3,SPD,NA,#ff0000,Sozialdemokratische Partei Deutschlands
84255005033,1852,4,Freie,NA,#211aeb,Die Freien in Ehingen
84255005033,1852,5,Junges Ehingen,NA,#2ac3de,Junges Ehingen
84255005033,1852,6,FDP,NA,#ffed00,Freie Demokratische Partei
84255005088,5383,1,GL,NA,#ed91ea,Gemeindeliste
84255005088,5383,2,freie Zeile,NA,#b238ee,Vom Wähler vorgeschlagene Personen
84255006064,5298,1,Gemeinsam für Hüttisheim und Humlangen,NA,#30f2e2,Gemeinsam für Hüttisheim und Humlangen
84255006064,5298,2,freie Zeile,NA,#b238ee,Vom Wähler vorgeschlagene Personen
84255006137,5100,1,UBI,NA,#ebe015,Unabhängige Bürgerliste Illerkirchberg
84255006137,5100,2,GRÜNE,NA,#46962b,BÜNDNIS 90/DIE GRÜNEN
84255006137,5100,3,WGI,NA,#92e2f0,Wählergemeinschaft Illerkirchberg
84255006137,5100,4,EFI,NA,#f01ff0,Engagiert Für Illerkirchberg
84255006138,5287,1,FWG,NA,#baafe3,Freie Wählergemeinschaft
84255006138,5287,2,Die Bürgergemeinschaft,NA,#c7d141,Die Bürgergemeinschaft
84255007071,4307,1,BWV,NA,#3023e8,Bürgerliche Wählervereinigung Laichingen
84255007071,4307,2,LAB,NA,#e7ed28,Laichinger Allgemeine Bürgerliste
84255007071,4307,3,IGEL,NA,#05eb4a,Initiative Gemeinsam Engagiert für Laichingen
84255007071,4307,4,CDU,NA,#000000,Christlich Demokratische Union Deutschlands
84255007071,4307,5,SPD,NA,#f50f0f,Sozialdemokratische Partei Deutschlands
84255007079,3492,1,UWG,NA,#be1622,Unabhängige Wähler Gemeinschaft
84255007079,3492,2,MS,NA,#009a31,Merklinger Stimme
84255007084,5869,1,Bürgerliste,NA,#22c9c9,Bürgerliste
84255007084,5869,2,Freie Bürgerliste,NA,#d9ae21,Freie Bürgerliste
84255007134,6257,1,UBL,NA,#ffffff,Unabhängige Bürgerliste Westerheim
84255007134,6257,2,CDU,NA,#32302e,Christlich Demokratische Union Deutschlands
84255007139,1945,1,Unabhängige Wählervereinigung,NA,#ffffff,Unabhängige Wählervereinigung
84255007139,1945,2,Freie Wählervereinigung,NA,#ffffff,Freie Wählervereinigung
84255007139,1945,3,Unser Heroldstatt,NA,#ffffff,Unser Heroldstatt
84255007139,1945,4,Land und Wirtschaft,NA,#ffffff,Land und Wirtschaft
84255008005,4443,1,offene Liste,NA,#4599de,offene Liste
84255008005,4443,2,WfE,NA,#23801f,Wir für Euch
84255008019,5398,1,BWG,NA,#ded421,Bernstadter Wählergemeinschaft
84255008019,5398,2,BL,NA,#15ed15,Bernstadt lebt!
84255008072,3109,1,FWG Langenau,NA,#8ee5e8,Freie Wählergemeinschaft Langenau
84255008072,3109,2,CDU,NA,#32302e,Christlich Demokratische Union Deutschlands
84255008072,3109,3,GUL,NA,#46c740,Grün Unabhängige Liste
84255008072,3109,4,SPD,NA,#ff0000,Sozialdemokratische Partei Deutschlands
84255009008,7354,1,FWG,NA,#1cc9e8,Freien Wählergemeinschaft Amstetten
84255009008,7354,2,FWV,NA,#dbe647,Freien Wählervereinigung Amstetten
84255009008,7354,3,ZGA,NA,#edb31f,Zukunft Gemeinde Amstetten
84255009075,5075,1,CDU,NA,#32302e,Christlich Demokratische Union Deutschlands
84255009075,5075,2,BL,NA,#e6ed1f,Bürgerliste
84255009075,5075,3,UWG,NA,#db0ee6,Unabhängige Wählergemeinschaft
84255009075,5075,4,GRÜNE,NA,#46962b,BÜNDNIS 90/DIE GRÜNEN
84255010081,4827,1,CDU,NA,#32302e,Christlich Demokratische Union Deutschlands
84255010081,4827,2,UWG,NA,#0c41f0,Unabhängige Wählergemeinschaft Raum Munderkingen e.V.
84255010081,4827,3,GRÜNE,NA,#46962b,BÜNDNIS 90/DIE GRÜNEN
84255010091,3580,1,Freie Bürgerliste,NA,#46c423,Freie Bürgerliste
84255010091,3580,2,freie Zeile,NA,#b238ee,Vom Wähler vorgeschlagene Personen
84260134134,4858,1,Freie Wählervereinigung,NA,#000000,Freie Wählervereinigung
84260134134,4858,2,Die Neue Verantwortung,NA,#f52d0a,Die Neue Verantwortung
84265001013,2491,1,Gemeinsam für Bad Buchau,NA,#27eb15,Gemeinsam für Bad Buchau
84265001013,2491,2,Anna-Carina Daiber,NA,#b238ee,character(0)
84265001013,2491,3,Karl Anton Braig,NA,#b238ee,character(0)
84265001013,2491,4,Max Wiest,NA,#b238ee,character(0)
84265001013,2491,5,Alexander Menz,NA,#b238ee,character(0)
84265001013,2491,6,Stephan Münz,NA,#b238ee,character(0)
84265001013,2491,7,Theo Polm,NA,#b238ee,character(0)
84265001013,2491,8,Jens Polm,NA,#b238ee,character(0)
84265001013,2491,9,Kerstin Wernicke,NA,#b238ee,character(0)
84265001013,2491,10,Charlotte Mayenberger,NA,#b238ee,character(0)
84265001013,2491,11,Harald Gäng,NA,#b238ee,character(0)
84265001013,2491,12,Davide Iannarelli,NA,#b238ee,character(0)
84265001013,2491,13,Daniel Zoerlein,NA,#b238ee,character(0)
84265001013,2491,14,Stefan Winkler,NA,#b238ee,character(0)
84265001013,2491,15,Lukas Keppeler,NA,#b238ee,character(0)
84265001013,2491,16,Ralf Wedel,NA,#b238ee,character(0)
84265001013,2491,17,Rainer Herwanger,NA,#b238ee,character(0)
84265001013,2491,18,Marco Fischer,NA,#b238ee,character(0)
84265001013,2491,19,Thomas Strahl,NA,#b238ee,character(0)
84265001013,2491,20,Christoph Kröninger,NA,#b238ee,character(0)
84265001013,2491,21,Ralf Kröninger,NA,#b238ee,character(0)
84265001013,2491,22,Klaus Merz,NA,#b238ee,character(0)
84265001013,2491,23,Michael Wissussek,NA,#b238ee,character(0)
84265001013,2491,24,Heinz-Otto Weiss,NA,#b238ee,character(0)
84265001013,2491,25,Stefan Feurle,NA,#b238ee,character(0)
84265001013,2491,26,Uwe Bohner,NA,#b238ee,character(0)
84265001013,2491,27,Werner Haas,NA,#b238ee,character(0)
84265001013,2491,28,Jens Kempenich,NA,#b238ee,character(0)
84265001013,2491,29,Stefanie Menz,NA,#b238ee,character(0)
84265001013,2491,30,Michael Bacalja,NA,#b238ee,character(0)
84265001013,2491,31,Ernst Böttcher,NA,#b238ee,character(0)
84265001013,2491,32,Gerhard Böttcher,NA,#b238ee,character(0)
84265001013,2491,33,Doreen Mayr,NA,#b238ee,character(0)
84265001013,2491,34,Alexander Kniele,NA,#b238ee,character(0)
84265001013,2491,35,Franz Hirschle,NA,#b238ee,character(0)
84265001013,2491,36,Julian Henkel,NA,#b238ee,character(0)
84265001013,2491,37,Hans Kleinheinz,NA,#b238ee,character(0)
84265001013,2491,38,Wibke Polm,NA,#b238ee,character(0)
84265001013,2491,39,Nele Medve,NA,#b238ee,character(0)
84265001013,2491,40,Peter Paul,NA,#b238ee,character(0)
84265001013,2491,41,Lukas Möseneder,NA,#b238ee,character(0)
84265001013,2491,42,Karl-Heinz Wontke,NA,#b238ee,character(0)
84265001013,2491,43,Moritz Herbert,NA,#b238ee,character(0)
84265001013,2491,44,Viktor Schröder,NA,#b238ee,character(0)
84265001013,2491,45,Melina Pfister,NA,#b238ee,character(0)
84265002014,4516,1,FWV,NA,#0a4cf5,Freie Wählervereinigung Bad Schussenried e.V.
84265002014,4516,2,BWL,NA,#f5520c,Bürgerliche Wähler Liste Bad Schussenried
84265002062,7534,1,FWV,NA,#1d1dd1,Freie Wählervereinigung
84265002062,7534,2,UBL,NA,#43cf27,Unabhängige.Bürger.Liste
84265003011,5678,1,Freie Wählervereinigung,NA,#c21574,Freie Wählervereinigung
84265003011,5678,2,freie Zeile,NA,#b238ee,Vom Wähler vorgeschlagene Personen
84265003021,3080,1,CDU,NA,#32302e,Christlich Demokratische Union Deutschlands
84265003021,3080,2,GRÜNE,NA,#46962b,BÜNDNIS 90/DIE GRÜNEN
84265003021,3080,3,FW,NA,#f28100,Freie Wähler Biberach e. V.
84265003021,3080,4,SPD,NA,#ff0000,Sozialdemokratische Partei Deutschlands
84265003021,3080,5,FDP,NA,#ffed00,Freie Demokratische Partei
84265003021,3080,6,OLLi,NA,#661661,Offene Linke Liste
84265003038,5563,1,Unabhängige Wähler,NA,#c412db,Unabhängige Wähler
84265003038,5563,2,Freie Bürger,NA,#e81043,Freie Bürger
84265003058,1725,1,Zukunft gestalten - die Gemeinde voranbringen,NA,#6176c7,Zukunft gestalten - die Gemeinde voranbringen
84265003058,1725,2,Für die Zukunft der Gemeinde,NA,#4eb594,Für die Zukunft der Gemeinde
84265003071,5663,1,CDU - Freie Wähler,NA,#1f1a1a,Christlich Demokratische Union Deutschlands (CDU) - Freie Wähler
84265003071,5663,2,Unabhängige für Mensch und Umwelt,NA,#f5ea20,Unabhängige für Mensch und Umwelt
84265003074,6130,1,AG,NA,#ffffff,Attraktive Gemeinde
84265003074,6130,2,FWG,NA,#ffffff,Freie Wählergemeinschaft Mittelbiberach und Reute
84265003120,5930,1,Aktive Bürger,NA,#ed3511,Aktive Bürger
84265003120,5930,2,CDU - Freie Wähler,NA,#000000,Christlich Demokratische Union - Freie Wähler
84265003128,2588,1,FWV,NA,#11807a,Freie Wählervereinigung
84265003128,2588,2,CDU,NA,#32302e,Christlich Demokratische Union Deutschlands
84265004019,2229,1,CDU,NA,#32302e,Christlich Demokratische Union Deutschlands
84265004019,2229,2,UFW,NA,#0ce8f0,Unabhängige Freie Wähler
84265004044,5536,1,Freie Wählervereinigung,NA,#ffffff,Freie Wählervereinigung
84265004044,5536,2,Unabhängige Bürger,NA,#ffffff,Unabhängige Bürger
84265004065,2278,1,CDU,NA,#32302e,Christlich Demokratische Union Deutschlands
84265004065,2278,2,UL,NA,#202cb3,Unabhängige Liste
84265004066,6011,1,Freie Wähler Gemeinschaft,NA,#36c7bb,Freie Wähler Gemeinschaft
84265004066,6011,2,Engagierte Bürger,NA,#faaa16,Engagierte Bürger
84265005001,2846,1,UWV,NA,#0707f5,Unabhängige Wählervereinigung
84265005001,2846,2,BWV,NA,#b8b8b8,Bürgerliche Wählervereinigung
84265005028,5749,1,UBW,NA,#000000,Unabhängige Bürgerliche Wählervereinigung
84265005028,5749,2,OLB,NA,#fa9016,Offene Liste Burgrieden
84265005070,1875,1,Freie Wähler Laupheim,NA,#7c8087,Freie Wähler Laupheim
84265005070,1875,2,CDU,NA,#32302e,Christlich Demokratische Union Deutschlands
84265005070,1875,3,Offene Liste für Laupheim,NA,#cbd126,Offene Liste für Laupheim
84265005070,1875,4,SPD,NA,#ff0000,Sozialdemokratische Partei Deutschlands
84265005070,1875,5,AfD,NA,#009ee0,Alternative für Deutschland
84265005070,1875,6,Freie Liste,NA,#c9abab,Freie Liste
84265005073,5266,1,Freie Wähler - Gesamtgemeinde,NA,#86e04a,Freie Wähler - Gesamtgemeinde
84265005073,5266,2,Bürgerliche Wähler - Gesamtgemeinde,NA,#94e3df,Bürgerliche Wähler - Gesamtgemeinde
84265006043,4855,1,Freien Wählervereinigung,NA,#e8f716,Freien Wählervereinigung
84265006043,4855,2,Neue Bürgergemeinschaft,NA,#0fbf15,Neue Bürgergemeinschaft
84265006087,4606,1,FW,NA,#250ff2,Freie Wähler Ochsenhausen
84265006087,4606,2,CDU,NA,#32302e,Christlich Demokratische Union Deutschlands
84265006087,4606,3,SÖB,NA,#e81313,Sozial ökologisches Bündnis Ochsenhausen
84265006087,4606,4,PRO-OX,NA,#6012de,PRO-OX
84265006113,3940,1,FW,NA,#353ef0,Freie Wähler
84265006113,3940,2,UL,NA,#1fcbd1,Unabhängige Liste
84265006135,1715,1,FW,NA,#41b6e8,Freie Wähler
84265006135,1715,2,Unabhängige Bürger,NA,#797e82,Unabhängige Bürger
84265007008,5639,1,Freie Bürger,NA,#f01616,Freie Bürger
84265007008,5639,2,Liste 2024,NA,#45eb13,Liste 2024
84265007035,6890,1,Unabhängige Bürger,NA,#e34b6c,Unabhängige Bürger
84265007035,6890,2,Engagement und Zukunft für Dürmentingen,NA,#5bb51f,Engagement und Zukunft für Dürmentingen
84265007045,6973,1,CDU,NA,#000000,Christlich Demokratische Union Deutschlands
84265007045,6973,2,FWV,NA,#0d27a8,Freie Wählervereinigung
84265007067,5614,1,Bürgerliste,NA,#2ad1be,Bürgerliste
84265007067,5614,2,Neue Liste,NA,#c23683,Neue Liste
84265007097,3513,1,Bürgerliste,NA,#f2d024,Bürgerliste
84265007097,3513,2,CDU,NA,#32302e,Christlich Demokratische Union Deutschlands
84265007097,3513,3,MTG!,NA,#43a12b,Mut tut gut!
84265007097,3513,4,SPD,NA,#ff0000,Sozialdemokratische Partei Deutschlands
84265007121,1746,1,Liste für Unlingen,NA,#326ad1,Liste für Unlingen
84265007121,1746,2,Unlinger Bürgerliste,NA,#de3e2c,Unlinger Bürgerliste
84265007124,2379,1,GR Wahl offene Bürgerliste,NA,#1f1ff0,GR Wahl offene Bürgerliste
84265008100,6423,1,fwvr,NA,#6b7575,Freie Wählervereinigung Rot an der Rot
84265008100,6423,2,bwvr,NA,#d91818,Bürgerliche Wählervereinigung Rot an der Rot
84265008100,6423,3,dlw,NA,#44c9c7,Die lose Wählervereinigung
84265008117,5628,1,Freie Wählervereinigung,NA,#e84f0e,Freie Wählervereinigung
84265008117,5628,2,UL,NA,#1de0d7,Unabhängige Liste
84265008117,5628,3,FÜR Tannheim,NA,#3eab13,FÜR Tannheim
84265009108,6993,1,Freie Wählervereinigung Gemeinde Schwendi (GR),NA,#e81ae8,Freie Wählervereinigung Gemeinde Schwendi (GR)
84265009108,6993,2,CDU,NA,#32302e,Christlich Demokratische Union Deutschlands
84265009108,6993,3,Unabhängiges Bündnis - ökologisch und sozial,NA,#5ae05e,Unabhängiges Bündnis - ökologisch und sozial
84265009125,6759,1,Gemeinsam für Wain,NA,#f70505,Gemeinsam für Wain
84265009125,6759,2,freie Zeile,NA,#b238ee,Vom Wähler vorgeschlagene Personen
84350035035,3794,1,FW,NA,#fc9e0f,Freie Wähler Meckenbeuren
84350035035,3794,2,CDU,NA,#32302e,Christlich Demokratische Union Deutschlands
84350035035,3794,3,BUS,NA,#0fa82b,Bürgerliste für Umwelt und Soziales
84350035035,3794,4,SPD,NA,#ff0000,Sozialdemokratische Partei Deutschlands
84350035035,3794,5,FDP,NA,#ffed00,Freie Demokratische Partei
84355001013,2962,1,FWV,NA,#3162ac,Freie Wählervereinigung Eriskirch
84355001013,2962,2,CDU,NA,#32302e,Christlich Demokratische Union Deutschlands
84355001029,1922,1,BWV,NA,#1d4dc4,Bürgerliche Wählervereinigung
84355001029,1922,2,CDU,NA,#32302e,Christlich Demokratische Union Deutschlands
84355001029,1922,3,GRÜNE,NA,#46962b,BÜNDNIS 90/DIE GRÜNEN
84355001029,1922,4,SPD,NA,#ff0000,Sozialdemokratische Partei Deutschlands
84355001030,1882,1,Freie Wählervereinigung (FWV) Langenargen,NA,#008bd2,Freie Wählervereinigung (FWV) Langenargen
84355001030,1882,2,Offene Grüne Liste,NA,#6db52f,Offene Grüne Liste
84355001030,1882,3,CDU,NA,#32302e,Christlich Demokratische Union Deutschlands
84355001030,1882,4,SPD,NA,#ff0000,Sozialdemokratische Partei Deutschlands
84355002016,6121,1,CDU,NA,#32302e,Christlich Demokratische Union Deutschlands
84355002016,6121,2,GRÜNE,NA,#46962b,BÜNDNIS 90/DIE GRÜNEN
84355002016,6121,3,FW-FN,NA,#140cf2,Freie Wähler Friedrichshafen e.V.
84355002016,6121,4,SPD,NA,#ff0000,Sozialdemokratische Partei Deutschlands
84355002016,6121,5,Netzwerk für Friedrichshafen,NA,#85f065,Netzwerk für Friedrichshafen
84355002016,6121,6,FDP,NA,#ffed00,Freie Demokratische Partei
84355002016,6121,7,ÖDP und Unabhängige,NA,#f58f0a,Ökologisch-Demokratische Partei / Familie und Umwelt und Unabhängige
84355002016,6121,8,DIE LINKE,NA,#9900cc,DIE LINKE
84355002016,6121,9,EKKIS,NA,#b5b3b0,EKKIS
84355002016,6121,10,AfD,NA,#009ee0,Alternative für Deutschland
84355002024,5576,1,FWI,NA,#76c9db,Freie Wähler Immenstaad
84355002024,5576,2,CDU,NA,#32302e,Christlich Demokratische Union Deutschlands
84355002024,5576,3,GRÜNE,NA,#46962b,BÜNDNIS 90/DIE GRÜNEN
84355002024,5576,4,SPD,NA,#ff0000,Sozialdemokratische Partei Deutschlands
84355002024,5576,5,FDP,NA,#ffed00,Freie Demokratische Partei
84355002024,5576,6,Unabhängige Bürgerliste Immenstaad,NA,#ffffff,Unabhängige Bürgerliste Immenstaad
84355003005,1880,1,Freie Wähler,NA,#f2970f,Freie Wähler Bermatingen-Ahausen
84355003005,1880,2,LBU,NA,#13e833,Liste für Bürgernähe und Umwelt
84355003005,1880,3,CDU,NA,#32302e,Christlich Demokratische Union Deutschlands
84355003005,1880,4,SPD,NA,#ff0000,Sozialdemokratische Partei Deutschlands
84355003005,1880,5,FDP,NA,#ffed00,Freie Demokratische Partei
84355003034,2487,1,UWG,NA,#a0e8ad,Umweltgruppe Markdorf
84355003034,2487,2,CDU,NA,#32302e,Christlich Demokratische Union Deutschlands
84355003034,2487,3,FW,NA,#bd9020,Freie Wähler Markdorf
84355003034,2487,4,SPD,NA,#ff0000,Sozialdemokratische Partei Deutschlands
84355003034,2487,5,FDP,NA,#ffed00,Freie Demokratische Partei
84355003034,2487,6,GRÜNE,NA,#46962b,BÜNDNIS 90/DIE GRÜNEN
84355003045,5791,1,CDU,NA,#32302e,Christlich Demokratische Union Deutschlands
84355003045,5791,2,Freie Wähler Oberteuringen,NA,#dea71d,Freie Wähler Oberteuringen
84355003045,5791,3,SPD,NA,#ff0000,Sozialdemokratische Partei Deutschlands
84355003045,5791,4,FDP,NA,#ffed00,Freie Demokratische Partei
84355003067,6074,1,Freie Wählervereinigung Deggenhausertal,NA,#1d4ade,Freie Wählervereinigung Deggenhausertal
84355003067,6074,2,CDU,NA,#32302e,Christlich Demokratische Union Deutschlands
84355003067,6074,3,FDP,NA,#ffed00,Freie Demokratische Partei
84355004010,2249,1,Freien Wähler Daisendorf,NA,#018bd3,Freien Wähler Daisendorf
84355004010,2249,2,Energiegruppe Daisendorf,NA,#8dbe5f,Energiegruppe Daisendorf
84355004018,2193,1,Freie Wähler Hagnau,NA,#f5a207,Freie Wähler Hagnau
84355004018,2193,2,CDU,NA,#32302e,Christlich Demokratische Union Deutschlands
84355004018,2193,3,Hagnau Aktiv,NA,#0a0afa,Hagnau Aktiv
84355004036,2186,1,CDU,NA,#32302e,Christlich Demokratische Union Deutschlands
84355004036,2186,2,FWV,NA,#cf36e0,Freie Wählervereinigung Meersburg e.V.
84355004036,2186,3,UMBO,NA,#bd7d2a,Unabhängige Meersburger Bürgerliste
84355004036,2186,4,GRÜNE,NA,#46962b,BÜNDNIS 90/DIE GRÜNEN
84355004036,2186,5,SPD,NA,#ff0000,Sozialdemokratische Partei Deutschlands
84355004036,2186,6,Umweltgruppe Meersburg,NA,#21ccbe,Umweltgruppe Meersburg
84355004036,2186,7,FDP,NA,#ffed00,Freie Demokratische Partei
84355004054,5295,1,Bürgerliste Stetten,NA,#d4cdcd,Bürgerliste Stetten
84355004054,5295,2,freie Zeile,NA,#b238ee,Vom Wähler vorgeschlagene Personen
84355004066,6039,1,JB,NA,#21cfff,Junge Bürger
84355004066,6039,2,BUF,NA,#46f24c,Bürger- und Umweltforum
84355004066,6039,3,CDU,NA,#32302e,Christlich Demokratische Union Deutschlands
84355004066,6039,4,FW,NA,#786c6c,Freie Wähler Uhldingen-Mühlhofen
84355004066,6039,5,SPD,NA,#ff0000,Sozialdemokratische Partei Deutschlands
84355004066,6039,6,AWG,NA,#202fd4,Aktive Wählergemeinschaft
84355004066,6039,7,FDP,NA,#ffed00,Freie Demokratische Partei
84355005015,2791,1,FW Frickingen,NA,#806c66,Freie Wähler Frickingen
84355005015,2791,2,FBL,NA,#424711,Frickinger Bürgerliste
84355005020,6226,1,BL,NA,#991bcf,Bürgerliste
84355005020,6226,2,CDU,NA,#32302e,Christlich Demokratische Union Deutschlands
84355005052,3676,1,CDU,NA,#000000,Christlich Demokratische Union Deutschlands
84355005052,3676,2,GOL,NA,#28b536,Grüne Offene Liste
84355005052,3676,3,FW,NA,#1d0ef0,Freie Wähler Salem
84355005052,3676,4,FDP,NA,#def511,Freie Demokratische Partei
84355005052,3676,5,SPD,NA,#f20f29,Sozialdemokratische Partei Deutschlands
84355005052,3676,6,FBS,NA,#e81ee8,Freie Bürgerliste Salem
84355006042,6097,1,FW,NA,#f0f02b,Freie Wähler Neukirch
84355006042,6097,2,CDU,NA,#32302e,Christlich Demokratische Union Deutschlands
84355006057,2417,1,CDU,NA,#32302e,Christlich Demokratische Union Deutschlands
84355006057,2417,2,FREIE WÄHLER,NA,#f29204,FREIE WÄHLER
84355006057,2417,3,GRÜNE,NA,#46962b,BÜNDNIS 90/DIE GRÜNEN
84355006057,2417,4,SPD,NA,#ff0000,Sozialdemokratische Partei Deutschlands
84355006057,2417,5,FDP,NA,#ffed00,Freie Demokratische Partei
84355007047,5400,1,FW,NA,#1122d9,Freie Wählervereinigung
84355007047,5400,2,BWG,NA,#dea618,Bürgerliche Wählergemeinschaft
84355007053,2246,1,CDU,NA,#32302e,Christlich Demokratische Union Deutschlands
84355007053,2246,2,DBS,NA,#878080,Demokratische Bürger Sipplingen
84355007059,3515,1,LBU/Die Grünen,NA,#3dcc79,Liste Bürgerbeteiligung + Umweltschutz/ Bündnis 90-Die Grünen
84355007059,3515,2,CDU,NA,#32302e,Christlich Demokratische Union Deutschlands
84355007059,3515,3,FDP,NA,#ffed00,Freie Demokratische Partei
84355007059,3515,4,SPD,NA,#ff0000,Sozialdemokratische Partei Deutschlands
84355007059,3515,5,AfD,NA,#009ee0,Alternative für Deutschland
84355007059,3515,6,FWV/ÜfA,NA,#faead7,Freie Wählervereinigung/ Überlingen für Alle
84360008008,4739,1,CDU,NA,#32302e,Christlich Demokratische Union Deutschlands
84360008008,4739,2,BUS,NA,#98d13d,Bündnis für Umwelt und Soziales
84360008008,4739,3,FWV,NA,#2140bf,Freie Wähler Vereinigung Aulendorf
84360008008,4739,4,SPD,NA,#ff0000,Sozialdemokratische Partei Deutschlands
84360010010,5242,1,CDU,NA,#32302e,Christlich Demokratische Union Deutschlands
84360010010,5242,2,FW,NA,#bed95b,Freie Wählervereinigung
84360010010,5242,3,Mir Wurzacher,NA,#6137d4,Mir Wurzacher
84360010010,5242,4,GRÜNE,NA,#46962b,BÜNDNIS 90/DIE GRÜNEN
84360049049,5124,1,Freie Wähler,NA,#3864f5,Freie Wähler Isny e.V.
84360049049,5124,2,SPD,NA,#e61515,Sozialdemokratische Partei Deutschlands
84360049049,5124,3,CDU,NA,#000000,Christlich Demokratische Union
84360049049,5124,4,Die Grünen,NA,#1ac914,Bündnis 90 / Die Grünen
84360049049,5124,5,FDP,NA,#f5f547,Freie Demokratische Partei
84360052052,4830,1,CDU,NA,#32302e,Christlich Demokratische Union Deutschlands
84360052052,4830,2,FWK,NA,#e38710,Freie Wähler Kißlegg
84360052052,4830,3,SPD,NA,#ff0000,Sozialdemokratische Partei Deutschlands
84360052052,4830,4,GRÜNE,NA,#46962b,BÜNDNIS 90/DIE GRÜNEN
84360094094,6932,1,CDU,NA,#030203,Christlich Demokratische Union Deutschlands
84360094094,6932,2,UA,NA,#ffa500,Die Unabhängigen
84360094094,6932,3,BÜNDNIS 90/DIE GRÜNEN,NA,#1aa813,BÜNDNIS 90/DIE GRÜNEN
84360094094,6932,4,Mit Köpfchen & Weitblick für unsere Kinder,NA,#a33cc2,Mit Köpfchen & Weitblick für unsere Kinder
84365001005,4513,1,CDU,NA,#000000,Christlich Demokratische Union Deutschlands
84365001005,4513,2,ÖDP,NA,#469c49,Ökologische-Demokratische Partei / Familie und Umwelt
84365001032,6204,1,Unabhängige Freie Wähler,NA,#15ed36,Unabhängige Freie Wähler
84365001032,6204,2,Florian Rimmele,NA,#b238ee,character(0)
84365001032,6204,3,Josef Frick,NA,#b238ee,character(0)
84365001032,6204,4,Philipp Hack,NA,#b238ee,character(0)
84365001032,6204,5,Reiner Ermler,NA,#b238ee,character(0)
84365001032,6204,6,Ute Pfeiffer,NA,#b238ee,character(0)
84365001032,6204,7,Erich Hack,NA,#b238ee,character(0)
84365001032,6204,8,Felix Pfeiffer,NA,#b238ee,character(0)
84365001032,6204,9,Marco Knoll,NA,#b238ee,character(0)
84365001032,6204,10,Stefan Kuon,NA,#b238ee,character(0)
84365001032,6204,11,Erich Pfeiffer,NA,#b238ee,character(0)
84365001032,6204,12,Reinhard Pfeiffer,NA,#b238ee,character(0)
84365001032,6204,13,Michael Schmid,NA,#b238ee,character(0)
84365001032,6204,14,Matthias Zembrod,NA,#b238ee,character(0)
84365001032,6204,15,Heike Rauch,NA,#b238ee,character(0)
84365001032,6204,16,Kevin Karg,NA,#b238ee,character(0)
84365001032,6204,17,Ralf Fischer,NA,#b238ee,character(0)
84365001032,6204,18,Andreas Münz,NA,#b238ee,character(0)
84365001032,6204,19,Thomas Oehler,NA,#b238ee,character(0)
84365001032,6204,20,Christian Hack,NA,#b238ee,character(0)
84365001032,6204,21,Katahrina Ruess,NA,#b238ee,character(0)
84365001032,6204,22,Carina Knoll,NA,#b238ee,character(0)
84365001032,6204,23,Jonas David,NA,#b238ee,character(0)
84365001032,6204,24,Franziska Etzen,NA,#b238ee,character(0)
84365001032,6204,25,David Dreher,NA,#b238ee,character(0)
84365001032,6204,26,Fabienne Müller,NA,#b238ee,character(0)
84365001032,6204,27,Matthias Etzen,NA,#b238ee,character(0)
84365001032,6204,28,Sebastian Hack,NA,#b238ee,character(0)
84365001032,6204,29,Tobias Hartl,NA,#b238ee,character(0)
84365001032,6204,30,Maria Fischer,NA,#b238ee,character(0)
84365001032,6204,31,August Knoll,NA,#b238ee,character(0)
84365001032,6204,32,Gerhard Michelberger,NA,#b238ee,character(0)
84365001032,6204,33,Uwe Brauner,NA,#b238ee,character(0)
84365001032,6204,34,Markus Münz,NA,#b238ee,character(0)
84365001032,6204,35,Thomas Michel,NA,#b238ee,character(0)
84365001032,6204,36,Stefan Rimmele,NA,#b238ee,character(0)
84365001032,6204,37,Herbert Rimmele,NA,#b238ee,character(0)
84365001032,6204,38,Anja Merk,NA,#b238ee,character(0)
84365001032,6204,39,Janusch Matras,NA,#b238ee,character(0)
84365001032,6204,40,Alfred Hund,NA,#b238ee,character(0)
84365001093,7155,1,BL,NA,#44c77f,Bürgerliste
84365001093,7155,2,FL,NA,#ba36a2,Freie Wählervereinigung
84365002009,2628,1,CDU,NA,#32302e,Christlich Demokratische Union Deutschlands
84365002009,2628,2,FW,NA,#f2d811,Freie Wähler Bad Waldsee
84365002009,2628,3,GRÜNE,NA,#46962b,BÜNDNIS 90/DIE GRÜNEN
84365002009,2628,4,SPD,NA,#ff0000,Sozialdemokratische Partei Deutschlands
84365002014,4538,1,Bürgerliste (FWV und UWV),NA,#ffffff,Bürgerliste (FWV und UWV)
84365002014,4538,2,freie Zeile,NA,#b238ee,Vom Wähler vorgeschlagene Personen
84365003018,2683,1,Freie Wähler,NA,#ebbe09,Freie Wähler
84365003018,2683,2,MUT,NA,#0ac281,Mensch und Umwelt
84365003018,2683,3,AKTIV FÜR BODNEGG,NA,#31e2e8,AKTIV FÜR BODNEGG
84365003018,2683,4,Zukunft Bodnegg,NA,#b51849,Zukunft Bodnegg
84365003039,2481,1,Bürgerliste Grünkraut,NA,#ffffff,Bürgerliste Grünkraut
84365003039,2481,2,SPD,NA,#ff0000,Sozialdemokratische Partei Deutschlands
84365003069,4137,1,FWV,NA,#5cb8b3,Freie Wählervereinigung
84365003069,4137,2,dlg,NA,#d13232,dorf - leben - gestalten
84365003069,4137,3,UWV,NA,#1855d9,Unabhängige Wählervereinigung
84365003069,4137,4,FDP,NA,#ffed00,Freie Demokratische Partei
84365003079,5126,1,Unabhängige Liste,NA,#e8de1a,Unabhängige Liste
84365003079,5126,2,Bürger für Waldburg,NA,#87c211,Bürger für Waldburg
84365004003,5407,1,Bürgerliste,NA,#c718ad,Bürgerliste
84365004003,5407,2,freie Zeile,NA,#b238ee,Vom Wähler vorgeschlagene Personen
84365004004,4108,1,CDU,NA,#000000,Christlich Demokratische Union Deutschlands
84365004004,4108,2,FLA,NA,#1033e3,Freie Liste Aitrach
84365004004,4108,3,SPD,NA,#d4082a,Sozialdemokratische Partei Deutschlands
84365004055,4729,1,CDU,NA,#32302e,Christlich Demokratische Union Deutschlands
84365004055,4729,2,Grünes Bürgerforum Leutkirch,NA,#40961e,Grünes Bürgerforum Leutkirch
84365004055,4729,3,Die Unabhängigen,NA,#a9b046,Die Unabhängigen
84365004055,4729,4,FW,NA,#728c35,Freie Wähler
84365004055,4729,5,FDP,NA,#ffed00,Freie Demokratische Partei
84365005011,2178,1,CDU,NA,#32302e,Christlich Demokratische Union Deutschlands
84365005011,2178,2,FWV,NA,#667ecc,Freie Wählervereinigung Baienfurt e.V.
84365005011,2178,3,SPD,NA,#ff0000,Sozialdemokratische Partei Deutschlands
84365005011,2178,4,GUU & Die GRÜNEN,NA,#31b53e,Grüne und Unabhängige & Bündnis 90/Die Grünen
84365005011,2178,5,FDP,NA,#ffed00,Freie Demokratische Partei
84365005012,3273,1,FREIE WÄHLER,NA,#f29204,FREIE WÄHLER
84365005012,3273,2,CDU,NA,#32302e,Christlich Demokratische Union Deutschlands
84365005012,3273,3,GRÜNE,NA,#46962b,BÜNDNIS 90/DIE GRÜNEN
84365005013,3761,1,Berger Liste,NA,#941f48,Berger Liste
84365005013,3761,2,FDP,NA,#ffed00,Freie Demokratische Partei
84365005013,3761,3,Stimme für Berg,NA,#4da374,Stimme für Berg
84365005064,2530,1,GRÜNE,NA,#46962b,BÜNDNIS 90/DIE GRÜNEN
84365005064,2530,2,CDU,NA,#32302e,Christlich Demokratische Union Deutschlands
84365005064,2530,3,SPD,NA,#ff0000,Sozialdemokratische Partei Deutschlands
84365005064,2530,4,FWR,NA,#1951e0,Freie Wähler Ravensburg
84365005064,2530,5,FDP,NA,#ffed00,Freie Demokratische Partei
84365005082,4954,1,GRÜNE,NA,#46962b,BÜNDNIS 90/DIE GRÜNEN
84365005082,4954,2,FWW,NA,#2883de,Freie Wähler Weingarten e. V.
84365005082,4954,3,CDU,NA,#32302e,Christlich Demokratische Union Deutschlands
84365005082,4954,4,SPD,NA,#ff0000,Sozialdemokratische Partei Deutschlands
84365005082,4954,5,BfW,NA,#0000ff,Bürger für Weingarten e.V.
84365005082,4954,6,FDP,NA,#ffed00,Freie Demokratische Partei
84365006078,4017,1,UB Vogt,NA,#fcfc44,Unabhängige Bürger Vogt e. V.
84365006078,4017,2,Die Grünen,NA,#17e31e,Bündnis 90/Die Grünen
84365006085,5312,1,CDU,NA,#000000,Christlich Demokratische Union Deutschlands
84365006085,5312,2,UWG,NA,#a1b3f0,Unabhängige Wähler Gemeinschaft
84365006085,5312,3,BWV,NA,#e8b05d,Bürgerliche Wählervereinigung
84365007001,5123,1,Bürgerliste,NA,#000000,Bürgerliste
84365007001,5123,2,GOL,NA,#139126,Grüne Offene Liste
84365007006,5121,1,CDU,NA,#000000,Christlich Demokratische Union Deutschlands
84365007006,5121,2,UL,NA,#0ad2ff,Unabhängige Liste Amtzell-Pfärrich
84365007006,5121,3,BAP,NA,#2f8594,Bürger für Amtzell und Pfärrich
84365007006,5121,4,SPD,NA,#ff0d0d,Sozialdemokratische Partei Deutschlands
84365007006,5121,5,GRÜNE,NA,#20821b,BÜNDNIS 90/DIE GRÜNEN
84365007081,2870,1,CDU,NA,#000000,Christlich Demokratische Union
84365007081,2870,2,FW-Wangen,NA,#eb8909,Freie Wähler Wangen im Allgäu e.V.
84365007081,2870,3,SPD,NA,#f51707,Sozialdemokratische Partei Deutschland
84365007081,2870,4,FDP,NA,#f0dd13,Freie Demokratische Partei
84365007081,2870,5,GOL/GRÜNE,NA,#21f216,Grün-Offene Liste Wangen und BÜNDNIS 90/DIE GRÜNEN
84365008083,3849,1,FWV Wilhelmsdorf,NA,#09e8d5,Freie Wählervereinigung
84365008083,3849,2,BL Wilhelmsdorf,NA,#5993eb,Bürgerliste
84365008083,3849,3,ga,NA,#b421d9,gemeinsam aktiv
84365008083,3849,4,Die Grünen,NA,#25701b,BÜNDNIS 90 / DIE GRÜNEN
84365008095,4081,1,Fr. Bürger,NA,#ab1cd6,Freie Bürger
84365008095,4081,2,Fr. Wähler,NA,#e0e89b,Freie Wähler
84365008095,4081,3,GRÜNE,NA,#46962b,BÜNDNIS 90/DIE GRÜNEN
84365009087,2663,1,UWV,NA,#f00c0c,Unabhängige Wählervereinigung
84365009087,2663,2,MNU,NA,#0cf22f,"Mensch, Natur, Umwelt"
84365009087,2663,3,CDU,NA,#000000,Christlich Demokratische Union
84365009087,2663,4,wolpertsWENDE,NA,#1d05f7,wolpertsWENDE
84365009096,5361,1,Freie Wähler,NA,#fa0000,Freie Wählervereinigung
84365009096,5361,2,Bürgerliste,NA,#f2f200,Bürgerliste Fronreute
84370086086,4691,1,CDU,NA,#0a0101,Christliche Demokratische Union
84370086086,4691,2,Freie Wähler (FW),NA,#7a7474,Freie Wähler (FW)
84370086086,4691,3,Sozialdemokratische Partei Deutschlands (SPD) & Freie Bürger,NA,#f51414,Sozialdemokratische Partei Deutschlands (SPD) & Freie Bürger
84375001031,5626,1,CDU,NA,#32302e,Christlich Demokratische Union Deutschlands
84375001031,5626,2,GRfA,NA,#e88615,Gleiches Recht für Alle
84375001031,5626,3,GRÜNE + SPD + UB,NA,#0af011,"Bündnis 90/Die Grünen, SPD, unabhängige Bürger"
84375001047,4410,1,Wahlgemeinschaft der Stadt Hettingen,NA,#2cf2e8,Wahlgemeinschaft der Stadt Hettingen
84375001047,4410,2,Freie Wählerliste,NA,#fc8b12,Freie Wählerliste
84375001047,4410,3,Bürgerliste,NA,#a1f7a2,Bürgerliste
84375001047,4410,4,unabhängige Bürgerliste,NA,#c4bebe,unabhängige Bürgerliste
84375001114,1949,1,Freie Liste,NA,#00c8ff,Freie Liste
84375001114,1949,2,Unabhängige Liste,NA,#ffcc00,Unabhängige Liste
84375002053,7074,1,CDU,NA,#000000,Christlich Demokratische Union Deutschlands
84375002053,7074,2,FWV,NA,#fa8500,Freie Wählervereinigung Göge e.V.
84375002076,6468,1,CDU,NA,#32302e,Christlich Demokratische Union Deutschlands
84375002076,6468,2,FB,NA,#1e1ee8,Freie Bürger
84375002076,6468,3,GRÜNE,NA,#46962b,BÜNDNIS 90/DIE GRÜNEN
84375002101,5571,1,Gemeinsame Liste Scheer Heudorf,NA,#d3e81a,Gemeinsame Liste Scheer Heudorf
84375002101,5571,2,freie Zeile,NA,#b238ee,Vom Wähler vorgeschlagene Personen
84375003072,5372,1,FW,NA,#ffffff,Freie Wähler Leibertingen
84375003072,5372,2,CDU,NA,#000000,Christlich Demokratische Union
84375003078,6768,1,CDU,NA,#32302e,Christlich Demokratische Union Deutschlands
84375003078,6768,2,FW,NA,#f2cb2e,Freie Wählervereinigung
84375003078,6768,3,GRÜNE,NA,#46962b,BÜNDNIS 90/DIE GRÜNEN
84375003078,6768,4,SPD,NA,#ff0000,Sozialdemokratische Partei Deutschlands
84375003123,5181,1,Freie Wähler Sauldorf,NA,#32b39f,Freie Wähler Sauldorf
84375003123,5181,2,CDU,NA,#32302e,Christlich Demokratische Union Deutschlands
84375004056,4972,1,FW,NA,#dbd5db,Freie Wähler Illmensee
84375004056,4972,2,CDU,NA,#32302e,Christlich Demokratische Union Deutschlands
84375004088,3705,1,FW,NA,#edb439,Freie Wähler
84375004088,3705,2,CDU,NA,#32302e,Christlich Demokratische Union Deutschlands
84375004088,3705,3,UL,NA,#f0f725,Unabhängige Liste
84375004088,3705,4,SPD,NA,#ff0000,Sozialdemokratische Partei Deutschlands
84375004118,5677,1,UL,NA,#31cccc,Unabhängige Liste
84375004118,5677,2,CDU,NA,#32302e,Christlich Demokratische Union Deutschlands
84375004124,3006,1,Bürgerliste,NA,#2acfdb,Bürgerliste Herdwangen-Schönach
84375004124,3006,2,CDU,NA,#32302e,Christlich Demokratische Union Deutschlands
84375005044,3201,1,Unabhängige Bürger,NA,#34d9c6,Unabhängige Bürger
84375005044,3201,2,Freie Liste,NA,#edc02b,Freie Liste
84375005100,4664,1,CDU,NA,#32302e,Christlich Demokratische Union Deutschlands
84375005100,4664,2,Freie Wähler Bad Saulgau e. V.,NA,#e8d827,Freie Wähler Bad Saulgau e. V.
84375005100,4664,3,SPD,NA,#ff0000,Sozialdemokratische Partei Deutschlands
84375005100,4664,4,GRÜNE,NA,#46962b,BÜNDNIS 90/DIE GRÜNEN
84375006008,5500,1,Freie Wähler,NA,#a930c7,Freie Wähler
84375006008,5500,2,CDU,NA,#32302e,Christlich Demokratische Union Deutschlands
84375006059,3704,1,FREIE WÄHLER,NA,#f29204,FREIE WÄHLER
84375006059,3704,2,CDU,NA,#32302e,Christlich Demokratische Union Deutschlands
84375006059,3704,3,GRÜNE,NA,#46962b,BÜNDNIS 90/DIE GRÜNEN
84375006065,2296,1,Freie Wählervereinigung,NA,#a4a82c,Freie Wählervereinigung
84375006065,2296,2,CDU,NA,#32302e,Christlich Demokratische Union Deutschlands
84375006104,6314,1,CDU,NA,#32302e,Christlich Demokratische Union Deutschlands
84375006104,6314,2,FWV,NA,#eafa0a,Freie Wählervereinigung Sigmaringen e.V.
84375006104,6314,3,GRÜNE,NA,#46962b,BÜNDNIS 90/DIE GRÜNEN
84375006104,6314,4,SPD,NA,#ff0000,Sozialdemokratische Partei Deutschlands
84375006104,6314,5,InES,NA,#e0d724,Initiative Eltern für Sigmaringen
84375006105,7332,1,UWG,NA,#ffffff,Unabhängige Wählergemeinschaft
84375006105,7332,2,AFW,NA,#ffffff,Allgemeine und Freie Wählervereinigung
84375007102,2850,1,Christlich Demokratische Union Deutschlands CDU und Freie Wähler für Schwenningen,NA,#20bfe3,Christlich Demokratische Union Deutschlands CDU und Freie Wähler für Schwenningen
84375007102,2850,2,freie Zeile,NA,#b238ee,Vom Wähler vorgeschlagene Personen
84375007107,2033,1,GfS,NA,#2cc7bf,Gemeinsam für Stetten
84375007107,2033,2,freie Zeile,NA,#b238ee,Vom Wähler vorgeschlagene Personen
