rs,election_id,ps_id,votes_eligible,voters,invalid_ballots,valid_ballots,votes_cast,turnout
81110000000,2241,57517,868,230,4,226,12980,26.5
81110000000,2241,57518,1905,554,17,537,29369,29.1
81110000000,2241,57519,1857,586,12,574,32715,31.6
81110000000,2241,57520,1778,551,18,533,29822,31
81110000000,2241,57521,1861,582,13,569,32064,31.3
81110000000,2241,57522,1835,448,12,436,24591,24.4
81110000000,2241,57523,1723,540,14,526,29182,31.3
81110000000,2241,57524,1846,514,20,494,27903,27.8
81110000000,2241,57525,1631,289,9,280,14888,17.7
81110000000,2241,57526,1685,465,15,450,24682,27.6
81110000000,2241,57527,1601,580,17,563,31590,36.2
81110000000,2241,57528,1673,408,9,399,21272,24.4
81110000000,2241,57529,1766,470,11,459,24887,26.6
81110000000,2241,57530,1785,422,16,406,21348,23.6
81110000000,2241,57531,1604,549,13,536,29991,34.2
81110000000,2241,57532,1558,606,11,595,34162,38.9
81110000000,2241,57533,1671,471,5,466,26014,28.2
81110000000,2241,57534,1698,564,7,557,31379,33.2
81110000000,2241,57535,1580,576,12,564,31765,36.5
81110000000,2241,57536,1645,528,8,520,29253,32.1
81110000000,2241,57537,1465,541,8,533,30159,36.9
81110000000,2241,91956,1487,342,16,326,16014,23
81110000000,2241,57538,2003,625,16,609,33606,31.2
81110000000,2241,57539,2281,574,16,558,29506,25.2
81110000000,2241,57540,1997,518,8,510,26463,25.9
81110000000,2241,57541,2044,636,17,619,33707,31.1
81110000000,2241,57542,1705,549,15,534,29695,32.2
81110000000,2241,57543,1722,567,13,554,31192,32.9
81110000000,2241,57544,580,249,5,244,13705,42.9
81110000000,2241,57545,1760,525,7,518,29035,29.8
81110000000,2241,57546,1524,643,21,622,35244,42.2
81110000000,2241,57547,1855,636,20,616,33486,34.3
81110000000,2241,57548,2014,552,14,538,29113,27.4
81110000000,2241,57549,2067,598,14,584,30319,28.9
81110000000,2241,57550,1471,559,9,550,30353,38
81110000000,2241,57551,2032,556,15,541,29531,27.4
81110000000,2241,57552,1884,521,17,504,26915,27.7
81110000000,2241,57553,1696,481,17,464,25266,28.4
81110000000,2241,57554,2000,590,13,577,31427,29.5
81110000000,2241,57555,1889,558,19,539,30171,29.5
81110000000,2241,57556,2074,624,14,610,32364,30.1
81110000000,2241,57557,1483,440,14,426,23565,29.7
81110000000,2241,57558,1323,445,14,431,24668,33.6
81110000000,2241,57559,1604,521,13,508,28857,32.5
81110000000,2241,57560,1684,565,11,554,30937,33.6
81110000000,2241,57561,1643,420,12,408,22869,25.6
81110000000,2241,57562,1474,567,11,556,31043,38.5
81110000000,2241,57563,1714,655,19,636,35877,38.2
81110000000,2241,57564,1727,580,13,567,32050,33.6
81110000000,2241,57565,1861,567,29,538,29879,30.5
81110000000,2241,57566,1873,520,16,504,28347,27.8
81110000000,2241,57567,1746,585,16,569,30610,33.5
81110000000,2241,57568,1602,514,11,503,27782,32.1
81110000000,2241,57569,1868,562,15,547,30235,30.1
81110000000,2241,57570,1480,456,9,447,25335,30.8
81110000000,2241,57571,1365,339,10,329,18108,24.8
81110000000,2241,57572,1715,499,7,492,27654,29.1
81110000000,2241,57573,1447,580,16,564,31861,40.1
81110000000,2241,57574,1434,596,14,582,32788,41.6
81110000000,2241,57575,1507,554,10,544,30351,36.8
81110000000,2241,91958,1619,492,18,474,25979,30.4
81110000000,2241,57576,1542,639,12,627,35724,41.4
81110000000,2241,57577,1549,537,6,531,30140,34.7
81110000000,2241,57578,1796,620,18,602,32946,34.5
81110000000,2241,57579,1719,518,15,503,27842,30.1
81110000000,2241,57580,1184,359,7,352,19759,30.3
81110000000,2241,57581,1372,388,8,380,20954,28.3
81110000000,2241,57582,1564,613,16,597,33626,39.2
81110000000,2241,57583,1823,556,14,542,29724,30.5
81110000000,2241,57584,1605,563,8,555,31161,35.1
81110000000,2241,57585,1314,437,7,430,23321,33.3
81110000000,2241,57586,1447,467,9,458,25193,32.3
81110000000,2241,57587,1518,506,7,499,27744,33.3
81110000000,2241,57588,1746,542,11,531,29318,31
81110000000,2241,57589,1730,509,13,496,28218,29.4
81110000000,2241,57590,1617,504,14,490,26989,31.2
81110000000,2241,57591,1708,623,13,610,34111,36.5
81110000000,2241,57592,1359,423,8,415,22771,31.1
81110000000,2241,57593,1661,511,10,501,28087,30.8
81110000000,2241,57594,1668,600,17,583,32479,36
81110000000,2241,57595,1646,625,14,611,34853,38
81110000000,2241,57596,1635,594,17,577,32307,36.3
81110000000,2241,57597,1757,614,10,604,33788,34.9
81110000000,2241,57598,1808,603,14,589,33470,33.4
81110000000,2241,57599,1752,493,14,479,26874,28.1
81110000000,2241,91960,1328,338,14,324,18320,25.5
81110000000,2241,57600,1221,475,13,462,24975,38.9
81110000000,2241,57601,1246,490,10,480,26323,39.3
81110000000,2241,57602,1689,509,8,501,27782,30.1
81110000000,2241,57603,2119,467,13,454,24919,22
81110000000,2241,57604,2034,539,18,521,28180,26.5
81110000000,2241,57605,1472,547,10,537,29762,37.2
81110000000,2241,57606,1507,453,18,435,24069,30.1
81110000000,2241,57607,1383,349,14,335,17875,25.2
81110000000,2241,57608,1554,550,16,534,28832,35.4
81110000000,2241,57609,1854,456,13,443,23458,24.6
81110000000,2241,57610,1556,604,14,590,32921,38.8
81110000000,2241,57611,1440,478,8,470,25441,33.2
81110000000,2241,57612,1275,404,12,392,20610,31.7
81110000000,2241,57613,1906,583,14,569,31683,30.6
81110000000,2241,57614,2108,657,16,641,35779,31.2
81110000000,2241,57615,1894,599,17,582,31604,31.6
81110000000,2241,57616,1649,696,8,688,38471,42.2
81110000000,2241,57617,1995,492,16,476,25420,24.7
81110000000,2241,57618,2062,546,15,531,28405,26.5
81110000000,2241,57619,2560,599,17,582,31105,23.4
81110000000,2241,57620,2428,503,17,486,25700,20.7
81110000000,2241,57621,1292,509,13,496,27723,39.4
81110000000,2241,57622,1147,340,8,332,17609,29.6
81110000000,2241,57623,1501,433,7,426,22310,28.8
81110000000,2241,57624,1782,706,32,674,34339,39.6
81110000000,2241,57625,2218,500,17,483,22914,22.5
81110000000,2241,57626,2243,515,16,499,25539,23
81110000000,2241,57627,1063,417,6,411,23301,39.2
81110000000,2241,57628,1645,550,17,533,27769,33.4
81110000000,2241,57629,1180,462,12,450,25399,39.2
81110000000,2241,57630,1215,389,7,382,21605,32
81110000000,2241,57631,1696,437,7,430,22624,25.8
81110000000,2241,57632,1769,610,13,597,32921,34.5
81110000000,2241,57633,1614,586,12,574,32428,36.3
81110000000,2241,57634,1507,535,18,517,29066,35.5
81110000000,2241,57635,1468,537,7,530,29818,36.6
81110000000,2241,57636,1650,661,18,643,36411,40.1
81110000000,2241,57637,1544,676,12,664,37285,43.8
81110000000,2241,57638,1448,567,9,558,31365,39.2
81110000000,2241,57639,1193,393,15,378,20160,32.9
81110000000,2241,57640,1034,438,8,430,23621,42.4
81110000000,2241,57641,1387,519,14,505,27360,37.4
81110000000,2241,57642,1748,549,12,537,28553,31.4
81110000000,2241,57643,1345,466,15,451,24584,34.6
81110000000,2241,57644,1283,506,10,496,28087,39.4
81110000000,2241,57645,1301,531,12,519,28760,40.8
81110000000,2241,57646,1438,469,11,458,25031,32.6
81110000000,2241,57647,2422,552,26,526,28440,22.8
81110000000,2241,57648,1819,546,21,525,28638,30
81110000000,2241,57649,1101,321,10,311,17581,29.2
81110000000,2241,57650,1563,514,17,497,26935,32.9
81110000000,2241,57651,1806,659,16,643,33811,36.5
81110000000,2241,57652,1634,561,15,546,29302,34.3
81110000000,2241,57653,1898,560,14,546,28359,29.5
81110000000,2241,57654,1864,543,11,532,28192,29.1
81110000000,2241,57655,2143,583,11,572,31286,27.2
81110000000,2241,57656,1700,589,14,575,31277,34.6
81110000000,2241,57657,1676,635,13,622,35033,37.9
81110000000,2241,57658,1541,539,21,518,27876,35
81110000000,2241,57659,1595,516,10,506,27656,32.4
81110000000,2241,57660,2007,563,20,543,29020,28.1
81110000000,2241,57661,2105,470,10,460,25560,22.3
81110000000,2241,57662,1407,529,9,520,29510,37.6
81110000000,2241,57663,1441,626,8,618,34908,43.4
81110000000,2241,57664,1844,582,10,572,31761,31.6
81110000000,2241,57665,1702,500,7,493,27485,29.4
81110000000,2241,57666,1532,523,15,508,28553,34.1
81110000000,2241,57667,1699,591,19,572,31684,34.8
81110000000,2241,57668,1807,669,27,642,35488,37
81110000000,2241,57669,1545,553,8,545,29189,35.8
81110000000,2241,57670,1698,589,6,583,31286,34.7
81110000000,2241,57671,1680,531,8,523,28903,31.6
81110000000,2241,57672,1505,471,20,451,23206,31.3
81110000000,2241,57673,1595,471,20,451,22904,29.5
81110000000,2241,57674,1581,520,21,499,25420,32.9
81110000000,2241,57675,1197,455,14,441,24857,38
81110000000,2241,57676,1603,543,12,531,28863,33.9
81110000000,2241,57677,1195,439,8,431,22918,36.7
81110000000,2241,57678,1124,377,15,362,19025,33.5
81110000000,2241,57679,1567,550,16,534,28548,35.1
81110000000,2241,57680,1525,542,10,532,29310,35.5
81110000000,2241,57681,1823,622,22,600,31752,34.1
81110000000,2241,57682,1830,599,16,583,29001,32.7
81110000000,2241,57683,1695,502,17,485,25447,29.6
81110000000,2241,57684,1442,477,28,449,23182,33.1
81110000000,2241,57685,2049,598,32,566,28942,29.2
81110000000,2241,57686,1741,473,13,460,23707,27.2
81110000000,2241,57687,2057,715,18,697,35710,34.8
81110000000,2241,57688,1377,429,12,417,21792,31.2
81110000000,2241,57689,1511,491,11,480,24720,32.5
81110000000,2241,57690,1633,453,8,445,22562,27.7
81110000000,2241,57691,1244,501,13,488,25248,40.3
81110000000,2241,57692,1049,438,11,427,23258,41.8
81110000000,2241,57693,1702,515,22,493,26593,30.3
81110000000,2241,57694,1859,563,19,544,28826,30.3
81110000000,2241,57695,1246,567,16,551,30498,45.5
81110000000,2241,57696,1812,620,13,607,33305,34.2
81110000000,2241,57697,1605,587,15,572,31748,36.6
81110000000,2241,57698,1785,678,13,665,36581,38
81110000000,2241,57699,1659,644,10,634,34189,38.8
81110000000,2241,57700,1622,575,14,561,29787,35.5
81110000000,2241,57701,1545,578,8,570,31892,37.4
81110000000,2241,57702,1574,540,13,527,28784,34.3
81110000000,2241,57703,1618,604,23,581,31687,37.3
81110000000,2241,57704,1700,520,11,509,27500,30.6
81110000000,2241,57705,1697,599,14,585,31878,35.3
81110000000,2241,57706,1437,573,20,553,30052,39.9
81110000000,2241,57707,1647,629,20,609,33026,38.2
81110000000,2241,57708,1451,550,9,541,30574,37.9
81110000000,2241,57709,1428,613,15,598,33563,42.9
81110000000,2241,57710,1271,511,9,502,28246,40.2
81110000000,2241,57711,1334,597,15,582,32190,44.8
81110000000,2241,57712,1297,573,11,562,31604,44.2
81110000000,2241,57713,1923,638,23,615,31889,33.2
81110000000,2241,57714,1958,613,18,595,30907,31.3
81110000000,2241,57715,2024,669,11,658,35164,33.1
81110000000,2241,57716,1708,597,16,581,31359,35
81110000000,2241,57717,1575,642,14,628,34028,40.8
81110000000,2241,57718,1454,545,17,528,28935,37.5
81110000000,2241,57719,1312,471,11,460,24187,35.9
81110000000,2241,57720,886,349,11,338,18389,39.4
81110000000,2241,57721,1510,452,13,439,24112,29.9
81110000000,2241,57722,2378,538,18,520,27155,22.6
81110000000,2241,57723,2717,622,16,606,30315,22.9
81110000000,2241,57724,1357,483,16,467,24887,35.6
81110000000,2241,57725,1886,690,28,662,35858,36.6
81110000000,2241,57726,1657,450,11,439,24099,27.2
81110000000,2241,57727,1449,502,8,494,27613,34.6
81110000000,2241,57728,1443,574,9,565,31891,39.8
81110000000,2241,57729,1598,658,12,646,36141,41.2
81110000000,2241,57730,1442,596,13,583,33185,41.3
81110000000,2241,57731,1580,607,6,601,33767,38.4
81110000000,2241,57732,1690,517,8,509,28666,30.6
81110000000,2241,57733,1794,651,15,636,33755,36.3
81110000000,2241,57734,1717,678,23,655,36718,39.5
81110000000,2241,57735,1622,662,15,647,36622,40.8
81110000000,2241,57736,1480,633,26,607,33676,42.8
81110000000,2241,57737,1417,545,9,536,30596,38.5
81110000000,2241,57738,1391,632,15,617,34092,45.4
81110000000,2241,57739,1773,605,23,582,31960,34.1
81110000000,2241,57740,1835,591,6,585,32632,32.2
81110000000,2241,57741,1402,521,4,517,28653,37.2
81110000000,2241,57742,1518,483,9,474,25424,31.8
81110000000,2241,57743,1213,385,1,384,21804,31.7
81110000000,2241,57744,1374,440,14,426,23816,32
81110000000,2241,57745,1919,761,19,742,38696,39.7
81110000000,2241,57746,1992,575,15,560,29573,28.9
81110000000,2241,57747,2186,631,16,615,32411,28.9
81110000000,2241,57748,1983,601,18,583,30906,30.3
81110000000,2241,57749,1328,572,15,557,31706,43.1
81110000000,2241,57750,1462,559,13,546,30369,38.2
81110000000,2241,57751,1804,591,21,570,30601,32.8
81110000000,2241,57752,1765,566,19,547,28250,32.1
81110000000,2241,57753,1557,581,17,564,29601,37.3
81110000000,2241,57754,1688,631,15,616,32794,37.4
81110000000,2241,57755,1467,472,5,467,25552,32.2
81110000000,2241,57756,1243,495,14,481,26232,39.8
81110000000,2241,57757,1806,796,22,774,42745,44.1
81110000000,2241,57758,1202,438,10,428,23375,36.4
81110000000,2241,57759,1303,548,17,531,28709,42.1
81110000000,2241,57760,1811,476,8,468,25210,26.3
81110000000,2241,57761,1886,649,16,633,33716,34.4
81110000000,2241,57762,2100,841,25,816,42307,40
81110000000,2241,57763,1097,480,12,468,24664,43.8
81110000000,2241,57764,1444,604,21,583,30762,41.8
81110000000,2241,57765,2520,643,26,617,32171,25.5
81110000000,2241,57766,2332,563,15,548,27433,24.1
81110000000,2241,57767,1955,576,7,569,29824,29.5
81110000000,2241,57768,1867,669,17,652,35300,35.8
81110000000,2241,57769,2147,569,15,554,29484,26.5
81110000000,2241,57770,2351,515,21,494,26047,21.9
81110000000,2241,57771,1398,483,13,470,25365,34.5
81110000000,2241,57772,1253,248,9,239,12909,19.8
81110000000,2241,57773,1121,458,10,448,24097,40.9
81110000000,2241,57774,1495,429,21,408,21350,28.7
81110000000,2241,57775,2248,684,16,668,35319,30.4
81110000000,2241,57776,2152,632,22,610,32297,29.4
81110000000,2241,57777,NA,287,8,279,16010,NA
81110000000,2241,57778,NA,449,6,443,25337,NA
81110000000,2241,57779,NA,469,8,461,26317,NA
81110000000,2241,57780,NA,479,7,472,26294,NA
81110000000,2241,57781,NA,542,8,534,30604,NA
81110000000,2241,57782,NA,481,7,474,26868,NA
81110000000,2241,57783,NA,467,4,463,26416,NA
81110000000,2241,57784,NA,491,7,484,27758,NA
81110000000,2241,57785,NA,272,4,268,15413,NA
81110000000,2241,57786,NA,435,11,424,24344,NA
81110000000,2241,57787,NA,453,6,447,25220,NA
81110000000,2241,57788,NA,488,10,478,27408,NA
81110000000,2241,57789,NA,419,6,413,23504,NA
81110000000,2241,57790,NA,411,16,395,22345,NA
81110000000,2241,57791,NA,422,15,407,22714,NA
81110000000,2241,57792,NA,474,6,468,26560,NA
81110000000,2241,57793,NA,493,13,480,27474,NA
81110000000,2241,57794,NA,467,9,458,26476,NA
81110000000,2241,57795,NA,409,8,401,23206,NA
81110000000,2241,57796,NA,475,8,467,26902,NA
81110000000,2241,57797,NA,474,13,461,26775,NA
81110000000,2241,57798,NA,481,9,472,26672,NA
81110000000,2241,91957,NA,452,9,443,25595,NA
81110000000,2241,57799,NA,348,11,337,19209,NA
81110000000,2241,57800,NA,467,10,457,26143,NA
81110000000,2241,57801,NA,287,5,282,15978,NA
81110000000,2241,57802,NA,441,8,433,24166,NA
81110000000,2241,57803,NA,434,8,426,23945,NA
81110000000,2241,57804,NA,484,7,477,26722,NA
81110000000,2241,57805,NA,484,9,475,27416,NA
81110000000,2241,57806,NA,226,3,223,12905,NA
81110000000,2241,57807,NA,591,8,583,33366,NA
81110000000,2241,57808,NA,470,10,460,26372,NA
81110000000,2241,57809,NA,430,8,422,23389,NA
81110000000,2241,57810,NA,452,8,444,25261,NA
81110000000,2241,57811,NA,450,5,445,25269,NA
81110000000,2241,57812,NA,359,4,355,20362,NA
81110000000,2241,57813,NA,414,7,407,22556,NA
81110000000,2241,57814,NA,284,1,283,15728,NA
81110000000,2241,57815,NA,453,9,444,25271,NA
81110000000,2241,57816,NA,289,4,285,16483,NA
81110000000,2241,57817,NA,472,9,463,26812,NA
81110000000,2241,57818,NA,288,11,277,15436,NA
81110000000,2241,57819,NA,544,14,530,29830,NA
81110000000,2241,57820,NA,389,8,381,21956,NA
81110000000,2241,57821,NA,403,5,398,23041,NA
81110000000,2241,57822,NA,471,12,459,26590,NA
81110000000,2241,57823,NA,481,20,461,26738,NA
81110000000,2241,57824,NA,479,10,469,27023,NA
81110000000,2241,57825,NA,476,5,471,27605,NA
81110000000,2241,57826,NA,487,6,481,27277,NA
81110000000,2241,57827,NA,487,14,473,26814,NA
81110000000,2241,57828,NA,426,6,420,24279,NA
81110000000,2241,57829,NA,486,5,481,27875,NA
81110000000,2241,57830,NA,473,10,463,26506,NA
81110000000,2241,57831,NA,418,8,410,23463,NA
81110000000,2241,57832,NA,481,7,474,27355,NA
81110000000,2241,57833,NA,292,7,285,16311,NA
81110000000,2241,57834,NA,463,4,459,26260,NA
81110000000,2241,57835,NA,475,10,465,26131,NA
81110000000,2241,57836,NA,456,5,451,25417,NA
81110000000,2241,57837,NA,414,8,406,22958,NA
81110000000,2241,57838,NA,453,5,448,25810,NA
81110000000,2241,91959,NA,431,6,425,24314,NA
81110000000,2241,57839,NA,725,14,711,40417,NA
81110000000,2241,57840,NA,487,8,479,28021,NA
81110000000,2241,57841,NA,480,14,466,26382,NA
81110000000,2241,57842,NA,470,6,464,26151,NA
81110000000,2241,57843,NA,479,9,470,26796,NA
81110000000,2241,57844,NA,479,8,471,26627,NA
81110000000,2241,57845,NA,447,5,442,25378,NA
81110000000,2241,57846,NA,468,9,459,26582,NA
81110000000,2241,57847,NA,483,5,478,27586,NA
81110000000,2241,57848,NA,469,8,461,26552,NA
81110000000,2241,57849,NA,464,8,456,26297,NA
81110000000,2241,57850,NA,471,7,464,26851,NA
81110000000,2241,57851,NA,477,8,469,27229,NA
81110000000,2241,57852,NA,471,7,464,26951,NA
81110000000,2241,57853,NA,480,9,471,26932,NA
81110000000,2241,57854,NA,478,11,467,26715,NA
81110000000,2241,57855,NA,481,11,470,27147,NA
81110000000,2241,57856,NA,481,10,471,27310,NA
81110000000,2241,57857,NA,477,6,471,26947,NA
81110000000,2241,57858,NA,472,6,466,26733,NA
81110000000,2241,57859,NA,480,7,473,27482,NA
81110000000,2241,57860,NA,482,4,478,27627,NA
81110000000,2241,57861,NA,477,15,462,26754,NA
81110000000,2241,57862,NA,486,9,477,27217,NA
81110000000,2241,57863,NA,471,16,455,25903,NA
81110000000,2241,91961,NA,479,13,466,26986,NA
81110000000,2241,57864,NA,960,13,947,53739,NA
81110000000,2241,57865,NA,254,2,252,14116,NA
81110000000,2241,57866,NA,306,10,296,16577,NA
81110000000,2241,57867,NA,441,3,438,25033,NA
81110000000,2241,57868,NA,392,7,385,21404,NA
81110000000,2241,57869,NA,335,6,329,18576,NA
81110000000,2241,57870,NA,427,7,420,23234,NA
81110000000,2241,57871,NA,376,5,371,21366,NA
81110000000,2241,57872,NA,274,14,260,14728,NA
81110000000,2241,57873,NA,368,8,360,20417,NA
81110000000,2241,57874,NA,413,6,407,22701,NA
81110000000,2241,57875,NA,481,17,464,26412,NA
81110000000,2241,57876,NA,284,9,275,15850,NA
81110000000,2241,57877,NA,188,4,184,10476,NA
81110000000,2241,57878,NA,459,5,454,25968,NA
81110000000,2241,57879,NA,379,10,369,20993,NA
81110000000,2241,57880,NA,332,4,328,18941,NA
81110000000,2241,57881,NA,461,15,446,25676,NA
81110000000,2241,57882,NA,328,6,322,18384,NA
81110000000,2241,57883,NA,353,6,347,19916,NA
81110000000,2241,57884,NA,383,12,371,21253,NA
81110000000,2241,57885,NA,271,4,267,15123,NA
81110000000,2241,57886,NA,298,1,297,16974,NA
81110000000,2241,57887,NA,288,4,284,15835,NA
81110000000,2241,57888,NA,280,10,270,14836,NA
81110000000,2241,57889,NA,261,2,259,13974,NA
81110000000,2241,57890,NA,241,5,236,12611,NA
81110000000,2241,57891,NA,271,7,264,15064,NA
81110000000,2241,57892,NA,380,11,369,20108,NA
81110000000,2241,57893,NA,344,9,335,18926,NA
81110000000,2241,57894,NA,392,12,380,21450,NA
81110000000,2241,57895,NA,296,7,289,16184,NA
81110000000,2241,57896,NA,324,5,319,17979,NA
81110000000,2241,57897,NA,78,3,75,4278,NA
81110000000,2241,57898,NA,446,8,438,24610,NA
81110000000,2241,57899,NA,456,7,449,25599,NA
81110000000,2241,57900,NA,492,13,479,27268,NA
81110000000,2241,57901,NA,481,7,474,27457,NA
81110000000,2241,57902,NA,482,8,474,27359,NA
81110000000,2241,57903,NA,489,7,482,26979,NA
81110000000,2241,57904,NA,156,3,153,8452,NA
81110000000,2241,57905,NA,468,4,464,26307,NA
81110000000,2241,57906,NA,470,12,458,25955,NA
81110000000,2241,57907,NA,288,9,279,15400,NA
81110000000,2241,57908,NA,287,8,279,15264,NA
81110000000,2241,57909,NA,399,3,396,21907,NA
81110000000,2241,57910,NA,399,12,387,22058,NA
81110000000,2241,57911,NA,431,2,429,24366,NA
81110000000,2241,57912,NA,434,8,426,24139,NA
81110000000,2241,57913,NA,427,9,418,23546,NA
81110000000,2241,57914,NA,200,4,196,11009,NA
81110000000,2241,57915,NA,355,2,353,20134,NA
81110000000,2241,57916,NA,480,12,468,26840,NA
81110000000,2241,57917,NA,421,4,417,23538,NA
81110000000,2241,57918,NA,448,7,441,25871,NA
81110000000,2241,57919,NA,391,4,387,21593,NA
81110000000,2241,57920,NA,424,12,412,23189,NA
81110000000,2241,57921,NA,478,9,469,26665,NA
81110000000,2241,57922,NA,385,6,379,21167,NA
81110000000,2241,57923,NA,379,6,373,21292,NA
81110000000,2241,57924,NA,376,6,370,21140,NA
81110000000,2241,57925,NA,389,4,385,21704,NA
81110000000,2241,57926,NA,482,6,476,26724,NA
81110000000,2241,57927,NA,197,6,191,10415,NA
81110000000,2241,57928,NA,401,9,392,21673,NA
81110000000,2241,57929,NA,291,7,284,15267,NA
81110000000,2241,57930,NA,390,5,385,21486,NA
81110000000,2241,57931,NA,284,2,282,15976,NA
81110000000,2241,57932,NA,72,3,69,3669,NA
81110000000,2241,57933,NA,474,4,470,26751,NA
81110000000,2241,57934,NA,465,5,460,25622,NA
81110000000,2241,57935,NA,474,5,469,27082,NA
81110000000,2241,57936,NA,490,6,484,26802,NA
81110000000,2241,57937,NA,490,6,484,27681,NA
81110000000,2241,57938,NA,442,11,431,24776,NA
81110000000,2241,57939,NA,470,11,459,25706,NA
81110000000,2241,57940,NA,396,5,391,21386,NA
81110000000,2241,57941,NA,495,9,486,27722,NA
81110000000,2241,57942,NA,490,9,481,27109,NA
81110000000,2241,57943,NA,267,6,261,14255,NA
81110000000,2241,57944,NA,249,5,244,14041,NA
81110000000,2241,57945,NA,270,6,264,14916,NA
81110000000,2241,57946,NA,382,5,377,21419,NA
81110000000,2241,57947,NA,419,4,415,23243,NA
81110000000,2241,57948,NA,228,5,223,12662,NA
81110000000,2241,57949,NA,253,8,245,13360,NA
81110000000,2241,57950,NA,253,2,251,14010,NA
81110000000,2241,57951,NA,381,5,376,21291,NA
81110000000,2241,57952,NA,437,6,431,24120,NA
81110000000,2241,57953,NA,341,3,338,18697,NA
81110000000,2241,57954,NA,218,5,213,12054,NA
81110000000,2241,57955,NA,311,8,303,17008,NA
81110000000,2241,57956,NA,244,7,237,13448,NA
81110000000,2241,57957,NA,198,7,191,10709,NA
81110000000,2241,57958,NA,225,6,219,12108,NA
81110000000,2241,57959,NA,239,7,232,12640,NA
81110000000,2241,57960,NA,108,1,107,5693,NA
81110000000,2241,57961,NA,288,4,284,15637,NA
81110000000,2241,57962,NA,289,5,284,15637,NA
81110000000,2241,57963,NA,212,7,205,11382,NA
81110000000,2241,57964,NA,40,1,39,2120,NA
81110000000,2241,57965,NA,331,1,330,18117,NA
81110000000,2241,57966,NA,281,6,275,15044,NA
81110000000,2241,57967,NA,314,8,306,16694,NA
81110000000,2241,57968,NA,293,6,287,15842,NA
81110000000,2241,57969,NA,68,1,67,3611,NA
81110000000,2241,57970,NA,283,4,279,15591,NA
81110000000,2241,57971,NA,390,2,388,21802,NA
81110000000,2241,57972,NA,413,8,405,22850,NA
81110000000,2241,57973,NA,486,2,484,27562,NA
81110000000,2241,57974,NA,341,3,338,18759,NA
81110000000,2241,57975,NA,375,8,367,20714,NA
81110000000,2241,57976,NA,119,5,114,6378,NA
81110000000,2241,57977,NA,457,10,447,25712,NA
81110000000,2241,57978,NA,388,5,383,21717,NA
81110000000,2241,57979,NA,420,10,410,22927,NA
81110000000,2241,57980,NA,465,8,457,26022,NA
81110000000,2241,57981,NA,471,7,464,26309,NA
81110000000,2241,57982,NA,414,7,407,23302,NA
81110000000,2241,57983,NA,297,3,294,16972,NA
81110000000,2241,57984,NA,422,7,415,23293,NA
81110000000,2241,57985,NA,448,10,438,24484,NA
81110000000,2241,57986,NA,411,8,403,23125,NA
81110000000,2241,57987,NA,425,8,417,23152,NA
81110000000,2241,57988,NA,370,4,366,21086,NA
81110000000,2241,57989,NA,163,2,161,9084,NA
81110000000,2241,57990,NA,320,9,311,17435,NA
81110000000,2241,57991,NA,300,5,295,16736,NA
81110000000,2241,57992,NA,323,4,319,17875,NA
81110000000,2241,57993,NA,396,7,389,21421,NA
81110000000,2241,57994,NA,432,7,425,23932,NA
81110000000,2241,57995,NA,85,2,83,4171,NA
81110000000,2241,57996,NA,395,8,387,21955,NA
81110000000,2241,57997,NA,357,4,353,19349,NA
81110000000,2241,57998,NA,258,5,253,14191,NA
81110000000,2241,57999,NA,389,4,385,21549,NA
81110000000,2241,58000,NA,301,6,295,16402,NA
81110000000,2241,58001,NA,229,11,218,11752,NA
81110000000,2241,58002,NA,304,4,300,17106,NA
81110000000,2241,58003,NA,110,1,109,5978,NA
81110000000,2241,58004,NA,355,9,346,19546,NA
81110000000,2241,58005,NA,296,4,292,16810,NA
81110000000,2241,58006,NA,474,3,471,26996,NA
81110000000,2241,58007,NA,452,8,444,25303,NA
81110000000,2241,58008,NA,422,5,417,23628,NA
81110000000,2241,58009,NA,537,4,533,28128,NA
81110000000,2241,58010,NA,483,9,474,27038,NA
81110000000,2241,58011,NA,497,10,487,27002,NA
81110000000,2241,58012,NA,361,5,356,20111,NA
81110000000,2241,58013,NA,443,12,431,24803,NA
81110000000,2241,58014,NA,481,4,477,26953,NA
81110000000,2241,58015,NA,398,7,391,22116,NA
81110000000,2241,58016,NA,443,8,435,24817,NA
81110000000,2241,58017,NA,478,5,473,27054,NA
81110000000,2241,58018,NA,443,9,434,24353,NA
81110000000,2241,58019,NA,473,7,466,26551,NA
81110000000,2241,58020,NA,292,8,284,16392,NA
81110000000,2241,58021,NA,451,5,446,24813,NA
81110000000,2241,58022,NA,407,5,402,23045,NA
81110000000,2241,58023,NA,469,5,464,25911,NA
81110000000,2241,58024,NA,471,10,461,26013,NA
81110000000,2241,58025,NA,338,11,327,18666,NA
81110000000,2241,58026,NA,286,5,281,15308,NA
81110000000,2241,58027,NA,254,4,250,14161,NA
81110000000,2241,58028,NA,354,7,347,19273,NA
81110000000,2241,58029,NA,84,4,80,4436,NA
81110000000,2241,58030,NA,450,10,440,24995,NA
81110000000,2241,58031,NA,388,12,376,21204,NA
81110000000,2241,58032,NA,282,2,280,15345,NA
81110000000,2241,58033,NA,267,2,265,14921,NA
81110000000,2241,58034,NA,426,7,419,23452,NA
81110000000,2241,58035,NA,376,3,373,20920,NA
81110000000,2241,58036,NA,264,6,258,14331,NA
81110000000,2241,58037,NA,322,5,317,17496,NA
81110000000,2241,58038,NA,391,5,386,21391,NA
81110000000,2241,58039,NA,250,6,244,13265,NA
81110000000,2241,58040,NA,238,4,234,13179,NA
81110000000,2241,58041,NA,215,6,209,11896,NA
81110000000,2241,58042,NA,288,9,279,15456,NA
81110000000,2241,58043,NA,231,6,225,12504,NA
81110000000,2241,58044,NA,169,2,167,9167,NA
81110000000,2241,58045,NA,227,5,222,12485,NA
81110000000,2241,58046,NA,244,7,237,13609,NA
81110000000,2241,58047,NA,282,4,278,15258,NA
81110000000,2241,58048,NA,248,4,244,13438,NA
81110000000,2241,58049,NA,265,3,262,14200,NA
81110000000,2241,58050,NA,422,3,419,23440,NA
81110000000,2241,58051,NA,288,7,281,15296,NA
81110000000,2241,58052,NA,313,7,306,17128,NA
81110000000,2241,58053,NA,276,3,273,15734,NA
81110000000,2241,58054,NA,250,5,245,14063,NA
81110000000,2241,58055,NA,165,3,162,9000,NA
81110000000,2241,58056,NA,254,4,250,13854,NA
81110000000,2241,58057,NA,326,4,322,18430,NA
81110000000,2241,58058,NA,391,10,381,21528,NA
81110000000,2241,58059,NA,147,7,140,7824,NA
81150003003,4101,80187,1297,351,28,323,8825,27.06
81150003003,4101,80188,1066,310,14,296,7899,29.08
81150003003,4101,80197,1088,396,17,379,10728,36.4
81150003003,4101,80193,1230,411,22,389,10431,33.41
81150003003,4101,80199,682,267,9,258,7290,39.15
81150003003,4101,80201,773,349,15,334,9491,45.15
81150003003,4101,80202,778,298,13,285,8347,38.3
81150003003,4101,80204,759,349,22,327,9288,45.98
81150003003,4101,80205,777,374,15,359,10158,48.13
81150003003,4101,80206,863,312,17,295,8024,36.15
81150003003,4101,80207,942,370,23,347,9722,39.28
81150003003,4101,80208,667,293,9,284,7886,43.93
81150003003,4101,80209,850,410,16,394,11170,48.24
81150003003,4101,80210,822,386,9,377,10381,46.96
81150003003,4101,80211,602,239,13,226,6297,39.7
81150003003,4101,80212,543,182,10,172,4320,33.52
81150003003,4101,80213,666,268,11,257,7226,40.24
81150003003,4101,80214,827,293,14,279,7636,35.43
81150003003,4101,80215,1109,358,17,341,9006,32.28
81150003003,4101,80216,762,297,13,284,7511,38.98
81150003003,4101,80217,815,282,18,264,7001,34.6
81150003003,4101,80218,641,209,13,196,5142,32.61
81150003003,4101,80219,919,396,25,371,10438,43.09
81150003003,4101,80220,959,397,23,374,9904,41.4
81150003003,4101,80221,909,444,21,423,11690,48.84
81150003003,4101,80222,829,308,14,294,7397,37.15
81150003003,4101,80223,703,265,14,251,6807,37.7
81150003003,4101,80224,851,348,14,334,9091,40.89
81150003003,4101,80225,918,493,20,473,13328,53.7
81150003003,4101,80226,1021,413,16,397,10698,40.45
81150003003,4101,80227,831,331,17,314,8290,39.83
81150003003,4101,80228,1127,281,14,267,6742,24.93
81150003003,4101,80229,1217,388,26,362,9257,31.88
81150003003,4101,80230,977,306,22,284,7330,31.32
81150003003,4101,80231,934,386,25,361,9428,41.33
81150003003,4101,80239,1013,374,26,348,9899,36.92
81150003003,4101,80240,1088,426,24,402,9749,39.15
81150003003,4101,80241,880,356,21,335,8446,40.45
81150003003,4101,80242,887,365,22,343,8825,41.15
81150003003,4101,80243,1054,475,43,432,10933,45.07
81150003003,4101,80244,1063,474,43,431,11244,44.59
81150003003,4101,80245,NA,304,17,287,7895,NA
81150003003,4101,80246,NA,461,19,442,12825,NA
81150003003,4101,80247,NA,405,14,391,11432,NA
81150003003,4101,80248,NA,425,22,403,11899,NA
81150003003,4101,80249,NA,402,11,391,11676,NA
81150003003,4101,80250,NA,264,11,253,6656,NA
81150003003,4101,80251,NA,334,14,320,9376,NA
81150003003,4101,80252,NA,472,13,459,13439,NA
81150003003,4101,80253,NA,318,7,311,9296,NA
81150003003,4101,80254,NA,504,18,486,14119,NA
81150003003,4101,80255,NA,365,15,350,10512,NA
81150003003,4101,80256,NA,378,16,362,10632,NA
81150003003,4101,80257,NA,471,7,464,13536,NA
81150003003,4101,80258,NA,354,21,333,9684,NA
81150003003,4101,80259,NA,201,3,198,5230,NA
81150028028,2048,55904,2227,750,12,738,21265,33.68
81150028028,2048,55905,1778,686,18,668,18916,38.58
81150028028,2048,55906,2759,814,13,801,23329,29.5
81150028028,2048,55907,1898,749,12,737,21520,39.46
81150028028,2048,55908,1878,596,11,585,16808,31.74
81150028028,2048,55909,1976,514,13,501,14072,26.01
81150028028,2048,55910,1657,531,19,512,14154,32.05
81150028028,2048,55911,1702,489,26,463,12533,28.73
81150028028,2048,55912,1856,641,16,625,17146,34.54
81150028028,2048,55913,1476,704,26,678,18854,47.7
81150028028,2048,55914,1830,751,19,732,20855,41.04
81150028028,2048,55915,1457,446,10,436,12259,30.610000000000003
81150028028,2048,55916,1896,606,21,585,16584,31.959999999999997
81150028028,2048,55917,1658,581,16,565,15992,35.04
81150028028,2048,55918,756,320,8,312,8981,42.33
81150028028,2048,55919,1824,770,19,751,21173,42.21
81150028028,2048,55920,1720,696,28,668,18790,40.47
81150028028,2048,55921,1765,735,19,716,20902,41.64
81150028028,2048,55922,1664,636,18,618,17478,38.220000000000006
81150028028,2048,55923,1656,720,15,705,20442,43.48
81150028028,2048,55924,1586,700,22,678,19310,44.14
81150028028,2048,55925,NA,382,5,377,11311,NA
81150028028,2048,55926,NA,387,6,381,11271,NA
81150028028,2048,55927,NA,379,4,375,11067,NA
81150028028,2048,55928,NA,474,6,468,14017,NA
81150028028,2048,55929,NA,385,5,380,11175,NA
81150028028,2048,55930,NA,362,1,361,10582,NA
81150028028,2048,55931,NA,379,5,374,11135,NA
81150028028,2048,55932,NA,372,11,361,10812,NA
81150028028,2048,55933,NA,360,5,355,10363,NA
81150028028,2048,55934,NA,224,3,221,6494,NA
81150028028,2048,55935,NA,364,6,358,10820,NA
81150028028,2048,55936,NA,277,8,269,8094,NA
81150028028,2048,55937,NA,362,6,356,10522,NA
81150028028,2048,55938,NA,369,6,363,10817,NA
81150028028,2048,55939,NA,371,6,365,10699,NA
81150028028,2048,55940,NA,462,1,461,13704,NA
81150028028,2048,55950,NA,386,8,378,11191,NA
81150028028,2048,55941,NA,409,4,405,12005,NA
81150028028,2048,55942,NA,399,9,390,11532,NA
81150028028,2048,55943,NA,387,11,376,11234,NA
81150028028,2048,55944,NA,378,7,371,10890,NA
81150029029,3055,64000,1894,634,21,613,9851,33.47
81150029029,3055,64001,1538,609,17,592,9748,39.6
81150029029,3055,64002,1752,714,40,674,11121,40.75
81150029029,3055,64003,1816,745,34,711,11606,41.02
81150029029,3055,64004,NA,697,8,689,11747,NA
81150029029,3055,64005,NA,647,8,639,10974,NA
81150041041,2390,68746,1356,512,14,498,9446,37.760000000000005
81150041041,2390,68747,1726,518,13,505,9838,30.01
81150041041,2390,68748,1417,562,10,552,11134,39.66
81150041041,2390,68749,1426,542,25,517,10138,38.01
81150041041,2390,68750,1709,588,5,583,11534,34.41
81150041041,2390,68751,1389,452,11,441,8659,32.54
81150041041,2390,68752,1576,662,16,646,12498,42.01
81150041041,2390,68753,1182,531,11,520,10185,44.92
81150041041,2390,68754,1256,582,13,569,11337,46.34
81150041041,2390,68755,1563,756,16,740,14763,48.37
81150041041,2390,68766,NA,947,7,940,19180,NA
81150041041,2390,68767,NA,1099,18,1081,22269,NA
81150041041,2390,68776,NA,769,13,756,15523,NA
81150041041,2390,68775,NA,769,4,765,15948,NA
81150042042,3347,65939,1360,570,15,555,9283,41.91
81150042042,3347,65940,1475,648,14,634,10506,43.93
81150042042,3347,65941,1348,591,13,578,9634,43.84
81150042042,3347,65942,1312,638,9,629,10368,48.63
81150042042,3347,65943,1658,677,14,663,10913,40.83
81150042042,3347,65944,443,238,6,232,3954,53.720000000000006
81150042042,3347,65945,977,466,10,456,7527,47.7
81150042042,3347,65946,NA,403,5,398,6722,NA
81150042042,3347,65947,NA,407,2,405,6965,NA
81150042042,3347,65948,NA,425,2,423,7143,NA
81150042042,3347,65950,NA,413,4,409,6990,NA
81150042042,3347,65951,NA,404,3,401,6854,NA
81150044044,5288,93551,1671,652,16,636,10527,39.02
81150044044,5288,93552,1285,389,7,382,6318,30.27
81150044044,5288,93553,1475,547,17,530,8500,37.08
81150044044,5288,93554,1954,710,10,700,11542,36.34
81150044044,5288,93555,1733,652,7,645,10669,37.620000000000005
81150044044,5288,93556,NA,1161,20,1141,19276,NA
81150044044,5288,93557,NA,1189,10,1179,19943,NA
81150045045,4222,81064,1121,405,10,395,13165,36.13
81150045045,4222,81065,844,257,9,248,7878,30.45
81150045045,4222,81066,945,292,20,272,9047,30.9
81150045045,4222,81067,1092,328,4,324,10221,30.04
81150045045,4222,81068,914,300,4,296,9440,32.82
81150045045,4222,81069,490,207,1,206,7120,42.24
81150045045,4222,81070,1539,414,18,396,12308,26.9
81150045045,4222,81071,1220,413,17,396,12768,33.849999999999994
81150045045,4222,81072,1340,531,8,523,17954,39.63
81150045045,4222,81073,977,391,17,374,12511,40.02
81150045045,4222,81074,816,259,14,245,7041,31.74
81150045045,4222,81075,1199,344,16,328,10951,28.69
81150045045,4222,81076,1343,473,23,450,15615,35.220000000000006
81150045045,4222,81077,944,324,9,315,10602,34.32
81150045045,4222,81078,665,264,10,254,8704,39.7
81150045045,4222,81079,1383,518,19,499,16419,37.45
81150045045,4222,81080,733,334,13,321,10952,45.57
81150045045,4222,81081,924,414,10,404,13847,44.809999999999995
81150045045,4222,81082,954,288,6,282,8924,30.19
81150045045,4222,81083,732,288,8,280,8655,39.34
81150045045,4222,81084,742,319,9,310,10450,42.99
81150045045,4222,81085,887,354,17,337,10666,39.91
81150045045,4222,81086,1177,470,12,458,14415,39.93
81150045045,4222,81087,600,263,10,253,7863,43.83
81150045045,4222,81088,773,308,4,304,10295,39.84
81150045045,4222,81089,953,364,11,353,11842,38.2
81150045045,4222,81090,705,276,14,262,8443,39.15
81150045045,4222,81091,736,247,12,235,7210,33.56
81150045045,4222,81092,773,274,10,264,7861,35.449999999999996
81150045045,4222,81093,854,279,9,270,7722,32.67
81150045045,4222,81094,1067,406,8,398,11926,38.05
81150045045,4222,81095,978,401,12,389,12628,41
81150045045,4222,81096,1374,522,24,498,16589,37.99
81150045045,4222,81097,1064,422,25,397,13178,39.66
81150045045,4222,81098,1257,475,13,462,15134,37.790000000000006
81150045045,4222,81099,1197,436,13,423,14267,36.42
81150045045,4222,81100,1539,645,25,620,20592,41.91
81150045045,4222,81101,1130,407,22,385,12281,36.02
81150045045,4222,81102,1065,411,14,397,13169,38.59
81150045045,4222,81103,1987,568,10,558,18804,28.59
81150045045,4222,81104,1149,404,19,385,13275,35.160000000000004
81150045045,4222,81105,995,446,15,431,14820,44.82
81150045045,4222,81106,1112,494,20,474,16499,44.42
81150045045,4222,81108,NA,436,12,424,14897,NA
81150045045,4222,81109,NA,433,11,422,15008,NA
81150045045,4222,81110,NA,443,8,435,15277,NA
81150045045,4222,81111,NA,436,6,430,15106,NA
81150045045,4222,81112,NA,470,10,460,16512,NA
81150045045,4222,81113,NA,464,12,452,16145,NA
81150045045,4222,81114,NA,430,6,424,14949,NA
81150045045,4222,81115,NA,434,10,424,15113,NA
81150045045,4222,81116,NA,433,7,426,15146,NA
81150045045,4222,81117,NA,435,5,430,15433,NA
81150045045,4222,81118,NA,433,16,417,14988,NA
81150045045,4222,81119,NA,610,16,594,21247,NA
81150045045,4222,81120,NA,611,8,603,21855,NA
81150045045,4222,81121,NA,604,5,599,21770,NA
81150045045,4222,81122,NA,321,6,315,11099,NA
81150045045,4222,81123,NA,494,12,482,17554,NA
81150045045,4222,81124,NA,248,1,247,8935,NA
81150050050,1716,54356,1356,419,20,399,7983,30.9
81150050050,1716,54357,1053,354,20,334,6378,33.6
81150050050,1716,54358,1056,474,17,457,9236,44.9
81150050050,1716,54359,925,368,16,352,7300,39.8
81150050050,1716,54360,982,385,20,365,7117,39.2
81150050050,1716,54361,1195,500,19,481,9690,41.8
81150050050,1716,54362,1477,629,45,584,11383,42.6
81150050050,1716,54363,841,378,22,356,6992,44.9
81150050050,1716,54364,661,311,14,297,5768,47
81150050050,1716,54365,1430,599,40,559,10568,41.9
81150050050,1716,54366,729,340,16,324,6221,46.6
81150050050,1716,54367,969,448,24,424,8129,46.2
81150050050,1716,54368,833,393,25,368,6920,47.2
81150050050,1716,54369,1268,534,50,484,8862,42.1
81150050050,1716,54370,NA,318,9,309,6706,NA
81150050050,1716,57188,NA,332,8,324,6661,NA
81150050050,1716,57189,NA,336,6,330,6925,NA
81150050050,1716,57190,NA,337,6,331,6787,NA
81150050050,1716,57191,NA,329,10,319,6381,NA
81150050050,1716,57192,NA,328,7,321,6555,NA
81150050050,1716,57193,NA,329,3,326,6656,NA
81150050050,1716,57194,NA,330,9,321,6184,NA
81150050050,1716,57195,NA,305,5,300,6019,NA
81150050050,1716,57196,NA,331,11,320,6298,NA
81150051051,4269,81969,3237,994,45,949,15265,30.71
81150051051,4269,81970,2605,801,44,757,11863,30.75
81150051051,4269,81971,976,345,25,320,4656,35.349999999999994
81150051051,4269,81972,1003,418,25,393,5450,41.67
81150051051,4269,81973,NA,1049,29,1020,16551,NA
81150051051,4269,81974,NA,846,18,828,13754,NA
81150051051,4269,81975,NA,649,24,625,9301,NA
81150052052,5449,88374,2101,881,26,855,14006,41.93
81150052052,5449,88375,1390,582,15,567,9378,41.87
81150052052,5449,88376,2515,1123,38,1085,18160,44.65
81150052052,5449,88377,NA,883,15,868,14684,NA
81150052052,5449,88378,NA,657,9,648,10887,NA
81155001001,5742,89767,1431,458,23,435,6824,32.01
81155001001,5742,89768,1393,520,32,488,7851,37.33
81155001001,5742,89769,1304,508,27,481,7502,38.96
81155001001,5742,89770,1538,565,36,529,8347,36.74
81155001001,5742,89771,1141,556,22,534,8355,48.73
81155001001,5742,89772,427,213,9,204,3216,49.879999999999995
81155001001,5742,89773,NA,1193,23,1170,19435,NA
81155001001,5742,89774,NA,780,22,758,12208,NA
81155001054,5611,93481,1051,415,14,401,5204,39.49
81155001054,5611,93483,1249,499,9,490,6393,39.95
81155001054,5611,93484,1227,455,12,443,5691,37.08
81155001054,5611,93486,859,332,12,320,4143,38.65
81155001054,5611,93487,816,310,8,302,3928,37.99
81155001054,5611,93488,NA,985,9,976,13186,NA
81155001054,5611,93489,NA,424,6,418,5601,NA
81155002013,4263,81601,1482,642,10,632,10643,43.32
81155002013,4263,81600,1306,554,12,542,8986,42.42
81155002013,4263,81602,1358,658,15,643,10580,48.45
81155002013,4263,81599,1275,527,19,508,8442,41.33
81155002013,4263,81603,1297,562,14,548,8982,43.33
81155002013,4263,81605,NA,904,6,898,15437,NA
81155002013,4263,81604,NA,881,8,873,14894,NA
81155002015,3385,66483,1034,391,10,381,7350,37.809999999999995
81155002015,3385,66484,1156,381,19,362,6973,32.96
81155002015,3385,66485,1625,707,20,687,13115,43.51
81155002015,3385,66486,1074,498,12,486,9015,46.37
81155002015,3385,66487,1159,518,19,499,9823,44.690000000000005
81155002015,3385,66488,977,364,17,347,6516,37.260000000000005
81155002015,3385,66490,1171,562,6,556,10850,47.99
81155002015,3385,66489,1308,558,16,542,10620,42.66
81155002015,3385,66504,NA,924,17,907,18202,NA
81155002015,3385,66505,NA,1033,9,1024,20393,NA
81155002015,3385,66506,NA,370,7,363,7350,NA
81155003010,3671,68225,1389,657,3,654,5928,47.3
81155003010,3671,68226,1283,519,1,518,4617,40.45
81155003010,3671,68227,NA,795,2,793,7248,NA
81155003021,4339,81922,1641,455,13,442,11886,27.73
81155003021,4339,81923,677,252,11,241,6094,37.220000000000006
81155003021,4339,81924,977,380,6,374,9949,38.89
81155003021,4339,81925,857,333,9,324,8922,38.86
81155003021,4339,81926,809,306,8,298,7915,37.82
81155003021,4339,81927,1500,443,9,434,11265,29.53
81155003021,4339,81928,736,239,6,233,6145,32.47
81155003021,4339,81929,1157,460,11,449,12447,39.760000000000005
81155003021,4339,81930,754,300,7,293,7928,39.790000000000006
81155003021,4339,81931,1314,490,20,470,13079,37.290000000000006
81155003021,4339,81932,681,240,7,233,5820,35.24
81155003021,4339,81933,983,453,15,438,11429,46.08
81155003021,4339,81934,1194,458,15,443,12387,38.36
81155003021,4339,81935,592,268,10,258,7405,45.27
81155003021,4339,81936,971,400,5,395,10225,41.190000000000005
81155003021,4339,81937,768,282,2,280,7507,36.720000000000006
81155003021,4339,81938,866,360,12,348,9923,41.57
81155003021,4339,81939,756,389,12,377,10139,51.46
81155003021,4339,81940,595,279,4,275,7623,46.89
81155003021,4339,81941,693,305,9,296,7656,44.01
81155003021,4339,81942,606,270,11,259,6941,44.55
81155003021,4339,81943,927,411,9,402,10266,44.34
81155003021,4339,81944,658,305,11,294,8181,46.349999999999994
81155003021,4339,81945,732,309,14,295,7542,42.21
81155003021,4339,81946,846,334,9,325,9100,39.48
81155003021,4339,81947,951,400,13,387,10667,42.06
81155003021,4339,81948,969,353,11,342,9197,36.43
81155003021,4339,81949,1326,487,13,474,12571,36.73
81155003021,4339,81950,NA,780,9,771,22481,NA
81155003021,4339,81951,NA,666,8,658,19048,NA
81155003021,4339,81952,NA,678,8,670,19479,NA
81155003021,4339,81953,NA,724,8,716,20440,NA
81155003021,4339,81954,NA,480,8,472,13401,NA
81155003021,4339,81955,NA,315,3,312,8865,NA
81155003021,4339,81956,NA,723,10,713,20449,NA
81155003021,4339,81957,NA,343,8,335,9276,NA
81155003021,4339,81958,NA,319,1,318,8790,NA
81155003021,4339,81959,NA,857,14,843,24310,NA
81155003021,4339,81960,NA,591,12,579,16540,NA
81155003037,2500,59692,1676,722,39,683,8658,43.08
81155003037,2500,59693,1542,730,13,717,9389,47.34
81155003037,2500,59694,1293,574,13,561,7313,44.39
81155003037,2500,59695,NA,1244,15,1229,16469,NA
81155004002,3297,65526,1186,513,9,504,5882,43.25
81155004002,3297,65527,1115,489,8,481,5475,43.86
81155004002,3297,65528,1309,617,12,605,6893,47.14
81155004002,3297,65529,NA,499,7,492,5627,NA
81155004002,3297,65530,NA,509,8,501,5854,NA
81155004022,2656,60951,1417,526,23,503,5667,37.120000000000005
81155004022,2656,60952,1433,562,28,534,5930,39.220000000000006
81155004022,2656,60953,NA,416,9,407,4685,NA
81155004022,2656,60954,NA,400,6,394,4452,NA
81155004024,2064,56028,1362,598,9,589,9647,43.91
81155004024,2064,56029,1462,651,24,627,10490,44.53
81155004024,2064,56030,1722,705,23,682,11399,40.94
81155004024,2064,56031,1327,554,15,539,9163,41.75
81155004024,2064,56032,1621,748,21,727,11886,46.14
81155004024,2064,56033,1519,647,20,627,10472,42.59
81155004024,2064,56034,1532,736,20,716,12035,48.04
81155004024,2064,56035,NA,612,3,609,10444,NA
81155004024,2064,56036,NA,1791,18,1773,30155,NA
81155005004,2244,60279,1640,644,18,626,7928,39.27
81155005004,2244,60280,1667,741,19,722,9367,44.45
81155005004,2244,60281,1369,623,13,610,7812,45.51
81155005004,2244,60282,NA,1157,18,1139,15309,NA
81155005016,3701,69991,1557,630,12,618,9744,40.46
81155005016,3701,69992,1492,586,13,573,9423,39.28
81155005016,3701,69993,1802,568,12,556,8859,31.52
81155005016,3701,69994,1389,546,13,533,8784,39.309999999999995
81155005016,3701,69995,1171,538,16,522,8006,45.94
81155005016,3701,69996,NA,462,3,459,7665,NA
81155005016,3701,69997,NA,457,6,451,7693,NA
81155005016,3701,69998,NA,451,6,445,7403,NA
81155005016,3701,69999,NA,419,3,416,7005,NA
81155005034,2057,55973,2713,1223,48,1175,13303,45.08
81155005034,2057,55974,NA,541,16,525,6048,NA
81155005053,1710,90513,1519,696,21,675,11161,45.82
81155005053,1710,90514,1490,681,20,661,11081,45.7
81155005053,1710,90515,1491,738,16,722,12073,49.5
81155005053,1710,90516,1364,633,19,614,10136,46.41
81155005053,1710,90517,NA,1125,6,1119,18896,NA
81155006046,6655,68387,2247,764,36,728,9588,34
81155006046,6655,68388,2457,774,25,749,9840,31.5
81155006046,6655,68389,NA,1349,22,1327,17633,NA
81155006048,5784,94582,2249,757,21,736,12077,33.660000000000004
81155006048,5784,94583,1400,591,14,577,9886,42.21
81155006048,5784,94584,1717,739,17,722,12228,43.04
81155006048,5784,94585,818,361,8,353,6027,44.13
81155006048,5784,94586,546,231,8,223,3811,42.309999999999995
81155006048,5784,94587,NA,869,7,862,14842,NA
81155006048,5784,94588,NA,853,2,851,14594,NA
81160015015,3788,68807,1335,517,18,499,8312,38.73
81160015015,3788,68808,1304,388,18,370,6136,29.75
81160015015,3788,68809,1126,501,13,488,8377,44.49
81160015015,3788,68810,1346,522,12,510,8291,38.78
81160015015,3788,68811,1128,423,15,408,6707,37.5
81160015015,3788,68812,1020,488,11,477,7796,47.84
81160015015,3788,68813,1025,425,12,413,6956,41.46
81160015015,3788,68814,NA,345,9,336,5677,NA
81160015015,3788,68815,NA,541,11,530,9073,NA
81160015015,3788,68816,NA,495,9,486,8148,NA
81160015015,3788,68817,NA,424,5,419,7203,NA
81160019019,1817,54858,1335,440,13,427,15688,32.96
81160019019,1817,54859,1566,472,17,455,15273,30.14
81160019019,1817,54860,1639,514,8,506,18411,31.36
81160019019,1817,54861,1431,519,9,510,18627,36.27
81160019019,1817,54862,1775,591,11,580,21294,33.3
81160019019,1817,54863,1584,549,15,534,19090,34.660000000000004
81160019019,1817,54864,1669,533,20,513,18769,31.94
81160019019,1817,54865,1711,603,25,578,21222,35.24
81160019019,1817,54866,1422,523,22,501,17783,36.78
81160019019,1817,54867,1425,487,8,479,17601,34.18
81160019019,1817,54868,1572,604,22,582,20709,38.42
81160019019,1817,54869,1313,455,12,443,15457,34.65
81160019019,1817,54870,1014,366,3,363,13149,36.09
81160019019,1817,54871,1189,496,8,488,17776,41.720000000000006
81160019019,1817,54872,671,341,12,329,11719,50.82
81160019019,1817,54873,1755,518,7,511,18605,29.52
81160019019,1817,54874,1655,621,18,603,21310,37.52
81160019019,1817,54875,1286,429,9,420,14661,33.36
81160019019,1817,54876,1462,496,17,479,16562,33.93
81160019019,1817,54877,1265,414,9,405,14240,32.730000000000004
81160019019,1817,54878,1105,334,5,329,11761,30.23
81160019019,1817,54879,1474,652,11,641,22903,44.23
81160019019,1817,54880,1271,359,12,347,12252,28.25
81160019019,1817,54881,884,196,5,191,6796,22.17
81160019019,1817,54882,1118,338,11,327,11364,30.23
81160019019,1817,54883,1083,327,12,315,10783,30.19
81160019019,1817,54884,1479,395,9,386,13250,26.71
81160019019,1817,54885,975,264,5,259,9078,27.08
81160019019,1817,54886,1136,359,9,350,12420,31.6
81160019019,1817,54887,1111,263,12,251,8289,23.67
81160019019,1817,54888,1440,401,7,394,14285,27.85
81160019019,1817,54889,1480,434,15,419,14974,29.32
81160019019,1817,54890,1529,510,24,486,18061,33.36
81160019019,1817,54891,1754,664,14,650,23708,37.86
81160019019,1817,54892,2032,740,5,735,26892,36.42
81160019019,1817,54893,1749,640,17,623,23210,36.59
81160019019,1817,54894,1710,635,9,626,23101,37.13
81160019019,1817,54895,1876,720,16,704,25560,38.379999999999995
81160019019,1817,54896,1638,558,10,548,20137,34.07
81160019019,1817,54897,898,345,6,339,12814,38.42
81160019019,1817,54898,1451,497,15,482,17415,34.25
81160019019,1817,54899,1264,378,16,362,12531,29.91
81160019019,1817,54900,1247,286,11,275,9852,22.94
81160019019,1817,54901,1827,670,12,658,23832,36.67
81160019019,1817,55417,1769,583,9,574,20769,32.96
81160019019,1817,55418,1437,541,13,528,19671,37.65
81160019019,1817,55419,1639,578,14,564,20738,35.27
81160019019,1817,55422,1690,581,20,561,20316,34.379999999999995
81160019019,1817,54902,NA,580,10,570,21168,NA
81160019019,1817,54903,NA,572,5,567,21554,NA
81160019019,1817,54904,NA,590,12,578,21534,NA
81160019019,1817,54905,NA,557,12,545,20672,NA
81160019019,1817,54906,NA,595,11,584,21763,NA
81160019019,1817,54907,NA,582,9,573,21813,NA
81160019019,1817,54908,NA,623,5,618,23517,NA
81160019019,1817,54909,NA,623,10,613,23187,NA
81160019019,1817,54910,NA,458,7,451,16826,NA
81160019019,1817,54911,NA,590,9,581,21769,NA
81160019019,1817,54912,NA,586,5,581,21430,NA
81160019019,1817,54913,NA,589,8,581,21933,NA
81160019019,1817,54914,NA,622,8,614,23045,NA
81160019019,1817,54915,NA,585,6,579,22120,NA
81160019019,1817,54916,NA,577,11,566,21371,NA
81160019019,1817,54917,NA,585,6,579,21474,NA
81160019019,1817,54918,NA,587,6,581,22071,NA
81160019019,1817,54919,NA,583,6,577,21918,NA
81160019019,1817,54920,NA,654,6,648,24166,NA
81160019019,1817,54921,NA,587,9,578,21575,NA
81160019019,1817,54922,NA,568,4,564,21292,NA
81160019019,1817,54923,NA,648,7,641,23834,NA
81160019019,1817,54924,NA,595,5,590,21711,NA
81160019019,1817,54925,NA,587,7,580,21298,NA
81160019019,1817,54926,NA,588,8,580,21649,NA
81160019019,1817,54927,NA,573,8,565,20822,NA
81160019019,1817,54928,NA,531,6,525,19650,NA
81160019019,1817,54929,NA,587,5,582,22036,NA
81160019019,1817,54930,NA,555,5,550,21143,NA
81160047047,6395,92743,1438,637,24,613,12200,44.3
81160047047,6395,92744,1610,659,24,635,12647,40.93
81160047047,6395,92745,1750,734,13,721,14693,41.94
81160047047,6395,92746,1579,653,26,627,12581,41.36
81160047047,6395,92747,1817,686,23,663,13351,37.75
81160047047,6395,92748,1312,536,9,527,10705,40.849999999999994
81160047047,6395,92749,NA,722,12,710,14548,NA
81160047047,6395,92750,NA,773,11,762,15934,NA
81160047047,6395,92751,NA,822,13,809,16882,NA
81160072072,4246,89964,1344,436,17,419,8386,32.44
81160072072,4246,89965,1126,371,18,353,7005,32.949999999999996
81160072072,4246,89966,1049,364,10,354,7253,34.7
81160072072,4246,89967,698,225,6,219,4161,32.230000000000004
81160072072,4246,89968,986,380,19,361,7333,38.54
81160072072,4246,89969,1149,349,4,345,6829,30.37
81160072072,4246,89970,1177,354,16,338,6594,30.08
81160072072,4246,89971,1067,343,15,328,6577,32.15
81160072072,4246,89972,1033,293,4,289,5660,28.36
81160072072,4246,89973,NA,1357,10,1347,27779,NA
81160072072,4246,89974,NA,1346,9,1337,27824,NA
81160076076,6647,87104,902,452,2,450,7527,50.11
81160076076,6647,87105,923,458,14,444,7408,49.620000000000005
81160076076,6647,87106,1338,613,12,601,10059,45.809999999999995
81160076076,6647,87107,1357,665,18,647,10905,49.01
81160076076,6647,87108,1596,684,6,678,11406,42.86
81160076076,6647,87109,NA,423,0,423,7286,NA
81160076076,6647,87110,NA,323,10,313,5392,NA
81160076076,6647,87111,NA,244,1,243,4187,NA
81160076076,6647,87113,NA,452,6,446,7690,NA
81160077077,2847,65403,1776,591,24,567,16744,33.28
81160077077,2847,65405,1758,577,26,551,15900,32.82
81160077077,2847,65406,1683,581,28,553,15818,34.52
81160077077,2847,65408,1678,596,32,564,16070,35.52
81160077077,2847,65410,1554,570,25,545,15784,36.68
81160077077,2847,65411,1567,534,35,499,14085,34.08
81160077077,2847,65413,1468,443,25,418,11576,30.18
81160077077,2847,65415,1740,656,35,621,17872,37.7
81160077077,2847,65416,1660,621,31,590,16845,37.41
81160077077,2847,65418,1703,485,32,453,12957,28.479999999999997
81160077077,2847,65420,1572,578,23,555,15631,36.77
81160077077,2847,65422,1654,582,26,556,15855,35.190000000000005
81160077077,2847,65424,1650,721,25,696,19677,43.7
81160077077,2847,65425,1763,588,28,560,15927,33.349999999999994
81160077077,2847,65427,1953,735,34,701,20160,37.63
81160077077,2847,65429,1773,680,30,650,18361,38.349999999999994
81160077077,2847,65430,1473,526,10,516,15241,35.71
81160077077,2847,65433,1960,671,22,649,18052,34.230000000000004
81160077077,2847,65435,1972,708,17,691,19403,35.9
81160077077,2847,65438,1938,704,23,681,19471,36.33
81160077077,2847,65441,NA,798,9,789,22706,NA
81160077077,2847,65442,NA,827,25,802,23321,NA
81160077077,2847,65445,NA,699,13,686,20217,NA
81160077077,2847,65446,NA,791,18,773,22497,NA
81160077077,2847,65447,NA,912,25,887,25895,NA
81160077077,2847,65448,NA,408,8,400,11498,NA
81160077077,2847,65449,NA,704,22,682,19778,NA
81160077077,2847,65450,NA,874,24,850,24718,NA
81160077077,2847,65451,NA,818,15,803,23583,NA
81160077077,2847,65452,NA,479,9,470,13215,NA
81160077077,2847,65453,NA,521,3,518,15103,NA
81160077077,2847,65454,NA,442,11,431,12626,NA
81160078078,5768,89920,1206,408,8,400,9546,33.83
81160078078,5768,89921,1219,409,12,397,9340,33.55
81160078078,5768,89922,1051,389,15,374,8799,37.01
81160078078,5768,89923,1138,434,11,423,9958,38.14
81160078078,5768,89924,1098,386,14,372,8294,35.15
81160078078,5768,89925,944,341,17,324,7512,36.120000000000005
81160078078,5768,89926,937,372,14,358,8769,39.7
81160078078,5768,89927,1004,302,14,288,7027,30.08
81160078078,5768,89928,1015,375,12,363,8131,36.95
81160078078,5768,89929,1151,488,12,476,11356,42.4
81160078078,5768,89930,891,298,10,288,6509,33.449999999999996
81160078078,5768,89931,1005,401,13,388,9360,39.9
81160078078,5768,89932,983,407,9,398,9288,41.4
81160078078,5768,89933,1180,394,11,383,9117,33.39
81160078078,5768,89934,1107,416,6,410,9736,37.58
81160078078,5768,89935,844,332,12,320,7676,39.34
81160078078,5768,89936,751,243,10,233,5525,32.36
81160078078,5768,89937,1102,493,12,481,11589,44.74
81160078078,5768,89938,926,366,8,358,8762,39.52
81160078078,5768,89939,885,377,9,368,8795,42.6
81160078078,5768,89940,826,377,10,367,8921,45.64
81160078078,5768,89941,924,427,18,409,9924,46.21
81160078078,5768,89942,977,389,18,371,8865,39.82
81160078078,5768,89943,1051,390,15,375,8647,37.11
81160078078,5768,89944,1108,484,29,455,10586,43.68
81160078078,5768,89945,1244,501,19,482,11154,40.27
81160078078,5768,89946,989,407,16,391,9425,41.15
81160078078,5768,89947,1103,449,5,444,10502,40.71
81160078078,5768,89948,1032,426,20,406,9485,41.28
81160078078,5768,89949,NA,1061,33,1028,24838,NA
81160078078,5768,89950,NA,1125,16,1109,26994,NA
81160078078,5768,89951,NA,1349,18,1331,32470,NA
81160078078,5768,89952,NA,1494,19,1475,36191,NA
81160078078,5768,89953,NA,1394,18,1376,33579,NA
81160078078,5768,89954,NA,941,22,919,22183,NA
81160080080,3205,65068,1120,425,9,416,9773,37.95
81160080080,3205,65069,1156,442,13,429,9776,38.24
81160080080,3205,65070,1103,432,21,411,9955,39.17
81160080080,3205,65071,1154,436,8,428,10069,37.78
81160080080,3205,65072,1071,406,16,390,9215,37.91
81160080080,3205,65073,1012,357,11,346,8347,35.28
81160080080,3205,65074,998,363,15,348,8275,36.37
81160080080,3205,65075,1066,348,10,338,7962,32.65
81160080080,3205,65076,977,410,15,395,9279,41.97
81160080080,3205,65077,1015,375,4,371,8855,36.95
81160080080,3205,65078,972,447,7,440,10660,45.99
81160080080,3205,65079,1013,444,10,434,10130,43.83
81160080080,3205,65080,1024,430,7,423,9926,41.99
81160080080,3205,65081,1047,425,18,407,9692,40.59
81160080080,3205,65082,1023,434,14,420,9983,42.42
81160080080,3205,65083,1000,378,13,365,8672,37.8
81160080080,3205,65084,1017,400,24,376,8970,39.33
81160080080,3205,65085,1182,453,21,432,10170,38.32
81160080080,3205,65086,1073,422,22,400,9084,39.33
81160080080,3205,65087,1098,374,15,359,8263,34.06
81160080080,3205,65088,1023,342,30,312,6714,33.43
81160080080,3205,65089,985,390,21,369,8809,39.59
81160080080,3205,65090,1175,441,19,422,10012,37.53
81160080080,3205,65091,1199,608,24,584,13830,50.71
81160080080,3205,65092,1173,578,21,557,13289,49.28
81160080080,3205,65093,1157,410,15,395,9257,35.44
81160080080,3205,65094,1216,513,23,490,11538,42.190000000000005
81160080080,3205,65108,NA,481,14,467,11308,NA
81160080080,3205,65107,NA,554,13,541,13154,NA
81160080080,3205,65106,NA,563,7,556,13403,NA
81160080080,3205,65105,NA,525,10,515,12657,NA
81160080080,3205,65104,NA,542,7,535,13014,NA
81160080080,3205,65095,NA,551,4,547,13111,NA
81160080080,3205,65096,NA,497,7,490,12068,NA
81160080080,3205,65097,NA,509,8,501,12166,NA
81160080080,3205,65098,NA,547,10,537,13164,NA
81160080080,3205,65099,NA,528,10,518,12594,NA
81160080080,3205,65100,NA,501,15,486,11916,NA
81160080080,3205,65101,NA,498,11,487,11966,NA
81160080080,3205,65102,NA,526,13,513,12743,NA
81160080080,3205,65103,NA,383,3,380,9594,NA
81160081081,2584,60436,759,296,3,293,4930,39
81160081081,2584,60437,783,329,10,319,5235,42.02
81160081081,2584,60438,1186,496,8,488,8188,41.82
81160081081,2584,60439,869,360,6,354,5820,41.43
81160081081,2584,60440,1028,383,13,370,6068,37.260000000000005
81160081081,2584,60441,1563,585,19,566,9431,37.43
81160081081,2584,60443,819,316,3,313,5356,38.58
81160081081,2584,60444,923,389,6,383,6561,42.15
81160081081,2584,60445,NA,1079,18,1061,18323,NA
81160081081,2584,60446,NA,719,10,709,11933,NA
81160081081,2584,85478,NA,511,6,505,8740,NA
81165001016,6836,93815,1210,477,10,467,6102,39.42
81165001016,6836,93816,2005,848,24,824,10696,42.290000000000006
81165001016,6836,93817,1565,595,17,578,7427,38.02
81165001016,6836,93818,NA,811,4,807,10656,NA
81165001016,6836,93819,NA,460,9,451,5931,NA
81165001033,3455,69346,1319,363,14,349,9234,27.52
81165001033,3455,69347,1570,607,42,565,15274,38.66
81165001033,3455,69348,1532,502,32,470,12261,32.77
81165001033,3455,69349,1407,585,30,555,15149,41.58
81165001033,3455,69350,1445,583,17,566,15350,40.349999999999994
81165001033,3455,69351,1433,531,36,495,13215,37.06
81165001033,3455,69352,1260,479,19,460,12534,38.02
81165001033,3455,69353,1164,527,18,509,14452,45.27
81165001033,3455,69354,1249,517,25,492,13342,41.39
81165001033,3455,69355,1666,596,34,562,14742,35.77
81165001033,3455,69356,1729,626,29,597,16327,36.21
81165001033,3455,69357,1382,431,28,403,9451,31.19
81165001033,3455,69358,1601,625,38,587,15044,39.04
81165001033,3455,69359,1152,493,24,469,12678,42.8
81165001033,3455,69381,1250,473,22,451,11926,37.84
81165001033,3455,69360,1183,509,23,486,12781,43.03
81165001033,3455,69361,1696,569,43,526,14010,33.55
81165001033,3455,69362,1430,569,29,540,14569,39.790000000000006
81165001033,3455,69363,1621,582,40,542,13704,35.9
81165001033,3455,69364,1599,763,36,727,18039,47.720000000000006
81165001033,3455,69365,1430,577,37,540,13661,40.349999999999994
81165001033,3455,69366,1391,539,37,502,13040,38.75
81165001033,3455,69367,NA,1036,31,1005,27776,NA
81165001033,3455,69368,NA,780,37,743,19276,NA
81165001033,3455,69369,NA,445,17,428,11322,NA
81165001033,3455,69370,NA,728,29,699,19763,NA
81165001033,3455,69371,NA,629,16,613,17614,NA
81165001033,3455,69372,NA,644,19,625,17838,NA
81165001033,3455,69373,NA,650,25,625,17906,NA
81165001033,3455,69374,NA,636,15,621,18224,NA
81165001033,3455,69375,NA,632,12,620,17617,NA
81165001033,3455,69376,NA,571,14,557,16076,NA
81165001048,2851,62006,1361,588,18,570,7481,43.2
81165001048,2851,62007,827,347,8,339,4490,41.96
81165001048,2851,62008,771,412,10,402,5330,53.44
81165001048,2851,62009,NA,834,8,826,11014,NA
81165002018,6002,91117,1768,766,11,755,7138,43.33
81165002018,6002,91118,NA,506,4,502,4836,NA
81165002054,1811,55031,1328,634,21,613,8062,47.74
81165002054,1811,55032,1334,636,16,620,8001,47.68
81165002054,1811,55033,NA,676,7,669,8925,NA
81165002079,2734,61445,798,318,16,302,4576,39.849999999999994
81165002079,2734,61446,1611,647,28,619,9546,40.16
81165002079,2734,61447,1876,711,37,674,10629,37.9
81165002079,2734,61453,571,287,16,271,3747,50.260000000000005
81165002079,2734,61454,136,83,5,78,1228,61.03
81165002079,2734,61455,517,240,16,224,3243,46.42
81165002079,2734,61456,599,282,6,276,3866,47.08
81165002079,2734,61457,NA,707,11,696,11025,NA
81165002079,2734,61458,NA,698,16,682,10355,NA
81165003005,5391,88198,1333,678,22,656,6261,50.86
81165003005,5391,88199,NA,322,13,309,3021,NA
81165003008,2294,66242,1058,412,22,390,4820,38.94
81165003008,2294,66244,1111,510,27,483,6172,45.9
81165003008,2294,66245,596,350,16,334,4083,58.720000000000006
81165003008,2294,66246,NA,580,15,565,7256,NA
81165003041,4020,69633,1505,613,29,584,7410,40.73
81165003041,4020,69634,1600,646,19,627,8168,40.379999999999995
81165003041,4020,69635,NA,368,7,361,4710,NA
81165003041,4020,69636,NA,460,6,454,6028,NA
81165003042,2759,92048,1493,504,21,483,7615,33.760000000000005
81165003042,2759,92049,1472,540,20,520,8447,36.68
81165003042,2759,92050,1131,533,16,517,8462,47.13
81165003042,2759,92051,836,410,13,397,6431,49.04
81165003042,2759,92052,NA,459,5,454,7559,NA
81165003042,2759,92053,NA,426,3,423,7168,NA
81165004011,6772,93647,1653,696,14,682,8726,42.11
81165004011,6772,93648,1354,523,10,513,6641,38.63
81165004011,6772,93649,NA,739,11,728,9587,NA
81165004046,3616,67713,2211,647,32,615,9758,29.26
81165004046,3616,67714,1573,700,25,675,10894,44.5
81165004046,3616,67715,1357,593,19,574,9189,43.7
81165004046,3616,67716,422,214,12,202,2956,50.71
81165004046,3616,67717,NA,460,12,448,7354,NA
81165004046,3616,67718,NA,444,7,437,7234,NA
81165004046,3616,67719,NA,469,12,457,7400,NA
81165005020,5657,89843,1055,408,22,386,5949,38.67
81165005020,5657,89844,1032,313,19,294,4351,30.33
81165005020,5657,89845,885,330,28,302,4534,37.290000000000006
81165005020,5657,89846,1019,401,39,362,5568,39.349999999999994
81165005020,5657,89847,1061,426,45,381,5732,40.15
81165005020,5657,89848,982,359,29,330,4838,36.56
81165005020,5657,89854,995,425,25,400,5695,42.71
81165005020,5657,89855,NA,592,19,573,9167,NA
81165005020,5657,89856,NA,425,19,406,6674,NA
81165005020,5657,89857,NA,419,14,405,6422,NA
81165005020,5657,89858,NA,159,7,152,2094,NA
81165005022,6814,93700,3285,1331,46,1285,16173,40.52
81165005022,6814,93701,NA,392,5,387,5043,NA
81165005022,6814,93702,NA,319,13,306,3966,NA
81165005022,6814,93703,NA,301,4,297,3957,NA
81165005049,4129,81533,1177,372,16,356,10084,31.610000000000003
81165005049,4129,81534,1560,423,18,405,11221,27.12
81165005049,4129,81535,1544,516,40,476,13013,33.42
81165005049,4129,81537,1616,476,28,448,12187,29.459999999999997
81165005049,4129,81540,1414,507,19,488,14117,35.86
81165005049,4129,82856,1676,638,31,607,17172,38.07
81165005049,4129,82857,1720,646,20,626,17583,37.56
81165005049,4129,82858,1654,531,50,481,12924,32.1
81165005049,4129,82859,1443,517,41,476,12237,35.83
81165005049,4129,82860,1403,505,43,462,12044,35.99
81165005049,4129,82861,1223,461,28,433,12378,37.690000000000005
81165005049,4129,82863,1345,540,30,510,13710,40.15
81165005049,4129,82864,1449,565,33,532,14781,38.99
81165005049,4129,82865,1370,521,26,495,14238,38.03
81165005049,4129,82866,818,357,16,341,9245,43.64
81165005049,4129,82871,1357,530,15,515,13789,39.06
81165005049,4129,82872,1092,412,38,374,9687,37.73
81165005049,4129,82873,1121,467,23,444,11899,41.66
81165005049,4129,82874,1147,433,19,414,10861,37.75
81165005049,4129,82875,824,325,12,313,8434,39.44
81165005049,4129,82876,903,354,21,333,8989,39.2
81165005049,4129,82877,1386,449,42,407,11467,32.4
81165005049,4129,82878,1593,550,27,523,14267,34.53
81165005049,4129,92235,NA,251,3,248,7145,NA
81165005049,4129,92236,NA,245,5,240,7199,NA
81165005049,4129,92237,NA,266,5,261,7671,NA
81165005049,4129,92238,NA,279,6,273,7894,NA
81165005049,4129,92239,NA,437,9,428,12842,NA
81165005049,4129,92240,NA,468,10,458,13413,NA
81165005049,4129,92241,NA,661,12,649,18865,NA
81165005049,4129,92242,NA,334,14,320,9260,NA
81165005049,4129,92243,NA,476,7,469,13758,NA
81165005049,4129,92244,NA,602,17,585,16831,NA
81165005049,4129,92245,NA,248,2,246,6849,NA
81165005049,4129,92246,NA,557,8,549,15533,NA
81165005049,4129,92247,NA,616,11,605,17339,NA
81165005049,4129,92248,NA,492,18,474,13219,NA
81165005049,4129,92249,NA,724,16,708,20211,NA
81165005050,3193,85675,1920,722,49,673,8669,37.6
81165005050,3193,85676,2454,993,48,945,12213,40.46
81165005050,3193,85677,NA,441,18,423,5540,NA
81165005050,3193,85678,NA,467,16,451,6021,NA
81165005068,5929,82348,1379,596,20,576,7638,43.220000000000006
81165005068,5929,82349,1074,409,15,394,5228,38.08
81165005068,5929,82350,1358,597,10,587,7446,43.96
81165005068,5929,82351,NA,383,6,377,5086,NA
81165005068,5929,82352,NA,590,7,583,7712,NA
81165005073,5143,82450,1224,533,15,518,6695,43.55
81165005073,5143,82563,1269,491,15,476,6301,38.690000000000005
81165005073,5143,82453,1259,551,16,535,7054,43.760000000000005
81165005073,5143,82454,1299,548,23,525,6872,42.190000000000005
81165005073,5143,82455,NA,658,9,649,8664,NA
81165005073,5143,91278,NA,678,9,669,8936,NA
81165006004,5101,85649,1764,547,29,518,8537,31.01
81165006004,5101,85650,1580,581,7,574,9308,36.77
81165006004,5101,85651,1317,532,14,518,8768,40.39
81165006004,5101,85652,NA,1097,36,1061,18385,NA
81165006014,3438,66691,1228,483,12,471,7927,39.33
81165006014,3438,66687,1423,563,21,542,8726,39.56
81165006014,3438,66692,1352,542,15,527,8769,40.09
81165006014,3438,66688,1321,450,9,441,7405,34.07
81165006014,3438,66689,NA,761,13,748,12714,NA
81165006014,3438,66690,NA,830,11,819,14092,NA
81165006056,4155,68562,835,265,14,251,4902,31.74
81165006056,4155,68563,1328,410,20,390,7680,30.87
81165006056,4155,68564,1279,503,14,489,9808,39.33
81165006056,4155,68565,1024,328,14,314,5957,32.03
81165006056,4155,68566,1032,311,17,294,5634,30.14
81165006056,4155,68567,841,329,15,314,6031,39.120000000000005
81165006056,4155,68568,872,365,5,360,7123,41.86
81165006056,4155,68569,1278,475,20,455,8551,37.17
81165006056,4155,68570,1033,459,13,446,8599,44.43
81165006056,4155,68571,891,399,19,380,7397,44.78
81165006056,4155,68572,NA,2045,43,2002,41467,NA
81165007007,4803,82099,1399,581,15,566,7464,41.53
81165007007,4803,82100,1213,483,15,468,6002,39.82
81165007007,4803,82101,1048,422,11,411,5399,40.27
81165007007,4803,82102,827,322,9,313,4116,38.94
81165007007,4803,82103,NA,815,14,801,10674,NA
81165007007,4803,82112,NA,510,7,503,6778,NA
81165007027,4772,89823,2073,885,32,853,11222,42.690000000000005
81165007027,4772,89824,1793,759,23,736,9718,42.33
81165007027,4772,89825,NA,355,1,354,4714,NA
81165007027,4772,89826,NA,344,5,339,4446,NA
81165007027,4772,89827,NA,397,6,391,5265,NA
81165007037,2120,56458,1107,398,8,390,4502,35.949999999999996
81165007037,2120,56464,988,421,4,417,4685,42.61
81165007037,2120,56463,NA,406,7,399,4601,NA
81165007037,2120,62124,NA,325,3,322,3763,NA
81165007058,1622,53597,709,300,10,290,4616,42.309999999999995
81165007058,1622,53598,745,312,4,308,5196,41.879999999999995
81165007058,1622,53599,954,336,7,329,5470,35.220000000000006
81165007058,1622,53600,777,294,6,288,4734,37.84
81165007058,1622,53601,961,357,19,338,5491,37.15
81165007058,1622,53602,764,287,6,281,4630,37.57
81165007058,1622,53603,841,332,14,318,5347,39.48
81165007058,1622,53604,842,315,9,306,5117,37.41
81165007058,1622,53605,NA,468,10,458,7726,NA
81165007058,1622,53606,NA,532,9,523,8941,NA
81165007058,1622,53607,NA,496,7,489,8280,NA
81165008012,1787,54575,1189,529,37,492,6285,44.49
81165008012,1787,54576,1208,537,31,506,6371,44.45
81165008012,1787,54577,335,186,22,164,1971,55.52
81165008012,1787,54578,NA,666,33,633,8201,NA
81165008043,2986,85860,1394,603,15,588,5586,43.260000000000005
81165008043,2986,85861,NA,433,13,420,4055,NA
81165008070,2599,60766,1550,573,34,539,8833,36.97
81165008070,2599,60767,1549,540,40,500,7864,34.86
81165008070,2599,60768,1540,538,30,508,8313,34.94
81165008070,2599,60769,1351,611,24,587,9801,45.23
81165008070,2599,60770,1308,417,32,385,6181,31.88
81165008070,2599,60771,589,237,15,222,3552,40.24
81165008070,2599,60772,NA,1217,48,1169,19894,NA
81165008070,2599,60773,NA,998,20,978,16149,NA
81165009035,1947,54686,926,356,8,348,5601,38.44
81165009035,1947,54687,1105,430,11,419,6643,38.91
81165009035,1947,54688,1046,413,6,407,6771,39.48
81165009035,1947,54689,1037,355,5,350,5701,34.230000000000004
81165009035,1947,54690,933,348,10,338,5562,37.3
81165009035,1947,54691,883,387,13,374,6151,43.83
81165009035,1947,54692,816,265,9,256,4293,32.48
81165009035,1947,54693,701,270,3,267,4470,38.52
81165009035,1947,54694,NA,515,6,509,8678,NA
81165009035,1947,54695,NA,636,3,633,10885,NA
81165009035,1947,54696,NA,506,2,504,8488,NA
81165009035,1947,54697,NA,483,7,476,8248,NA
81165009071,2844,61905,1175,381,20,361,6758,32.43
81165009071,2844,61906,1206,463,30,433,8335,38.39
81165009071,2844,61907,1017,438,20,418,7886,43.07
81165009071,2844,61908,840,343,20,323,6029,40.83
81165009071,2844,61909,869,321,9,312,5903,36.94
81165009071,2844,61910,1168,475,14,461,8671,40.67
81165009071,2844,61911,977,363,22,341,6718,37.15
81165009071,2844,61912,1002,368,16,352,6751,36.73
81165009071,2844,61913,1166,419,11,408,7767,35.93
81165009071,2844,61914,916,350,4,346,6891,38.21
81165009071,2844,61915,840,313,15,298,5778,37.260000000000005
81165009071,2844,61916,909,351,17,334,6631,38.61
81165009071,2844,61917,NA,610,15,595,12157,NA
81165009071,2844,61918,NA,691,14,677,13789,NA
81165009071,2844,61919,NA,642,10,632,12721,NA
81165009071,2844,61920,NA,779,6,773,15822,NA
81170010010,4075,69915,1332,568,19,549,8563,42.64
81170010010,4075,69916,1193,440,13,427,6775,36.879999999999995
81170010010,4075,69917,941,398,23,375,5556,42.3
81170010010,4075,69918,432,239,4,235,3683,55.32
81170010010,4075,69919,481,257,10,247,3881,53.43
81170010010,4075,69920,NA,556,14,542,8783,NA
81170010010,4075,69921,NA,557,9,548,9050,NA
81175001006,2424,59277,1323,440,21,419,4484,33.260000000000005
81175001006,2424,59278,1261,519,22,497,5252,41.16
81175001006,2424,59279,430,186,4,182,1889,43.260000000000005
81175001006,2424,59281,NA,804,19,785,8456,NA
81175001014,4087,70001,1555,584,19,565,9035,37.56
81175001014,4087,70002,1428,537,20,517,8247,37.61
81175001014,4087,70003,1214,399,21,378,5661,32.87
81175001014,4087,70004,NA,823,10,813,12967,NA
81175001014,4087,70005,NA,466,7,459,7550,NA
81175002018,6760,91205,756,298,1,297,5816,39.42
81175002018,6760,91218,843,345,10,335,6829,40.93
81175002018,6760,91219,800,342,10,332,6709,42.75
81175002018,6760,91220,859,352,19,333,6543,40.98
81175002018,6760,91221,872,330,6,324,6595,37.84
81175002018,6760,91223,718,204,3,201,3836,28.41
81175002018,6760,91224,732,309,9,300,5612,42.21
81175002018,6760,91225,556,240,11,229,4469,43.17
81175002018,6760,91226,638,287,5,282,5508,44.98
81175002018,6760,91227,341,200,9,191,3842,58.65
81175002018,6760,91228,84,62,0,62,1222,73.81
81175002018,6760,91229,811,364,9,355,6791,44.879999999999995
81175002018,6760,91230,927,400,8,392,7500,43.15
81175002018,6760,91231,899,426,8,418,7877,47.39
81175002018,6760,91233,683,292,7,285,5688,42.75
81175002018,6760,91232,847,357,6,351,6842,42.15
81175002018,6760,91234,NA,651,59,592,12239,NA
81175002018,6760,91235,NA,574,8,566,11255,NA
81175002018,6760,91237,NA,627,12,615,12814,NA
81175002018,6760,91238,NA,648,9,639,12562,NA
81175002044,2075,93278,1523,632,15,617,8172,41.5
81175002044,2075,93279,1557,653,16,637,8305,41.94
81175002044,2075,93280,NA,405,14,391,5290,NA
81175002044,2075,93281,NA,455,11,444,5997,NA
81175003019,2129,56700,910,297,23,274,5086,32.64
81175003019,2129,56701,850,277,13,264,5101,32.59
81175003019,2129,56702,857,328,23,305,5963,38.27
81175003019,2129,56703,893,404,27,377,7339,45.24
81175003019,2129,56704,963,417,24,393,7704,43.3
81175003019,2129,56705,857,245,17,228,3954,28.59
81175003019,2129,56706,706,267,12,255,4557,37.82
81175003019,2129,56707,867,225,18,207,3531,25.95
81175003019,2129,56708,870,302,14,288,5391,34.71
81175003019,2129,56709,900,313,19,294,5792,34.78
81175003019,2129,56710,975,327,16,311,5835,33.54
81175003019,2129,56711,1011,451,30,421,8265,44.61
81175003019,2129,56712,939,374,21,353,6997,39.83
81175003019,2129,56713,1034,361,16,345,6504,34.91
81175003019,2129,56714,677,225,16,209,3949,33.230000000000004
81175003019,2129,56715,891,237,14,223,3995,26.6
81175003019,2129,56716,895,262,12,250,4781,29.27
81175003019,2129,56717,463,211,5,206,4027,45.57
81175003019,2129,56718,NA,543,11,532,10822,NA
81175003019,2129,56719,NA,433,11,422,8649,NA
81175003019,2129,56720,NA,491,12,479,9482,NA
81175003019,2129,56721,NA,471,8,463,9265,NA
81175003019,2129,56722,NA,462,18,444,8899,NA
81175003037,2422,59286,1943,969,11,958,8636,49.87
81175003037,2422,59287,NA,454,1,453,4034,NA
81175003042,6654,93343,1112,386,20,366,5642,34.71
81175003042,6654,93347,1050,422,13,409,6536,40.190000000000005
81175003042,6654,93353,941,384,11,373,6085,40.809999999999995
81175003042,6654,93354,938,412,13,399,6548,43.92
81175003042,6654,93355,896,415,8,407,6563,46.32
81175003042,6654,93356,1113,367,22,345,5321,32.97
81175003042,6654,93344,NA,405,3,402,6599,NA
81175003042,6654,93345,NA,494,3,491,8385,NA
81175003042,6654,93346,NA,348,5,343,5953,NA
81175004007,5877,90283,757,291,14,277,3395,38.44
81175004007,5877,90284,670,345,18,327,3714,51.49
81175004007,5877,90285,751,346,9,337,3964,46.07
81175004007,5877,90286,175,91,2,89,1079,52
81175004007,5877,90287,776,249,14,235,2942,32.09
81175004007,5877,90288,NA,503,14,489,6171,NA
81175004007,5877,90290,NA,456,17,439,5534,NA
81175004024,3586,67357,950,258,10,248,4823,27.16
81175004024,3586,67358,1328,329,16,313,6299,24.77
81175004024,3586,67359,1249,359,11,348,6941,28.74
81175004024,3586,67360,1169,284,18,266,4709,24.29
81175004024,3586,67361,1118,234,5,229,4175,20.93
81175004024,3586,67362,898,285,9,276,5270,31.74
81175004024,3586,67363,1157,324,1,323,6185,28
81175004024,3586,67364,1090,383,14,369,7337,35.14
81175004024,3586,67365,1092,377,14,363,7009,34.52
81175004024,3586,67366,1207,327,15,312,5713,27.09
81175004024,3586,67367,1342,433,9,424,8426,32.27
81175004024,3586,67368,1493,282,15,267,4287,18.89
81175004024,3586,67369,905,276,7,269,5097,30.5
81175004024,3586,67370,1072,343,7,336,6440,32
81175004024,3586,67371,516,259,7,252,5134,50.190000000000005
81175004024,3586,67372,699,340,22,318,6125,48.64
81175004024,3586,67373,217,123,2,121,2231,56.68
81175004024,3586,67374,217,111,3,108,2203,51.15
81175004024,3586,67375,1178,468,15,453,8966,39.73
81175004024,3586,67376,750,362,14,348,6958,48.27
81175004024,3586,67377,NA,1081,12,1069,21668,NA
81175004024,3586,67378,NA,1083,19,1064,21574,NA
81175004024,3586,67379,NA,1144,10,1134,23452,NA
81175004033,2026,55849,1390,575,15,560,9100,41.37
81175004033,2026,55850,1538,503,19,484,7815,32.7
81175004033,2026,55851,1579,528,2,526,8504,33.44
81175004033,2026,55852,NA,528,1,527,8840,NA
81175004033,2026,55853,NA,531,6,525,8814,NA
81175005026,1791,82024,1065,335,17,318,10495,31.459999999999997
81175005026,1791,82025,1052,279,14,265,8502,26.52
81175005026,1791,82026,1052,310,8,302,10231,29.47
81175005026,1791,82027,1197,408,12,396,13713,34.09
81175005026,1791,82028,1799,385,17,368,11793,21.4
81175005026,1791,82030,1016,335,12,323,10957,32.97
81175005026,1791,82031,989,367,6,361,12443,37.11
81175005026,1791,82032,1002,335,11,324,10713,33.43
81175005026,1791,82033,1014,393,11,382,13445,38.760000000000005
81175005026,1791,82034,1400,364,14,350,11312,26
81175005026,1791,82113,681,235,7,228,7780,34.51
81175005026,1791,82036,727,331,12,319,11322,45.53
81175005026,1791,82037,831,276,8,268,9223,33.21
81175005026,1791,82038,1016,353,15,338,11776,34.74
81175005026,1791,82039,817,301,16,285,10097,36.84
81175005026,1791,82040,906,318,16,302,9843,35.1
81175005026,1791,82041,1159,316,15,301,8730,27.26
81175005026,1791,82042,1178,293,20,273,8980,24.87
81175005026,1791,82043,1238,418,10,408,13875,33.760000000000005
81175005026,1791,82044,1207,443,11,432,15161,36.7
81175005026,1791,82046,1064,369,13,356,11971,34.68
81175005026,1791,82047,1040,437,7,430,14882,42.02
81175005026,1791,82048,1040,425,20,405,14027,40.87
81175005026,1791,82050,552,231,6,225,7572,41.849999999999994
81175005026,1791,82051,716,307,10,297,10091,42.879999999999995
81175005026,1791,82052,1099,383,8,375,12871,34.849999999999994
81175005026,1791,82053,1144,476,21,455,15535,41.61
81175005026,1791,82055,1031,393,11,382,12490,38.120000000000005
81175005026,1791,82057,1028,378,14,364,12089,36.77
81175005026,1791,82056,1026,363,13,350,11433,35.379999999999995
81175005026,1791,82058,1306,497,15,482,16994,38.06
81175005026,1791,82059,1290,492,19,473,16055,38.14
81175005026,1791,82060,686,208,12,196,6105,30.32
81175005026,1791,82062,990,436,7,429,14350,44.04
81175005026,1791,82063,584,286,10,276,9415,48.97
81175005026,1791,82064,1075,386,8,378,12877,35.91
81175005026,1791,82065,1100,390,6,384,12466,35.449999999999996
81175005026,1791,82066,1066,385,12,373,12540,36.120000000000005
81175005026,1791,82067,1089,421,11,410,14263,38.66
81175005026,1791,82068,638,282,8,274,9466,44.2
81175005026,1791,82069,921,363,10,353,11379,39.41
81175005026,1791,82070,NA,343,8,335,11958,NA
81175005026,1791,82071,NA,267,3,264,9648,NA
81175005026,1791,82072,NA,302,9,293,10478,NA
81175005026,1791,82073,NA,287,12,275,10375,NA
81175005026,1791,82074,NA,284,7,277,10317,NA
81175005026,1791,82075,NA,325,4,321,11645,NA
81175005026,1791,82076,NA,333,11,322,11376,NA
81175005026,1791,82077,NA,297,5,292,10539,NA
81175005026,1791,82078,NA,348,2,346,12506,NA
81175005026,1791,82215,NA,298,9,289,10441,NA
81175005026,1791,82245,NA,301,8,293,10487,NA
81175005026,1791,82221,NA,332,6,326,11689,NA
81175005026,1791,82311,NA,269,3,266,9835,NA
81175005026,1791,82312,NA,140,3,137,4739,NA
81175005026,1791,82079,NA,303,10,293,10600,NA
81175005026,1791,82222,NA,305,3,302,10662,NA
81175005026,1791,82080,NA,266,3,263,8881,NA
81175005026,1791,82083,NA,380,12,368,13394,NA
81175005026,1791,82244,NA,355,11,344,12541,NA
81175005026,1791,82081,NA,280,11,269,9630,NA
81175005026,1791,82082,NA,281,3,278,10016,NA
81175005026,1791,82343,NA,217,3,214,7474,NA
81175005026,1791,82084,NA,256,2,254,9117,NA
81175005026,1791,82085,NA,276,5,271,9639,NA
81175005026,1791,82086,NA,236,2,234,8133,NA
81175005026,1791,82087,NA,296,6,290,10210,NA
81175005026,1791,82325,NA,276,7,269,9265,NA
81175005053,2247,59131,1666,786,27,759,8561,47.18
81175005053,2247,59132,1603,697,15,682,7752,43.48
81175005053,2247,59133,NA,786,8,778,8880,NA
81175005055,6086,91655,1417,572,6,566,4708,40.37
81175005055,6086,91656,831,324,4,320,2723,38.99
81175005055,6086,91657,392,142,4,138,1073,36.220000000000006
81175005055,6086,91658,NA,408,2,406,3225,NA
81175005055,6086,91659,NA,308,2,306,2539,NA
81175006015,1721,54415,1324,441,15,426,8138,33.309999999999995
81175006015,1721,54416,1899,665,29,636,11682,35.02
81175006015,1721,54417,1218,383,14,369,6751,31.44
81175006015,1721,54418,1522,571,16,555,10468,37.52
81175006015,1721,54419,1207,518,19,499,7603,42.92
81175006015,1721,54420,1361,485,18,467,7498,35.64
81175006015,1721,54421,NA,876,22,854,16493,NA
81175006015,1721,54422,NA,808,16,792,15558,NA
81175006015,1721,54423,NA,743,29,714,11962,NA
81175006025,5502,88606,1159,465,15,450,5948,40.120000000000005
81175006025,5502,88607,1273,542,13,529,7012,42.58
81175006025,5502,88608,1179,505,8,497,6476,42.83
81175006025,5502,88609,NA,460,2,458,6085,NA
81175006025,5502,88610,NA,443,4,439,5880,NA
81175006049,4770,83910,1272,450,30,420,6644,35.379999999999995
81175006049,4770,83911,892,385,32,353,5569,43.16
81175006049,4770,83912,1287,474,13,461,7479,36.83
81175006049,4770,83913,820,349,18,331,5454,42.56
81175006049,4770,83914,796,360,18,342,5615,45.23
81175006049,4770,83915,739,305,10,295,4794,41.27
81175006049,4770,83916,790,301,20,281,4357,38.1
81175006049,4770,83917,874,372,19,353,5337,42.56
81175006049,4770,83918,NA,1570,9,1561,26305,NA
81175006061,6952,92383,1281,455,9,446,3901,35.52
81175006061,6952,92384,823,355,3,352,3224,43.13
81175006061,6952,92800,NA,550,7,543,4951,NA
81175007035,7012,92260,862,406,4,402,2578,47.1
81175007035,7012,92261,NA,187,0,187,1110,NA
81175007058,5652,90231,1543,1011,9,1002,11400,65.52
81175008009,6103,91423,1506,676,17,659,6174,44.89
81175008009,6103,91424,NA,372,3,369,3543,NA
81175008038,6705,93517,1412,520,12,508,7937,36.83
81175008038,6705,93518,1400,532,9,523,8276,38
81175008038,6705,93519,1532,617,30,587,9393,40.27
81175008038,6705,93520,NA,1228,19,1209,20054,NA
81175009012,6428,92738,1320,506,11,495,6612,38.33
81175009012,6428,92739,1392,581,15,566,7362,41.74
81175009012,6428,92740,1401,531,10,521,6658,37.9
81175009012,6428,92741,NA,511,4,507,6806,NA
81175009012,6428,92742,NA,750,11,739,9807,NA
81175009060,5864,90203,2561,1107,35,1072,12351,43.23
81175009060,5864,94253,NA,794,10,784,9183,NA
81175010003,6795,93618,1713,708,21,687,8823,41.33
81175010003,6795,93623,1743,687,19,668,8571,39.41
81175010003,6795,93624,NA,909,35,874,11577,NA
81175010051,4810,84469,839,378,24,354,7414,45.05
81175010051,4810,84470,971,312,14,298,6212,32.13
81175010051,4810,84471,668,263,12,251,5374,39.37
81175010051,4810,84472,625,242,13,229,4542,38.720000000000006
81175010051,4810,84473,607,264,13,251,5343,43.49
81175010051,4810,84474,808,234,11,223,4620,28.959999999999997
81175010051,4810,84475,513,248,9,239,5135,48.34
81175010051,4810,84476,678,307,12,295,6513,45.28
81175010051,4810,84477,656,211,7,204,4340,32.160000000000004
81175010051,4810,84478,694,247,11,236,5166,35.59
81175010051,4810,84479,413,206,12,194,4045,49.879999999999995
81175010051,4810,84480,432,174,6,168,3194,40.28
81175010051,4810,84482,482,194,7,187,3760,40.25
81175010051,4810,84483,662,318,16,302,5967,48.04
81175010051,4810,84484,714,307,11,296,6068,43
81175010051,4810,84485,503,223,9,214,4267,44.33
81175010051,4810,84486,612,255,21,234,4651,41.67
81175010051,4810,84487,NA,545,11,534,12210,NA
81175010051,4810,91375,NA,526,27,499,10679,NA
81175010051,4810,92082,NA,538,18,520,11594,NA
81175010051,4810,92083,NA,537,14,523,11190,NA
81175011020,5991,54551,926,414,23,391,3679,44.71
81175011020,5991,54552,864,402,23,379,3435,46.53
81175011020,5991,54553,NA,485,14,471,4466,NA
81175011030,5781,84810,1259,348,20,328,4282,27.64
81175011030,5781,84811,1071,410,10,400,5156,38.28
81175011030,5781,84812,1040,457,18,439,5846,43.94
81175011030,5781,84813,989,391,19,372,4855,39.53
81175011030,5781,84814,NA,1050,15,1035,13999,NA
81180003003,5801,88425,1163,371,7,364,6050,31.9
81180003003,5801,88426,994,373,5,368,5926,37.53
81180003003,5801,88427,1611,622,10,612,10160,38.61
81180003003,5801,88428,1427,502,15,487,8041,35.18
81180003003,5801,88429,1144,459,12,447,7544,40.120000000000005
81180003003,5801,88430,1648,564,16,548,8865,34.220000000000006
81180003003,5801,88431,1256,482,22,460,7652,38.379999999999995
81180003003,5801,88432,944,318,19,299,4462,33.690000000000005
81180003003,5801,88433,NA,1018,1,1017,17525,NA
81180003003,5801,88434,NA,993,14,979,16731,NA
81180003003,5801,88435,NA,808,8,800,13736,NA
81180011011,2147,56739,1662,503,19,484,11350,30.26
81180011011,2147,56740,1629,554,13,541,12760,34.01
81180011011,2147,56741,2013,645,18,627,14850,32.04
81180011011,2147,56742,1181,511,6,505,12211,43.27
81180011011,2147,56743,1696,573,13,560,13359,33.790000000000006
81180011011,2147,56744,1115,456,12,444,10762,40.9
81180011011,2147,56745,906,388,12,376,9178,42.83
81180011011,2147,56746,1405,514,6,508,11997,36.58
81180011011,2147,56747,1334,541,13,528,12285,40.55
81180011011,2147,56748,1418,594,14,580,13967,41.89
81180011011,2147,56749,1572,520,7,513,12010,33.08
81180011011,2147,56750,1326,461,13,448,10636,34.77
81180011011,2147,56751,1214,448,14,434,10310,36.9
81180011011,2147,56752,NA,1081,17,1064,25900,NA
81180011011,2147,56753,NA,833,8,825,20169,NA
81180011011,2147,56754,NA,780,16,764,18389,NA
81180011011,2147,56758,NA,507,6,501,12431,NA
81180011011,2147,56755,NA,828,12,816,19690,NA
81180011011,2147,56756,NA,1100,20,1080,25953,NA
81180019019,1754,60284,1124,435,6,429,8993,38.7
81180019019,1754,60285,1114,427,7,420,8341,38.33
81180019019,1754,60286,1127,464,8,456,9242,41.17
81180019019,1754,60287,1173,490,4,486,9744,41.77
81180019019,1754,60288,964,430,5,425,8652,44.61
81180019019,1754,60289,944,427,8,419,8348,45.23
81180019019,1754,60290,842,315,7,308,5769,37.41
81180019019,1754,60291,700,254,9,245,4884,36.290000000000006
81180019019,1754,60292,822,262,6,256,5162,31.87
81180019019,1754,60293,802,340,9,331,6628,42.39
81180019019,1754,60294,962,381,8,373,7076,39.6
81180019019,1754,60295,685,261,10,251,5028,38.1
81180019019,1754,60296,784,298,9,289,5684,38.01
81180019019,1754,60297,900,366,6,360,7313,40.67
81180019019,1754,60298,807,322,9,313,6187,39.9
81180019019,1754,60299,1072,398,11,387,8060,37.13
81180019019,1754,60300,NA,844,14,830,17441,NA
81180019019,1754,60301,NA,822,6,816,17148,NA
81180019019,1754,60302,NA,843,11,832,17420,NA
81180019019,1754,60303,NA,846,11,835,17409,NA
81180019019,1754,60304,NA,890,7,883,18335,NA
81180021021,5558,85281,914,354,5,349,5744,38.73
81180021021,5558,85282,1384,464,13,451,7212,33.53
81180021021,5558,85283,1392,608,17,591,9675,43.68
81180021021,5558,85284,945,411,13,398,6610,43.49
81180021021,5558,85285,1104,474,15,459,7266,42.93
81180021021,5558,85286,668,303,11,292,4889,45.36
81180021021,5558,85287,NA,834,9,825,13864,NA
81180021021,5558,85288,NA,783,15,768,12621,NA
81180046046,2650,60818,1121,373,12,361,7666,33.27
81180046046,2650,60819,1195,380,15,365,8318,31.8
81180046046,2650,60820,1617,476,18,458,10137,29.44
81180046046,2650,60821,863,367,10,357,8280,42.53
81180046046,2650,60822,944,374,8,366,8361,39.620000000000005
81180046046,2650,60823,1175,462,6,456,10674,39.32
81180046046,2650,60824,855,302,8,294,6529,35.32
81180046046,2650,60825,1129,438,12,426,10083,38.8
81180046046,2650,60826,827,286,12,274,6345,34.58
81180046046,2650,60827,762,304,19,285,6702,39.9
81180046046,2650,60828,1095,358,8,350,8083,32.690000000000005
81180046046,2650,60829,771,273,13,260,5929,35.41
81180046046,2650,60830,775,293,15,278,6560,37.809999999999995
81180046046,2650,60831,1101,358,14,344,7893,32.52
81180046046,2650,60832,934,287,12,275,6179,30.73
81180046046,2650,60833,1085,364,15,349,7850,33.55
81180046046,2650,60834,878,274,11,263,5888,31.21
81180046046,2650,60835,994,308,21,287,6607,30.99
81180046046,2650,60836,1105,434,18,416,9538,39.28
81180046046,2650,60837,1030,335,11,324,7296,32.52
81180046046,2650,60838,1269,472,15,457,10493,37.190000000000005
81180046046,2650,60839,1060,457,14,443,10122,43.11
81180046046,2650,60840,862,368,14,354,8297,42.690000000000005
81180046046,2650,60841,860,354,7,347,8157,41.16
81180046046,2650,60842,NA,609,8,601,14477,NA
81180046046,2650,60843,NA,657,6,651,15600,NA
81180046046,2650,60844,NA,645,20,625,15158,NA
81180046046,2650,60845,NA,638,7,631,15083,NA
81180046046,2650,60846,NA,635,14,621,14877,NA
81180046046,2650,60847,NA,629,6,623,15159,NA
81180046046,2650,60848,NA,622,10,612,14826,NA
81180046046,2650,60850,NA,663,16,647,15623,NA
81180048048,1726,62555,1126,407,6,401,14367,36.15
81180048048,1726,62556,1132,409,16,393,13533,36.13
81180048048,1726,62557,1147,359,9,350,12640,31.3
81180048048,1726,62558,1142,414,16,398,13955,36.25
81180048048,1726,62559,1061,414,5,409,14772,39.02
81180048048,1726,62560,1096,395,12,383,13817,36.04
81180048048,1726,62561,1077,387,11,376,12733,35.93
81180048048,1726,62562,1184,435,10,425,14518,36.74
81180048048,1726,62563,1173,316,17,299,10029,26.94
81180048048,1726,62564,1203,556,14,542,19067,46.220000000000006
81180048048,1726,62565,1179,417,9,408,14397,35.37
81180048048,1726,62566,1001,361,7,354,12737,36.06
81180048048,1726,62567,939,310,6,304,11007,33.01
81180048048,1726,62568,1177,486,10,476,16994,41.290000000000006
81180048048,1726,62569,1412,448,8,440,15999,31.73
81180048048,1726,62570,1481,506,9,497,17665,34.17
81180048048,1726,62571,1197,325,7,318,11258,27.15
81180048048,1726,62572,1067,414,13,401,14625,38.8
81180048048,1726,62573,1389,389,11,378,13173,28.01
81180048048,1726,62574,829,264,8,256,8675,31.85
81180048048,1726,62575,876,353,5,348,12384,40.3
81180048048,1726,62576,1430,445,8,437,15468,31.12
81180048048,1726,62577,1110,333,14,319,10754,30
81180048048,1726,62578,1443,514,13,501,17426,35.620000000000005
81180048048,1726,62579,1260,392,7,385,13822,31.110000000000003
81180048048,1726,62580,1043,409,12,397,14321,39.21
81180048048,1726,62581,1089,414,7,407,14391,38.02
81180048048,1726,62582,1042,420,10,410,15083,40.309999999999995
81180048048,1726,62583,1059,391,17,374,12782,36.92
81180048048,1726,62584,1038,348,3,345,11718,33.53
81180048048,1726,62585,962,351,11,340,11495,36.49
81180048048,1726,62586,1113,265,8,257,8233,23.81
81180048048,1726,62587,1252,361,7,354,11550,28.83
81180048048,1726,62588,1232,372,19,353,11583,30.19
81180048048,1726,62589,1184,422,13,409,13974,35.64
81180048048,1726,62590,1102,475,8,467,16697,43.1
81180048048,1726,62591,1172,416,13,403,13827,35.49
81180048048,1726,62592,1094,459,13,446,15968,41.96
81180048048,1726,62593,1179,546,11,535,18597,46.309999999999995
81180048048,1726,62594,1187,479,12,467,16658,40.349999999999994
81180048048,1726,62595,1141,454,10,444,15515,39.790000000000006
81180048048,1726,62596,1222,561,15,546,20403,45.91
81180048048,1726,62597,597,239,1,238,8693,40.03
81180048048,1726,62598,1003,464,9,455,16471,46.260000000000005
81180048048,1726,62599,1159,477,10,467,16440,41.16
81180048048,1726,62600,1029,477,8,469,17243,46.36
81180048048,1726,62601,944,388,10,378,13429,41.1
81180048048,1726,62602,1242,522,3,519,18639,42.03
81180048048,1726,62603,1175,478,6,472,16511,40.68
81180048048,1726,62604,1202,480,7,473,16931,39.93
81180048048,1726,62605,1001,286,11,275,8254,28.57
81180048048,1726,62606,1233,489,6,483,16243,39.66
81180048048,1726,62607,1172,538,15,523,18268,45.9
81180048048,1726,62608,1217,517,14,503,17529,42.48
81180048048,1726,62609,1110,420,10,410,14129,37.84
81180048048,1726,62610,1088,411,13,398,13868,37.78
81180048048,1726,62611,1116,409,8,401,13925,36.65
81180048048,1726,62612,844,292,9,283,9371,34.6
81180048048,1726,62613,1330,518,16,502,17052,38.95
81180048048,1726,62614,NA,471,7,464,17349,NA
81180048048,1726,62615,NA,654,9,645,23879,NA
81180048048,1726,62616,NA,493,11,482,17776,NA
81180048048,1726,62617,NA,433,7,426,15882,NA
81180048048,1726,62618,NA,498,5,493,18255,NA
81180048048,1726,62619,NA,670,11,659,24345,NA
81180048048,1726,62620,NA,699,10,689,25765,NA
81180048048,1726,62621,NA,699,9,690,25346,NA
81180048048,1726,62622,NA,621,7,614,22916,NA
81180048048,1726,62623,NA,606,11,595,22211,NA
81180048048,1726,62624,NA,674,7,667,25447,NA
81180048048,1726,62625,NA,826,11,815,30383,NA
81180048048,1726,62626,NA,666,12,654,23621,NA
81180048048,1726,62627,NA,575,10,565,21070,NA
81180048048,1726,62628,NA,535,9,526,19256,NA
81180048048,1726,62629,NA,620,9,611,22801,NA
81180048048,1726,62630,NA,324,8,316,12052,NA
81180048048,1726,62631,NA,564,8,556,20461,NA
81180048048,1726,62632,NA,934,15,919,32606,NA
81180048048,1726,62633,NA,277,4,273,9993,NA
81180048048,1726,62634,NA,573,8,565,21106,NA
81180048048,1726,62635,NA,394,5,389,14213,NA
81180048048,1726,62636,NA,571,10,561,20407,NA
81180048048,1726,62637,NA,387,4,383,14324,NA
81180048048,1726,62638,NA,747,17,730,26794,NA
81180048048,1726,62639,NA,476,12,464,16581,NA
81180050050,2091,61662,1066,290,14,276,4742,27.2
81180050050,2091,61663,720,247,12,235,4123,34.309999999999995
81180050050,2091,61664,895,287,7,280,5142,32.07
81180050050,2091,61665,1343,396,19,377,6406,29.49
81180050050,2091,61666,1297,364,29,335,5902,28.06
81180050050,2091,61667,1110,316,20,296,5290,28.47
81180050050,2091,61668,1197,509,17,492,8723,42.52
81180050050,2091,61669,1002,379,14,365,6482,37.82
81180050050,2091,61670,874,269,14,255,4629,30.78
81180050050,2091,61671,998,401,17,384,6367,40.18
81180050050,2091,61672,840,294,16,278,4474,35
81180050050,2091,61673,NA,711,13,698,13383,NA
81180050050,2091,61674,NA,615,14,601,11473,NA
81180050050,2091,61675,NA,918,20,898,17028,NA
81180050050,2091,61701,NA,787,20,767,14382,NA
81180051051,5432,89549,1481,498,27,471,9202,33.63
81180051051,5432,89550,1235,449,10,439,8673,36.36
81180051051,5432,89551,1721,652,47,605,11623,37.879999999999995
81180051051,5432,89552,1434,548,17,531,10227,38.21
81180051051,5432,89554,1193,429,15,414,8061,35.96
81180051051,5432,89555,1088,377,30,347,6574,34.65
81180051051,5432,89556,NA,703,10,693,13984,NA
81180051051,5432,89557,NA,580,8,572,11605,NA
81180051051,5432,89558,NA,653,17,636,13047,NA
81180060060,6345,92401,1116,368,8,360,5730,32.97
81180060060,6345,92402,920,347,20,327,5181,37.720000000000006
81180060060,6345,92403,1110,411,23,388,6074,37.03
81180060060,6345,92404,1189,497,15,482,7413,41.8
81180060060,6345,92405,1292,622,25,597,9196,48.14
81180060060,6345,92406,363,185,11,174,2429,50.96
81180060060,6345,92407,NA,887,21,866,14272,NA
81180060060,6345,92408,NA,717,21,696,10990,NA
81180076076,1996,65507,1697,545,11,534,9959,32.1
81180076076,1996,65508,1513,469,15,454,8385,31
81180076076,1996,65509,1414,465,8,457,8527,32.9
81180076076,1996,65510,1614,546,19,527,10075,33.8
81180076076,1996,65513,1751,727,28,699,13483,41.5
81180076076,1996,65514,1141,441,14,427,8061,38.7
81180076076,1996,65515,1119,417,19,398,7340,37.3
81180076076,1996,65516,1111,450,17,433,7736,40.5
81180076076,1996,65518,890,323,14,309,5763,36.3
81180076076,1996,65519,891,381,13,368,6923,42.8
81180076076,1996,65520,652,277,12,265,5078,42.5
81180076076,1996,65521,313,175,6,169,3154,55.9
81180076076,1996,65522,545,232,3,229,4143,42.6
81180076076,1996,65523,NA,338,4,334,6613,NA
81180076076,1996,65524,NA,291,2,289,5643,NA
81180076076,1996,65525,NA,302,6,296,5877,NA
81180076076,1996,65543,NA,360,3,357,7203,NA
81180076076,1996,65544,NA,285,7,278,5441,NA
81180076076,1996,65545,NA,918,12,906,17720,NA
81180076076,1996,83014,NA,983,9,974,18397,NA
81180080080,2982,63466,1058,428,5,423,8720,40.5
81180080080,2982,63467,1026,418,14,404,8027,40.7
81180080080,2982,63468,898,349,7,342,7031,38.9
81180080080,2982,63469,1053,461,12,449,9277,43.8
81180080080,2982,63470,898,334,6,328,6632,37.2
81180080080,2982,63471,914,369,7,362,7454,40.4
81180080080,2982,63472,885,368,11,357,7280,41.6
81180080080,2982,63473,780,294,6,288,6008,37.7
81180080080,2982,63474,1081,501,16,485,9935,46.3
81180080080,2982,63475,954,292,8,284,5695,30.6
81180080080,2982,63476,995,360,14,346,6877,36.2
81180080080,2982,63477,1172,485,17,468,9369,41.4
81180080080,2982,63478,1106,443,16,427,8373,40.1
81180080080,2982,63479,1014,457,11,446,9012,45.1
81180080080,2982,63480,915,360,14,346,6769,39.3
81180080080,2982,63482,NA,555,10,545,11408,NA
81180080080,2982,63483,NA,669,12,657,13698,NA
81180080080,2982,63484,NA,572,11,561,11591,NA
81180080080,2982,63485,NA,576,9,567,11778,NA
81180080080,2982,63486,NA,571,5,566,11796,NA
81180080080,2982,63487,NA,572,10,562,11827,NA
81180081081,3067,64047,1091,373,10,363,8493,34.190000000000005
81180081081,3067,64048,1205,446,15,431,10051,37.01
81180081081,3067,64049,1199,416,17,399,9425,34.7
81180081081,3067,64050,1666,586,16,570,13021,35.17
81180081081,3067,64051,1464,545,16,529,12206,37.23
81180081081,3067,64052,1506,488,27,461,10529,32.4
81180081081,3067,64053,1698,671,13,658,15483,39.52
81180081081,3067,64054,1254,441,9,432,9798,35.17
81180081081,3067,64055,1455,595,16,579,13562,40.89
81180081081,3067,64056,1636,594,29,565,13066,36.309999999999995
81180081081,3067,64057,1848,702,27,675,15336,37.99
81180081081,3067,64058,1689,634,22,612,14359,37.54
81180081081,3067,64059,1837,720,37,683,15514,39.190000000000005
81180081081,3067,64060,NA,899,14,885,21080,NA
81180081081,3067,64061,NA,834,9,825,20040,NA
81180081081,3067,64062,NA,822,7,815,19613,NA
81180081081,3067,64063,NA,701,15,686,16813,NA
81180081081,3067,64064,NA,414,6,408,9835,NA
81180081081,3067,64065,NA,460,11,449,10234,NA
81180081081,3067,64066,NA,519,6,513,12487,NA
81185001007,2134,56590,1796,596,21,575,9436,33.18
81185001007,2134,56591,1227,565,13,552,9123,46.05
81185001007,2134,56592,1274,559,22,537,8882,43.879999999999995
81185001007,2134,56593,1006,448,20,428,7174,44.53
81185001007,2134,56594,1512,570,16,554,9101,37.7
81185001007,2134,56595,1242,535,20,515,8550,43.08
81185001007,2134,56596,1849,754,14,740,12129,40.78
81185001007,2134,56597,NA,436,7,429,7218,NA
81185001007,2134,56598,NA,991,18,973,16460,NA
81185001007,2134,56599,NA,1109,9,1100,18646,NA
81185001016,5261,86881,1108,521,8,513,5960,47.02
81185001016,5261,86882,919,431,4,427,4760,46.9
81185001016,5261,86883,NA,313,2,311,3617,NA
81185001016,5261,86887,NA,197,3,194,2160,NA
81185001018,5498,91880,2018,788,20,768,9643,39.05
81185001018,5498,91881,1606,587,8,579,7439,36.55
81185001018,5498,91882,NA,768,9,759,9670,NA
81185001028,1674,85753,947,424,15,409,3748,44.77
81185001028,1674,85754,935,470,4,466,4279,50.27
81185001028,1674,85756,NA,439,4,435,4005,NA
81185001047,6812,93297,2332,913,19,894,11360,39.15
81185001047,6812,93298,2272,874,40,834,10555,38.47
81185001047,6812,93299,NA,1291,23,1268,16525,NA
81185001053,2492,59652,2730,1089,33,1056,12085,39.89
81185001053,2492,59653,NA,847,7,840,9693,NA
81185001074,6258,92078,1213,393,22,371,4148,32.4
81185001074,6258,92079,1359,537,27,510,5686,39.51
81185001074,6258,92080,NA,759,13,746,8563,NA
81185002071,4587,83424,1056,433,11,422,7066,41
81185002071,4587,83425,715,275,2,273,4526,38.46
81185002071,4587,83426,824,348,5,343,5801,42.23
81185002071,4587,83427,988,385,6,379,6235,38.97
81185002071,4587,83428,1159,506,8,498,8441,43.66
81185002071,4587,83429,800,322,7,315,5071,40.25
81185002071,4587,83430,845,343,10,333,5545,40.59
81185002071,4587,83431,769,310,11,299,4709,40.309999999999995
81185002071,4587,83432,855,344,6,338,5469,40.23
81185002071,4587,83433,809,381,11,370,6034,47.1
81185002071,4587,83434,1034,475,12,463,7731,45.94
81185002071,4587,83435,NA,695,11,684,11526,NA
81185002071,4587,83436,NA,959,7,952,16354,NA
81185002071,4587,83437,NA,791,8,783,13282,NA
81185002077,3150,64747,991,420,3,417,6883,42.379999999999995
81185002077,3150,64748,1107,450,14,436,6934,40.65
81185002077,3150,64749,1022,419,9,410,6535,41
81185002077,3150,64750,924,414,11,403,6867,44.809999999999995
81185002077,3150,64751,926,409,23,386,6431,44.17
81185002077,3150,64752,NA,400,5,395,6766,NA
81185002077,3150,64753,NA,414,7,407,6934,NA
81185002077,3150,64754,NA,299,3,296,5026,NA
81185002079,4531,55780,928,296,7,289,7914,31.9
81185002079,4531,55781,1067,380,8,372,10383,35.61
81185002079,4531,55782,1303,501,11,490,13816,38.45
81185002079,4531,55783,995,362,4,358,10081,36.379999999999995
81185002079,4531,55784,1235,450,5,445,12490,36.44
81185002079,4531,55785,1080,460,10,450,12895,42.59
81185002079,4531,55786,783,263,8,255,7075,33.59
81185002079,4531,55787,682,201,5,196,5262,29.47
81185002079,4531,55788,869,299,5,294,8048,34.41
81185002079,4531,55789,911,410,11,399,11455,45.01
81185002079,4531,55790,1024,472,10,462,12924,46.09
81185002079,4531,55791,891,295,16,279,7140,33.11
81185002079,4531,55792,844,319,17,302,8035,37.8
81185002079,4531,55793,610,217,8,209,5472,35.57
81185002079,4531,55794,696,274,7,267,6932,39.37
81185002079,4531,55795,926,360,7,353,9751,38.879999999999995
81185002079,4531,55796,681,311,9,302,7771,45.67
81185002079,4531,55797,706,247,7,240,6330,34.99
81185002079,4531,55798,628,258,9,249,6822,41.08
81185002079,4531,55799,788,246,11,235,5606,31.22
81185002079,4531,55800,899,311,12,299,7151,34.59
81185002079,4531,55801,1195,465,11,454,12130,38.91
81185002079,4531,55802,726,296,6,290,7811,40.77
81185002079,4531,55803,314,111,2,109,2727,35.349999999999994
81185002079,4531,55804,647,250,10,240,6676,38.64
81185002079,4531,55805,788,321,3,318,8896,40.74
81185002079,4531,55806,920,376,7,369,10332,40.87
81185002079,4531,55807,1048,349,2,347,9239,33.3
81185002079,4531,55808,933,375,7,368,9854,40.190000000000005
81185002079,4531,55809,1309,499,8,491,13407,38.120000000000005
81185002079,4531,55810,1082,497,15,482,13702,45.93
81185002079,4531,55811,1011,365,11,354,9195,36.1
81185002079,4531,55812,769,284,13,271,7129,36.93
81185002079,4531,55813,902,380,12,368,10565,42.13
81185002079,4531,55814,1427,514,5,509,13531,36.02
81185002079,4531,55815,808,331,3,328,8998,40.97
81185002079,4531,55816,907,359,8,351,9754,39.58
81185002079,4531,55819,NA,868,3,865,25004,NA
81185002079,4531,55820,NA,713,11,702,20355,NA
81185002079,4531,55821,NA,694,13,681,19997,NA
81185002079,4531,55822,NA,726,13,713,20586,NA
81185002079,4531,55823,NA,772,9,763,22680,NA
81185002079,4531,55824,NA,753,12,741,21641,NA
81185002079,4531,55825,NA,758,9,749,21999,NA
81185002079,4531,55826,NA,749,13,736,21868,NA
81185002079,4531,55827,NA,738,8,730,21404,NA
81185003010,4418,82711,1171,448,10,438,7335,38.260000000000005
81185003010,4418,82714,1527,525,9,516,8543,34.379999999999995
81185003010,4418,82715,1432,501,10,491,8177,34.99
81185003010,4418,82716,1102,416,27,389,6459,37.75
81185003010,4418,82717,391,182,2,180,2924,46.55
81185003010,4418,82718,615,295,4,291,4736,47.97
81185003010,4418,82712,NA,699,6,693,11884,NA
81185003010,4418,82713,NA,753,5,748,12847,NA
81185003015,2373,87967,1307,487,20,467,5190,37.260000000000005
81185003015,2373,87968,1167,428,14,414,4559,36.68
81185003015,2373,87969,NA,741,15,726,8354,NA
81185003040,2181,57127,1294,438,24,414,4974,33.849999999999994
81185003040,2181,57128,1558,581,15,566,7169,37.290000000000006
81185003040,2181,57129,1484,531,11,520,6321,35.78
81185003040,2181,57126,NA,857,6,851,11357,NA
81185004063,5564,85229,2332,816,25,791,10411,34.99
81185004063,5564,85230,2338,756,20,736,9810,32.339999999999996
81185004063,5564,85276,NA,653,9,644,8664,NA
81185004063,5564,85277,NA,710,5,705,9474,NA
81185004078,4061,69864,1804,608,13,595,11962,33.7
81185004078,4061,69865,1892,661,14,647,12857,34.94
81185004078,4061,69866,2312,793,16,777,15533,34.3
81185004078,4061,69867,2168,831,16,815,16314,38.33
81185004078,4061,69868,2127,776,24,752,15215,36.48
81185004078,4061,69869,2229,802,19,783,15753,35.98
81185004078,4061,69870,NA,1167,9,1158,24021,NA
81185004078,4061,69871,NA,1206,9,1197,24596,NA
81185004078,4061,69872,NA,1200,10,1190,24291,NA
81185005001,6903,92378,776,339,7,332,4461,43.690000000000005
81185005001,6903,92409,845,317,7,310,4078,37.51
81185005001,6903,92410,1032,446,9,437,5729,43.220000000000006
81185005001,6903,92411,845,428,8,420,5584,50.65
81185005001,6903,92412,NA,1092,15,1077,14566,NA
81185005006,5199,93521,932,329,8,321,4054,35.3
81185005006,5199,93522,867,320,8,312,4001,36.91
81185005006,5199,93523,1179,471,9,462,5996,39.95
81185005006,5199,93524,826,332,8,324,4171,40.190000000000005
81185005006,5199,93525,1083,476,7,469,6171,43.95
81185005006,5199,93936,NA,791,4,787,10521,NA
81185005006,5199,93937,NA,627,6,621,8199,NA
81185005014,4775,84134,1044,436,10,426,5632,41.760000000000005
81185005014,4775,84135,997,428,21,407,5352,42.93
81185005014,4775,84136,953,378,12,366,4734,39.66
81185005014,4775,84137,1019,438,11,427,5578,42.98
81185005014,4775,84138,NA,548,9,539,7237,NA
81185005014,4775,84139,NA,611,6,605,8049,NA
81185005049,5970,90809,1114,438,25,413,8132,39.32
81185005049,5970,90810,962,418,27,391,7806,43.45
81185005049,5970,90811,897,379,17,362,7140,42.25
81185005049,5970,90812,1280,578,29,549,11038,45.16
81185005049,5970,90813,962,402,19,383,7684,41.790000000000006
81185005049,5970,90814,883,380,20,360,7437,43.04
81185005049,5970,90815,704,255,15,240,4961,36.220000000000006
81185005049,5970,90816,1744,772,62,710,14182,44.27
81185005049,5970,90817,1076,436,25,411,7969,40.52
81185005049,5970,90818,679,344,31,313,5450,50.66
81185005049,5970,90819,709,299,25,274,4643,42.17
81185005049,5970,90820,702,336,20,316,5412,47.86
81185005049,5970,90821,NA,506,15,491,10105,NA
81185005049,5970,90823,NA,508,13,495,10374,NA
81185005049,5970,90824,NA,476,27,449,8594,NA
81185005049,5970,90825,NA,471,29,442,8918,NA
81185005049,5970,90826,NA,631,18,613,12860,NA
81185006027,4689,86937,2046,886,15,871,14601,43.3
81185006027,4689,86939,1965,758,38,720,11647,38.58
81185006027,4689,86940,1933,741,19,722,11767,38.33
81185006027,4689,86943,NA,688,6,682,11675,NA
81185006027,4689,86946,NA,761,2,759,12814,NA
81185006067,1723,83798,1329,447,10,437,7135,33.63
81185006067,1723,54407,1588,563,12,551,9065,35.449999999999996
81185006067,1723,54408,1225,479,10,469,7975,39.1
81185006067,1723,54409,1383,467,21,446,7431,33.77
81185006067,1723,54410,1383,583,21,562,9159,42.15
81185006067,1723,54411,1645,686,25,661,11045,41.7
81185006067,1723,83797,NA,758,6,752,12906,NA
81185006067,1723,83796,NA,741,10,731,12563,NA
81185006067,1723,54414,NA,612,7,605,10336,NA
81185007054,2427,55671,858,340,8,332,4398,39.63
81185007054,2427,55672,1251,501,10,491,6393,40.05
81185007054,2427,55673,951,361,7,354,4603,37.96
81185007054,2427,55674,1209,488,12,476,6248,40.36
81185007054,2427,55675,812,295,11,284,3651,36.33
81185007054,2427,55676,NA,325,7,318,4303,NA
81185007054,2427,55677,NA,573,4,569,7678,NA
81185007054,2427,55678,NA,496,4,492,6622,NA
81185007070,6122,85661,1130,516,29,487,9538,45.66
81185007070,6122,85666,1307,615,23,592,11193,47.05
81185007070,6122,85667,1230,578,19,559,10211,46.99
81185007070,6122,85668,1170,392,22,370,6782,33.5
81185007070,6122,85669,1299,528,26,502,9603,40.65
81185007070,6122,85670,1270,569,23,546,9252,44.8
81185007070,6122,85671,790,355,21,334,5860,44.94
81185007070,6122,85672,940,429,28,401,6804,45.64
81185007070,6122,85673,NA,1021,36,985,18091,NA
81185007070,6122,85674,NA,1154,27,1127,21944,NA
81185008012,5175,85826,581,239,9,230,3829,41.14
81185008012,5175,85827,792,344,10,334,5498,43.43
81185008012,5175,85828,660,273,8,265,4395,41.36
81185008012,5175,85829,778,255,16,239,3561,32.78
81185008012,5175,85830,821,333,6,327,5487,40.56
81185008012,5175,85831,814,350,3,347,5808,43
81185008012,5175,85832,709,300,12,288,4700,42.309999999999995
81185008012,5175,85833,NA,1431,10,1421,24088,NA
81185008059,3669,68208,1411,572,12,560,6388,40.5
81185008059,3669,68209,1205,572,5,567,6517,47.5
81185008059,3669,68210,NA,702,4,698,8155,NA
81185008068,3358,90827,1544,565,7,558,7303,36.59
81185008068,3358,90828,1380,504,14,490,6464,36.52
81185008068,3358,90829,1319,574,10,564,7399,43.52
81185008068,3358,90830,NA,1102,15,1087,14621,NA
81185008073,2685,61043,1267,245,5,240,5222,19.34
81185008073,2685,61044,978,325,14,311,7318,33.230000000000004
81185008073,2685,61045,1013,339,10,329,7562,33.46
81185008073,2685,61046,884,338,14,324,7465,38.24
81185008073,2685,61047,794,307,4,303,7075,38.66
81185008073,2685,61048,700,340,7,333,7917,48.57
81185008073,2685,61049,838,314,8,306,7086,37.47
81185008073,2685,61050,864,284,5,279,6699,32.87
81185008073,2685,61051,903,332,15,317,7362,36.77
81185008073,2685,61052,872,219,5,214,4874,25.110000000000003
81185008073,2685,61053,725,244,7,237,5221,33.660000000000004
81185008073,2685,61054,766,255,9,246,5484,33.290000000000006
81185008073,2685,61055,533,172,4,168,3955,32.27
81185008073,2685,61056,799,251,8,243,5616,31.41
81185008073,2685,61057,898,308,11,297,6834,34.3
81185008073,2685,61058,847,356,4,352,8215,42.03
81185008073,2685,61059,793,346,7,339,8029,43.63
81185008073,2685,61060,797,269,7,262,5947,33.75
81185008073,2685,61061,1020,459,15,444,9721,45
81185008073,2685,61062,1073,447,22,425,10225,41.66
81185008073,2685,61063,898,300,5,295,6877,33.41
81185008073,2685,61064,1007,389,14,375,8623,38.63
81185008073,2685,61065,1020,383,17,366,8574,37.55
81185008073,2685,61066,965,353,12,341,7299,36.58
81185008073,2685,61067,676,257,3,254,6088,38.02
81185008073,2685,61068,629,193,10,183,4284,30.68
81185008073,2685,61069,NA,1332,25,1307,31888,NA
81185008073,2685,61070,NA,1184,20,1164,28074,NA
81185008073,2685,61071,NA,1559,31,1528,36712,NA
81185008073,2685,61072,NA,1253,33,1220,28848,NA
81185008073,2685,61073,NA,1419,32,1387,32738,NA
81190001001,3209,65206,1554,677,12,665,10778,43.56
81190001001,3209,65207,1381,598,17,581,9626,43.3
81190001001,3209,65208,1520,760,24,736,12157,50
81190001001,3209,65209,627,292,3,289,4749,46.57
81190001001,3209,65210,649,338,3,335,5400,52.08
81190001001,3209,65211,NA,508,7,501,8398,NA
81190001001,3209,65212,NA,640,8,632,10642,NA
81190020020,3726,67038,767,246,10,236,6601,32.07
81190020020,3726,67039,785,305,9,296,8357,38.849999999999994
81190020020,3726,67040,1019,382,25,357,10388,37.49
81190020020,3726,67041,847,302,9,293,8185,35.660000000000004
81190020020,3726,67042,542,171,7,164,4603,31.55
81190020020,3726,67043,949,343,20,323,9142,36.14
81190020020,3726,67044,905,357,13,344,9973,39.45
81190020020,3726,67045,890,312,13,299,8671,35.06
81190020020,3726,67046,808,349,15,334,9695,43.190000000000005
81190020020,3726,67047,889,329,12,317,8949,37.01
81190020020,3726,67048,757,284,13,271,7846,37.52
81190020020,3726,67049,814,282,15,267,7322,34.64
81190020020,3726,67050,855,324,9,315,9029,37.89
81190020020,3726,67051,1044,375,12,363,10657,35.92
81190020020,3726,67052,887,298,10,288,8046,33.6
81190020020,3726,67053,1077,423,22,401,11690,39.28
81190020020,3726,67054,1009,410,18,392,11063,40.63
81190020020,3726,67055,1007,304,13,291,8618,30.19
81190020020,3726,67056,843,304,8,296,8619,36.06
81190020020,3726,67057,948,288,14,274,7972,30.38
81190020020,3726,67058,1036,381,25,356,10521,36.78
81190020020,3726,67059,934,361,9,352,10228,38.65
81190020020,3726,67060,1035,363,13,350,10155,35.07
81190020020,3726,67061,1103,457,12,445,12930,41.43
81190020020,3726,67062,1386,514,13,501,14433,37.09
81190020020,3726,67063,1147,425,6,419,12113,37.05
81190020020,3726,67064,1060,408,13,395,11212,38.49
81190020020,3726,67065,1114,419,25,394,11112,37.61
81190020020,3726,67066,1009,381,24,357,10421,37.760000000000005
81190020020,3726,67067,952,350,19,331,9637,36.760000000000005
81190020020,3726,67068,893,358,14,344,9810,40.09
81190020020,3726,67069,950,422,5,417,11971,44.42
81190020020,3726,67070,901,321,20,301,8593,35.63
81190020020,3726,67071,800,272,10,262,7531,34
81190020020,3726,67072,938,394,15,379,10820,42
81190020020,3726,67073,821,352,19,333,9660,42.87
81190020020,3726,67074,NA,736,16,720,21598,NA
81190020020,3726,67075,NA,787,13,774,23265,NA
81190020020,3726,67076,NA,648,6,642,19275,NA
81190020020,3726,67077,NA,655,9,646,19257,NA
81190020020,3726,67078,NA,699,18,681,20484,NA
81190020020,3726,67079,NA,744,13,731,21636,NA
81190020020,3726,67080,NA,736,9,727,21920,NA
81190020020,3726,67081,NA,710,11,699,21046,NA
81190020020,3726,91325,NA,678,15,663,20106,NA
81190020020,3726,91326,NA,718,13,705,21039,NA
81190041041,6829,93796,1260,483,8,475,8008,38.33
81190041041,6829,93797,1223,434,13,421,6787,35.49
81190041041,6829,93798,1039,418,18,400,6553,40.23
81190041041,6829,93799,1145,405,14,391,6419,35.37
81190041041,6829,93800,1181,396,12,384,6302,33.53
81190041041,6829,93801,1352,532,21,511,8293,39.349999999999994
81190041041,6829,93802,1414,546,10,536,8654,38.61
81190041041,6829,93803,NA,756,9,747,12597,NA
81190041041,6829,93804,NA,749,4,745,12525,NA
81190041041,6829,93805,NA,784,3,781,13023,NA
81190044044,5371,87332,1285,368,13,355,5725,28.64
81190044044,5371,87333,1212,400,21,379,6369,33
81190044044,5371,87334,860,309,10,299,5037,35.93
81190044044,5371,87335,1097,369,15,354,5773,33.64
81190044044,5371,87336,1021,364,17,347,5637,35.65
81190044044,5371,87337,1094,403,14,389,6203,36.84
81190044044,5371,87338,959,407,12,395,6344,42.44
81190044044,5371,87339,696,304,8,296,4942,43.68
81190044044,5371,87340,485,201,6,195,3255,41.44
81190044044,5371,87341,1267,582,17,565,9621,45.94
81190044044,5371,87342,827,340,8,332,5326,41.11
81190044044,5371,87343,NA,1069,16,1053,17885,NA
81190044044,5371,87344,NA,842,13,829,14325,NA
81190061061,5070,88314,1022,451,14,437,8725,44.13
81190061061,5070,88315,1078,427,9,418,8237,39.61
81190061061,5070,88316,1433,549,12,537,10493,38.309999999999995
81190061061,5070,88317,818,364,15,349,6780,44.5
81190061061,5070,88318,245,108,4,104,2021,44.08
81190061061,5070,88319,238,144,2,142,2839,60.5
81190061061,5070,88320,294,153,3,150,2951,52.04
81190061061,5070,88321,212,118,5,113,2245,55.66
81190061061,5070,88336,192,121,2,119,2350,63.02
81190061061,5070,88354,1376,543,20,523,10086,39.46
81190061061,5070,88355,1392,576,23,553,10352,41.379999999999995
81190061061,5070,88356,463,197,3,194,3724,42.55
81190061061,5070,88357,210,120,6,114,2142,57.14
81190061061,5070,88371,NA,550,6,544,10870,NA
81190061061,5070,88372,NA,511,4,507,10270,NA
81190061061,5070,88373,NA,528,6,522,10556,NA
81190079079,3594,67812,1670,486,29,457,12520,29.1
81190079079,3594,67813,1852,536,14,522,14463,28.94
81190079079,3594,67814,1272,472,35,437,11912,37.11
81190079079,3594,67815,1137,364,27,337,9284,32.01
81190079079,3594,67816,1538,333,22,311,7321,21.65
81190079079,3594,67817,1226,436,20,416,11581,35.56
81190079079,3594,67818,1061,355,39,316,8274,33.46
81190079079,3594,67819,1640,484,33,451,11333,29.51
81190079079,3594,67820,1389,373,33,340,8245,26.85
81190079079,3594,67821,1391,432,23,409,9816,31.06
81190079079,3594,67822,1365,371,24,347,9054,27.18
81190079079,3594,67823,1439,378,30,348,8400,26.27
81190079079,3594,67824,999,335,7,328,8898,33.53
81190079079,3594,67825,1005,257,16,241,6266,25.57
81190079079,3594,67826,1544,515,11,504,13550,33.349999999999994
81190079079,3594,67827,1190,391,25,366,8825,32.86
81190079079,3594,67828,922,286,25,261,6035,31.02
81190079079,3594,67829,1132,372,23,349,8948,32.86
81190079079,3594,67830,1125,464,11,453,12035,41.24
81190079079,3594,67831,943,376,22,354,9404,39.87
81190079079,3594,67832,1181,433,31,402,10855,36.66
81190079079,3594,67833,1384,521,17,504,13548,37.64
81190079079,3594,67834,992,313,28,285,7498,31.55
81190079079,3594,67835,1271,416,20,396,10370,32.730000000000004
81190079079,3594,67836,1322,471,39,432,10834,35.63
81190079079,3594,67837,928,299,17,282,7099,32.220000000000006
81190079079,3594,67838,1277,446,26,420,11144,34.93
81190079079,3594,67839,1061,432,17,415,11171,40.720000000000006
81190079079,3594,67840,815,282,21,261,6635,34.6
81190079079,3594,67841,916,329,13,316,8299,35.92
81190079079,3594,67842,1092,304,12,292,8140,27.84
81190079079,3594,67843,969,298,9,289,7812,30.75
81190079079,3594,67844,1010,354,14,340,8956,35.05
81190079079,3594,67845,1274,449,21,428,11759,35.24
81190079079,3594,67846,NA,743,14,729,20596,NA
81190079079,3594,67847,NA,882,17,865,24901,NA
81190079079,3594,67848,NA,743,13,730,20632,NA
81190079079,3594,67849,NA,914,17,897,25842,NA
81190079079,3594,67850,NA,1058,22,1036,30189,NA
81190079079,3594,67851,NA,814,15,799,23581,NA
81190079079,3594,67852,NA,841,14,827,24480,NA
81190079079,3594,67853,NA,537,7,530,15333,NA
81190079079,3594,67854,NA,734,22,712,20966,NA
81190079079,3594,67855,NA,813,14,799,23195,NA
81190079079,3594,67856,NA,707,15,692,20188,NA
81190089089,4179,68400,1634,713,22,691,11094,43.64
81190089089,4179,68401,1063,499,18,481,7603,46.94
81190089089,4179,68402,641,366,4,362,5797,57.1
81190089089,4179,68403,1985,832,29,803,12839,41.91
81190089089,4179,68404,NA,732,9,723,11667,NA
81190089089,4179,68405,NA,656,15,641,10354,NA
81190090090,3485,67094,1201,411,12,399,8077,34.220000000000006
81190090090,3485,67082,1350,511,17,494,10110,37.849999999999994
81190090090,3485,67083,1173,505,17,488,10076,43.05
81190090090,3485,67084,1164,478,12,466,9476,41.07
81190090090,3485,67085,533,245,12,233,4733,45.97
81190090090,3485,67095,1033,439,6,433,8741,42.5
81190090090,3485,67086,1207,529,16,513,10448,43.83
81190090090,3485,67087,1260,519,19,500,10103,41.190000000000005
81190090090,3485,67096,738,286,9,277,5601,38.75
81190090090,3485,67088,708,254,17,237,4781,35.879999999999995
81190090090,3485,67089,549,266,9,257,5210,48.45
81190090090,3485,67090,NA,713,13,700,14507,NA
81190090090,3485,67091,NA,795,13,782,16309,NA
81190090090,3485,67092,NA,674,13,661,13712,NA
81190090090,3485,67093,NA,662,10,652,13586,NA
81190091091,3628,67784,1189,468,10,458,10666,39.36
81190091091,3628,67785,1183,522,28,494,11674,44.13
81190091091,3628,67786,1161,436,10,426,9864,37.55
81190091091,3628,67787,1122,456,13,443,10463,40.64
81190091091,3628,67788,1204,463,21,442,10285,38.46
81190091091,3628,67789,836,342,8,334,7403,40.91
81190091091,3628,67790,1254,443,23,420,9627,35.33
81190091091,3628,67791,1286,472,9,463,10531,36.7
81190091091,3628,67792,877,401,10,391,9295,45.720000000000006
81190091091,3628,67793,690,291,9,282,6674,42.17
81190091091,3628,67794,985,393,33,360,8330,39.9
81190091091,3628,67795,1194,539,28,511,12027,45.14
81190091091,3628,67796,1250,524,10,514,12238,41.92
81190091091,3628,67797,1322,523,15,508,11835,39.56
81190091091,3628,67798,979,396,22,374,8634,40.45
81190091091,3628,67799,1264,535,25,510,11660,42.33
81190091091,3628,67800,1309,588,14,574,13179,44.92
81190091091,3628,67801,1060,474,17,457,10313,44.720000000000006
81190091091,3628,67802,848,368,6,362,8534,43.4
81190091091,3628,67804,NA,575,6,569,13615,NA
81190091091,3628,67805,NA,605,2,603,14578,NA
81190091091,3628,67806,NA,701,10,691,16563,NA
81190091091,3628,67807,NA,580,5,575,13887,NA
81190091091,3628,67808,NA,616,9,607,14725,NA
81190091091,3628,67809,NA,671,6,665,16095,NA
81190091091,3628,67810,NA,617,9,608,14611,NA
81190091091,3628,67811,NA,668,2,666,16061,NA
81190093093,3555,67290,1032,455,17,438,8698,44.09
81190093093,3555,67291,1168,475,17,458,9183,40.67
81190093093,3555,67292,1040,396,19,377,7445,38.08
81190093093,3555,67293,913,357,16,341,6752,39.1
81190093093,3555,67294,1136,490,19,471,9744,43.13
81190093093,3555,67295,1220,459,14,445,9120,37.620000000000005
81190093093,3555,67296,744,239,10,229,4573,32.120000000000005
81190093093,3555,67297,1118,505,24,481,9616,45.17
81190093093,3555,67298,840,379,14,365,7278,45.120000000000005
81190093093,3555,67299,936,385,13,372,7703,41.13
81190093093,3555,67300,1186,441,11,430,8669,37.18
81190093093,3555,67301,793,364,9,355,7365,45.9
81190093093,3555,67302,NA,799,13,786,16118,NA
81190093093,3555,67303,NA,478,4,474,9860,NA
81190093093,3555,67304,NA,767,9,758,15629,NA
81190093093,3555,67305,NA,696,12,684,14282,NA
81195001003,7312,91180,2184,846,57,789,9887,38.74
81195001003,7312,91181,1738,709,29,680,8563,40.790000000000006
81195001003,7312,91182,NA,509,11,498,6476,NA
81195001003,7312,91183,NA,445,5,440,5733,NA
81195001004,4935,85023,1057,445,20,425,5571,42.1
81195001004,4935,85024,1216,598,12,586,7529,49.18
81195001004,4935,85025,1165,504,11,493,6559,43.260000000000005
81195001004,4935,85026,NA,836,13,823,11086,NA
81195001006,6001,66759,1698,741,28,713,12222,43.64
81195001006,6001,66760,1495,644,15,629,10626,43.08
81195001006,6001,66761,2319,977,32,945,16147,42.13
81195001006,6001,66836,NA,589,7,582,9959,NA
81195001006,6001,66784,NA,784,12,772,13099,NA
81195001008,4010,69543,1108,290,8,282,6583,26.17
81195001008,4010,69615,1133,408,8,400,9430,36.01
81195001008,4010,69544,1118,412,15,397,8999,36.849999999999994
81195001008,4010,69545,942,375,13,362,8489,39.809999999999995
81195001008,4010,69546,650,252,6,246,5743,38.77
81195001008,4010,69547,775,272,5,267,6045,35.1
81195001008,4010,69548,905,267,5,262,5999,29.5
81195001008,4010,69549,951,378,1,377,9084,39.75
81195001008,4010,69550,789,390,12,378,8793,49.43
81195001008,4010,69551,1175,545,16,529,12371,46.379999999999995
81195001008,4010,69552,1583,530,7,523,11719,33.48
81195001008,4010,69553,1663,622,18,604,13631,37.4
81195001008,4010,69554,1581,456,9,447,10266,28.84
81195001008,4010,69555,1354,592,16,576,13177,43.720000000000006
81195001008,4010,69556,1432,563,15,548,13149,39.32
81195001008,4010,69557,869,308,8,300,6524,35.44
81195001008,4010,69558,1240,333,6,327,7460,26.85
81195001008,4010,69559,1071,473,14,459,10626,44.16
81195001008,4010,69560,1366,634,13,621,13791,46.41
81195001008,4010,69561,888,409,11,398,9568,46.06
81195001008,4010,69562,1515,616,20,596,13225,40.66
81195001008,4010,69563,1105,572,10,562,13206,51.760000000000005
81195001008,4010,69564,861,347,9,338,7992,40.3
81195001008,4010,69565,1536,607,6,601,13179,39.52
81195001008,4010,69566,460,183,8,175,4033,39.78
81195001008,4010,69567,NA,307,7,300,7033,NA
81195001008,4010,69568,NA,341,9,332,8017,NA
81195001008,4010,69569,NA,553,4,549,13383,NA
81195001008,4010,69570,NA,457,2,455,11087,NA
81195001008,4010,69571,NA,427,2,425,10107,NA
81195001008,4010,69572,NA,416,6,410,9504,NA
81195001008,4010,69573,NA,482,3,479,11656,NA
81195001008,4010,69574,NA,483,11,472,11458,NA
81195001008,4010,69575,NA,470,5,465,11391,NA
81195001008,4010,69576,NA,461,5,456,10965,NA
81195001008,4010,69577,NA,345,3,342,8316,NA
81195001008,4010,69578,NA,364,3,361,8448,NA
81195001018,2239,89732,1429,688,35,653,7432,48.15
81195001018,2239,89733,1475,691,35,656,7451,46.849999999999994
81195001018,2239,89734,NA,282,8,274,3146,NA
81195001018,2239,89735,NA,334,7,327,3742,NA
81195001038,6390,92538,1518,675,18,657,8815,44.47
81195001038,6390,92539,1632,777,20,757,10108,47.61
81195001038,6390,92540,NA,693,10,683,9118,NA
81195001053,6827,93744,1134,464,37,427,5584,40.92
81195001053,6827,93745,1113,462,29,433,5759,41.51
81195001053,6827,93746,1100,469,34,435,5796,42.64
81195001053,6827,93747,NA,875,34,841,11329,NA
81195001083,5750,90011,845,314,18,296,4951,37.16
81195001083,5750,90012,806,372,6,366,6097,46.15
81195001083,5750,90013,773,295,9,286,4882,38.16
81195001083,5750,90014,1130,508,10,498,8421,44.96
81195001083,5750,90015,859,404,10,394,6524,47.03
81195001083,5750,90016,914,366,4,362,6037,40.04
81195001083,5750,90017,107,63,0,63,1097,58.879999999999995
81195001083,5750,90018,453,199,2,197,3208,43.93
81195001083,5750,90019,NA,543,1,542,9199,NA
81195001083,5750,90020,NA,843,31,812,13965,NA
81195001087,2829,61876,1196,528,12,516,8421,44.15
81195001087,2829,61877,1111,438,17,421,6972,39.42
81195001087,2829,61878,1044,424,17,407,6696,40.61
81195001087,2829,61879,764,408,8,400,6775,53.4
81195001087,2829,61880,764,324,7,317,5376,42.41
81195001087,2829,61881,748,392,10,382,6368,52.41
81195001087,2829,61882,860,425,24,401,6488,49.42
81195001087,2829,61883,NA,723,24,699,11898,NA
81195001087,2829,61884,NA,501,9,492,8368,NA
81195002055,3619,92250,1128,551,17,534,8822,48.849999999999994
81195002055,3619,92251,1194,519,18,501,8372,43.47
81195002055,3619,92252,1485,603,25,578,9682,40.61
81195002055,3619,92253,1345,533,15,518,8486,39.63
81195002055,3619,92254,1074,463,26,437,6787,43.11
81195002055,3619,92255,1220,495,5,490,8033,40.57
81195002055,3619,92256,276,170,6,164,2437,61.59
81195002055,3619,92257,NA,572,46,526,9019,NA
81195002055,3619,92258,NA,520,16,504,8528,NA
81195002055,3619,92259,NA,436,17,419,7130,NA
81195002076,4176,80163,953,392,6,386,6295,41.13
81195002076,4176,80164,900,360,7,353,6065,40
81195002076,4176,80165,1100,465,3,462,7742,42.27
81195002076,4176,80166,874,373,8,365,6093,42.68
81195002076,4176,80167,1177,547,4,543,8957,46.47
81195002076,4176,80168,827,361,5,356,5931,43.65
81195002076,4176,80169,1204,557,18,539,8704,46.260000000000005
81195002076,4176,80170,NA,252,1,251,4165,NA
81195002076,4176,80171,NA,711,3,708,12109,NA
81195002076,4176,80172,NA,715,2,713,12080,NA
81195003067,2942,62974,1066,275,12,263,7529,25.8
81195003067,2942,62975,1119,394,13,381,10560,35.21
81195003067,2942,62976,877,384,9,375,10962,43.790000000000006
81195003067,2942,62977,753,298,3,295,8805,39.58
81195003067,2942,62978,952,321,14,307,8559,33.720000000000006
81195003067,2942,62979,1283,467,18,449,12699,36.4
81195003067,2942,62980,1377,526,17,509,14916,38.2
81195003067,2942,62981,1125,480,14,466,13248,42.67
81195003067,2942,62982,1081,475,13,462,13697,43.94
81195003067,2942,62983,1128,412,18,394,11238,36.52
81195003067,2942,62984,997,413,11,402,11415,41.42
81195003067,2942,62985,926,372,14,358,9957,40.17
81195003067,2942,62986,1154,388,15,373,10825,33.620000000000005
81195003067,2942,62987,1669,500,38,462,12645,29.959999999999997
81195003067,2942,62988,1306,334,16,318,8804,25.57
81195003067,2942,62989,941,333,12,321,9172,35.39
81195003067,2942,62990,953,366,13,353,10188,38.41
81195003067,2942,62991,919,305,6,299,8724,33.190000000000005
81195003067,2942,62992,662,378,17,361,9096,57.1
81195003067,2942,62993,809,268,8,260,6947,33.13
81195003067,2942,62994,767,319,5,314,8094,41.59
81195003067,2942,62995,713,338,7,331,8900,47.41
81195003067,2942,62996,1497,589,20,569,16185,39.349999999999994
81195003067,2942,62997,854,341,12,329,9603,39.93
81195003067,2942,62998,1038,406,13,393,11003,39.11
81195003067,2942,62999,1456,636,19,617,17302,43.68
81195003067,2942,63000,1209,567,14,553,15547,46.9
81195003067,2942,63001,1022,418,13,405,11321,40.9
81195003067,2942,63002,840,369,16,353,10200,43.93
81195003067,2942,63003,783,358,19,339,9456,45.720000000000006
81195003067,2942,63004,NA,770,10,760,22173,NA
81195003067,2942,63005,NA,785,15,770,23114,NA
81195003067,2942,63006,NA,796,13,783,22752,NA
81195003067,2942,63007,NA,668,9,659,19231,NA
81195003067,2942,63008,NA,893,14,879,25816,NA
81195003067,2942,63009,NA,607,10,597,17528,NA
81195003067,2942,63010,NA,1274,21,1253,36937,NA
81195003086,5475,88516,1007,369,16,353,5906,36.64
81195003086,5475,88517,989,466,20,446,7329,47.120000000000005
81195003086,5475,88518,774,310,11,299,4918,40.05
81195003086,5475,88519,1031,476,23,453,7542,46.17
81195003086,5475,88520,858,338,12,326,5563,39.39
81195003086,5475,88521,1034,481,15,466,7816,46.52
81195003086,5475,88522,307,148,7,141,2205,48.21
81195003086,5475,88524,NA,711,11,700,11795,NA
81195003086,5475,88533,NA,946,12,934,15864,NA
81195004024,4347,81961,916,553,20,533,4968,60.37
81195004024,4347,81962,603,410,24,386,3605,67.99000000000001
81195004024,4347,81963,584,345,13,332,3193,59.08
81195004024,4347,81964,NA,0,0,0,0,NA
81195004069,3916,69095,877,412,29,383,4513,46.98
81195004069,3916,69096,214,112,7,105,1194,52.34
81195004069,3916,69097,387,211,12,199,2337,54.52
81195004069,3916,69098,234,162,11,151,1668,69.23
81195004069,3916,69099,NA,258,9,249,2872,NA
81195004075,5072,90656,1169,359,16,343,4416,30.71
81195004075,5072,90657,1029,467,11,456,5970,45.379999999999995
81195004075,5072,90658,1408,603,17,586,7717,42.83
81195004075,5072,90659,460,215,4,211,2791,46.74
81195004075,5072,90662,NA,886,13,873,11655,NA
81195005037,5206,84782,922,436,21,415,4555,47.290000000000006
81195005037,5206,84784,1008,496,19,477,5392,49.21
81195005037,5206,84787,NA,471,16,455,5189,NA
81195005084,5654,89512,1957,676,12,664,12628,34.54
81195005084,5654,89513,2188,975,28,947,17925,44.56
81195005084,5654,89514,1677,705,24,681,12821,42.04
81195005084,5654,89515,1744,775,26,749,14377,44.44
81195005084,5654,89516,921,456,24,432,8303,49.51
81195005084,5654,89517,NA,791,8,783,15832,NA
81195005084,5654,91271,NA,843,10,833,16565,NA
81195006042,5901,83691,1449,463,18,445,7359,31.95
81195006042,5901,83692,1178,493,8,485,7901,41.849999999999994
81195006042,5901,83693,1332,601,17,584,9682,45.120000000000005
81195006042,5901,83694,1118,457,20,437,7308,40.879999999999995
81195006042,5901,83695,1325,510,17,493,8261,38.49
81195006042,5901,83696,1301,457,21,436,7295,35.13
81195006042,5901,83697,1286,566,11,555,9232,44.01
81195006042,5901,83688,NA,913,9,904,15252,NA
81195006042,5901,83689,NA,516,2,514,8848,NA
81195006042,5901,83690,NA,619,10,609,10201,NA
81195006068,3727,89544,1913,788,30,758,12457,41.190000000000005
81195006068,3727,89545,1859,700,18,682,11014,37.65
81195006068,3727,89546,1836,714,21,693,11177,38.89
81195006068,3727,89547,1907,776,30,746,11945,40.690000000000005
81195006068,3727,89548,NA,851,8,843,14158,NA
81195006068,3727,90879,NA,887,7,880,14697,NA
81195006085,2377,59005,1513,461,21,440,10197,30.47
81195006085,2377,59006,1707,681,21,660,15461,39.89
81195006085,2377,59007,928,309,14,295,6711,33.3
81195006085,2377,59008,2254,736,28,708,16648,32.65
81195006085,2377,59009,1549,547,9,538,12693,35.309999999999995
81195006085,2377,59010,2285,642,42,600,13566,28.1
81195006085,2377,59012,1425,514,22,492,11296,36.07
81195006085,2377,59014,489,205,8,197,4729,41.92
81195006085,2377,59016,700,325,13,312,7187,46.43
81195006085,2377,59018,1137,476,14,462,10873,41.86
81195006085,2377,59020,719,319,12,307,7152,44.37
81195006085,2377,59022,469,207,12,195,4513,44.14
81195006085,2377,59024,1655,582,23,559,13030,35.17
81195006085,2377,59026,1618,518,29,489,11271,32.01
81195006085,2377,59027,2176,841,22,819,19378,38.65
81195006085,2377,59029,1379,547,18,529,12442,39.67
81195006085,2377,59031,NA,489,11,478,11125,NA
81195006085,2377,59033,NA,491,6,485,11262,NA
81195006085,2377,59034,NA,482,11,471,11275,NA
81195006085,2377,59035,NA,531,5,526,12631,NA
81195006085,2377,59036,NA,503,7,496,12008,NA
81195006085,2377,59037,NA,484,13,471,11279,NA
81195006085,2377,59038,NA,476,3,473,11195,NA
81195006085,2377,59039,NA,487,9,478,11474,NA
81195006085,2377,59040,NA,494,3,491,11747,NA
81195006085,2377,59041,NA,482,10,472,11173,NA
81210000000,2187,59075,1328,311,8,303,10738,23.42
81210000000,2187,59076,1064,287,7,280,9924,26.97
81210000000,2187,59077,1224,286,9,277,9868,23.37
81210000000,2187,59078,1503,362,7,355,13000,24.09
81210000000,2187,59079,1000,266,9,257,9423,26.6
81210000000,2187,59080,1221,292,12,280,10069,23.91
81210000000,2187,59081,1409,349,7,342,12540,24.77
81210000000,2187,59082,1456,459,17,442,15241,31.52
81210000000,2187,59083,1342,305,12,293,10698,22.73
81210000000,2187,59084,1310,282,11,271,9330,21.53
81210000000,2187,59085,1022,232,3,229,8046,22.7
81210000000,2187,59086,998,274,10,264,9257,27.45
81210000000,2187,59087,1138,295,1,294,10398,25.92
81210000000,2187,59088,1461,453,9,444,16289,31.01
81210000000,2187,59089,1533,482,17,465,17036,31.44
81210000000,2187,59090,1345,486,9,477,17149,36.13
81210000000,2187,59091,1191,210,3,207,7593,17.630000000000003
81210000000,2187,59092,1294,404,10,394,14262,31.22
81210000000,2187,59093,1242,351,14,337,12259,28.26
81210000000,2187,59094,1192,456,10,446,16118,38.260000000000005
81210000000,2187,59095,1027,416,6,410,15116,40.51
81210000000,2187,59096,1398,569,8,561,20574,40.7
81210000000,2187,59134,1181,468,11,457,17177,39.63
81210000000,2187,59135,1143,487,9,478,17733,42.61
81210000000,2187,59136,1013,408,6,402,15053,40.28
81210000000,2187,59137,1014,467,11,456,16160,46.06
81210000000,2187,59138,1462,452,14,438,15488,30.92
81210000000,2187,59139,1252,445,12,433,15607,35.54
81210000000,2187,59140,1294,453,7,446,16204,35.01
81210000000,2187,59141,1297,370,11,359,12157,28.53
81210000000,2187,59142,955,313,1,312,11071,32.77
81210000000,2187,59143,940,269,4,265,9239,28.62
81210000000,2187,59144,1321,612,13,599,21320,46.33
81210000000,2187,59150,972,375,7,368,13049,38.58
81210000000,2187,59151,1064,418,6,412,14333,39.290000000000006
81210000000,2187,59152,930,409,6,403,14560,43.98
81210000000,2187,59159,1082,390,4,386,13887,36.04
81210000000,2187,59160,1122,380,9,371,12946,33.87
81210000000,2187,59161,1081,416,6,410,14459,38.48
81210000000,2187,59162,1059,352,13,339,12319,33.24
81210000000,2187,59163,1254,295,7,288,10423,23.52
81210000000,2187,59164,737,285,5,280,10255,38.67
81210000000,2187,59165,1294,427,13,414,15048,33
81210000000,2187,59166,1393,384,7,377,13422,27.57
81210000000,2187,59167,1268,382,6,376,13660,30.130000000000003
81210000000,2187,59168,1035,378,12,366,13287,36.52
81210000000,2187,59169,1389,407,15,392,13871,29.3
81210000000,2187,59170,1034,429,6,423,14952,41.49
81210000000,2187,59171,1180,441,10,431,15317,37.37
81210000000,2187,59172,1333,386,12,374,13581,28.959999999999997
81210000000,2187,59173,1185,330,11,319,11077,27.85
81210000000,2187,59174,1144,430,9,421,14594,37.59
81210000000,2187,59175,1185,404,11,393,13991,34.09
81210000000,2187,59176,1328,423,7,416,14281,31.85
81210000000,2187,59177,1302,445,15,430,14943,34.18
81210000000,2187,59178,1309,463,16,447,15684,35.37
81210000000,2187,59179,1038,412,14,398,14146,39.690000000000005
81210000000,2187,59180,1264,451,19,432,15101,35.68
81210000000,2187,59181,964,430,7,423,15043,44.61
81210000000,2187,59182,1103,456,9,447,15720,41.34
81210000000,2187,59183,933,418,8,410,14320,44.8
81210000000,2187,59184,888,256,4,252,9092,28.83
81210000000,2187,59185,1066,410,8,402,13929,38.46
81210000000,2187,59186,1134,423,3,420,15289,37.3
81210000000,2187,59187,1019,356,9,347,11911,34.94
81210000000,2187,59188,1128,352,4,348,12702,31.21
81210000000,2187,59189,963,342,8,334,11749,35.51
81210000000,2187,59190,1081,526,11,515,17943,48.66
81210000000,2187,59191,965,378,6,372,13222,39.17
81210000000,2187,59192,1151,399,8,391,14147,34.67
81210000000,2187,59193,913,396,9,387,13712,43.37
81210000000,2187,59194,1154,426,10,416,14642,36.92
81210000000,2187,59195,742,279,2,277,9493,37.6
81210000000,2187,59196,1073,418,11,407,14518,38.96
81210000000,2187,59197,1026,511,13,498,18086,49.809999999999995
81210000000,2187,59198,1112,448,9,439,15667,40.290000000000006
81210000000,2187,59364,NA,479,4,475,17620,NA
81210000000,2187,59365,NA,484,7,477,17290,NA
81210000000,2187,59366,NA,481,6,475,17047,NA
81210000000,2187,59367,NA,494,2,492,18677,NA
81210000000,2187,59368,NA,511,2,509,19070,NA
81210000000,2187,59369,NA,467,3,464,16940,NA
81210000000,2187,59370,NA,644,10,634,23693,NA
81210000000,2187,59371,NA,651,9,642,23805,NA
81210000000,2187,59372,NA,631,8,623,23371,NA
81210000000,2187,59373,NA,655,6,649,24227,NA
81210000000,2187,59374,NA,653,8,645,23884,NA
81210000000,2187,59383,NA,744,7,737,27471,NA
81210000000,2187,59375,NA,425,2,423,15233,NA
81210000000,2187,59376,NA,417,7,410,14858,NA
81210000000,2187,59377,NA,423,3,420,15691,NA
81210000000,2187,59378,NA,430,1,429,15648,NA
81210000000,2187,59379,NA,424,4,420,15437,NA
81210000000,2187,59384,NA,547,4,543,19582,NA
81210000000,2187,59385,NA,556,9,547,20139,NA
81210000000,2187,59380,NA,409,3,406,14892,NA
81210000000,2187,59381,NA,412,7,405,15050,NA
81210000000,2187,59382,NA,394,1,393,14574,NA
81210000000,2187,59386,NA,459,10,449,16684,NA
81210000000,2187,59387,NA,424,7,417,14991,NA
81210000000,2187,59388,NA,392,0,392,14082,NA
81210000000,2187,59398,NA,617,9,608,21750,NA
81210000000,2187,59427,NA,417,4,413,15100,NA
81210000000,2187,59428,NA,413,2,411,14864,NA
81210000000,2187,59429,NA,705,7,698,25767,NA
81250007007,4136,66438,1104,437,7,430,7122,39.58
81250007007,4136,66439,968,408,6,402,6652,42.15
81250007007,4136,66440,1207,445,9,436,7166,36.87
81250007007,4136,66441,899,392,13,379,6373,43.6
81250007007,4136,66445,894,413,10,403,6743,46.2
81250007007,4136,66442,331,118,2,116,1946,35.65
81250007007,4136,66443,290,132,0,132,2108,45.52
81250007007,4136,66444,NA,1222,13,1209,20538,NA
81250039039,2725,61236,1081,330,16,314,5543,30.53
81250039039,2725,61237,1050,373,13,360,6313,35.52
81250039039,2725,61238,1111,381,18,363,6171,34.290000000000006
81250039039,2725,61239,356,118,5,113,1689,33.15
81250039039,2725,61240,519,221,16,205,3262,42.58
81250039039,2725,61241,381,183,5,178,2572,48.03
81250039039,2725,61242,532,283,18,265,3709,53.2
81250039039,2725,61243,637,342,17,325,4965,53.690000000000005
81250039039,2725,61244,NA,1479,33,1446,24826,NA
81250058058,2779,61554,1237,474,11,463,7607,38.32
81250058058,2779,61555,1100,506,5,501,8385,46
81250058058,2779,61556,1017,445,9,436,7304,43.760000000000005
81250058058,2779,61557,1206,518,10,508,8327,42.95
81250058058,2779,61558,1093,403,12,391,6646,36.87
81250058058,2779,61561,1017,419,11,408,6829,41.2
81250058058,2779,61563,1016,469,7,462,7797,46.16
81250058058,2779,61564,1145,487,14,473,7707,42.53
81250058058,2779,61565,NA,548,7,541,9178,NA
81250058058,2779,61566,NA,831,2,829,14285,NA
81250058058,2779,61567,NA,701,6,695,11881,NA
81250068068,5222,89598,2011,759,22,737,12529,37.74
81250068068,5222,89599,1350,574,30,544,9109,42.52
81250068068,5222,89600,793,372,22,350,5325,46.91
81250068068,5222,89601,170,103,10,93,1457,60.59
81250068068,5222,89602,NA,848,22,826,13843,NA
81250107107,5956,90771,396,178,17,161,2138,44.95
81250107107,5956,90772,772,374,10,364,4917,48.45
81250107107,5956,90773,1321,538,20,518,7228,40.73
81250107107,5956,90774,395,154,11,143,1796,38.99
81250107107,5956,90775,392,136,8,128,1801,34.690000000000005
81250107107,5956,90776,926,400,21,379,5311,43.2
81250107107,5956,90777,1176,383,14,369,5323,32.57
81250107107,5956,90778,NA,605,21,584,7921,NA
81250107107,5956,90779,NA,599,19,580,8016,NA
81255001005,1863,55207,916,326,43,283,5772,35.59
81255001005,1863,55208,1066,332,20,312,6221,31.14
81255001005,1863,55209,918,450,16,434,8976,49.02
81255001005,1863,55210,1506,564,43,521,10711,37.45
81255001005,1863,55211,1442,557,44,513,10821,38.63
81255001005,1863,55212,1223,440,34,406,8328,35.98
81255001005,1863,55213,1173,482,25,457,9453,41.09
81255001005,1863,55214,920,325,14,311,6541,35.33
81255001005,1863,55215,1143,431,26,405,8363,37.71
81255001005,1863,55216,869,444,24,420,7513,51.09
81255001005,1863,55217,1086,439,38,401,7138,40.42
81255001005,1863,55218,1878,430,63,367,5905,22.9
81255001005,1863,55219,NA,735,32,703,14858,NA
81255001005,1863,55220,NA,836,19,817,17822,NA
81255001005,1863,55221,NA,741,46,695,14646,NA
81255001078,2743,87120,925,310,10,300,4844,33.51
81255001078,2743,87121,1008,433,12,421,6853,42.96
81255001078,2743,87122,764,304,4,300,4818,39.790000000000006
81255001078,2743,87123,714,266,9,257,4053,37.25
81255001078,2743,87124,952,432,14,418,6535,45.379999999999995
81255001078,2743,87125,645,302,5,297,4772,46.82
81255001078,2743,87126,NA,1208,24,1184,19830,NA
81255002006,3784,83031,1731,653,45,608,13432,37.720000000000006
81255002006,3784,83032,1672,502,42,460,10020,30.02
81255002006,3784,83035,1481,540,47,493,11136,36.46
81255002006,3784,83367,1394,460,24,436,9683,33
81255002006,3784,83368,1079,281,21,260,5778,26.04
81255002006,3784,83369,1441,485,53,432,8616,33.660000000000004
81255002006,3784,83370,1020,430,47,383,7781,42.16
81255002006,3784,83375,1537,592,47,545,10751,38.52
81255002006,3784,83384,1300,514,52,462,8395,39.54
81255002006,3784,83394,1022,431,32,399,7848,42.17
81255002006,3784,83385,1273,522,33,489,9361,41.01
81255002006,3784,83386,1412,583,37,546,10447,41.290000000000006
81255002006,3784,83389,706,277,31,246,5061,39.24
81255002006,3784,83395,339,150,15,135,2847,44.25
81255002006,3784,83391,NA,1215,65,1150,26952,NA
81255002006,3784,83392,NA,1283,59,1224,27312,NA
81255002006,3784,83393,NA,1131,52,1079,23684,NA
81255002049,3462,89215,1564,584,13,571,6575,37.34
81255002049,3462,89216,1616,495,14,481,5678,30.630000000000003
81255002049,3462,89217,1136,462,22,440,4998,40.67
81255002049,3462,89218,346,142,4,138,1421,41.04
81255002049,3462,89219,NA,743,22,721,8695,NA
81255002087,3038,88028,1279,585,9,576,3883,45.74
81255002087,3038,88029,NA,270,4,266,1721,NA
81255003013,2570,60355,1266,561,26,535,10734,44.309999999999995
81255003013,2570,60356,1365,393,21,372,7096,28.79
81255003013,2570,60357,1299,562,23,539,10627,43.260000000000005
81255003013,2570,60358,1193,445,19,426,8302,37.3
81255003013,2570,60359,1057,509,13,496,9492,48.16
81255003013,2570,60360,871,412,20,392,7577,47.3
81255003013,2570,60361,429,185,1,184,3497,43.120000000000005
81255003013,2570,60362,1315,420,9,411,7881,31.94
81255003013,2570,60363,983,470,21,449,8993,47.809999999999995
81255003013,2570,60364,483,198,13,185,3692,40.99
81255003013,2570,60365,803,404,23,381,6868,50.309999999999995
81255003013,2570,60366,781,302,13,289,5613,38.67
81255003013,2570,60367,842,352,11,341,6673,41.809999999999995
81255003013,2570,60368,NA,643,11,632,12686,NA
81255003013,2570,60369,NA,553,12,541,10673,NA
81255003013,2570,60370,NA,509,6,503,10095,NA
81255003013,2570,60371,NA,548,11,537,10633,NA
81255003013,2570,60372,NA,356,5,351,7067,NA
81255003017,2820,61815,1414,604,25,579,7630,42.720000000000006
81255003017,2820,61816,895,346,12,334,4367,38.66
81255003017,2820,61817,NA,560,3,557,7430,NA
81255004034,5656,89524,1657,763,25,738,10125,46.05
81255004034,5656,89525,1270,546,23,523,7169,42.99
81255004034,5656,89526,1185,544,26,518,6752,45.91
81255004034,5656,89527,NA,758,22,736,10069,NA
81255004047,2660,60955,996,401,15,386,4162,40.260000000000005
81255004047,2660,60956,1009,403,14,389,4154,39.94
81255004047,2660,60957,NA,406,19,387,4303,NA
81255005030,2585,60429,1483,593,15,578,9346,39.99
81255005030,2585,60430,1309,554,12,542,8986,42.32
81255005030,2585,60431,1506,588,9,579,9754,39.04
81255005030,2585,60432,1440,534,12,522,8445,37.08
81255005030,2585,60433,NA,896,14,882,14923,NA
81255005030,2585,60452,NA,774,13,761,12799,NA
81255005094,5945,90751,1094,406,12,394,5124,37.11
81255005094,5945,90752,1179,492,10,482,6378,41.73
81255005094,5945,90753,887,416,9,407,5280,46.9
81255005094,5945,90754,867,378,8,370,4891,43.6
81255005094,5945,90755,NA,472,9,463,6282,NA
81255005094,5945,90756,NA,583,11,572,7512,NA
81255006056,3140,67882,1153,394,6,388,7782,34.17
81255006056,3140,67883,1515,491,8,483,9695,32.41
81255006056,3140,67884,1555,468,13,455,9205,30.1
81255006056,3140,67885,1592,573,8,565,11344,35.99
81255006056,3140,67886,1581,562,11,551,11191,35.55
81255006056,3140,67887,1399,534,6,528,10878,38.17
81255006056,3140,67888,NA,463,4,459,9572,NA
81255006056,3140,67889,NA,463,4,459,9511,NA
81255006056,3140,67890,NA,476,7,469,9911,NA
81255006056,3140,67891,NA,461,5,456,9572,NA
81255006056,3140,67892,NA,486,3,483,10001,NA
81255006066,5756,89993,1563,620,24,596,6790,39.67
81255006066,5756,89994,1512,559,23,536,6052,36.97
81255006066,5756,89995,NA,712,20,692,7817,NA
81255006074,4701,83970,1302,524,15,509,8534,40.25
81255006074,4701,83971,1002,445,15,430,7087,44.41
81255006074,4701,83972,1281,503,10,493,8269,39.27
81255006074,4701,83973,1613,730,11,719,12011,45.260000000000005
81255006074,4701,83974,1179,530,15,515,8375,44.95
81255006074,4701,83975,NA,1458,17,1441,24804,NA
81255007048,4685,94368,1422,405,9,396,3415,28.479999999999997
81255007048,4685,94369,237,107,2,105,923,45.15
81255007048,4685,94371,NA,253,4,249,2081,NA
81255007063,5859,90189,743,193,7,186,3225,25.979999999999997
81255007063,5859,90190,1081,382,18,364,6134,35.339999999999996
81255007063,5859,90191,1192,410,12,398,6519,34.4
81255007063,5859,90192,1595,662,26,636,11037,41.5
81255007063,5859,90193,140,74,4,70,1119,52.86
81255007063,5859,90194,258,107,1,106,1603,41.47
81255007063,5859,90195,512,192,5,187,3031,37.5
81255007063,5859,90196,1045,360,14,346,5442,34.449999999999996
81255007063,5859,90197,NA,1192,40,1152,20343,NA
81255007103,3753,91969,1171,445,14,431,4137,38
81255007103,3753,91970,282,139,8,131,1238,49.290000000000006
81255007103,3753,91971,NA,331,5,326,3141,NA
81255008027,2777,86852,1263,507,15,492,6330,40.14
81255008027,2777,86853,1301,528,18,510,6569,40.58
81255008027,2777,86854,1374,603,19,584,7412,43.89
81255008027,2777,86855,NA,999,14,985,13182,NA
81255008065,2257,58263,1504,680,53,627,13396,45.21
81255008065,2257,58262,1421,588,26,562,11928,41.379999999999995
81255008065,2257,58260,1286,465,19,446,9245,36.16
81255008065,2257,58259,1162,420,29,391,8316,36.14
81255008065,2257,58261,1126,338,20,318,6833,30.02
81255008065,2257,58264,1138,432,15,417,9043,37.96
81255008065,2257,58272,1259,452,30,422,9109,35.9
81255008065,2257,58273,1399,491,21,470,10063,35.1
81255008065,2257,58274,1989,631,55,576,11067,31.72
81255008065,2257,58275,2059,711,53,658,12830,34.53
81255008065,2257,58276,1622,607,39,568,10943,37.42
81255008065,2257,58277,1494,606,39,567,11133,40.56
81255008065,2257,58278,1082,524,43,481,9205,48.43
81255008065,2257,58279,NA,626,17,609,13837,NA
81255008065,2257,58281,NA,438,14,424,9532,NA
81255008065,2257,58282,NA,887,30,857,19496,NA
81255008065,2257,58285,NA,358,8,350,7864,NA
81255008065,2257,58283,NA,684,22,662,13322,NA
81255008065,2257,58286,NA,264,16,248,4786,NA
81255008096,6625,93300,1091,509,12,497,6377,46.65
81255008096,6625,93301,1270,537,15,522,6918,42.28
81255008096,6625,93302,948,424,16,408,5364,44.73
81255008096,6625,93303,NA,666,6,660,8885,NA
81255009069,2746,61497,1271,420,35,385,6518,33.04
81255009069,2746,61498,1445,512,32,480,8253,35.43
81255009069,2746,61499,935,452,37,415,6846,48.34
81255009069,2746,61500,651,285,16,269,4257,43.78
81255009069,2746,61501,869,380,26,354,5189,43.73
81255009069,2746,61502,1027,482,50,432,6404,46.93
81255009069,2746,61503,936,413,29,384,6058,44.120000000000005
81255009069,2746,61504,746,314,27,287,4523,42.09
81255009069,2746,61506,NA,1684,61,1623,26802,NA
81255009111,4498,82867,1454,653,14,639,8880,44.91
81255009111,4498,82868,1125,577,12,565,7732,51.290000000000006
81255009111,4498,82869,804,320,8,312,4458,39.8
81255009111,4498,82870,NA,781,9,772,10917,NA
81255009113,6646,93312,1777,777,34,743,9947,43.73
81255009113,6646,93313,1326,547,28,519,6561,41.25
81255009113,6646,93314,NA,756,13,743,9933,NA
81255010038,5146,85864,940,305,7,298,4798,32.449999999999996
81255010038,5146,85865,1114,404,9,395,6482,36.27
81255010038,5146,85866,1092,368,11,357,5955,33.7
81255010038,5146,85867,717,290,9,281,4702,40.45
81255010038,5146,85868,694,265,7,258,4154,38.18
81255010038,5146,85869,NA,592,8,584,9998,NA
81255010038,5146,85870,NA,243,4,239,4145,NA
81255010081,5557,88684,1429,594,31,563,6280,41.57
81255010081,5557,88685,418,182,5,177,2037,43.54
81255010081,5557,88686,NA,403,5,398,4518,NA
81255010108,2233,57289,1592,640,18,622,6691,40.2
81255010108,2233,57290,602,324,10,314,3023,53.82
81255010108,2233,57291,580,282,4,278,2841,48.620000000000005
81255010108,2233,57292,520,279,17,262,2680,53.65
81255010108,2233,57293,NA,620,11,609,6540,NA
81255011059,3367,66125,290,133,2,131,1411,45.86
81255011059,3367,66126,655,287,7,280,3213,43.82
81255011059,3367,66127,678,345,6,339,3864,50.879999999999995
81255011059,3367,66128,597,196,10,186,2169,32.83
81255011059,3367,66129,475,181,9,172,1917,38.11
81255011059,3367,66130,NA,603,13,590,6787,NA
81255011110,5510,88634,2007,807,30,777,15419,40.21
81255011110,5510,88635,1340,649,15,634,12786,48.43
81255011110,5510,88636,2108,819,33,786,15877,38.849999999999994
81255011110,5510,88637,991,483,12,471,9170,48.74
81255011110,5510,88638,1896,898,22,876,17319,47.36
81255011110,5510,88639,1413,633,14,619,12162,44.8
81255011110,5510,88640,508,273,3,270,5325,53.74
81255011110,5510,88641,521,243,12,231,4293,46.64
81255011110,5510,88642,NA,2177,30,2147,44150,NA
81255012001,3956,69393,1080,460,9,451,5908,42.59
81255012001,3956,69394,946,383,3,380,4875,40.49
81255012001,3956,69395,1124,522,11,511,6619,46.44
81255012001,3956,69396,656,280,5,275,3625,42.68
81255012001,3956,69397,NA,946,9,937,12416,NA
81255012008,4748,90786,870,278,5,273,4453,31.95
81255012008,4748,90787,1092,467,3,464,7751,42.77
81255012008,4748,90788,974,425,9,416,6882,43.63
81255012008,4748,90789,583,234,5,229,3577,40.14
81255012008,4748,90790,815,345,6,339,5454,42.33
81255012008,4748,90791,520,257,5,252,4021,49.42
81255012008,4748,90792,NA,796,1,795,13486,NA
81255012008,4748,90793,NA,500,5,495,8248,NA
81255012046,7093,94284,878,311,5,306,5078,35.42
81255012046,7093,94285,1062,376,4,372,6049,35.4
81255012046,7093,94286,1258,555,13,542,8992,44.120000000000005
81255012046,7093,94287,1241,388,11,377,6040,31.27
81255012046,7093,94288,1142,491,9,482,7927,42.99
81255012046,7093,94289,1127,425,6,419,6757,37.71
81255012046,7093,94290,629,316,4,312,5107,50.24
81255012046,7093,94291,NA,959,10,949,16085,NA
81255012046,7093,94292,NA,1007,6,1001,16763,NA
81255012098,4966,85568,1185,447,15,432,6277,37.720000000000006
81255012098,4966,85569,1246,575,12,563,8346,46.15
81255012098,4966,85570,904,331,16,315,4633,36.620000000000005
81255012098,4966,85571,853,382,5,377,5562,44.78
81255012098,4966,85572,385,187,6,181,2634,48.57
81255012098,4966,85573,1081,352,13,339,5085,32.56
81255012098,4966,85574,681,313,6,307,4644,45.96
81255012098,4966,85575,498,226,3,223,3217,45.379999999999995
81255012098,4966,85576,NA,846,10,836,12589,NA
81255012098,4966,85577,NA,741,0,741,11186,NA
81255013061,1786,54554,1434,584,7,577,7334,40.73
81255013061,1786,54555,1372,554,11,543,7059,40.379999999999995
81255013061,1786,54556,NA,583,5,578,7636,NA
81255013086,2738,93979,1031,420,42,378,7112,40.74
81255013086,2738,93980,1152,449,32,417,7772,38.98
81255013086,2738,93981,1054,510,38,472,8987,48.39
81255013086,2738,93982,1013,365,29,336,6335,36.03
81255013086,2738,93983,952,427,33,394,7438,44.849999999999994
81255013086,2738,93984,720,293,14,279,4611,40.690000000000005
81255013086,2738,93985,711,310,29,281,4998,43.6
81255013086,2738,93986,819,380,19,361,6529,46.4
81255013086,2738,93987,812,426,29,397,7592,52.46
81255013086,2738,93988,774,329,12,317,5624,42.51
81255013086,2738,93989,NA,1056,32,1024,20160,NA
81255013086,2738,93990,NA,796,36,760,14076,NA
81255014021,5025,85374,1158,566,22,544,7246,48.879999999999995
81255014021,5025,85375,877,447,13,434,5667,50.97
81255014021,5025,85376,207,109,3,106,1412,52.66
81255014021,5025,85377,306,150,5,145,1860,49.02
81255014021,5025,85378,NA,504,4,500,6617,NA
81255014057,6784,82879,1081,577,3,574,4379,53.379999999999995
81255014057,6784,82880,1011,549,8,541,4174,54.3
81255014057,6784,82881,NA,411,2,409,3255,NA
81255014102,4023,82568,1179,294,20,274,4887,24.94
81255014102,4023,82569,1060,309,31,278,4899,29.15
81255014102,4023,82570,1324,575,36,539,10461,43.43
81255014102,4023,82571,1279,456,31,425,8050,35.65
81255014102,4023,82572,1046,326,20,306,5642,31.17
81255014102,4023,82573,1029,400,16,384,7209,38.87
81255014102,4023,82574,1197,467,35,432,8283,39.01
81255014102,4023,82575,659,335,19,316,5216,50.83
81255014102,4023,82576,845,413,23,390,6495,48.879999999999995
81255014102,4023,82577,504,236,16,220,3655,46.83
81255014102,4023,82578,NA,966,35,931,17778,NA
81255014102,4023,82579,NA,1022,28,994,18806,NA
81260011011,2623,59493,783,362,7,355,7317,46.23
81260011011,2623,59494,1454,628,17,611,12334,43.190000000000005
81260011011,2623,59495,152,107,0,107,2161,70.39
81260011011,2623,59496,1514,615,27,588,11508,40.620000000000005
81260011011,2623,59497,677,361,9,352,6734,53.32
81260011011,2623,59498,217,141,0,141,2747,64.98
81260011011,2623,59499,1028,447,16,431,8226,43.48
81260011011,2623,59500,814,440,3,437,8677,54.05
81260011011,2623,59501,1096,534,7,527,10537,48.720000000000006
81260011011,2623,59502,208,110,1,109,2303,52.879999999999995
81260011011,2623,59503,807,413,16,397,7926,51.18
81260011011,2623,59504,1265,598,22,576,11554,47.27
81260011011,2623,59505,NA,1721,10,1711,34989,NA
81260072072,2591,60488,904,442,23,419,6086,48.89
81260072072,2591,60489,588,239,10,229,3732,40.65
81260072072,2591,60490,926,386,32,354,4824,41.68
81260072072,2591,60491,200,107,6,101,1548,53.5
81260072072,2591,60492,368,214,8,206,3186,58.15
81260072072,2591,60493,436,254,10,244,3964,58.260000000000005
81260072072,2591,60494,794,327,14,313,4738,41.18
81260072072,2591,60495,157,78,7,71,1117,49.68
81260072072,2591,60496,248,130,3,127,2177,52.42
81260072072,2591,60497,NA,536,14,522,8431,NA
81260072072,2591,60498,NA,701,15,686,10759,NA
81265001047,5699,86002,1348,592,23,569,8996,43.92
81265001047,5699,86003,1666,679,27,652,10224,40.760000000000005
81265001047,5699,86004,366,203,5,198,3181,55.46
81265001047,5699,86005,396,222,7,215,3307,56.06
81265001047,5699,86006,1154,479,13,466,7045,41.51
81265001047,5699,86007,194,87,2,85,1410,44.849999999999994
81265001047,5699,86008,NA,902,2,900,14480,NA
81265001058,5752,89983,839,320,15,305,4986,38.14
81265001058,5752,89984,804,338,13,325,5560,42.04
81265001058,5752,89985,1245,533,24,509,8513,42.809999999999995
81265001058,5752,89986,185,73,3,70,1170,39.46
81265001058,5752,89987,422,182,7,175,2793,43.13
81265001058,5752,89988,264,137,5,132,2273,51.89
81265001058,5752,89989,662,369,20,349,5921,55.74
81265001058,5752,89990,445,199,7,192,3392,44.720000000000006
81265001058,5752,89991,320,175,4,171,2885,54.690000000000005
81265001058,5752,89992,NA,997,21,976,17149,NA
81265001085,5709,89740,426,168,11,157,1911,39.44
81265001085,5709,89741,852,391,28,363,4410,45.89
81265001085,5709,89742,622,265,8,257,3188,42.6
81265001085,5709,89743,206,97,6,91,945,47.09
81265001085,5709,89744,169,93,6,87,1041,55.03
81265001085,5709,89745,174,109,3,106,1302,62.64
81265001085,5709,89746,NA,368,6,362,4675,NA
81265002020,6433,92608,1183,881,40,841,8818,74.47
81265002020,6433,92609,561,345,32,313,2973,61.5
81265002020,6433,92610,159,120,5,115,1107,75.47
81265002020,6433,92611,146,90,8,82,813,61.64
81265002020,6433,92612,NA,0,0,0,0,NA
81265002045,5827,90119,1524,527,24,503,6697,34.58
81265002045,5827,90120,399,214,8,206,2742,53.63
81265002045,5827,90121,530,325,23,302,3592,61.32
81265002045,5827,90122,445,214,17,197,2604,48.09
81265002045,5827,90123,306,144,10,134,1634,47.06
81265002045,5827,90124,272,182,4,178,2456,66.91000000000001
81265002045,5827,90125,89,65,1,64,888,73.03
81265002045,5827,90126,176,112,1,111,1427,63.64
81265002045,5827,90127,NA,650,31,619,8602,NA
81265002056,2763,90380,862,403,24,379,4650,46.75
81265002056,2763,90381,397,270,8,262,3222,68.01
81265002056,2763,90382,412,226,23,203,2297,54.849999999999994
81265002056,2763,90383,162,104,6,98,1079,64.2
81265002056,2763,90384,393,211,9,202,2368,53.690000000000005
81265002056,2763,90385,388,202,5,197,2695,52.06
81265002056,2763,90386,196,128,2,126,1621,65.31
81265002056,2763,90387,183,114,7,107,1396,62.3
81265002056,2763,90388,NA,585,20,565,7464,NA
81265003039,1841,54941,1332,378,14,364,5617,28.38
81265003039,1841,54942,1029,325,12,313,5011,31.58
81265003039,1841,54943,487,245,12,233,3659,50.309999999999995
81265003039,1841,54944,261,156,1,155,2435,59.77
81265003039,1841,54945,522,287,11,276,4585,54.98
81265003039,1841,54946,312,186,6,180,2847,59.620000000000005
81265003039,1841,54947,268,152,0,152,2398,56.720000000000006
81265003039,1841,54948,253,157,5,152,2240,62.06
81265003039,1841,54949,NA,999,7,992,16210,NA
81265003046,1977,60321,2383,650,11,639,12011,27.28
81265003046,1977,60322,1327,480,13,467,9590,36.17
81265003046,1977,60323,983,341,8,333,6457,34.690000000000005
81265003046,1977,60324,2534,966,60,906,15657,38.120000000000005
81265003046,1977,60325,478,244,7,237,4804,51.05
81265003046,1977,60326,341,176,5,171,3435,51.61
81265003046,1977,60327,1765,794,20,774,14293,44.99
81265003046,1977,60328,609,238,7,231,4476,39.08
81265003046,1977,60329,509,240,5,235,4578,47.15
81265003046,1977,60330,282,140,2,138,2530,49.65
81265003046,1977,60331,199,109,2,107,2229,54.77
81265003046,1977,60332,464,193,3,190,3597,41.59
81265003046,1977,60334,208,116,2,114,2324,55.77
81265003046,1977,60335,203,124,2,122,2542,61.08
81265003046,1977,60333,NA,2164,21,2143,43150,NA
81265004028,6236,92042,2065,820,23,797,12947,39.71
81265004028,6236,92043,767,365,19,346,5172,47.59
81265004028,6236,92044,754,310,7,303,4728,41.11
81265004028,6236,92045,346,210,6,204,3099,60.690000000000005
81265004028,6236,92046,282,190,0,190,2981,67.38
81265004028,6236,92047,NA,719,12,707,11618,NA
81265004060,7125,94324,3229,1994,41,1953,25788,61.75
81265004086,7154,94415,1265,408,23,385,4153,32.25
81265004086,7154,94416,365,170,15,155,1669,46.58
81265004086,7154,94417,NA,311,18,293,3309,NA
81265005066,5077,85957,1883,550,11,539,14176,29.21
81265005066,5077,85958,1511,659,15,644,17021,43.61
81265005066,5077,85959,1429,428,11,417,11184,29.95
81265005066,5077,86009,1319,377,2,375,10369,28.58
81265005066,5077,86010,1270,443,10,433,11660,34.879999999999995
81265005066,5077,86011,1747,703,19,684,18710,40.24
81265005066,5077,86012,1434,654,12,642,17754,45.61
81265005066,5077,86013,1458,537,15,522,14112,36.83
81265005066,5077,86015,1761,629,19,610,14442,35.720000000000006
81265005066,5077,86016,1633,744,14,730,19602,45.56
81265005066,5077,86017,410,261,7,254,6700,63.66
81265005066,5077,86018,418,311,4,307,8515,74.4
81265005066,5077,86019,862,587,11,576,16215,68.1
81265005066,5077,86020,267,198,4,194,5480,74.16
81265005066,5077,86021,1173,686,18,668,17824,58.48
81265005066,5077,86022,201,153,2,151,4144,76.11999999999999
81265005066,5077,86024,670,397,6,391,10565,59.25
81265005066,5077,86032,479,274,4,270,7466,57.2
81265005066,5077,86033,606,426,19,407,10571,70.3
81265005066,5077,86014,NA,2236,37,2199,64243,NA
81265005069,2338,58946,1043,387,15,372,5985,37.1
81265005069,2338,58947,1050,436,7,429,6883,41.52
81265005069,2338,58948,746,331,14,317,5101,44.37
81265005069,2338,58949,784,372,6,366,6103,47.45
81265005069,2338,58950,765,332,16,316,4875,43.4
81265005069,2338,58951,965,457,11,446,7022,47.36
81265005069,2338,58952,257,148,2,146,2326,57.59
81265005069,2338,58953,553,292,5,287,4384,52.8
81265005069,2338,58954,1156,546,16,530,8579,47.23
81265005069,2338,58955,NA,1478,25,1453,23978,NA
81265005094,5387,58938,1424,667,5,662,5255,46.84
81265005094,5387,58939,NA,267,2,265,2009,NA
81270008008,4228,81212,1139,667,29,638,10781,58.56
81270008008,4228,81214,1189,646,28,618,10494,54.33
81270008008,4228,81215,461,343,14,329,4920,74.4
81270008008,4228,81216,410,306,11,295,4764,74.63
81270008008,4228,81217,280,177,10,167,2449,63.21
81270008008,4228,81218,800,458,17,441,7155,57.25
81270008008,4228,81219,NA,0,0,0,0,NA
81270052052,5766,89903,990,428,7,421,6670,43.23
81270052052,5766,89904,1415,533,18,515,8232,37.67
81270052052,5766,89905,516,213,4,209,3172,41.28
81270052052,5766,89906,727,339,15,324,5074,46.63
81270052052,5766,89907,724,353,9,344,5283,48.760000000000005
81270052052,5766,89908,522,265,10,255,3960,50.77
81270052052,5766,89910,NA,846,11,835,13649,NA
81270075075,2032,64520,988,339,18,321,5826,34.309999999999995
81270075075,2032,64521,879,302,14,288,5214,34.36
81270075075,2032,64522,1089,338,16,322,5765,31.04
81270075075,2032,64523,654,283,4,279,4840,43.27
81270075075,2032,64524,384,201,4,197,3796,52.34
81270075075,2032,64597,655,337,14,323,5986,51.45
81270075075,2032,64526,NA,895,20,875,16472,NA
81275001009,6018,91079,743,363,12,351,4132,48.86
81275001009,6018,91080,461,248,5,243,2984,53.8
81275001009,6018,91081,448,240,10,230,2707,53.57
81275001009,6018,91082,453,275,7,268,3327,60.71
81275001009,6018,91083,NA,316,8,308,3901,NA
81275001086,3097,55844,1321,617,25,592,6553,46.71
81275001086,3097,55845,531,262,8,254,2655,49.34
81275001086,3097,55846,637,311,15,296,3308,48.82
81275001086,3097,55847,NA,480,31,449,5129,NA
81275002014,3266,81426,1358,358,12,346,7945,26.36
81275002014,3266,81427,1218,389,13,376,10578,31.94
81275002014,3266,81428,1706,523,24,499,12680,30.66
81275002014,3266,81429,1020,362,20,342,7948,35.49
81275002014,3266,81430,1975,453,23,430,10809,22.94
81275002014,3266,81431,970,278,13,265,6617,28.66
81275002014,3266,81432,1470,392,19,373,8167,26.67
81275002014,3266,81433,993,344,10,334,8578,34.64
81275002014,3266,81434,1497,399,15,384,8946,26.65
81275002014,3266,81435,1780,677,44,633,16969,38.03
81275002014,3266,81436,1110,451,13,438,11698,40.63
81275002014,3266,81437,982,463,16,447,11044,47.15
81275002014,3266,81438,1576,613,17,596,14168,38.9
81275002014,3266,81439,1535,539,16,523,11434,35.11
81275002014,3266,81440,1424,484,17,467,11764,33.99
81275002014,3266,81441,1118,410,20,390,9437,36.67
81275002014,3266,81442,835,347,9,338,7824,41.56
81275002014,3266,81443,395,222,5,217,5626,56.2
81275002014,3266,81451,225,109,7,102,2485,48.44
81275002014,3266,81452,1566,462,13,449,9767,29.5
81275002014,3266,81454,1080,401,12,389,10090,37.13
81275002014,3266,81455,1459,470,42,428,10322,32.21
81275002014,3266,81456,NA,684,13,671,18512,NA
81275002014,3266,81457,NA,639,16,623,16920,NA
81275002014,3266,81458,NA,695,21,674,19006,NA
81275002014,3266,81459,NA,704,25,679,18927,NA
81275002014,3266,92283,NA,705,16,689,19176,NA
81275002014,3266,92284,NA,695,15,680,18990,NA
81275002073,4660,83641,1714,968,60,908,13895,56.48
81275002073,4660,83642,844,455,14,441,7010,53.91
81275002073,4660,83643,829,544,17,527,7467,65.61999999999999
81275002073,4660,83644,902,543,33,510,7760,60.2
81275002073,4660,83645,105,86,0,86,1368,81.9
81275002073,4660,83646,190,120,1,119,1829,63.16
81275002103,1616,56796,1608,676,13,663,10618,42.04
81275002103,1616,56797,1836,822,22,800,12879,44.77
81275002103,1616,56798,604,323,11,312,5016,53.48
81275002103,1616,56801,NA,850,10,840,13660,NA
81275002104,4580,83236,1556,610,39,571,6510,39.2
81275002104,4580,83237,364,150,11,139,1393,41.21
81275002104,4580,83238,570,245,9,236,2657,42.98
81275002104,4580,83239,NA,335,12,323,3677,NA
81275002104,4580,83240,NA,212,9,203,2270,NA
81275003101,3998,69068,1044,379,10,369,4722,36.3
81275003101,3998,69069,1285,542,23,519,6586,42.18
81275003101,3998,69070,919,326,9,317,4023,35.47
81275003101,3998,69071,NA,715,14,701,8962,NA
81275004032,2662,60990,1205,390,23,367,4600,32.37
81275004032,2662,60991,1156,491,17,474,6170,42.47
81275004032,2662,60992,276,126,5,121,1343,45.65
81275004032,2662,60993,466,260,7,253,2955,55.790000000000006
81275004032,2662,60994,396,209,3,206,2625,52.78
81275004032,2662,60995,NA,572,10,562,7362,NA
81275004047,4147,63978,1181,511,35,476,5307,43.27
81275004047,4147,63980,108,67,2,65,731,62.04
81275004047,4147,63982,132,83,1,82,898,62.879999999999995
81275004047,4147,63984,100,68,1,67,703,68
81275004047,4147,63986,NA,307,6,301,3534,NA
81275005043,5346,87295,1326,494,32,462,8207,37.25
81275005043,5346,87296,1555,602,37,565,10359,38.71
81275005043,5346,87297,973,435,13,422,7235,44.71
81275005043,5346,87298,498,297,18,279,4517,59.64
81275005043,5346,87299,392,200,14,186,2697,51.02
81275005043,5346,87300,666,346,18,328,5399,51.95
81275005043,5346,87301,NA,950,43,907,15892,NA
81275005089,6707,93526,1849,743,14,729,6246,40.18
81275005089,6707,93527,925,401,2,399,3386,43.349999999999994
81275005089,6707,93528,966,505,7,498,4214,52.28
81275005089,6707,93529,NA,720,2,718,6428,NA
81275005099,5748,89859,1881,862,51,811,9029,45.83
81275005099,5748,89860,NA,376,14,362,4090,NA
81275006025,3145,64731,956,352,14,338,6654,36.82
81275006025,3145,64732,1545,518,19,499,9271,33.53
81275006025,3145,64733,904,388,26,362,6614,42.92
81275006025,3145,64734,1265,397,21,376,6801,31.38
81275006025,3145,64735,1692,649,21,628,12114,38.36
81275006025,3145,64736,897,424,14,410,7720,47.27
81275006025,3145,64737,564,295,8,287,5783,52.3
81275006025,3145,64738,1369,615,28,587,10723,44.92
81275006025,3145,64739,NA,754,9,745,15064,NA
81275006025,3145,64740,NA,779,13,766,15332,NA
81275006062,5849,94574,1049,449,21,428,5425,42.8
81275006062,5849,94575,1344,570,19,551,7066,42.41
81275006062,5849,94576,412,197,4,193,2518,47.82
81275006062,5849,94577,NA,501,6,495,6540,NA
81275007012,5887,90973,1298,590,47,543,6322,45.45
81275007012,5887,90974,792,358,9,349,4081,45.2
81275007012,5887,90975,206,136,3,133,1539,66.02
81275007012,5887,90976,184,117,5,112,1293,63.59
81275007012,5887,90977,NA,447,10,437,5276,NA
81275007013,5670,89581,1310,642,12,630,5601,49.01
81275007013,5670,89582,434,255,2,253,2183,58.760000000000005
81275007013,5670,89583,NA,335,2,333,2988,NA
81275007063,3114,89959,1896,685,62,623,9171,36.13
81275007063,3114,89960,1199,537,46,491,7578,44.790000000000006
81275007063,3114,89961,706,341,21,320,4591,48.3
81275007063,3114,89962,497,250,20,230,3327,50.3
81275007063,3114,89963,NA,855,71,784,12003,NA
81275008046,4462,82580,718,265,23,242,3034,36.91
81275008046,4462,82581,970,431,25,406,5114,44.43
81275008046,4462,82582,175,98,8,90,1034,56
81275008046,4462,82583,427,223,10,213,2662,52.220000000000006
81275008046,4462,82584,1085,526,29,497,6211,48.48
81275008046,4462,82585,NA,361,3,358,4586,NA
81275008046,4462,82586,NA,244,7,237,2771,NA
81275008071,5451,88645,1305,511,18,493,9024,39.16
81275008071,5451,88647,1283,578,28,550,10267,45.05
81275008071,5451,88649,307,159,4,155,2658,51.790000000000006
81275008071,5451,88651,820,450,22,428,6798,54.879999999999995
81275008071,5451,88653,323,216,10,206,3787,66.86999999999999
81275008071,5451,88655,357,208,2,206,3660,58.260000000000005
81275008071,5451,88646,NA,320,9,311,5591,NA
81275008071,5451,88648,NA,377,17,360,6491,NA
81275008091,2219,57132,1879,704,32,672,10382,37.47
81275008091,2219,57133,109,61,0,61,921,55.96
81275008091,2219,57134,605,267,13,254,3842,44.13
81275008091,2219,57135,486,200,10,190,2674,41.15
81275008091,2219,57136,NA,581,9,572,9024,NA
81275009056,5377,86047,1943,849,28,821,10546,43.7
81275009056,5377,86048,850,377,21,356,4502,44.349999999999994
81275009056,5377,86049,NA,599,17,582,7632,NA
81275009059,5026,87189,769,295,11,284,3618,38.36
81275009059,5026,87190,521,258,6,252,3288,49.52
81275009059,5026,87191,847,394,12,382,5134,46.52
81275009059,5026,87192,227,144,8,136,1706,63.44
81275009059,5026,87193,708,315,7,308,3961,44.49
81275009059,5026,87194,NA,335,5,330,4306,NA
81275009059,5026,87195,NA,308,1,307,4032,NA
81275009076,6019,91123,1297,477,13,464,12282,36.78
81275009076,6019,92558,719,273,8,265,7212,37.97
81275009076,6019,92559,610,227,5,222,5819,37.21
81275009076,6019,92564,1054,455,9,446,12804,43.17
81275009076,6019,92569,1055,370,6,364,10242,35.07
81275009076,6019,92570,1361,632,7,625,16585,46.44
81275009076,6019,92572,678,353,16,337,9789,52.06
81275009076,6019,92573,1258,561,15,546,14712,44.59
81275009076,6019,92581,1162,494,8,486,12725,42.51
81275009076,6019,92582,635,254,10,244,6335,40
81275009076,6019,92583,1796,761,27,734,19307,42.37
81275009076,6019,92584,308,45,0,45,841,14.61
81275009076,6019,92585,1254,460,21,439,11536,36.68
81275009076,6019,92586,1668,640,21,619,14228,38.37
81275009076,6019,92587,1639,757,14,743,20333,46.190000000000005
81275009076,6019,92588,845,381,11,370,10224,45.09
81275009076,6019,92589,1041,371,13,358,9310,35.64
81275009076,6019,92590,1103,413,15,398,9414,37.44
81275009076,6019,92591,1388,445,11,434,10111,32.06
81275009076,6019,92592,1053,433,13,420,11322,41.120000000000005
81275009076,6019,92593,1405,581,14,567,14800,41.349999999999994
81275009076,6019,92594,813,365,9,356,8888,44.9
81275009076,6019,92595,798,456,11,445,11386,57.14
81275009076,6019,92596,948,548,10,538,14332,57.809999999999995
81275009076,6019,92597,907,455,19,436,10896,50.17
81275009076,6019,92598,568,252,7,245,6476,44.37
81275009076,6019,92599,543,303,2,301,8127,55.8
81275009076,6019,92600,335,144,7,137,3885,42.99
81275009076,6019,92601,1150,632,15,617,15549,54.96
81275009076,6019,92602,1414,712,24,688,17024,50.349999999999994
81275009076,6019,92571,859,395,7,388,9800,45.98
81275009076,6019,92578,NA,496,9,487,13530,NA
81275009076,6019,92579,NA,350,6,344,9238,NA
81275009076,6019,92580,NA,267,6,261,7367,NA
81275009076,6019,92574,NA,448,8,440,13063,NA
81275009076,6019,92603,NA,525,4,521,15069,NA
81275009076,6019,92604,NA,459,8,451,13039,NA
81275009076,6019,92605,NA,501,7,494,14314,NA
81275009076,6019,92606,NA,264,3,261,7586,NA
81275009076,6019,92607,NA,314,4,310,8897,NA
81275009076,6019,92575,NA,294,7,287,8405,NA
81275009076,6019,92576,NA,428,5,423,12251,NA
81275009076,6019,92577,NA,285,4,281,7824,NA
81275009100,5675,91306,1980,858,32,826,13486,43.33
81275009100,5675,91307,906,468,25,443,7349,51.66
81275009100,5675,91308,245,114,7,107,1734,46.53
81275009100,5675,91309,168,95,1,94,1485,56.55
81275009100,5675,91310,676,299,24,275,4474,44.23
81275009100,5675,91311,207,121,3,118,1933,58.45
81275009100,5675,91312,NA,835,18,817,13673,NA
81280020020,3008,63622,1387,896,32,864,13207,64.6
81280020020,3008,63623,255,205,1,204,2976,80.39
81280020020,3008,63624,233,185,7,178,2646,79.4
81280020020,3008,63625,95,75,4,71,1075,78.95
81280020020,3008,63626,258,208,6,202,3074,80.61999999999999
81280020020,3008,63627,133,111,4,107,1580,83.46000000000001
81280020020,3008,63628,230,157,6,151,2188,68.26
81280020020,3008,63629,225,177,8,169,2685,78.66999999999999
81280020020,3008,63630,268,200,2,198,3025,74.63
81280020020,3008,63631,189,153,1,152,2364,80.95
81280020020,3008,63632,122,99,0,99,1535,81.14999999999999
81280020020,3008,63633,177,145,5,140,2266,81.92
81280020020,3008,63634,138,108,3,105,1633,78.26
81280039039,2549,59962,373,173,13,160,2172,46.379999999999995
81280039039,2549,59963,1292,859,36,823,11331,66.49000000000001
81280039039,2549,59964,449,327,9,318,4054,72.83
81280039039,2549,59965,217,148,1,147,1880,68.2
81280039039,2549,59966,517,387,16,371,4361,74.85
81280039039,2549,59967,124,98,8,90,1114,79.03
81280064064,2070,89659,750,307,17,290,4418,40.93
81280064064,2070,89660,538,235,23,212,3272,43.68
81280064064,2070,89661,537,233,10,223,3153,43.39
81280064064,2070,89662,592,224,10,214,3277,37.84
81280064064,2070,89663,573,261,15,246,3655,45.55
81280064064,2070,89664,499,391,9,382,5356,78.36
81280064064,2070,89665,306,177,8,169,2263,57.84
81280064064,2070,89666,99,51,1,50,815,51.52
81280064064,2070,89667,450,265,11,254,3591,58.89
81280064064,2070,89668,NA,902,34,868,13533,NA
81280082082,5145,85789,1129,427,24,403,6098,37.82
81280082082,5145,85790,1114,446,21,425,6509,40.04
81280082082,5145,85791,187,106,5,101,1600,56.68
81280082082,5145,85796,148,122,1,121,1993,82.43
81280082082,5145,85806,361,209,13,196,3023,57.89
81280082082,5145,85808,107,59,3,56,908,55.14
81280082082,5145,85809,197,131,6,125,1905,66.5
81280082082,5145,85810,124,97,2,95,1502,78.23
81280082082,5145,85811,105,60,2,58,911,57.14
81280082082,5145,85812,344,170,7,163,2569,49.42
81280082082,5145,85813,262,169,8,161,2661,64.5
81280082082,5145,85814,NA,832,26,806,12793,NA
81280126126,4885,84939,1184,720,25,695,11407,60.809999999999995
81280126126,4885,84940,1424,964,25,939,15363,67.7
81280126126,4885,84941,1110,705,20,685,10955,63.51
81280126126,4885,84942,693,493,19,474,7798,71.14
81280126126,4885,84943,104,88,6,82,1265,84.61999999999999
81280126126,4885,84944,768,526,24,502,7244,68.49000000000001
81280126126,4885,84945,223,167,4,163,2785,74.89
81280126126,4885,84946,95,81,1,80,1322,85.26
81280126126,4885,84947,571,424,15,409,6759,74.26
81280126126,4885,84948,266,203,1,202,3284,76.32
81280131131,2686,90444,770,223,9,214,4160,28.959999999999997
81280131131,2686,90445,1587,492,16,476,9446,31
81280131131,2686,90446,1411,486,36,450,8183,34.44
81280131131,2686,90447,1227,472,20,452,8458,38.47
81280131131,2686,90448,1422,514,31,483,9257,36.15
81280131131,2686,90449,449,198,13,185,3607,44.1
81280131131,2686,90450,2072,587,65,522,8813,28.33
81280131131,2686,90451,1188,504,50,454,8178,42.42
81280131131,2686,90452,615,484,15,469,9636,78.7
81280131131,2686,90453,734,524,15,509,9993,71.39
81280131131,2686,90454,261,202,8,194,3699,77.39
81280131131,2686,90455,617,457,17,440,8356,74.07
81280131131,2686,90456,488,322,14,308,5859,65.98
81280131131,2686,90457,358,286,3,283,5302,79.89
81280131131,2686,90458,307,250,4,246,4797,81.43
81280131131,2686,90459,393,307,10,297,5659,78.11999999999999
81280131131,2686,90460,730,504,21,483,8990,69.04
81280131131,2686,90461,1080,793,29,764,14893,73.43
81280131131,2686,90462,1026,740,23,717,14032,72.11999999999999
81280131131,2686,90463,399,308,5,303,5831,77.19
81280131131,2686,90464,402,319,16,303,5871,79.35
81280131131,2686,90465,488,358,6,352,7065,73.36
81280131131,2686,90466,343,261,6,255,4978,76.09
81280131131,2686,90467,NA,948,26,922,19054,NA
81280131131,2686,90468,NA,647,16,631,12792,NA
81280139139,2438,59468,1143,383,25,358,7334,33.51
81280139139,2438,59676,1078,355,31,324,6868,32.93
81280139139,2438,59677,1121,411,23,388,8425,36.66
81280139139,2438,59678,1063,301,21,280,5507,28.32
81280139139,2438,59679,525,355,9,346,7361,67.61999999999999
81280139139,2438,92642,1292,437,24,413,8588,33.82
81280139139,2438,59681,323,245,5,240,4641,75.85
81280139139,2438,59682,310,214,5,209,3870,69.03
81280139139,2438,59683,521,381,28,353,7007,73.13
81280139139,2438,59684,1242,526,23,503,9652,42.349999999999994
81280139139,2438,59685,219,161,10,151,3365,73.52
81280139139,2438,59686,65,50,6,44,1012,76.92
81280139139,2438,59687,267,170,8,162,3338,63.67
81280139139,2438,59688,253,169,5,164,3591,66.8
81280139139,2438,59689,982,331,28,303,6437,33.71
81280139139,2438,59690,955,361,20,341,7365,37.8
81280139139,2438,59691,NA,756,12,744,17038,NA
81280139139,2438,84542,NA,726,15,711,15785,NA
81280139139,2438,84543,NA,339,7,332,7331,NA
81280139139,2438,84544,NA,283,13,270,5642,NA
81285001007,1614,90145,1625,421,36,385,8552,25.91
81285001007,1614,90146,718,199,16,183,3631,27.72
81285001007,1614,90147,1113,348,23,325,6781,31.27
81285001007,1614,90148,1176,426,29,397,8720,36.220000000000006
81285001007,1614,90149,1254,414,28,386,8337,33.01
81285001007,1614,90150,1211,388,22,366,8210,32.04
81285001007,1614,90151,1198,415,14,401,9378,34.64
81285001007,1614,90152,1084,392,19,373,8406,36.16
81285001007,1614,90154,1464,528,32,496,11179,36.07
81285001007,1614,90155,801,552,21,531,11375,68.91000000000001
81285001007,1614,90157,756,551,30,521,9591,72.88
81285001007,1614,90158,908,684,44,640,12866,75.33
81285001007,1614,90163,274,214,7,207,4410,78.1
81285001007,1614,90164,156,120,5,115,2767,76.92
81285001007,1614,90165,207,181,5,176,3725,87.44000000000001
81285001007,1614,90166,227,202,6,196,4295,88.99000000000001
81285001007,1614,90167,959,721,25,696,15296,75.17999999999999
81285001007,1614,90168,372,294,9,285,4810,79.03
81285001007,1614,90169,501,395,6,389,8345,78.84
81285001007,1614,90171,736,562,14,548,11617,76.36
81285001007,1614,90172,511,404,20,384,7543,79.06
81285001007,1614,90173,299,203,10,193,4079,67.89
81285001007,1614,90174,1199,729,50,679,14241,60.8
81285001007,1614,90177,NA,596,22,574,13785,NA
81285001007,1614,90178,NA,670,20,650,16005,NA
81285001007,1614,90179,NA,745,26,719,17607,NA
81285001058,2290,60306,1141,689,4,685,11119,60.39
81285001058,2290,60307,1448,870,25,845,13843,60.08
81285001058,2290,60308,1039,725,9,716,11850,69.78
81285001058,2290,60309,229,174,1,173,2589,75.98
81285001058,2290,60310,413,311,4,307,4847,75.3
81285001058,2290,60311,234,179,4,175,2859,76.5
81285001058,2290,92081,51,34,1,33,547,66.66999999999999
81285002014,5195,85960,1135,600,23,577,8421,52.86
81285002014,5195,85961,116,91,0,91,1336,78.45
81285002014,5195,85962,333,250,3,247,3660,75.08
81285002014,5195,85963,105,74,0,74,1137,70.48
81285002014,5195,85964,239,176,5,171,2592,73.64
81285002014,5195,85965,96,61,2,59,705,63.54
81285002014,5195,85966,295,214,9,205,2933,72.54
81285002014,5195,85967,460,359,5,354,5444,78.04
81285002014,5195,85968,852,590,20,570,8167,69.25
81285002014,5195,85969,307,256,5,251,3661,83.39
81285002014,5195,85970,702,483,23,460,6572,68.8
81285002014,5195,85971,327,261,4,257,3606,79.82
81285002014,5195,85972,638,417,27,390,5742,65.36
81285002138,4486,82745,454,262,3,259,2042,57.71
81285002138,4486,82746,310,201,6,195,1343,64.84
81285002138,4486,82747,624,357,4,353,2794,57.21
81285002138,4486,82748,134,87,0,87,659,64.93
81285002138,4486,82749,349,198,0,198,1452,56.73
81285002138,4486,82750,NA,308,2,306,2219,NA
81285003047,5094,85653,1913,1296,48,1248,15532,67.75
81285003047,5094,85654,151,112,4,108,1327,74.16999999999999
81285003047,5094,85655,241,187,7,180,2074,77.59
81285003047,5094,85656,183,141,5,136,1483,77.05
81285003047,5094,85659,212,169,12,157,1703,79.72
81285003047,5094,85660,360,248,22,226,2347,68.89
81285004045,5803,90080,1266,948,144,804,9015,74.88
81285004045,5803,91113,1202,777,39,738,8253,64.64
81285004045,5803,91114,555,377,30,347,3471,67.93
81285004045,5803,91115,340,228,13,215,2235,67.06
81285004061,3375,66259,636,263,16,247,2647,41.349999999999994
81285004061,3375,66260,710,312,14,298,3188,43.94
81285004061,3375,66261,244,144,4,140,1479,59.02
81285004061,3375,66262,553,337,26,311,3310,60.94
81285004061,3375,66263,371,210,16,194,1876,56.6
81285004061,3375,66264,NA,577,25,552,5926,NA
81285004115,3259,65400,731,236,8,228,4105,32.28
81285004115,3259,65401,650,235,8,227,4337,36.15
81285004115,3259,65402,646,244,7,237,4392,37.77
81285004115,3259,65404,663,229,7,222,4065,34.54
81285004115,3259,65407,694,267,8,259,4981,38.47
81285004115,3259,65409,906,300,13,287,5160,33.11
81285004115,3259,65412,911,269,18,251,4397,29.53
81285004115,3259,65414,926,279,15,264,4774,30.130000000000003
81285004115,3259,65417,799,247,11,236,4474,30.91
81285004115,3259,65419,912,440,6,434,7670,48.25
81285004115,3259,65421,554,260,7,253,4374,46.93
81285004115,3259,65423,268,130,2,128,2387,48.51
81285004115,3259,65426,566,249,6,243,3784,43.99
81285004115,3259,65428,770,344,11,333,5769,44.68
81285004115,3259,65431,718,300,14,286,4824,41.78
81285004115,3259,65436,NA,846,9,837,15764,NA
81285004115,3259,65439,NA,690,9,681,12500,NA
81285004115,3259,65443,NA,822,3,819,15520,NA
81285004128,6694,93357,998,699,29,670,8434,70.04
81285004128,6694,93359,497,354,13,341,3809,71.23
81285004128,6694,93360,550,431,27,404,4631,78.36
81285004128,6694,93361,332,241,19,222,2662,72.59
81285004128,6694,93362,216,160,7,153,1954,74.07
81285004128,6694,93363,84,81,2,79,1034,96.43
81350010010,2126,56483,1444,1002,38,964,14432,69.39
81350010010,2126,56484,360,256,9,247,3325,71.11
81350010010,2126,56485,373,292,10,282,4274,78.28
81350010010,2126,56486,418,328,6,322,4560,78.47
81350010010,2126,56488,476,308,7,301,4261,64.71000000000001
81350010010,2126,56487,411,287,8,279,3916,69.83
81350010010,2126,56489,119,93,4,89,1300,78.14999999999999
81350015015,3361,88303,1219,514,25,489,8883,42.17
81350015015,3361,88304,1488,619,24,595,10652,41.6
81350015015,3361,88305,1175,452,18,434,7827,38.47
81350015015,3361,88306,1118,411,19,392,6941,36.760000000000005
81350015015,3361,88307,1590,751,41,710,10929,47.23
81350015015,3361,88308,1169,569,23,546,8193,48.67
81350015015,3361,88309,825,366,19,347,5775,44.36
81350015015,3361,88310,703,309,17,292,4545,43.95
81350015015,3361,88311,NA,676,13,663,11748,NA
81350015015,3361,88312,NA,676,25,651,11295,NA
81350015015,3361,88313,NA,605,17,588,10102,NA
81350020020,1911,55837,1149,497,12,485,8096,43.260000000000005
81350020020,1911,55839,1356,526,4,522,8844,38.790000000000006
81350020020,1911,55840,1297,433,24,409,6593,33.379999999999995
81350020020,1911,55841,1171,531,23,508,8308,45.349999999999994
81350020020,1911,55842,1264,510,20,490,7887,40.349999999999994
81350020020,1911,55843,995,420,13,407,7224,42.21
81350020020,1911,55848,1289,536,23,513,8314,41.58
81350020020,1911,55854,1289,549,19,530,8485,42.59
81350020020,1911,55855,536,265,7,258,4230,49.44
81350020020,1911,55856,114,64,0,64,1135,56.14
81350020020,1911,55857,NA,372,14,358,6690,NA
81350020020,1911,55858,NA,394,11,383,7205,NA
81350020020,1911,55859,NA,302,10,292,5395,NA
81350020020,1911,55860,NA,338,7,331,5676,NA
81350020020,1911,55861,NA,221,3,218,3740,NA
81350025025,3608,88595,1125,414,30,384,6276,36.8
81350025025,3608,88596,1157,426,25,401,6607,36.82
81350025025,3608,88594,1269,439,36,403,6231,34.59
81350025025,3608,88593,544,257,17,240,3773,47.24
81350025025,3608,88592,524,279,10,269,4266,53.24
81350025025,3608,83327,1120,522,31,491,7791,46.61
81350025025,3608,88611,NA,300,17,283,4835,NA
81350025025,3608,88612,NA,320,15,305,5284,NA
81350025025,3608,88613,NA,329,13,316,5264,NA
81350025025,3608,88614,NA,311,14,297,4885,NA
81350032032,4359,83002,810,353,19,334,6063,43.58
81350032032,4359,83003,1007,411,12,399,7379,40.809999999999995
81350032032,4359,83004,941,427,12,415,7694,45.379999999999995
81350032032,4359,83005,756,291,18,273,4845,38.49
81350032032,4359,83006,715,308,5,303,5492,43.08
81350032032,4359,83007,869,386,4,382,6967,44.42
81350032032,4359,83008,523,286,6,280,4740,54.68
81350032032,4359,83009,720,318,24,294,5009,44.17
81350032032,4359,83010,638,261,7,254,4646,40.91
81350032032,4359,83011,NA,535,17,518,10066,NA
81350032032,4359,83012,NA,478,6,472,8676,NA
81350032032,4359,83013,NA,340,18,322,5961,NA
81355001016,1592,53467,486,196,4,192,4102,40.33
81355001016,1592,53468,1065,219,16,203,3894,20.56
81355001016,1592,53469,570,118,7,111,1850,20.7
81355001016,1592,53470,664,215,10,205,3871,32.379999999999995
81355001016,1592,53471,435,113,6,107,1689,25.979999999999997
81355001016,1592,53472,592,180,11,169,3144,30.41
81355001016,1592,53473,545,192,10,182,3587,35.230000000000004
81355001016,1592,53474,709,237,11,226,4519,33.43
81355001016,1592,53475,752,221,15,206,2713,29.39
81355001016,1592,53476,758,314,24,290,4248,41.42
81355001016,1592,53477,807,246,20,226,4174,30.479999999999997
81355001016,1592,53478,800,271,16,255,4976,33.879999999999995
81355001016,1592,53479,860,346,5,341,7136,40.23
81355001016,1592,53480,550,173,8,165,3105,31.45
81355001016,1592,53481,761,194,7,187,3151,25.49
81355001016,1592,53482,645,203,16,187,3204,31.47
81355001016,1592,53483,561,201,10,191,3595,35.83
81355001016,1592,53484,653,231,7,224,3517,35.379999999999995
81355001016,1592,53485,751,252,8,244,3546,33.56
81355001016,1592,53486,516,208,8,200,3654,40.309999999999995
81355001016,1592,53487,568,241,1,240,4868,42.43
81355001016,1592,91043,192,122,5,117,2517,63.54
81355001016,1592,53488,851,382,13,369,6373,44.89
81355001016,1592,53490,NA,446,9,437,10038,NA
81355001016,1592,53491,NA,305,5,300,6534,NA
81355001016,1592,53492,NA,240,12,228,5333,NA
81355001016,1592,53493,NA,346,11,335,8001,NA
81355001016,1592,53494,NA,338,10,328,7469,NA
81355001016,1592,53495,NA,428,10,418,7938,NA
81355001016,1592,53496,NA,264,4,260,5797,NA
81355001021,6910,91487,798,350,3,347,3065,43.9
81355001021,6910,91488,1092,470,2,468,4290,43
81355001021,6910,91489,NA,477,3,474,4227,NA
81355002019,3458,66788,1123,383,19,364,9228,34.11
81355002019,3458,66789,1489,544,33,511,12245,36.53
81355002019,3458,66790,1476,646,25,621,15968,43.77
81355002019,3458,66792,1117,444,10,434,10760,39.75
81355002019,3458,66793,998,285,14,271,6968,28.56
81355002019,3458,66794,903,248,13,235,6138,27.459999999999997
81355002019,3458,66795,1282,489,16,473,12554,38.14
81355002019,3458,66796,872,260,14,246,6006,29.82
81355002019,3458,66797,904,354,15,339,8438,39.16
81355002019,3458,66798,897,273,10,263,6845,30.43
81355002019,3458,66799,1500,473,13,460,12016,31.53
81355002019,3458,66800,1577,559,24,535,13822,35.449999999999996
81355002019,3458,66802,1194,361,17,344,9374,30.23
81355002019,3458,66804,1137,245,10,235,5519,21.55
81355002019,3458,66805,1272,377,18,359,8936,29.64
81355002019,3458,66806,1271,383,14,369,9431,30.130000000000003
81355002019,3458,66807,810,400,10,390,10332,49.379999999999995
81355002019,3458,66808,982,486,19,467,12518,49.49
81355002019,3458,66809,1155,389,19,370,9297,33.68
81355002019,3458,66810,1225,267,11,256,6122,21.8
81355002019,3458,66811,1196,291,9,282,7185,24.33
81355002019,3458,66812,1010,345,15,330,8489,34.160000000000004
81355002019,3458,66813,1285,354,25,329,7099,27.55
81355002019,3458,66814,1647,517,18,499,13121,31.39
81355002019,3458,66816,924,275,8,267,6260,29.76
81355002019,3458,66817,1131,420,17,403,10285,37.14
81355002019,3458,66820,962,343,11,332,8211,35.65
81355002019,3458,66821,896,356,11,345,8384,39.73
81355002019,3458,66824,841,353,18,335,7809,41.97
81355002019,3458,66920,966,365,8,357,8878,37.78
81355002019,3458,66822,1222,544,25,519,11277,44.52
81355002019,3458,66823,1159,522,19,503,11175,45.04
81355002019,3458,66825,NA,442,11,431,12158,NA
81355002019,3458,66826,NA,448,8,440,12513,NA
81355002019,3458,66827,NA,449,3,446,12899,NA
81355002019,3458,66828,NA,430,7,423,11936,NA
81355002019,3458,66829,NA,425,16,409,11292,NA
81355002019,3458,66830,NA,417,13,404,9627,NA
81355002019,3458,66831,NA,443,15,428,12041,NA
81355002019,3458,66832,NA,438,11,427,12118,NA
81355002019,3458,66833,NA,417,9,408,11018,NA
81355002019,3458,93350,NA,408,4,404,11356,NA
81355002019,3458,93351,NA,427,13,414,12072,NA
81355002026,5878,85008,889,394,13,381,5844,44.32
81355002026,5878,85009,817,336,12,324,4784,41.13
81355002026,5878,85010,944,325,17,308,4549,34.43
81355002026,5878,85011,691,273,12,261,3899,39.51
81355002026,5878,85012,842,356,21,335,5170,42.28
81355002026,5878,85013,479,233,6,227,3147,48.64
81355002026,5878,85014,378,171,14,157,2193,45.24
81355002026,5878,85015,274,116,7,109,1544,42.34
81355002026,5878,85016,NA,423,11,412,6620,NA
81355002026,5878,85017,NA,404,10,394,6343,NA
81355002026,5878,85018,NA,239,2,237,3338,NA
81355003027,7144,91648,933,390,15,375,4748,41.8
81355003027,7144,91649,837,375,14,361,4630,44.8
81355003027,7144,91650,920,342,16,326,4013,37.17
81355003027,7144,91651,836,370,9,361,4557,44.260000000000005
81355003027,7144,91652,308,120,4,116,1383,38.96
81355003027,7144,91653,NA,363,3,360,4732,NA
81355003027,7144,91654,NA,457,7,450,5936,NA
81355003031,6650,68390,737,259,12,247,4033,35.14
81355003031,6650,68391,776,306,13,293,4650,39.43
81355003031,6650,68392,805,351,9,342,5423,43.6
81355003031,6650,68393,883,336,11,325,5225,38.05
81355003031,6650,68394,890,403,7,396,6177,45.28
81355003031,6650,68395,403,167,6,161,2592,41.44
81355003031,6650,68396,NA,1188,24,1164,19461,NA
81360002002,4138,75188,1150,488,21,467,7079,42.43
81360002002,4138,75189,1226,467,20,447,6790,38.09
81360002002,4138,75190,1060,467,14,453,6920,44.06
81360002002,4138,75191,1092,462,51,411,5357,42.309999999999995
81360002002,4138,75192,735,314,16,298,3881,42.720000000000006
81360002002,4138,75193,950,412,27,385,5657,43.37
81360002002,4138,75195,NA,700,33,667,9846,NA
81360002002,4138,75196,NA,742,31,711,10909,NA
81360042042,3009,63610,1507,604,23,581,11074,40.08
81360042042,3009,63611,1686,596,27,569,10943,35.349999999999994
81360042042,3009,63612,1826,760,22,738,14245,41.620000000000005
81360042042,3009,63613,351,211,11,200,3807,60.11
81360042042,3009,63614,1121,541,27,514,9570,48.260000000000005
81360042042,3009,63615,1051,427,29,398,7253,40.63
81360042042,3009,63616,898,482,13,469,8670,53.67
81360042042,3009,63617,203,129,4,125,2468,63.55
81360042042,3009,63618,NA,587,13,574,11321,NA
81360042042,3009,63619,NA,515,9,506,10028,NA
81360042042,3009,63620,NA,580,20,560,10491,NA
81360045045,7112,94307,1220,428,20,408,5104,35.08
81360045045,7112,94308,1285,485,19,466,5770,37.74
81360045045,7112,94309,879,439,35,404,3955,49.94
81360045045,7112,94310,1253,649,43,606,6519,51.8
81360045045,7112,94311,426,247,11,236,2550,57.98
81360045045,7112,94312,217,131,3,128,1529,60.37
81360045045,7112,94313,192,122,5,117,1430,63.54
81360045045,7112,94314,835,395,32,363,3820,47.309999999999995
81360045045,7112,94315,110,61,4,57,560,55.45
81360045045,7112,94316,NA,572,18,554,7158,NA
81360045045,7112,94317,NA,725,29,696,7984,NA
81360050050,2506,90233,727,233,12,221,3519,32.05
81360050050,2506,90234,736,304,5,299,4927,41.3
81360050050,2506,90235,857,329,5,324,5220,38.39
81360050050,2506,90236,773,260,3,257,4092,33.64
81360050050,2506,90237,855,298,3,295,4806,34.849999999999994
81360050050,2506,90238,904,313,10,303,4983,34.620000000000005
81360050050,2506,90239,1187,573,14,559,9293,48.27
81360050050,2506,90241,NA,694,4,690,11652,NA
81360050050,2506,90242,NA,747,11,736,12402,NA
81365001021,5294,87134,1344,543,24,519,7873,40.4
81365001021,5294,87135,1191,515,26,489,7534,43.24
81365001021,5294,87136,619,336,19,317,4477,54.28
81365001021,5294,87137,1083,433,18,415,6412,39.98
81365001021,5294,87138,1054,450,16,434,6708,42.690000000000005
81365001021,5294,87139,NA,470,6,464,7340,NA
81365001021,5294,87140,NA,522,22,500,7848,NA
81365001021,5294,87141,NA,433,7,426,6651,NA
81365001033,5633,89461,1682,712,29,683,8701,42.33
81365001033,5633,89462,1440,584,18,566,7350,40.56
81365001033,5633,89463,1837,732,17,715,9350,39.849999999999994
81365001033,5633,89464,NA,1337,16,1321,17555,NA
81365001088,6614,92817,1400,476,9,467,15302,34
81365001088,6614,92818,1479,541,23,518,17508,36.58
81365001088,6614,92819,1278,457,15,442,14319,35.760000000000005
81365001088,6614,92820,1337,524,21,503,15920,39.190000000000005
81365001088,6614,92821,1358,534,26,508,16073,39.32
81365001088,6614,92822,1501,529,13,516,16790,35.24
81365001088,6614,92823,1246,444,18,426,13529,35.63
81365001088,6614,92824,1513,673,23,650,21080,44.48
81365001088,6614,92825,1234,287,12,275,8795,23.26
81365001088,6614,92826,1501,578,33,545,17860,38.51
81365001088,6614,92827,1194,453,19,434,14056,37.94
81365001088,6614,92828,1410,483,29,454,14734,34.260000000000005
81365001088,6614,92829,1285,433,15,418,13320,33.7
81365001088,6614,92830,1142,304,18,286,9126,26.62
81365001088,6614,92831,1292,318,14,304,9602,24.610000000000003
81365001088,6614,92832,1351,634,22,612,18149,46.93
81365001088,6614,92833,1254,542,25,517,15881,43.220000000000006
81365001088,6614,92834,1287,493,16,477,14472,38.309999999999995
81365001088,6614,92835,1638,620,18,602,17438,37.849999999999994
81365001088,6614,92836,1526,666,28,638,19304,43.64
81365001088,6614,92837,1256,600,23,577,15998,47.77
81365001088,6614,92838,1357,618,32,586,15900,45.54
81365001088,6614,92839,1302,545,28,517,12311,41.86
81365001088,6614,92840,1458,686,46,640,15805,47.05
81365001088,6614,92841,1759,595,35,560,15165,33.83
81365001088,6614,92842,1487,668,44,624,16670,44.92
81365001088,6614,92843,907,410,14,396,10952,45.2
81365001088,6614,92844,735,342,12,330,9534,46.53
81365001088,6614,92845,1207,392,22,370,9668,32.48
81365001088,6614,92846,1174,471,20,451,12092,40.120000000000005
81365001088,6614,92847,1434,502,27,475,12716,35.01
81365001088,6614,92848,1157,574,28,546,13773,49.61
81365001088,6614,92849,879,403,15,388,9986,45.849999999999994
81365001088,6614,92850,1193,513,22,491,14283,43
81365001088,6614,92851,1042,455,17,438,12750,43.67
81365001088,6614,92852,1304,441,13,428,11919,33.82
81365001088,6614,92853,1392,445,29,416,12170,31.97
81365001088,6614,92854,1024,386,20,366,10527,37.7
81365001088,6614,92855,1390,582,34,548,16748,41.87
81365001088,6614,92856,1453,506,30,476,13002,34.82
81365001088,6614,92857,NA,464,19,445,13148,NA
81365001088,6614,92858,NA,495,22,473,14790,NA
81365001088,6614,92859,NA,466,15,451,14550,NA
81365001088,6614,92860,NA,476,9,467,15788,NA
81365001088,6614,92861,NA,465,20,445,13540,NA
81365001088,6614,92862,NA,465,17,448,13269,NA
81365001088,6614,92863,NA,457,16,441,13497,NA
81365001088,6614,92864,NA,515,19,496,15004,NA
81365001088,6614,92865,NA,470,22,448,13124,NA
81365001088,6614,92866,NA,456,16,440,13230,NA
81365001088,6614,92867,NA,492,19,473,15596,NA
81365001088,6614,92868,NA,480,16,464,15144,NA
81365001088,6614,92869,NA,496,27,469,15065,NA
81365001088,6614,92870,NA,491,27,464,15104,NA
81365001088,6614,92871,NA,506,8,498,14743,NA
81365001088,6614,92872,NA,478,19,459,14727,NA
81365001088,6614,92873,NA,484,17,467,13811,NA
81365001088,6614,92874,NA,466,23,443,14530,NA
81365001088,6614,92875,NA,451,15,436,13435,NA
81365001088,6614,92876,NA,505,20,485,15104,NA
81365001088,6614,92877,NA,450,14,436,12766,NA
81365001088,6614,92878,NA,453,21,432,12539,NA
81365002010,1751,54454,2009,654,24,630,11964,32.55
81365002010,1751,54455,1715,539,10,529,10385,31.43
81365002010,1751,54456,554,221,23,198,3531,39.89
81365002010,1751,54457,739,283,9,274,4192,38.290000000000006
81365002010,1751,54458,767,388,12,376,6964,50.59
81365002010,1751,54459,743,319,17,302,5261,42.93
81365002010,1751,54460,1105,441,28,413,8159,39.91
81365002010,1751,54461,357,184,14,170,3366,51.54
81365002010,1751,54462,677,288,11,277,4795,42.54
81365002010,1751,54463,360,210,12,198,3442,58.33
81365002010,1751,54464,NA,735,24,711,14303,NA
81365002010,1751,54465,NA,751,9,742,14818,NA
81365002087,5658,83506,724,438,45,393,3495,60.5
81365002087,5658,83507,917,525,43,482,4210,57.25
81365002087,5658,83508,203,141,13,128,1060,69.46000000000001
81365003019,6440,84771,1877,566,38,528,11997,30.15
81365003019,6440,91522,1351,560,35,525,12001,41.45
81365003019,6440,91523,1269,342,16,326,7264,26.95
81365003019,6440,91524,1903,568,52,516,11275,29.85
81365003019,6440,91525,1544,530,36,494,11273,34.33
81365003019,6440,91526,1182,456,26,430,9887,38.58
81365003019,6440,91527,1489,712,58,654,11217,47.82
81365003019,6440,91528,1643,641,49,592,13342,39.01
81365003019,6440,91529,1407,583,25,558,11482,41.44
81365003019,6440,91530,1042,448,22,426,7646,42.99
81365003019,6440,91531,1075,451,28,423,8066,41.95
81365003019,6440,91532,954,406,15,391,7972,42.56
81365003019,6440,91533,1132,457,12,445,9186,40.37
81365003019,6440,91534,694,267,19,248,5203,38.47
81365003019,6440,91535,713,322,21,301,6046,45.16
81365003019,6440,91536,NA,539,18,521,12179,NA
81365003019,6440,91537,NA,334,9,325,7643,NA
81365003019,6440,91538,NA,225,6,219,5195,NA
81365003019,6440,91599,NA,389,17,372,8658,NA
81365003019,6440,91600,NA,289,11,278,6533,NA
81365003019,6440,91601,NA,319,11,308,7463,NA
81365003019,6440,91602,NA,368,16,352,6341,NA
81365003019,6440,91603,NA,794,21,773,17373,NA
81365003019,6440,91604,NA,758,30,728,14569,NA
81365003019,6440,91605,NA,732,20,712,15380,NA
81365003035,2024,55864,1926,852,7,845,7217,44.24
81365003035,2024,55865,NA,583,13,570,4914,NA
81365003046,4103,70147,1258,499,22,477,6079,39.67
81365003046,4103,70148,1202,554,19,535,6890,46.09
81365003046,4103,70149,192,78,4,74,804,40.63
81365003046,4103,82888,NA,459,20,439,5561,NA
81365003046,4103,82889,NA,440,15,425,5491,NA
81365003060,5573,88892,1319,575,9,566,4823,43.59
81365003060,5573,88893,847,323,4,319,2715,38.13
81365003060,5573,88906,NA,345,5,340,2825,NA
81365003060,5573,88910,NA,316,3,313,2695,NA
81365003089,5955,90732,923,469,17,452,5555,50.809999999999995
81365003089,5955,90733,971,460,11,449,5518,47.37
81365003089,5955,90734,887,364,23,341,4088,41.04
81365003089,5955,90735,NA,609,26,583,7238,NA
81365004038,4968,85154,1389,489,24,465,6736,35.21
81365004038,4968,85155,1379,565,25,540,7993,40.97
81365004038,4968,85156,539,217,15,202,2559,40.260000000000005
81365004038,4968,85157,625,289,9,280,3685,46.24
81365004038,4968,85158,NA,1103,24,1079,15671,NA
81365004082,5522,82608,1195,453,13,440,6276,37.91
81365004082,5522,82609,1400,641,29,612,8379,45.790000000000006
81365004082,5522,82610,1233,575,29,546,7765,46.63
81365004082,5522,82611,353,176,13,163,2203,49.86
81365004082,5522,82612,855,432,35,397,5023,50.53
81365004082,5522,82613,NA,1168,48,1120,15955,NA
81365005020,5285,88487,1553,1099,21,1078,9535,70.77
81365005024,5496,94055,1698,670,48,622,6879,39.46
81365005024,5496,94056,392,185,7,178,1798,47.190000000000005
81365005024,5496,94057,NA,554,14,540,6071,NA
81365005034,3777,68415,2127,1015,1,1014,8617,47.720000000000006
81365005034,3777,88264,NA,469,1,468,4282,NA
81365006007,4595,69830,1730,879,5,874,6359,50.809999999999995
81365006007,4595,69835,NA,358,2,356,2460,NA
81365006043,4220,80333,1836,768,25,743,9666,41.83
81365006043,4220,80334,1591,633,16,617,8165,39.790000000000006
81365006043,4220,80337,NA,419,12,407,5474,NA
81365006043,4220,80338,NA,469,13,456,6137,NA
81365007065,4139,68268,1701,399,16,383,15307,23.459999999999997
81365007065,4139,68269,2961,854,30,824,33658,28.84
81365007065,4139,68270,1745,581,30,551,21297,33.3
81365007065,4139,68271,1437,518,25,493,19422,36.05
81365007065,4139,68272,2089,533,24,509,20390,25.51
81365007065,4139,68273,2266,763,23,740,29464,33.67
81365007065,4139,68274,2653,724,31,693,26501,27.29
81365007065,4139,68275,2091,732,34,698,27847,35.01
81365007065,4139,68276,868,273,6,267,11043,31.45
81365007065,4139,68277,1528,438,17,421,14866,28.66
81365007065,4139,68278,1864,513,31,482,17071,27.52
81365007065,4139,68279,1132,417,11,406,16160,36.84
81365007065,4139,68280,829,266,13,253,10076,32.09
81365007065,4139,68281,896,287,17,270,9528,32.03
81365007065,4139,68282,837,318,22,296,10445,37.99
81365007065,4139,68283,1085,442,15,427,16698,40.74
81365007065,4139,68284,903,375,17,358,14215,41.53
81365007065,4139,68285,787,264,15,249,9024,33.55
81365007065,4139,68286,850,298,9,289,11313,35.06
81365007065,4139,68287,800,317,15,302,11432,39.63
81365007065,4139,68288,807,343,8,335,12815,42.5
81365007065,4139,68289,1026,451,12,439,16408,43.96
81365007065,4139,68290,851,349,20,329,12905,41.01
81365007065,4139,68291,667,279,13,266,9910,41.83
81365007065,4139,68292,506,230,7,223,8112,45.45
81365007065,4139,68293,728,318,7,311,10638,43.68
81365007065,4139,68294,788,373,14,359,13469,47.34
81365007065,4139,68295,719,322,14,308,11094,44.78
81365007065,4139,68296,383,191,4,187,6979,49.87
81365007065,4139,68297,835,393,14,379,13297,47.07
81365007065,4139,68298,726,296,12,284,10574,40.77
81365007065,4139,68299,670,263,8,255,8493,39.25
81365007065,4139,68300,1058,442,22,420,14860,41.78
81365007065,4139,68301,868,345,15,330,12563,39.75
81365007065,4139,68302,892,359,15,344,13388,40.25
81365007065,4139,68303,691,221,15,206,7381,31.979999999999997
81365007065,4139,68304,775,342,17,325,12219,44.13
81365007065,4139,68305,929,375,19,356,13101,40.37
81365007065,4139,68306,774,343,10,333,12486,44.32
81365007065,4139,68307,815,349,11,338,12703,42.82
81365007065,4139,68308,637,239,4,235,8607,37.52
81365007065,4139,68309,451,165,4,161,5963,36.59
81365007065,4139,68310,615,266,5,261,9913,43.25
81365007065,4139,68311,NA,586,6,580,24794,NA
81365007065,4139,68312,NA,660,14,646,27264,NA
81365007065,4139,68313,NA,548,15,533,21576,NA
81365007065,4139,68314,NA,584,14,570,24477,NA
81365007065,4139,68315,NA,471,4,467,18871,NA
81365007065,4139,68316,NA,540,15,525,22342,NA
81365007065,4139,68317,NA,475,9,466,17599,NA
81365007065,4139,68318,NA,562,10,552,21287,NA
81365007065,4139,68319,NA,528,13,515,20616,NA
81365007065,4139,68320,NA,454,15,439,18443,NA
81365007065,4139,68321,NA,506,5,501,18861,NA
81365007065,4139,68322,NA,478,11,467,17711,NA
81365007065,4139,68323,NA,512,11,501,19706,NA
81365007065,4139,68324,NA,530,7,523,20677,NA
81365007065,4139,68325,NA,424,10,414,16130,NA
81365007065,4139,68326,NA,421,9,412,15134,NA
81365007065,4139,68327,NA,585,31,554,21404,NA
81365007065,4139,68328,NA,547,16,531,21557,NA
81365007079,5034,85453,1435,592,12,580,9417,41.25
81365007079,5034,85454,1013,414,32,382,6135,40.87
81365007079,5034,85455,1335,573,24,549,8852,42.92
81365007079,5034,85456,1039,441,17,424,6675,42.44
81365007079,5034,85457,1126,443,22,421,6199,39.34
81365007079,5034,85458,NA,1665,61,1604,25672,NA
81365008015,5115,86819,2279,1106,43,1063,11764,48.53
81365008015,5115,86823,NA,377,8,369,4069,NA
81365008044,2071,56058,1591,659,16,643,10282,41.42
81365008044,2071,56059,1647,633,33,600,9395,38.43
81365008044,2071,56060,2025,882,34,848,13426,43.56
81365008044,2071,56061,NA,1175,19,1156,18577,NA
81365008066,4957,85123,2679,1185,18,1167,15047,44.23
81365008066,4957,85124,NA,549,6,543,7215,NA
81365009075,6882,93920,665,261,19,242,2888,39.25
81365009075,6882,93921,855,427,36,391,4766,49.94
81365009075,6882,93922,292,188,14,174,1822,64.38
81365009075,6882,93923,305,177,10,167,1973,58.03
81365009075,6882,93924,262,178,9,169,1916,67.94000000000001
81365009075,6882,93925,168,100,4,96,940,59.52
81365009075,6882,93926,848,458,6,452,4489,54.01
81365009075,6882,93927,611,252,20,232,2526,41.24
81365009075,6882,93928,77,57,3,54,594,74.03
81365009075,6882,93929,NA,816,50,766,8870,NA
82110000000,3163,64842,1011,323,6,317,10808,31.95
82110000000,3163,64843,798,251,10,241,8374,31.45
82110000000,3163,64844,849,285,2,283,9647,33.57
82110000000,3163,64845,1267,377,8,369,12579,29.76
82110000000,3163,64846,1627,534,13,521,17994,32.82
82110000000,3163,64847,851,193,4,189,6314,22.68
82110000000,3163,64848,1115,446,8,438,15721,40
82110000000,3163,64849,642,208,6,202,7026,32.4
82110000000,3163,64850,973,220,12,208,7227,22.610000000000003
82110000000,3163,64851,695,226,10,216,7640,32.52
82110000000,3163,64852,963,277,8,269,9419,28.76
82110000000,3163,64853,996,305,9,296,10663,30.62
82110000000,3163,64854,991,249,6,243,8265,25.130000000000003
82110000000,3163,64855,1268,474,7,467,16836,37.379999999999995
82110000000,3163,64856,877,271,5,266,9204,30.9
82110000000,3163,64857,940,301,6,295,10199,32.02
82110000000,3163,64858,655,184,9,175,5996,28.09
82110000000,3163,64859,913,267,5,262,8827,29.24
82110000000,3163,64860,781,280,14,266,9078,35.849999999999994
82110000000,3163,64861,979,239,8,231,8060,24.41
82110000000,3163,64862,808,221,5,216,7621,27.35
82110000000,3163,64863,959,276,7,269,9050,28.78
82110000000,3163,64864,764,235,2,233,8175,30.76
82110000000,3163,64865,831,247,3,244,8728,29.72
82110000000,3163,64866,792,273,9,264,9073,34.47
82110000000,3163,64867,821,263,7,256,8923,32.03
82110000000,3163,64868,600,219,8,211,7145,36.5
82110000000,3163,64869,908,293,5,288,9889,32.27
82110000000,3163,64870,1055,408,6,402,14049,38.67
82110000000,3163,64871,870,370,8,362,12674,42.53
82110000000,3163,64872,975,338,0,338,11827,34.67
82110000000,3163,64873,1671,646,14,632,22148,38.66
82110000000,3163,64874,1628,546,13,533,18226,33.54
82110000000,3163,64875,1708,602,17,585,20363,35.25
82110000000,3163,64876,1513,545,11,534,18142,36.02
82110000000,3163,64877,1752,593,25,568,19638,33.849999999999994
82110000000,3163,64878,1465,509,12,497,17123,34.74
82110000000,3163,64879,1882,674,19,655,22205,35.809999999999995
82110000000,3163,64880,1665,544,7,537,18048,32.67
82110000000,3163,64882,NA,559,33,526,18974,NA
82110000000,3163,64883,NA,472,1,471,16971,NA
82110000000,3163,64884,NA,540,4,536,19000,NA
82110000000,3163,64885,NA,544,8,536,19326,NA
82110000000,3163,64886,NA,473,9,464,16582,NA
82110000000,3163,64887,NA,408,5,403,14754,NA
82110000000,3163,64888,NA,407,5,402,14584,NA
82110000000,3163,64889,NA,490,8,482,17277,NA
82110000000,3163,64890,NA,464,7,457,16517,NA
82110000000,3163,64891,NA,475,9,466,17210,NA
82110000000,3163,64892,NA,430,13,417,15252,NA
82110000000,3163,64893,NA,704,9,695,24940,NA
82110000000,3163,64894,NA,298,6,292,10618,NA
82110000000,3163,64895,NA,494,2,492,16942,NA
82110000000,3163,64896,NA,445,5,440,15963,NA
82110000000,3163,64897,NA,543,9,534,18661,NA
82110000000,3163,64898,NA,446,4,442,15534,NA
82110000000,3163,64899,NA,547,11,536,18491,NA
82110000000,3163,64900,NA,492,12,480,17204,NA
82110000000,3163,64901,NA,520,6,514,18153,NA
82110000000,3163,64902,NA,416,5,411,14666,NA
82120000000,2015,58470,2365,666,26,640,29220,28.16
82120000000,2015,58471,1972,568,10,558,24594,28.8
82120000000,2015,58472,1897,583,18,565,25832,30.73
82120000000,2015,58473,1860,598,6,592,26516,32.15
82120000000,2015,58474,1703,560,17,543,24492,32.879999999999995
82120000000,2015,58475,1851,727,10,717,32746,39.28
82120000000,2015,58476,1982,626,18,608,27538,31.58
82120000000,2015,58477,2245,816,21,795,35631,36.349999999999994
82120000000,2015,58478,1889,661,21,640,28853,34.99
82120000000,2015,58479,2034,510,11,499,22191,25.07
82120000000,2015,58480,2209,698,18,680,29923,31.6
82120000000,2015,58481,1859,675,15,660,29866,36.309999999999995
82120000000,2015,58482,2162,652,16,636,28944,30.16
82120000000,2015,58483,1965,688,14,674,30004,35.01
82120000000,2015,58484,1629,566,14,552,24218,34.75
82120000000,2015,58485,2002,785,23,762,34673,39.21
82120000000,2015,58486,1997,622,13,609,27394,31.15
82120000000,2015,58487,1950,831,16,815,36717,42.620000000000005
82120000000,2015,58488,2148,801,12,789,36077,37.290000000000006
82120000000,2015,58489,1849,786,14,772,35333,42.51
82120000000,2015,58490,1964,712,14,698,32262,36.25
82120000000,2015,58492,1868,701,7,694,30984,37.53
82120000000,2015,58493,1990,607,10,597,27113,30.5
82120000000,2015,58494,1879,711,15,696,31244,37.84
82120000000,2015,58495,1796,724,11,713,32579,40.309999999999995
82120000000,2015,58496,1934,700,11,689,30581,36.190000000000005
82120000000,2015,58497,1721,616,23,593,26902,35.790000000000006
82120000000,2015,58498,1832,729,11,718,33045,39.790000000000006
82120000000,2015,58499,2039,698,14,684,30168,34.230000000000004
82120000000,2015,58500,1751,665,14,651,28641,37.98
82120000000,2015,58501,1706,471,11,460,20072,27.610000000000003
82120000000,2015,58502,1716,632,10,622,27540,36.83
82120000000,2015,58503,1656,606,11,595,27146,36.59
82120000000,2015,58719,1617,507,15,492,21056,31.35
82120000000,2015,58504,1910,658,9,649,28980,34.449999999999996
82120000000,2015,58505,1890,644,15,629,28611,34.07
82120000000,2015,58506,1760,577,12,565,24545,32.78
82120000000,2015,58507,1852,587,10,577,25419,31.7
82120000000,2015,58508,1782,664,11,653,29553,37.260000000000005
82120000000,2015,58509,1783,655,13,642,29698,36.74
82120000000,2015,58510,1796,675,18,657,29903,37.58
82120000000,2015,58511,1735,574,13,561,24943,33.08
82120000000,2015,58512,2115,809,10,799,34420,38.25
82120000000,2015,58513,2075,582,17,565,22983,28.05
82120000000,2015,58514,2061,589,18,571,24890,28.58
82120000000,2015,58515,1931,430,11,419,17632,22.27
82120000000,2015,58516,2091,737,18,719,32062,35.25
82120000000,2015,58724,1853,490,9,481,20737,26.44
82120000000,2015,58517,1849,615,12,603,25897,33.260000000000005
82120000000,2015,58518,1826,573,15,558,23927,31.38
82120000000,2015,58519,1782,676,11,665,28959,37.93
82120000000,2015,58520,1738,654,16,638,27186,37.63
82120000000,2015,58521,1675,583,20,563,24277,34.809999999999995
82120000000,2015,58522,1720,534,19,515,21834,31.05
82120000000,2015,58523,1613,609,15,594,25581,37.760000000000005
82120000000,2015,58524,1691,648,16,632,28158,38.32
82120000000,2015,58525,1718,582,15,567,24856,33.879999999999995
82120000000,2015,58725,1693,574,11,563,24990,33.9
82120000000,2015,58526,1681,597,16,581,26071,35.51
82120000000,2015,58527,1643,704,9,695,30444,42.849999999999994
82120000000,2015,58528,1593,568,22,546,23616,35.660000000000004
82120000000,2015,58529,1523,537,9,528,23481,35.260000000000005
82120000000,2015,58728,1639,472,9,463,19993,28.8
82120000000,2015,58530,1885,618,14,604,25703,32.790000000000006
82120000000,2015,58531,1855,469,14,455,18611,25.28
82120000000,2015,58532,1820,576,14,562,23680,31.65
82120000000,2015,58755,1836,542,16,526,21986,29.52
82120000000,2015,58533,1160,501,15,486,21024,43.190000000000005
82120000000,2015,58534,1682,651,18,633,28580,38.7
82120000000,2015,58535,1674,642,11,631,28514,38.349999999999994
82120000000,2015,58536,1093,464,14,450,19618,42.45
82120000000,2015,58537,1566,683,12,671,29810,43.61
82120000000,2015,58538,1605,700,16,684,30053,43.61
82120000000,2015,58539,1538,453,9,444,19141,29.45
82120000000,2015,58540,1721,727,11,716,30719,42.24
82120000000,2015,58541,1633,648,10,638,27828,39.68
82120000000,2015,58542,1720,727,14,713,31659,42.27
82120000000,2015,58543,1759,680,12,668,29395,38.66
82120000000,2015,58544,1700,589,11,578,25432,34.65
82120000000,2015,58546,1767,786,27,759,33590,44.48
82120000000,2015,58547,1745,591,19,572,24658,33.87
82120000000,2015,58548,1881,629,14,615,26419,33.44
82120000000,2015,58549,1719,531,12,519,21756,30.89
82120000000,2015,58550,1830,685,22,663,28788,37.43
82120000000,2015,58551,1513,537,7,530,22986,35.49
82120000000,2015,58552,1538,555,7,548,24031,36.09
82120000000,2015,58857,1552,412,23,389,16178,26.55
82120000000,2015,58553,2006,753,23,730,31644,37.54
82120000000,2015,58554,1690,640,14,626,26643,37.87
82120000000,2015,58555,1453,589,16,573,25369,40.54
82120000000,2015,58556,1972,592,15,577,25170,30.02
82120000000,2015,58557,1935,643,15,628,27202,33.230000000000004
82120000000,2015,58558,1890,668,23,645,29275,35.339999999999996
82120000000,2015,58559,937,343,13,330,14452,36.61
82120000000,2015,58560,1871,675,17,658,29305,36.08
82120000000,2015,58561,1828,617,10,607,27796,33.75
82120000000,2015,58562,1613,553,9,544,24106,34.28
82120000000,2015,58563,1775,544,12,532,23830,30.65
82120000000,2015,58564,1729,536,17,519,22782,31
82120000000,2015,58565,2004,690,8,682,30399,34.43
82120000000,2015,58566,1693,659,16,643,28814,38.92
82120000000,2015,58567,1888,579,28,551,24036,30.67
82120000000,2015,58568,1894,616,18,598,26681,32.52
82120000000,2015,58569,1830,684,10,674,29681,37.379999999999995
82120000000,2015,58570,1816,698,19,679,30629,38.44
82120000000,2015,58571,1722,624,12,612,26883,36.24
82120000000,2015,58572,1708,560,13,547,24259,32.790000000000006
82120000000,2015,58573,1156,428,12,416,18051,37.02
82120000000,2015,58574,1138,448,11,437,19200,39.37
82120000000,2015,58575,1086,523,6,517,23186,48.16
82120000000,2015,58576,1265,508,7,501,22252,40.16
82120000000,2015,58577,1280,507,14,493,21577,39.61
82120000000,2015,58578,1232,427,15,412,18603,34.660000000000004
82120000000,2015,58579,1613,661,15,646,28104,40.98
82120000000,2015,58580,1641,640,21,619,27019,39
82120000000,2015,58581,1497,687,31,656,28740,45.89
82120000000,2015,58582,2017,805,20,785,34740,39.91
82120000000,2015,58583,1916,627,13,614,26152,32.720000000000006
82120000000,2015,58584,1604,582,14,568,24739,36.28
82120000000,2015,58585,1821,644,13,631,27136,35.37
82120000000,2015,58586,1729,629,14,615,25836,36.379999999999995
82120000000,2015,58587,1823,761,15,746,33396,41.74
82120000000,2015,58588,1813,638,15,623,25795,35.190000000000005
82120000000,2015,58589,1607,585,14,571,23812,36.4
82120000000,2015,58590,1637,583,16,567,25122,35.61
82120000000,2015,58591,1725,664,12,652,29440,38.49
82120000000,2015,58592,1796,709,23,686,30081,39.48
82120000000,2015,58593,1765,781,22,759,33851,44.25
82120000000,2015,58594,NA,575,4,571,26063,NA
82120000000,2015,58595,NA,583,12,571,25883,NA
82120000000,2015,58596,NA,400,5,395,18323,NA
82120000000,2015,58597,NA,373,4,369,16824,NA
82120000000,2015,58598,NA,356,7,349,16018,NA
82120000000,2015,58599,NA,496,4,492,22745,NA
82120000000,2015,58600,NA,384,3,381,17757,NA
82120000000,2015,58601,NA,448,2,446,20576,NA
82120000000,2015,58602,NA,493,9,484,22086,NA
82120000000,2015,58603,NA,454,2,452,20573,NA
82120000000,2015,58604,NA,464,5,459,21105,NA
82120000000,2015,58605,NA,531,8,523,24078,NA
82120000000,2015,58606,NA,496,4,492,22956,NA
82120000000,2015,58607,NA,434,4,430,19986,NA
82120000000,2015,58608,NA,417,6,411,19338,NA
82120000000,2015,58609,NA,471,5,466,21404,NA
82120000000,2015,58610,NA,493,6,487,22406,NA
82120000000,2015,58611,NA,489,4,485,22021,NA
82120000000,2015,58612,NA,534,13,521,23650,NA
82120000000,2015,58613,NA,437,5,432,19989,NA
82120000000,2015,58614,NA,466,7,459,21054,NA
82120000000,2015,58615,NA,465,4,461,21355,NA
82120000000,2015,58616,NA,485,6,479,21920,NA
82120000000,2015,58617,NA,483,4,479,22044,NA
82120000000,2015,58618,NA,445,5,440,20555,NA
82120000000,2015,58619,NA,483,5,478,21893,NA
82120000000,2015,58620,NA,453,3,450,20633,NA
82120000000,2015,58621,NA,447,2,445,20529,NA
82120000000,2015,58622,NA,471,9,462,21174,NA
82120000000,2015,58623,NA,439,6,433,20041,NA
82120000000,2015,58624,NA,565,8,557,25933,NA
82120000000,2015,58625,NA,499,2,497,23141,NA
82120000000,2015,58626,NA,450,11,439,20053,NA
82120000000,2015,58627,NA,455,7,448,20729,NA
82120000000,2015,58628,NA,521,3,518,23660,NA
82120000000,2015,58629,NA,436,5,431,19413,NA
82120000000,2015,58630,NA,455,7,448,20289,NA
82120000000,2015,58631,NA,533,11,522,23443,NA
82120000000,2015,58632,NA,552,5,547,24774,NA
82120000000,2015,58633,NA,466,9,457,20791,NA
82120000000,2015,58634,NA,438,11,427,19701,NA
82120000000,2015,58635,NA,461,3,458,21099,NA
82120000000,2015,58636,NA,531,7,524,24245,NA
82120000000,2015,58637,NA,450,4,446,20394,NA
82120000000,2015,58638,NA,438,7,431,19941,NA
82120000000,2015,58639,NA,461,6,455,21280,NA
82120000000,2015,58640,NA,495,4,491,22509,NA
82120000000,2015,58641,NA,491,4,487,22153,NA
82120000000,2015,58642,NA,432,12,420,19259,NA
82120000000,2015,58643,NA,412,9,403,18473,NA
82120000000,2015,58644,NA,461,4,457,20649,NA
82120000000,2015,58645,NA,387,5,382,17321,NA
82120000000,2015,58646,NA,475,6,469,21282,NA
82120000000,2015,58647,NA,435,11,424,19251,NA
82120000000,2015,58648,NA,436,9,427,18923,NA
82120000000,2015,58649,NA,348,8,340,15125,NA
82120000000,2015,58650,NA,461,9,452,19609,NA
82120000000,2015,58651,NA,434,11,423,18963,NA
82120000000,2015,58652,NA,469,2,467,20343,NA
82120000000,2015,58653,NA,436,1,435,19502,NA
82120000000,2015,58654,NA,402,7,395,17196,NA
82120000000,2015,58655,NA,428,10,418,18468,NA
82120000000,2015,58656,NA,472,3,469,20666,NA
82120000000,2015,58657,NA,465,4,461,20797,NA
82120000000,2015,58658,NA,499,13,486,22068,NA
82120000000,2015,58659,NA,338,13,325,14804,NA
82120000000,2015,58660,NA,421,6,415,18277,NA
82120000000,2015,58661,NA,456,7,449,20364,NA
82120000000,2015,58662,NA,531,6,525,23961,NA
82120000000,2015,58663,NA,512,9,503,22837,NA
82120000000,2015,58664,NA,513,5,508,23082,NA
82120000000,2015,58665,NA,492,7,485,21595,NA
82120000000,2015,58666,NA,457,7,450,19723,NA
82120000000,2015,58667,NA,461,3,458,19700,NA
82120000000,2015,58668,NA,448,2,446,19673,NA
82120000000,2015,58669,NA,445,6,439,19612,NA
82120000000,2015,58670,NA,417,5,412,18479,NA
82120000000,2015,58671,NA,388,0,388,17330,NA
82120000000,2015,58672,NA,430,4,426,19083,NA
82120000000,2015,58673,NA,407,9,398,17464,NA
82120000000,2015,58674,NA,481,8,473,21136,NA
82120000000,2015,58675,NA,505,10,495,21913,NA
82120000000,2015,58676,NA,459,11,448,20243,NA
82120000000,2015,58677,NA,435,5,430,19658,NA
82120000000,2015,58678,NA,426,5,421,19283,NA
82120000000,2015,58679,NA,492,13,479,21966,NA
82120000000,2015,58680,NA,435,3,432,19891,NA
82120000000,2015,58681,NA,388,3,385,16926,NA
82120000000,2015,58682,NA,398,5,393,17335,NA
82120000000,2015,58683,NA,431,5,426,19289,NA
82120000000,2015,58877,NA,423,5,418,19148,NA
82120000000,2015,58878,NA,459,7,452,20268,NA
82120000000,2015,58879,NA,442,10,432,19436,NA
82120000000,2015,58684,NA,505,5,500,22408,NA
82120000000,2015,58685,NA,464,9,455,20686,NA
82120000000,2015,58686,NA,473,5,468,21222,NA
82120000000,2015,58687,NA,520,11,509,22986,NA
82120000000,2015,58688,NA,472,10,462,21159,NA
82120000000,2015,58689,NA,501,10,491,22350,NA
82120000000,2015,58690,NA,529,9,520,23789,NA
82120000000,2015,58691,NA,495,12,483,22093,NA
82120000000,2015,58692,NA,466,5,461,20693,NA
82120000000,2015,58693,NA,451,7,444,20494,NA
82120000000,2015,58694,NA,453,9,444,20134,NA
82120000000,2015,58695,NA,486,11,475,21526,NA
82120000000,2015,58696,NA,486,8,478,22023,NA
82120000000,2015,58697,NA,426,4,422,19231,NA
82120000000,2015,58698,NA,410,10,400,17920,NA
82120000000,2015,58699,NA,467,8,459,20148,NA
82120000000,2015,58700,NA,433,3,430,19245,NA
82120000000,2015,58701,NA,403,3,400,17913,NA
82120000000,2015,58702,NA,412,2,410,18168,NA
82120000000,2015,58703,NA,367,7,360,15719,NA
82120000000,2015,58704,NA,367,4,363,16677,NA
82120000000,2015,58705,NA,377,9,368,16396,NA
82120000000,2015,58706,NA,351,7,344,15335,NA
82120000000,2015,58707,NA,385,5,380,16609,NA
82120000000,2015,58708,NA,355,8,347,15559,NA
82120000000,2015,58709,NA,335,5,330,14942,NA
82120000000,2015,58710,NA,332,10,322,14354,NA
82120000000,2015,58711,NA,405,11,394,17819,NA
82120000000,2015,58712,NA,446,3,443,20210,NA
82120000000,2015,58713,NA,428,3,425,18466,NA
82120000000,2015,58714,NA,432,10,422,19502,NA
82120000000,2015,58715,NA,401,3,398,18003,NA
82120000000,2015,58716,NA,435,5,430,19287,NA
82120000000,2015,58717,NA,446,11,435,19364,NA
82120000000,2015,58718,NA,444,5,439,19934,NA
82120000000,2015,58875,NA,446,10,436,19030,NA
82120000000,2015,58876,NA,399,3,396,17298,NA
82150017017,3344,65882,913,325,14,311,8553,35.6
82150017017,3344,65883,894,261,10,251,6409,29.19
82150017017,3344,65884,924,396,5,391,11001,42.86
82150017017,3344,65885,903,293,5,288,7852,32.449999999999996
82150017017,3344,65886,1029,436,15,421,11932,42.37
82150017017,3344,65887,1055,476,12,464,13407,45.120000000000005
82150017017,3344,65888,956,305,5,300,8538,31.9
82150017017,3344,65889,1022,419,5,414,12469,41
82150017017,3344,65890,1008,400,7,393,11318,39.68
82150017017,3344,65891,800,357,10,347,9817,44.63
82150017017,3344,65892,1066,389,11,378,10454,36.49
82150017017,3344,65893,890,346,10,336,9367,38.879999999999995
82150017017,3344,65894,986,354,10,344,9438,35.9
82150017017,3344,65895,863,377,14,363,10449,43.68
82150017017,3344,65896,957,349,8,341,9542,36.47
82150017017,3344,65897,956,319,8,311,9198,33.37
82150017017,3344,65898,871,318,8,310,8909,36.51
82150017017,3344,65899,896,356,10,346,9652,39.73
82150017017,3344,65900,970,344,5,339,9843,35.46
82150017017,3344,65901,743,334,5,329,9158,44.95
82150017017,3344,65902,770,320,10,310,8498,41.56
82150017017,3344,65903,760,341,8,333,9504,44.87
82150017017,3344,65904,647,265,5,260,7643,40.96
82150017017,3344,65905,898,346,7,339,9364,38.53
82150017017,3344,65906,744,309,9,300,8371,41.53
82150017017,3344,65907,691,334,6,328,9352,48.34
82150017017,3344,65908,687,307,14,293,8414,44.690000000000005
82150017017,3344,65909,491,221,6,215,6083,45.01
82150017017,3344,65910,823,415,15,400,11588,50.43
82150017017,3344,65911,973,358,14,344,9676,36.790000000000006
82150017017,3344,65912,735,303,3,300,8426,41.220000000000006
82150017017,3344,65913,807,302,7,295,8283,37.42
82150017017,3344,65914,678,337,9,328,9485,49.71
82150017017,3344,65915,734,306,2,304,8288,41.690000000000005
82150017017,3344,65916,957,418,7,411,11808,43.68
82150017017,3344,65917,913,388,11,377,10803,42.5
82150017017,3344,65919,NA,517,8,509,14471,NA
82150017017,3344,65920,NA,554,2,552,16038,NA
82150017017,3344,65921,NA,542,5,537,15920,NA
82150017017,3344,65922,NA,444,4,440,12612,NA
82150017017,3344,65923,NA,617,13,604,17761,NA
82150017017,3344,65924,NA,393,1,392,11416,NA
82150017017,3344,65925,NA,507,9,498,14163,NA
82150017017,3344,65926,NA,625,11,614,17535,NA
82150017017,3344,65927,NA,475,10,465,13897,NA
82150017017,3344,65928,NA,516,12,504,14918,NA
82150017017,3344,65929,NA,543,11,532,15589,NA
82150017017,3344,65930,NA,462,5,457,13800,NA
82150017017,3344,65931,NA,413,7,406,11412,NA
82150017017,3344,65932,NA,485,8,477,14154,NA
82150017017,3344,65933,NA,472,6,466,13953,NA
82150046046,5468,84860,1456,500,17,483,9626,34.339999999999996
82150046046,5468,84861,1494,494,14,480,9081,33.07
82150046046,5468,84862,1482,525,15,510,10042,35.43
82150046046,5468,84866,1153,514,17,497,9655,44.58
82150046046,5468,84864,1286,462,7,455,9017,35.93
82150046046,5468,84896,1451,405,19,386,7600,27.91
82150046046,5468,84867,764,303,19,284,5434,39.66
82150046046,5468,84868,1597,593,8,585,11497,37.13
82150046046,5468,84870,1218,457,16,441,8481,37.52
82150046046,5468,84872,NA,412,4,408,8030,NA
82150046046,5468,84873,NA,426,6,420,8507,NA
82150046046,5468,84875,NA,500,4,496,10102,NA
82150046046,5468,84876,NA,272,5,267,5363,NA
82150046046,5468,84877,NA,357,5,352,7006,NA
82150046046,5468,84897,NA,301,7,294,5636,NA
82150046046,5468,84899,NA,249,2,247,4733,NA
82150046046,5468,84900,NA,610,4,606,12150,NA
82150046046,5468,84901,NA,388,2,386,7655,NA
82150047047,6872,93915,1101,365,39,326,4377,33.15
82150047047,6872,93914,1049,401,25,376,5121,38.23
82150047047,6872,93916,1074,374,22,352,4520,34.82
82150047047,6872,93917,931,361,31,330,4079,38.78
82150047047,6872,93918,NA,619,34,585,8018,NA
82150047047,6872,93919,NA,696,40,656,8754,NA
82150064064,1850,55046,1520,571,23,548,10413,37.57
82150064064,1850,55047,1552,515,8,507,9903,33.18
82150064064,1850,55048,1352,380,15,365,6934,28.110000000000003
82150064064,1850,55049,1446,451,19,432,8326,31.19
82150064064,1850,55050,1062,362,12,350,6776,34.09
82150064064,1850,55051,949,318,13,305,5766,33.51
82150064064,1850,55052,1090,373,14,359,7117,34.220000000000006
82150064064,1850,55053,578,262,5,257,4774,45.33
82150064064,1850,55054,1071,396,9,387,7583,36.97
82150064064,1850,55055,NA,1512,26,1486,29529,NA
82150064064,1850,55056,NA,1378,23,1355,26767,NA
82150084084,6047,93327,924,364,30,334,4726,39.39
82150084084,6047,93328,912,366,18,348,4859,40.13
82150084084,6047,93329,916,303,25,278,3978,33.08
82150084084,6047,93330,972,388,28,360,5159,39.92
82150084084,6047,93331,1034,410,37,373,5617,39.65
82150084084,6047,93332,1322,495,32,463,7058,37.44
82150084084,6047,93333,1248,429,30,399,6171,34.379999999999995
82150084084,6047,93334,1041,427,14,413,6382,41.02
82150084084,6047,93335,1161,417,25,392,5555,35.92
82150084084,6047,93336,1128,423,21,402,6150,37.5
82150084084,6047,93337,NA,531,17,514,7625,NA
82150084084,6047,93338,NA,889,34,855,13013,NA
82150084084,6047,93339,NA,1039,34,1005,15727,NA
82150084084,6047,93340,NA,716,46,670,10059,NA
82150089089,5176,88379,806,310,4,306,5022,38.46
82150089089,5176,88380,830,318,7,311,5006,38.309999999999995
82150089089,5176,88381,837,340,5,335,5564,40.620000000000005
82150089089,5176,88382,697,270,7,263,4372,38.74
82150089089,5176,88383,842,297,3,294,5067,35.27
82150089089,5176,88384,997,332,9,323,5234,33.3
82150089089,5176,88385,897,371,11,360,5873,41.36
82150089089,5176,88386,906,347,3,344,5737,38.3
82150089089,5176,88387,973,344,5,339,5562,35.349999999999994
82150089089,5176,88388,NA,569,18,551,9489,NA
82150089089,5176,88389,NA,616,4,612,10440,NA
82150089089,5176,88390,NA,570,4,566,9638,NA
82150089089,5176,88391,NA,624,9,615,10459,NA
82150090090,4933,83543,776,323,10,313,5232,41.620000000000005
82150090090,4933,83548,813,353,9,344,5933,43.42
82150090090,4933,83547,770,365,9,356,6141,47.4
82150090090,4933,83549,864,393,14,379,6436,45.49
82150090090,4933,83550,795,343,11,332,5609,43.14
82150090090,4933,83551,830,340,11,329,5639,40.96
82150090090,4933,83552,916,380,13,367,6062,41.48
82150090090,4933,83553,778,350,4,346,5908,44.99
82150090090,4933,83554,727,344,8,336,5607,47.32
82150090090,4933,83556,823,345,8,337,5623,41.92
82150090090,4933,83557,NA,358,2,356,6067,NA
82150090090,4933,83558,NA,329,6,323,5550,NA
82150090090,4933,83559,NA,343,2,341,5821,NA
82150090090,4933,83560,NA,322,2,320,5521,NA
82150090090,4933,83561,NA,349,8,341,5844,NA
82150090090,4933,83562,NA,319,3,316,5434,NA
82150096096,5634,89428,664,236,6,230,4832,35.54
82150096096,5634,89429,660,269,13,256,5240,40.760000000000005
82150096096,5634,89430,748,365,14,351,7163,48.8
82150096096,5634,89431,793,309,14,295,6197,38.97
82150096096,5634,89432,641,224,10,214,4044,34.949999999999996
82150096096,5634,89433,730,323,30,293,5794,44.25
82150096096,5634,89434,640,228,17,211,4170,35.63
82150096096,5634,89435,893,343,30,313,5598,38.41
82150096096,5634,89436,909,310,35,275,4798,34.1
82150096096,5634,89437,720,246,30,216,3629,34.17
82150096096,5634,89438,673,268,19,249,4468,39.82
82150096096,5634,89439,731,347,38,309,5308,47.47
82150096096,5634,89440,748,331,33,298,5458,44.25
82150096096,5634,89441,864,400,55,345,5504,46.3
82150096096,5634,89442,678,268,30,238,4079,39.53
82150096096,5634,89443,717,284,26,258,4514,39.61
82150096096,5634,89444,725,326,26,300,5360,44.97
82150096096,5634,89445,NA,381,17,364,7727,NA
82150096096,5634,89446,NA,428,20,408,8618,NA
82150096096,5634,89447,NA,411,8,403,8119,NA
82150096096,5634,89448,NA,350,38,312,5931,NA
82150096096,5634,89449,NA,330,35,295,5707,NA
82150096096,5634,89450,NA,317,25,292,5468,NA
82150096096,5634,89451,NA,184,11,173,2893,NA
82150096096,5634,89452,NA,379,39,340,5662,NA
82150096096,5634,89453,NA,388,23,365,6660,NA
82150097097,3738,68601,534,246,7,239,4533,46.07
82150097097,3738,68602,1290,492,10,482,9541,38.14
82150097097,3738,68603,734,377,5,372,7099,51.36
82150097097,3738,68604,1561,521,12,509,9947,33.379999999999995
82150097097,3738,68605,1063,390,7,383,7850,36.690000000000005
82150097097,3738,68606,1138,450,14,436,8549,39.54
82150097097,3738,68607,413,186,2,184,3584,45.04
82150097097,3738,68608,532,179,1,178,3406,33.65
82150097097,3738,68609,1653,653,12,641,12494,39.5
82150097097,3738,68610,1016,398,12,386,7570,39.17
82150097097,3738,68611,1693,632,14,618,12497,37.33
82150097097,3738,68612,NA,3237,27,3210,65131,NA
82150101101,1629,61469,1209,470,4,466,8927,38.879999999999995
82150101101,1629,61470,2093,772,18,754,14962,36.879999999999995
82150101101,1629,61471,1180,407,15,392,7582,34.49
82150101101,1629,61472,1080,461,7,454,9117,42.690000000000005
82150101101,1629,61473,1862,770,17,753,15289,41.349999999999994
82150101101,1629,61474,1129,505,11,494,9974,44.73
82150101101,1629,61475,1141,498,18,480,9522,43.65
82150101101,1629,61476,1138,450,10,440,8810,39.54
82150101101,1629,61477,1192,468,7,461,8917,39.260000000000005
82150101101,1629,61478,2358,798,27,771,15367,33.839999999999996
82150101101,1629,61479,NA,798,26,772,15793,NA
82150101101,1629,61480,NA,583,25,558,11311,NA
82150101101,1629,61481,NA,476,14,462,9323,NA
82150101101,1629,61482,NA,637,19,618,12692,NA
82150101101,1629,61483,NA,439,13,426,8809,NA
82150101101,1629,91854,NA,598,13,585,11913,NA
82150102102,3207,66491,1653,632,12,620,12476,38.23
82150102102,3207,66492,1417,568,18,550,11072,40.08
82150102102,3207,66493,1414,537,16,521,10257,37.98
82150102102,3207,66494,1230,452,13,439,8851,36.75
82150102102,3207,66495,907,413,11,402,8099,45.53
82150102102,3207,66496,1380,548,15,533,10435,39.71
82150102102,3207,66497,1315,531,17,514,10282,40.379999999999995
82150102102,3207,66498,1385,509,20,489,9573,36.75
82150102102,3207,66499,1326,433,16,417,8108,32.65
82150102102,3207,66500,1369,656,10,646,12680,47.92
82150102102,3207,66501,NA,1022,18,1004,20561,NA
82150102102,3207,66502,NA,1031,17,1014,20606,NA
82150102102,3207,66503,NA,938,9,929,18862,NA
82150105105,3194,65019,1326,594,21,573,9687,44.8
82150105105,3194,65020,1277,511,16,495,7986,40.02
82150105105,3194,65021,1277,421,11,410,6786,32.97
82150105105,3194,65022,1304,483,18,465,7812,37.04
82150105105,3194,65023,1303,491,14,477,7818,37.68
82150105105,3194,65024,1305,507,10,497,8374,38.849999999999994
82150105105,3194,65025,1355,650,9,641,10702,47.97
82150105105,3194,65026,624,240,7,233,3813,38.46
82150105105,3194,65027,NA,1216,9,1207,20716,NA
82150105105,3194,65028,NA,1090,8,1082,18371,NA
82150106106,2223,57209,1707,530,22,508,11598,31.05
82150106106,2223,57210,1800,572,18,554,12420,31.78
82150106106,2223,57211,1621,478,9,469,10908,29.49
82150106106,2223,57212,1778,560,14,546,12215,31.5
82150106106,2223,57213,1442,485,20,465,10486,33.63
82150106106,2223,57214,1496,437,17,420,9690,29.21
82150106106,2223,57215,2121,542,19,523,11826,25.55
82150106106,2223,57216,1616,529,21,508,11852,32.74
82150106106,2223,57217,1434,477,23,454,10213,33.260000000000005
82150106106,2223,57218,1541,503,12,491,10494,32.64
82150106106,2223,57219,925,318,11,307,6952,34.379999999999995
82150106106,2223,57220,NA,645,13,632,14693,NA
82150106106,2223,57221,NA,517,5,512,11820,NA
82150106106,2223,57222,NA,554,11,543,12827,NA
82150106106,2223,57223,NA,555,6,549,12888,NA
82150106106,2223,57224,NA,505,6,499,11804,NA
82150106106,2223,57225,NA,520,6,514,12138,NA
82150106106,2223,57226,NA,618,14,604,14067,NA
82150106106,2223,57227,NA,567,2,565,13014,NA
82150106106,2223,57228,NA,381,8,373,8784,NA
82150106106,2223,57229,NA,489,2,487,11438,NA
82150108108,5723,89793,846,284,15,269,4906,33.57
82150108108,5723,89794,777,277,4,273,5285,35.65
82150108108,5723,89795,977,381,14,367,7138,39
82150108108,5723,89796,1093,404,14,390,7665,36.96
82150108108,5723,89797,1073,375,12,363,7236,34.949999999999996
82150108108,5723,89798,1046,439,13,426,8183,41.97
82150108108,5723,89799,1071,395,17,378,7433,36.879999999999995
82150108108,5723,89800,668,337,4,333,6426,50.45
82150108108,5723,89801,833,338,19,319,6199,40.58
82150108108,5723,89802,646,320,6,314,6292,49.54
82150108108,5723,89803,1354,549,35,514,10153,40.55
82150108108,5723,89804,1158,434,16,418,8195,37.48
82150108108,5723,89805,903,367,13,354,6854,40.64
82150108108,5723,89806,1141,487,11,476,9385,42.68
82150108108,5723,89807,1382,528,20,508,10015,38.21
82150108108,5723,89808,1015,440,9,431,8267,43.349999999999994
82150108108,5723,89809,975,437,13,424,8162,44.82
82150108108,5723,89810,NA,537,13,524,10451,NA
82150108108,5723,89811,NA,516,5,511,10174,NA
82150108108,5723,89812,NA,721,22,699,14230,NA
82150108108,5723,89813,NA,423,4,419,8247,NA
82150108108,5723,89814,NA,462,7,455,9087,NA
82150108108,5723,89815,NA,549,5,544,10824,NA
82150108108,5723,89816,NA,474,5,469,9243,NA
82150109109,3921,69261,680,223,10,213,4796,32.790000000000006
82150109109,3921,69262,752,277,13,264,5632,36.84
82150109109,3921,69263,691,245,18,227,4823,35.46
82150109109,3921,69264,739,215,5,210,4509,29.09
82150109109,3921,69265,791,248,2,246,5551,31.35
82150109109,3921,69266,775,263,12,251,5518,33.94
82150109109,3921,69267,837,283,9,274,6040,33.809999999999995
82150109109,3921,69268,726,294,13,281,6385,40.5
82150109109,3921,69269,618,266,3,263,5992,43.04
82150109109,3921,69270,763,223,19,204,4262,29.23
82150109109,3921,69271,641,264,6,258,5830,41.190000000000005
82150109109,3921,69272,638,286,19,267,6039,44.83
82150109109,3921,69273,945,478,29,449,10054,50.58
82150109109,3921,69274,615,254,13,241,5329,41.3
82150109109,3921,69275,688,266,16,250,5420,38.66
82150109109,3921,69276,827,288,14,274,5830,34.82
82150109109,3921,69277,845,332,12,320,7037,39.290000000000006
82150109109,3921,69278,847,336,21,315,7002,39.67
82150109109,3921,69279,664,265,5,260,5950,39.91
82150109109,3921,69280,682,264,12,252,5283,38.71
82150109109,3921,69281,699,245,10,235,5111,35.05
82150109109,3921,69282,719,299,7,292,6237,41.59
82150109109,3921,69283,760,304,18,286,6141,40
82150109109,3921,69284,816,365,6,359,8093,44.73
82150109109,3921,69285,688,273,11,262,5734,39.68
82150109109,3921,69286,864,338,18,320,6997,39.120000000000005
82150109109,3921,69287,NA,1079,7,1072,24215,NA
82150109109,3921,69288,NA,723,16,707,15990,NA
82150109109,3921,69289,NA,682,26,656,14349,NA
82150109109,3921,69290,NA,736,17,719,15993,NA
82150109109,3921,69292,NA,854,14,840,19327,NA
82150109109,3921,69293,NA,750,16,734,16528,NA
82150110110,5147,85792,1198,397,15,382,6519,33.14
82150110110,5147,85793,1130,405,4,401,6564,35.839999999999996
82150110110,5147,85794,1098,393,9,384,6496,35.790000000000006
82150110110,5147,85795,1217,518,6,512,8685,42.56
82150110110,5147,85797,1143,393,12,381,6380,34.379999999999995
82150110110,5147,85798,1244,475,24,451,7502,38.18
82150110110,5147,85799,1182,488,15,473,7999,41.290000000000006
82150110110,5147,85800,1014,346,15,331,5435,34.120000000000005
82150110110,5147,85801,1606,558,22,536,8975,34.74
82150110110,5147,85802,NA,730,11,719,12328,NA
82150110110,5147,85803,NA,685,5,680,11548,NA
82150110110,5147,85804,NA,678,8,670,11443,NA
82150110110,5147,85805,NA,648,7,641,11010,NA
82150110110,5147,85807,NA,488,6,482,8145,NA
82155001039,6828,84309,1641,634,13,621,7809,38.63
82155001039,6828,84310,1556,625,18,607,7735,40.17
82155001039,6828,84311,1535,560,12,548,7008,36.48
82155001039,6828,84312,NA,773,13,760,10048,NA
82155001039,6828,84313,NA,713,11,702,9097,NA
82155001100,2068,55988,1342,497,22,475,9272,37.03
82155001100,2068,55989,1688,553,28,525,10239,32.760000000000005
82155001100,2068,55990,1074,378,17,361,7193,35.2
82155001100,2068,55991,1423,553,21,532,10320,38.86
82155001100,2068,55992,1047,343,21,322,6168,32.760000000000005
82155001100,2068,55993,1229,425,11,414,8039,34.58
82155001100,2068,55994,1080,304,1,303,5893,28.15
82155001100,2068,55995,1284,401,6,395,7815,31.23
82155001100,2068,55997,NA,758,19,739,14910,NA
82155001100,2068,55998,NA,786,6,780,15847,NA
82155001100,2068,55999,NA,579,7,572,11828,NA
82155001100,2068,56000,NA,816,11,805,16351,NA
82155002007,3151,65744,1514,513,5,508,11614,33.879999999999995
82155002007,3151,65743,1679,520,11,509,12136,30.97
82155002007,3151,65746,1118,290,6,284,6613,25.94
82155002007,3151,65745,1410,446,18,428,10001,31.630000000000003
82155002007,3151,65739,1313,530,11,519,12004,40.37
82155002007,3151,65740,941,340,3,337,7557,36.13
82155002007,3151,65741,832,219,4,215,4888,26.32
82155002007,3151,65742,1401,575,12,563,12245,41.04
82155002007,3151,65747,811,245,10,235,5138,30.21
82155002007,3151,65748,1705,713,19,694,15575,41.82
82155002007,3151,65749,1010,411,7,404,9211,40.690000000000005
82155002007,3151,65751,1497,573,19,554,11975,38.28
82155002007,3151,65752,467,208,7,201,4333,44.54
82155002007,3151,65753,1191,471,20,451,10076,39.55
82155002007,3151,65754,357,179,6,173,3752,50.14
82155002007,3151,65755,1229,484,19,465,10108,39.379999999999995
82155002007,3151,65757,1553,485,5,480,10777,31.23
82155002007,3151,65756,1404,498,18,480,10890,35.47
82155002007,3151,65758,1491,590,29,561,13006,39.57
82155002007,3151,65765,NA,618,14,604,14248,NA
82155002007,3151,65764,NA,559,7,552,13226,NA
82155002007,3151,65763,NA,687,8,679,16252,NA
82155002007,3151,65762,NA,449,6,443,10355,NA
82155002007,3151,65761,NA,550,12,538,12228,NA
82155002007,3151,65760,NA,610,16,594,14086,NA
82155002007,3151,65759,NA,563,9,554,12763,NA
82155002007,3151,65766,NA,570,16,554,12911,NA
82155002007,3151,65785,NA,494,16,478,11496,NA
82155002025,7192,94211,1654,613,15,598,7886,37.06
82155002025,7192,94212,1446,581,22,559,7415,40.18
82155002025,7192,94609,NA,429,4,425,5753,NA
82155002025,7192,94610,NA,389,19,370,4881,NA
82155003009,2434,59430,2401,743,12,731,20881,30.95
82155003009,2434,59431,1338,512,11,501,14491,38.27
82155003009,2434,59432,1583,533,15,518,14802,33.67
82155003009,2434,59433,2106,539,17,522,14301,25.59
82155003009,2434,59434,1427,454,13,441,12454,31.81
82155003009,2434,59435,1697,527,21,506,13869,31.05
82155003009,2434,59436,1506,576,10,566,15932,38.25
82155003009,2434,59437,1310,494,18,476,14009,37.71
82155003009,2434,59438,1872,644,22,622,17445,34.4
82155003009,2434,59439,2246,695,22,673,18195,30.94
82155003009,2434,59440,1603,543,16,527,14050,33.87
82155003009,2434,59441,1470,442,9,433,12052,30.07
82155003009,2434,59442,966,393,8,385,10676,40.68
82155003009,2434,59443,1057,424,10,414,11859,40.11
82155003009,2434,59444,1864,663,23,640,17819,35.57
82155003009,2434,59445,2135,640,12,628,17932,29.979999999999997
82155003009,2434,59446,1401,656,24,632,17850,46.82
82155003009,2434,59447,897,356,14,342,9503,39.690000000000005
82155003009,2434,59448,1197,510,10,500,13712,42.61
82155003009,2434,59449,890,387,8,379,10563,43.48
82155003009,2434,59450,1220,513,15,498,13913,42.05
82155003009,2434,59451,1700,689,25,664,18604,40.53
82155003009,2434,59452,945,457,13,444,12738,48.36
82155003009,2434,59453,936,454,15,439,12442,48.5
82155003009,2434,59454,NA,701,19,682,19908,NA
82155003009,2434,59455,NA,458,4,454,13089,NA
82155003009,2434,59456,NA,488,10,478,13725,NA
82155003009,2434,59457,NA,591,11,580,16875,NA
82155003009,2434,59458,NA,540,4,536,15405,NA
82155003009,2434,59459,NA,661,7,654,19462,NA
82155003009,2434,59460,NA,585,7,578,16599,NA
82155003009,2434,59461,NA,621,10,611,17377,NA
82155003009,2434,59462,NA,703,6,697,19448,NA
82155003009,2434,59463,NA,422,2,420,11885,NA
82155003009,2434,59464,NA,535,8,527,15202,NA
82155003009,2434,59465,NA,455,11,444,12801,NA
82155003009,2434,59466,NA,472,5,467,13636,NA
82155003009,2434,59467,NA,660,7,653,19395,NA
82155003021,5585,68928,1711,568,22,546,8751,33.2
82155003021,5585,77655,1512,478,11,467,7683,31.610000000000003
82155003021,5585,80143,1940,642,33,609,9887,33.09
82155003021,5585,80131,1155,388,19,369,5979,33.59
82155003021,5585,77658,NA,1153,6,1147,19259,NA
82155003021,5585,77659,NA,1028,15,1013,17262,NA
82155003029,2681,65499,1257,392,5,387,4880,31.19
82155003029,2681,65500,1078,364,6,358,4347,33.77
82155003029,2681,65501,950,339,7,332,4289,35.68
82155003029,2681,65502,1266,438,2,436,5539,34.6
82155003029,2681,65503,NA,873,17,856,11275,NA
82155003029,2681,65504,NA,889,20,869,11487,NA
82155003103,3934,69328,974,329,3,326,5517,33.78
82155003103,3934,69329,1361,505,18,487,8085,37.11
82155003103,3934,69330,928,275,7,268,4321,29.630000000000003
82155003103,3934,69331,878,332,3,329,5474,37.809999999999995
82155003103,3934,69332,976,347,8,339,5682,35.55
82155003103,3934,69333,728,266,11,255,4292,36.54
82155003103,3934,69334,827,277,10,267,4253,33.49
82155003103,3934,69335,887,345,12,333,5538,38.9
82155003103,3934,69336,904,291,5,286,4766,32.190000000000005
82155003103,3934,69337,NA,873,7,866,14725,NA
82155003103,3934,69338,NA,823,5,818,13894,NA
82155003103,3934,69339,NA,804,7,797,13678,NA
82155004099,2442,68430,1738,719,17,702,11258,41.37
82155004099,2442,68431,1506,622,19,603,9758,41.3
82155004099,2442,68432,1661,638,30,608,9591,38.41
82155004099,2442,68433,1588,712,51,661,10599,44.84
82155004099,2442,68434,1632,641,36,605,9297,39.28
82155004099,2442,68435,1482,711,31,680,10779,47.98
82155004099,2442,68436,NA,400,7,393,6428,NA
82155004099,2442,68437,NA,377,0,377,6252,NA
82155004099,2442,68438,NA,418,4,414,6778,NA
82155004099,2442,68439,NA,315,7,308,5074,NA
82155004099,2442,68440,NA,309,6,303,4904,NA
82155004099,2442,68441,NA,316,3,313,5180,NA
82155004111,2291,61525,997,352,8,344,5643,35.309999999999995
82155004111,2291,61517,1383,507,11,496,8085,36.66
82155004111,2291,61518,1009,365,12,353,5781,36.17
82155004111,2291,61519,1113,389,5,384,6041,34.949999999999996
82155004111,2291,61520,937,281,8,273,4410,29.99
82155004111,2291,61521,NA,648,4,644,10526,NA
82155004111,2291,61522,NA,437,8,429,7223,NA
82155004111,2291,61523,NA,289,4,285,4742,NA
82155004111,2291,61524,NA,317,2,315,5334,NA
82155005040,3099,64504,922,417,21,396,4560,45.23
82155005040,3099,64505,909,406,18,388,4446,44.66
82155005040,3099,83819,NA,380,5,375,4348,NA
82155005059,3431,66609,969,348,14,334,6533,35.91
82155005059,3431,66610,1626,416,23,393,7516,25.58
82155005059,3431,66611,994,405,16,389,7018,40.74
82155005059,3431,66612,981,374,14,360,6917,38.120000000000005
82155005059,3431,66613,982,391,24,367,6865,39.82
82155005059,3431,66614,984,371,14,357,6587,37.7
82155005059,3431,66615,1336,501,26,475,9265,37.5
82155005059,3431,66616,888,418,12,406,7117,47.07
82155005059,3431,66617,NA,279,5,274,5091,NA
82155005059,3431,66618,NA,345,10,335,6761,NA
82155005059,3431,66619,NA,494,15,479,9360,NA
82155005059,3431,66620,NA,419,15,404,8061,NA
82155005059,3431,66621,NA,377,15,362,7042,NA
82155005059,3431,66622,NA,202,5,197,3692,NA
82155006066,2913,63573,1084,336,9,327,5395,31
82155006066,2913,63574,906,263,11,252,4314,29.03
82155006066,2913,63575,1325,472,7,465,8460,35.620000000000005
82155006066,2913,63576,1151,283,10,273,4637,24.59
82155006066,2913,63577,1087,398,8,390,6380,36.61
82155006066,2913,63578,1017,363,12,351,6450,35.690000000000005
82155006066,2913,63579,983,331,18,313,5748,33.67
82155006066,2913,63580,1033,380,10,370,6926,36.790000000000006
82155006066,2913,63581,1237,445,13,432,7894,35.97
82155006066,2913,63582,NA,1143,19,1124,20148,NA
82155006066,2913,63583,NA,535,12,523,10207,NA
82155006066,2913,63584,NA,616,6,610,11976,NA
82155006107,5704,90068,1880,604,34,570,9850,32.13
82155006107,5704,90069,1727,547,29,518,8581,31.67
82155006107,5704,90070,1678,548,18,530,9148,32.660000000000004
82155006107,5704,90071,1350,537,29,508,8515,39.78
82155006107,5704,90072,1152,428,46,382,6348,37.15
82155006107,5704,90073,NA,980,27,953,17595,NA
82155006107,5704,90074,NA,520,10,510,9418,NA
82155006107,5704,90075,NA,701,27,674,12136,NA
82155007082,5894,90389,907,406,13,393,5150,44.760000000000005
82155007082,5894,90390,1150,410,15,395,5110,35.65
82155007082,5894,90391,960,397,13,384,4977,41.349999999999994
82155007082,5894,90392,916,340,10,330,4074,37.120000000000005
82155007082,5894,90393,NA,953,5,948,12391,NA
82155007094,5986,83960,1434,636,25,611,5856,44.349999999999994
82155007094,5986,83961,NA,338,2,336,3201,NA
82160008008,2391,59199,2255,883,40,843,13870,39.16
82160008008,2391,59201,1889,588,13,575,9483,31.130000000000003
82160008008,2391,59204,2298,825,16,809,13416,35.9
82160008008,2391,59205,NA,1059,17,1042,17686,NA
82160008008,2391,66685,NA,649,5,644,10929,NA
82160013013,3620,67754,704,251,9,242,3008,35.65
82160013013,3620,67755,854,301,2,299,3913,35.25
82160013013,3620,67757,565,245,12,233,2941,43.36
82160013013,3620,67758,577,272,11,261,3129,47.14
82160013013,3620,67759,638,229,3,226,2766,35.89
82160013013,3620,67760,295,134,0,134,1515,45.42
82160013013,3620,67761,NA,500,11,489,6283,NA
82160013013,3620,67762,NA,517,10,507,6443,NA
82160015015,5317,87239,1378,452,30,422,8963,32.8
82160015015,5317,87240,621,178,9,169,3262,28.66
82160015015,5317,87241,1120,345,19,326,7252,30.8
82160015015,5317,87242,1248,361,23,338,6923,28.93
82160015015,5317,87243,1638,420,35,385,8373,25.64
82160015015,5317,87244,1244,422,27,395,8737,33.92
82160015015,5317,87245,1248,411,16,395,8875,32.93
82160015015,5317,87246,975,374,34,340,7244,38.36
82160015015,5317,87247,1307,478,36,442,9853,36.57
82160015015,5317,87248,1484,601,35,566,12535,40.5
82160015015,5317,87249,1280,503,20,483,10920,39.3
82160015015,5317,87250,1171,462,22,440,9618,39.45
82160015015,5317,87251,1306,525,26,499,10831,40.2
82160015015,5317,87252,574,211,17,194,3932,36.760000000000005
82160015015,5317,87253,1085,464,18,446,9636,42.760000000000005
82160015015,5317,87254,1245,542,27,515,11069,43.53
82160015015,5317,87255,1098,437,18,419,9103,39.8
82160015015,5317,87256,823,338,12,326,6734,41.07
82160015015,5317,87257,667,271,12,259,5545,40.63
82160015015,5317,87258,1017,485,26,459,10042,47.690000000000005
82160015015,5317,87259,652,262,9,253,5236,40.18
82160015015,5317,87260,NA,744,16,728,16642,NA
82160015015,5317,87261,NA,426,7,419,9681,NA
82160015015,5317,87262,NA,453,14,439,10282,NA
82160015015,5317,87263,NA,407,7,400,9151,NA
82160015015,5317,87264,NA,396,10,386,8854,NA
82160015015,5317,87265,NA,473,9,464,10376,NA
82160015015,5317,87266,NA,422,5,417,9679,NA
82160015015,5317,87267,NA,659,15,644,14461,NA
82160015015,5317,87268,NA,752,20,732,16399,NA
82160015015,5317,87269,NA,392,8,384,8480,NA
82165001006,2661,60256,1445,565,33,532,5960,39.1
82165001006,2661,60257,937,388,15,373,4182,41.41
82165001006,2661,60258,NA,636,14,622,7152,NA
82165001024,3447,69072,1282,495,14,481,7548,38.61
82165001024,3447,69073,1101,429,14,415,6726,38.96
82165001024,3447,69074,1158,435,22,413,6577,37.56
82165001024,3447,69075,1108,376,12,364,5738,33.94
82165001024,3447,69076,1047,390,11,379,5863,37.25
82165001024,3447,69077,914,401,11,390,6212,43.87
82165001024,3447,69078,NA,470,6,464,7712,NA
82165001024,3447,69079,NA,474,9,465,7746,NA
82165001024,3447,69080,NA,480,10,470,7903,NA
82165002007,4573,83287,1664,601,32,569,12589,36.120000000000005
82165002007,4573,83288,1012,341,18,323,7578,33.7
82165002007,4573,83289,1092,379,23,356,7745,34.71
82165002007,4573,83290,973,378,23,355,7530,38.849999999999994
82165002007,4573,83291,906,301,11,290,6809,33.220000000000006
82165002007,4573,83292,751,179,15,164,3460,23.83
82165002007,4573,83293,1089,479,30,449,10436,43.99
82165002007,4573,83294,1150,478,20,458,10594,41.57
82165002007,4573,83295,733,323,8,315,7376,44.07
82165002007,4573,83296,1048,426,18,408,9237,40.65
82165002007,4573,83297,952,386,14,372,8088,40.55
82165002007,4573,83298,772,307,13,294,6594,39.77
82165002007,4573,83299,809,370,18,352,8285,45.74
82165002007,4573,83300,559,280,7,273,6408,50.09
82165002007,4573,83301,788,334,23,311,6765,42.39
82165002007,4573,83302,886,369,9,360,7644,41.65
82165002007,4573,83303,696,314,10,304,7037,45.11
82165002007,4573,83304,1082,442,9,433,9937,40.849999999999994
82165002007,4573,83305,904,354,13,341,7618,39.16
82165002007,4573,83306,449,207,6,201,4699,46.1
82165002007,4573,83307,374,170,15,155,3650,45.45
82165002007,4573,83308,1019,378,15,363,8201,37.1
82165002007,4573,83309,1073,456,12,444,9830,42.5
82165002007,4573,83310,1010,429,16,413,8812,42.48
82165002007,4573,83311,902,342,17,325,7072,37.92
82165002007,4573,83312,NA,548,12,536,12536,NA
82165002007,4573,83313,NA,560,18,542,13075,NA
82165002007,4573,83314,NA,532,6,526,12085,NA
82165002007,4573,83315,NA,560,10,550,12843,NA
82165002007,4573,83316,NA,568,3,565,13007,NA
82165002007,4573,83317,NA,542,14,528,12462,NA
82165002007,4573,83318,NA,589,7,582,13492,NA
82165002007,4573,83319,NA,538,6,532,12523,NA
82165002007,4573,83320,NA,549,17,532,12184,NA
82165002007,4573,83322,NA,541,12,529,12410,NA
82165002041,5344,88675,1006,325,16,309,4897,32.309999999999995
82165002041,5344,88676,917,400,21,379,6171,43.620000000000005
82165002041,5344,88677,863,324,9,315,5126,37.54
82165002041,5344,88678,938,348,15,333,5035,37.1
82165002041,5344,88680,651,291,17,274,4406,44.7
82165002041,5344,88681,723,329,22,307,4775,45.5
82165002041,5344,88682,NA,666,13,653,10738,NA
82165002041,5344,88683,NA,715,13,702,11759,NA
82165003002,5310,87186,1403,643,24,619,7021,45.83
82165003002,5310,87187,1381,704,17,687,7816,50.98
82165003002,5310,87188,NA,646,0,646,7452,NA
82165003005,2951,63083,1389,629,16,613,9862,45.28
82165003005,2951,63084,1330,570,14,556,9032,42.86
82165003005,2951,63085,1114,477,9,468,7644,42.82
82165003005,2951,63086,1315,635,14,621,10202,48.290000000000006
82165003005,2951,63087,NA,1005,22,983,16263,NA
82165003009,5740,86828,1013,364,16,348,6849,35.93
82165003009,5740,86829,1330,407,20,387,7462,30.6
82165003009,5740,86830,1232,417,23,394,7549,33.849999999999994
82165003009,5740,86831,953,333,19,314,6160,34.94
82165003009,5740,86832,992,399,17,382,6932,40.220000000000006
82165003009,5740,86833,1045,387,22,365,6960,37.03
82165003009,5740,86834,1110,368,29,339,6464,33.15
82165003009,5740,86835,1021,381,16,365,7200,37.32
82165003009,5740,86836,1054,438,25,413,8044,41.56
82165003009,5740,86837,NA,1027,16,1011,19999,NA
82165003009,5740,86838,NA,667,19,648,13056,NA
82165003009,5740,86850,NA,550,7,543,10661,NA
82165003012,2142,85096,2686,1155,15,1140,13080,43
82165003012,2142,56688,NA,638,4,634,7234,NA
82165004017,2374,84144,1050,415,10,405,7863,39.52
82165004017,2374,84145,1556,547,11,536,10359,35.15
82165004017,2374,84146,1874,649,15,634,12399,34.63
82165004017,2374,84147,1370,426,15,411,7795,31.09
82165004017,2374,84148,1674,662,5,657,12299,39.55
82165004017,2374,84149,1236,521,11,510,9928,42.15
82165004017,2374,84150,452,195,1,194,3437,43.14
82165004017,2374,84151,793,284,7,277,5417,35.809999999999995
82165004017,2374,84152,905,338,3,335,6362,37.349999999999994
82165004017,2374,84153,582,269,7,262,4917,46.220000000000006
82165004017,2374,84154,NA,497,3,494,9946,NA
82165004017,2374,84155,NA,650,7,643,12759,NA
82165004017,2374,84156,NA,541,4,537,11016,NA
82165004017,2374,84157,NA,552,6,546,10880,NA
82165004017,2374,84158,NA,544,7,537,10883,NA
82165004029,5588,89828,1082,485,16,469,5321,44.82
82165004029,5588,89829,996,439,9,430,4882,44.08
82165004029,5588,89830,NA,438,3,435,4932,NA
82165004059,3004,63585,635,316,1,315,3002,49.760000000000005
82165004059,3004,63586,783,342,4,338,3141,43.68
82165004059,3004,63587,534,208,8,200,1859,38.95
82165004059,3004,63588,NA,474,2,472,4085,NA
82165005023,5780,90040,1499,582,16,566,7299,38.83
82165005023,5780,90041,1229,531,27,504,6622,43.21
82165005023,5780,90042,1442,639,18,621,7956,44.309999999999995
82165005023,5780,90043,NA,1020,11,1009,13595,NA
82165005033,2884,82931,1672,550,14,536,7059,32.89
82165005033,2884,82932,1742,637,17,620,8129,36.57
82165005033,2884,82933,1561,590,28,562,7247,37.8
82165005033,2884,82934,NA,1594,13,1581,21056,NA
82165005039,3557,67343,1448,625,24,601,7844,43.16
82165005039,3557,67344,1384,586,30,556,7112,42.34
82165005039,3557,67345,1270,597,11,586,7732,47.01
82165005039,3557,67346,NA,1037,25,1012,13353,NA
82165005043,2823,61740,1366,332,7,325,11258,24.3
82165005043,2823,61741,1260,290,17,273,8866,23.02
82165005043,2823,61742,1311,295,8,287,9650,22.5
82165005043,2823,61743,1875,632,7,625,20689,33.71
82165005043,2823,61744,1929,623,18,605,20282,32.3
82165005043,2823,61745,1627,534,16,518,17668,32.82
82165005043,2823,61746,1864,533,7,526,17813,28.59
82165005043,2823,61747,1247,229,14,215,6462,18.36
82165005043,2823,61748,1094,306,5,301,10035,27.97
82165005043,2823,61749,1056,203,3,200,6651,19.22
82165005043,2823,61750,837,331,13,318,10000,39.55
82165005043,2823,61751,890,232,16,216,7027,26.07
82165005043,2823,61752,845,273,5,268,9198,32.309999999999995
82165005043,2823,61753,954,299,10,289,9865,31.34
82165005043,2823,61754,746,312,15,297,9662,41.82
82165005043,2823,61755,1621,415,22,393,12585,25.6
82165005043,2823,61756,1306,379,12,367,11627,29.02
82165005043,2823,61757,1640,543,18,525,17292,33.11
82165005043,2823,61758,1662,513,19,494,16503,30.87
82165005043,2823,61759,1719,629,12,617,19836,36.59
82165005043,2823,61760,1404,512,6,506,16569,36.47
82165005043,2823,61761,984,378,16,362,11987,38.41
82165005043,2823,61762,888,324,8,316,10638,36.49
82165005043,2823,61763,433,223,4,219,7454,51.5
82165005043,2823,61764,940,367,4,363,12298,39.04
82165005043,2823,67671,985,407,8,399,13290,41.32
82165005043,2823,61765,1197,526,13,513,16799,43.94
82165005043,2823,61766,1179,466,8,458,15630,39.53
82165005043,2823,61767,1192,489,13,476,15117,41.02
82165005043,2823,61768,747,299,0,299,9751,40.03
82165005043,2823,67672,790,331,6,325,10665,41.9
82165005043,2823,61770,NA,328,6,322,11359,NA
82165005043,2823,61771,NA,307,5,302,10886,NA
82165005043,2823,61772,NA,267,9,258,8823,NA
82165005043,2823,61773,NA,574,10,564,20159,NA
82165005043,2823,61774,NA,332,2,330,11521,NA
82165005043,2823,61775,NA,240,4,236,8575,NA
82165005043,2823,61776,NA,262,10,252,9088,NA
82165005043,2823,61777,NA,296,6,290,9896,NA
82165005043,2823,61778,NA,290,1,289,10172,NA
82165005043,2823,61779,NA,305,9,296,10802,NA
82165005043,2823,61780,NA,304,7,297,10594,NA
82165005043,2823,61781,NA,205,4,201,7314,NA
82165005043,2823,61782,NA,328,4,324,11751,NA
82165005043,2823,61783,NA,307,3,304,10651,NA
82165005043,2823,61784,NA,189,3,186,6168,NA
82165005043,2823,61785,NA,194,5,189,6598,NA
82165005052,6852,68223,1150,490,12,478,5255,42.61
82165005052,6852,68224,1409,576,10,566,6230,40.879999999999995
82165005052,6852,68228,NA,509,9,500,5663,NA
82165006028,4876,89454,1672,1029,17,1012,12745,61.54
82165006028,4876,89455,837,524,9,515,6790,62.6
82165006028,4876,89456,755,497,11,486,6452,65.83
82165006028,4876,89457,371,224,4,220,2866,60.379999999999995
82165006028,4876,89458,528,272,7,265,3317,51.52
82165006063,3376,59236,1621,950,29,921,14843,58.61
82165006063,3376,59237,1469,977,22,955,15875,66.51
82165006063,3376,59238,973,630,11,619,9507,64.75
82165006063,3376,59239,1313,785,31,754,12183,59.790000000000006
82165007022,4028,91952,1045,401,10,391,5058,38.37
82165007022,4028,91953,1424,568,12,556,7192,39.89
82165007022,4028,91954,1330,449,17,432,4891,33.760000000000005
82165007022,4028,91955,NA,592,7,585,7762,NA
82165007049,2515,56105,1161,390,16,374,7347,33.59
82165007049,2515,56106,1024,332,16,316,6327,32.42
82165007049,2515,56107,1103,368,22,346,6647,33.36
82165007049,2515,56109,1002,343,12,331,6736,34.230000000000004
82165007049,2515,56111,836,338,9,329,6742,40.43
82165007049,2515,56112,785,337,7,330,6626,42.93
82165007049,2515,56113,874,353,16,337,6563,40.39
82165007049,2515,56114,717,316,9,307,5970,44.07
82165007049,2515,56115,1042,403,15,388,7761,38.68
82165007049,2515,56116,784,341,12,329,6650,43.49
82165007049,2515,56117,NA,609,7,602,12357,NA
82165007049,2515,56118,NA,641,10,631,12835,NA
82165007049,2515,56119,NA,637,5,632,12776,NA
82165007049,2515,56120,NA,581,12,569,11932,NA
82210000000,3581,67424,1218,537,12,525,22983,44.09
82210000000,3581,67425,1160,534,13,521,23698,46.03
82210000000,3581,67426,1123,454,20,434,19684,40.43
82210000000,3581,67427,1334,504,14,490,22494,37.78
82210000000,3581,67428,1280,487,8,479,22099,38.05
82210000000,3581,67433,1197,538,14,524,24171,44.95
82210000000,3581,67434,1256,617,11,606,27615,49.120000000000005
82210000000,3581,67444,1306,472,8,464,20932,36.14
82210000000,3581,67445,1220,489,11,478,21908,40.08
82210000000,3581,67446,1264,538,16,522,23747,42.56
82210000000,3581,67447,1359,521,7,514,22992,38.34
82210000000,3581,67448,1204,378,11,367,15792,31.4
82210000000,3581,67449,1166,497,11,486,22090,42.620000000000005
82210000000,3581,67450,1148,500,13,487,22551,43.55
82210000000,3581,67451,1104,505,17,488,21939,45.74
82210000000,3581,67452,1047,432,14,418,18899,41.260000000000005
82210000000,3581,67453,1112,557,12,545,25125,50.09
82210000000,3581,67454,1202,616,11,605,27968,51.25
82210000000,3581,67455,1128,571,11,560,25459,50.620000000000005
82210000000,3581,67456,872,391,9,382,17269,44.84
82210000000,3581,67457,814,319,8,311,13604,39.190000000000005
82210000000,3581,67458,1141,512,11,501,22795,44.87
82210000000,3581,67459,1072,519,17,502,22564,48.41
82210000000,3581,67460,1216,567,14,553,24959,46.63
82210000000,3581,67461,1094,571,13,558,25224,52.190000000000005
82210000000,3581,67464,1022,485,10,475,20969,47.46
82210000000,3581,67466,1057,478,13,465,20535,45.220000000000006
82210000000,3581,67467,1093,506,9,497,21892,46.290000000000006
82210000000,3581,67468,1046,493,5,488,21758,47.13
82210000000,3581,67469,1308,607,11,596,26923,46.41
82210000000,3581,67470,1277,586,11,575,26105,45.89
82210000000,3581,67471,1462,548,14,534,23378,37.48
82210000000,3581,67472,1429,601,21,580,25075,42.06
82210000000,3581,67473,1223,436,17,419,17967,35.65
82210000000,3581,67474,1030,409,9,400,17275,39.71
82210000000,3581,67475,1484,628,13,615,27893,42.32
82210000000,3581,67476,1271,571,21,550,24186,44.93
82210000000,3581,67477,1398,603,4,599,27022,43.13
82210000000,3581,67480,1297,520,9,511,22401,40.09
82210000000,3581,67481,1271,460,15,445,19707,36.190000000000005
82210000000,3581,67482,1250,366,16,350,14300,29.28
82210000000,3581,67483,1310,569,8,561,25004,43.44
82210000000,3581,67478,1434,651,19,632,28550,45.4
82210000000,3581,67479,1405,543,12,531,23485,38.65
82210000000,3581,67484,1210,465,16,449,18106,38.43
82210000000,3581,67485,1183,519,18,501,19934,43.87
82210000000,3581,67486,1144,525,11,514,21837,45.89
82210000000,3581,67487,1205,434,19,415,16956,36.02
82210000000,3581,67488,2115,420,20,400,16463,19.86
82210000000,3581,67489,1185,562,10,552,24221,47.43
82210000000,3581,67490,1158,615,10,605,26640,53.11
82210000000,3581,67491,1240,547,10,537,24166,44.11
82210000000,3581,67492,1229,608,10,598,26678,49.47
82210000000,3581,67493,967,412,10,402,17387,42.61
82210000000,3581,67494,1509,591,17,574,24328,39.17
82210000000,3581,67495,1197,410,10,400,18585,34.25
82210000000,3581,67496,1140,482,12,470,20930,42.28
82210000000,3581,67497,966,413,8,405,18544,42.75
82210000000,3581,67502,1065,423,7,416,18586,39.720000000000006
82210000000,3581,67500,1157,440,3,437,19809,38.03
82210000000,3581,67501,1087,538,16,522,23650,49.49
82210000000,3581,67503,1060,464,10,454,20075,43.77
82210000000,3581,67504,1191,560,9,551,25156,47.02
82210000000,3581,67505,1125,535,12,523,23760,47.56
82210000000,3581,67506,1204,593,10,583,26550,49.25
82210000000,3581,67498,1142,534,11,523,24138,46.760000000000005
82210000000,3581,67499,1039,468,11,457,20783,45.04
82210000000,3581,67507,1142,489,13,476,21956,42.82
82210000000,3581,67508,1263,605,8,597,27093,47.9
82210000000,3581,67509,1199,584,6,578,26276,48.71
82210000000,3581,67510,1301,568,12,556,25436,43.66
82210000000,3581,67511,1364,625,18,607,27205,45.82
82210000000,3581,67513,1037,459,9,450,20736,44.260000000000005
82210000000,3581,67512,1125,571,17,554,25044,50.760000000000005
82210000000,3581,67514,1121,483,10,473,22022,43.09
82210000000,3581,67515,1380,390,14,376,15365,28.26
82210000000,3581,67516,1343,414,11,403,15881,30.83
82210000000,3581,67517,1504,373,32,341,12885,24.8
82210000000,3581,67518,1521,503,25,478,18979,33.07
82210000000,3581,67519,1230,461,20,441,17988,37.48
82210000000,3581,67520,1141,459,9,450,19569,40.23
82210000000,3581,67521,1042,458,9,449,19986,43.95
82210000000,3581,67522,1095,457,10,447,20329,41.74
82210000000,3581,67523,936,419,9,410,18003,44.760000000000005
82210000000,3581,67524,982,425,7,418,18630,43.28
82210000000,3581,67526,866,362,8,354,15576,41.8
82210000000,3581,67525,941,375,12,363,15543,39.849999999999994
82210000000,3581,67527,1014,517,15,502,22774,50.99
82210000000,3581,67528,1048,404,9,395,17875,38.55
82210000000,3581,67529,863,441,5,436,19670,51.1
82210000000,3581,67530,824,369,5,364,16801,44.78
82210000000,3581,67537,NA,176,2,174,8114,NA
82210000000,3581,67538,NA,197,1,196,9070,NA
82210000000,3581,67539,NA,465,3,462,21502,NA
82210000000,3581,67541,NA,516,10,506,23253,NA
82210000000,3581,67545,NA,436,9,427,19747,NA
82210000000,3581,67540,NA,450,8,442,20463,NA
82210000000,3581,67549,NA,439,11,428,19825,NA
82210000000,3581,67550,NA,433,8,425,19670,NA
82210000000,3581,67551,NA,457,5,452,21114,NA
82210000000,3581,67552,NA,521,8,513,23723,NA
82210000000,3581,67553,NA,581,6,575,26745,NA
82210000000,3581,67554,NA,559,10,549,25215,NA
82210000000,3581,67555,NA,536,6,530,24450,NA
82210000000,3581,67556,NA,529,8,521,23925,NA
82210000000,3581,67557,NA,516,8,508,23356,NA
82210000000,3581,67558,NA,462,4,458,21181,NA
82210000000,3581,67559,NA,447,6,441,20243,NA
82210000000,3581,67560,NA,418,10,408,18549,NA
82210000000,3581,67561,NA,441,5,436,19825,NA
82210000000,3581,67562,NA,420,4,416,19143,NA
82210000000,3581,67563,NA,405,7,398,18199,NA
82210000000,3581,67564,NA,449,5,444,20182,NA
82210000000,3581,67565,NA,650,6,644,29533,NA
82210000000,3581,67566,NA,605,7,598,27066,NA
82210000000,3581,67567,NA,604,6,598,27223,NA
82210000000,3581,67568,NA,612,10,602,27489,NA
82210000000,3581,67569,NA,434,6,428,19774,NA
82210000000,3581,67570,NA,467,7,460,20998,NA
82210000000,3581,67571,NA,262,2,260,11074,NA
82210000000,3581,67572,NA,275,0,275,11902,NA
82210000000,3581,67573,NA,306,3,303,12988,NA
82210000000,3581,67574,NA,281,1,280,11668,NA
82210000000,3581,67575,NA,374,6,368,17020,NA
82210000000,3581,67576,NA,427,7,420,18683,NA
82210000000,3581,67577,NA,409,5,404,18093,NA
82210000000,3581,67579,NA,432,6,426,18972,NA
82210000000,3581,67580,NA,681,13,668,30857,NA
82210000000,3581,67581,NA,721,4,717,32903,NA
82210000000,3581,67582,NA,772,8,764,35598,NA
82210000000,3581,67583,NA,739,10,729,33870,NA
82210000000,3581,67584,NA,733,11,722,33136,NA
82210000000,3581,67585,NA,130,0,130,5980,NA
82210000000,3581,67586,NA,135,1,134,6297,NA
82210000000,3581,67587,NA,494,3,491,22582,NA
82210000000,3581,67588,NA,595,14,581,26986,NA
82210000000,3581,67589,NA,522,7,515,23785,NA
82210000000,3581,67590,NA,517,5,512,23654,NA
82210000000,3581,67592,NA,501,9,492,22589,NA
82210000000,3581,67593,NA,210,1,209,8998,NA
82210000000,3581,67595,NA,184,6,178,7799,NA
82210000000,3581,67596,NA,221,3,218,9551,NA
82210000000,3581,67598,NA,188,3,185,8179,NA
82210000000,3581,67597,NA,383,6,377,17077,NA
82210000000,3581,67599,NA,396,4,392,17530,NA
82210000000,3581,67600,NA,447,6,441,19803,NA
82210000000,3581,67601,NA,387,6,381,16829,NA
82210000000,3581,67602,NA,423,2,421,19607,NA
82210000000,3581,67603,NA,431,5,426,19836,NA
82220000000,1677,62219,1872,552,2,550,24447,29.5
82220000000,1677,62220,1976,540,16,524,22481,27.3
82220000000,1677,62221,2673,714,18,696,29254,26.7
82220000000,1677,62222,2585,554,10,544,23672,21.4
82220000000,1677,62223,2601,590,16,574,25205,22.7
82220000000,1677,62224,2249,689,19,670,29843,30.6
82220000000,1677,62225,2328,615,12,603,26755,26.4
82220000000,1677,62226,2130,455,14,441,18899,21.4
82220000000,1677,62227,2153,489,16,473,20758,22.7
82220000000,1677,62228,1798,485,8,477,20417,27
82220000000,1677,62229,1950,468,5,463,20695,24
82220000000,1677,62230,2766,390,21,369,15729,14.1
82220000000,1677,62231,3099,694,21,673,28698,22.4
82220000000,1677,62232,2956,578,23,555,21905,19.6
82220000000,1677,62233,1675,518,10,508,21974,30.9
82220000000,1677,62234,1756,718,12,706,31003,40.9
82220000000,1677,62235,1830,596,9,587,26345,32.6
82220000000,1677,62236,1678,554,18,536,23393,33
82220000000,1677,62237,1523,468,15,453,19442,30.7
82220000000,1677,62238,1391,495,18,477,21219,35.6
82220000000,1677,62239,1272,384,13,371,15682,30.2
82220000000,1677,62240,2013,432,16,416,17378,21.5
82220000000,1677,62241,1378,424,18,406,16540,30.8
82220000000,1677,62242,1538,409,11,398,16135,26.6
82220000000,1677,62243,1893,530,18,512,21883,28
82220000000,1677,62244,2169,613,17,596,25326,28.3
82220000000,1677,62245,1855,345,10,335,13579,18.6
82220000000,1677,62246,1582,450,18,432,18406,28.4
82220000000,1677,62247,1578,606,11,595,27005,38.4
82220000000,1677,62248,1524,551,18,533,23924,36.2
82220000000,1677,62249,1502,577,9,568,25183,38.4
82220000000,1677,62250,1349,515,11,504,22267,38.2
82220000000,1677,62251,1207,546,9,537,23885,45.2
82220000000,1677,62252,1190,444,11,433,19395,37.3
82220000000,1677,62253,1262,561,10,551,24389,44.5
82220000000,1677,62254,1489,486,6,480,21150,32.6
82220000000,1677,62255,1280,415,11,404,18092,32.4
82220000000,1677,62256,1803,539,11,528,23112,29.9
82220000000,1677,62257,1541,498,4,494,21794,32.3
82220000000,1677,62258,1722,599,12,587,26209,34.8
82220000000,1677,62259,1659,591,9,582,26070,35.6
82220000000,1677,62260,1755,569,11,558,24716,32.4
82220000000,1677,62261,1670,595,12,583,25666,35.6
82220000000,1677,62262,1622,685,15,670,30060,42.2
82220000000,1677,62263,1703,633,14,619,27536,37.2
82220000000,1677,63071,1617,682,12,670,29520,42.2
82220000000,1677,62264,579,264,2,262,11871,45.6
82220000000,1677,62265,2105,712,8,704,29138,33.8
82220000000,1677,62266,2214,616,22,594,24035,27.8
82220000000,1677,62267,2020,582,12,570,23884,28.8
82220000000,1677,62268,1383,551,12,539,22337,39.8
82220000000,1677,62269,1433,515,10,505,20430,35.9
82220000000,1677,62270,688,270,3,267,10572,39.2
82220000000,1677,62271,923,403,7,396,16718,43.7
82220000000,1677,62272,1968,377,23,354,14009,19.2
82220000000,1677,62273,1740,608,21,587,24358,34.9
82220000000,1677,62274,1918,414,20,394,15079,21.6
82220000000,1677,62275,1474,599,18,581,23707,40.6
82220000000,1677,62276,1413,575,21,554,22561,40.7
82220000000,1677,62277,2167,358,11,347,14123,16.5
82220000000,1677,62278,1094,409,9,400,17233,37.4
82220000000,1677,62279,1037,407,8,399,15976,39.2
82220000000,1677,62280,1638,752,14,738,32431,45.9
82220000000,1677,62281,1366,591,20,571,23953,43.3
82220000000,1677,62282,1449,668,23,645,27989,46.1
82220000000,1677,62283,1414,697,21,676,29519,49.3
82220000000,1677,62284,1858,407,18,389,14858,21.9
82220000000,1677,62285,2041,582,22,560,22590,28.5
82220000000,1677,62286,1898,628,24,604,24741,33.1
82220000000,1677,62287,2039,596,7,589,24100,29.2
82220000000,1677,62288,1238,582,12,570,24957,47
82220000000,1677,62289,1074,494,13,481,21419,46
82220000000,1677,62290,1655,691,9,682,29046,41.8
82220000000,1677,62291,1586,610,14,596,26346,38.5
82220000000,1677,62292,1959,752,12,740,32645,38.4
82220000000,1677,62293,2067,788,17,771,34136,38.1
82220000000,1677,62294,1841,709,15,694,30239,38.5
82220000000,1677,62295,1873,657,20,637,27520,35.1
82220000000,1677,62296,1728,746,22,724,31002,43.2
82220000000,1677,62297,501,277,10,267,11080,55.3
82220000000,1677,62298,1521,329,23,306,11943,21.6
82220000000,1677,62299,1556,476,13,463,19616,30.6
82220000000,1677,62300,1444,589,14,575,24622,40.8
82220000000,1677,62301,1268,545,8,537,23003,43
82220000000,1677,62302,1700,529,9,520,21798,31.1
82220000000,1677,62303,1503,560,16,544,23403,37.3
82220000000,1677,62304,1600,580,7,573,24458,36.3
82220000000,1677,62305,1645,616,11,605,25935,37.4
82220000000,1677,62306,2052,762,7,755,31781,37.1
82220000000,1677,62307,1455,533,12,521,22384,36.6
82220000000,1677,62308,1283,555,8,547,23725,43.3
82220000000,1677,62309,2318,904,24,880,38448,39
82220000000,1677,62310,2070,774,19,755,32145,37.4
82220000000,1677,62311,2128,700,15,685,30023,32.9
82220000000,1677,62312,1748,425,14,411,17400,24.3
82220000000,1677,62313,1459,472,15,457,19091,32.4
82220000000,1677,62314,1975,663,22,641,27519,33.6
82220000000,1677,62315,1539,468,16,452,18156,30.4
82220000000,1677,62316,1373,452,14,438,18026,32.9
82220000000,1677,62317,1409,547,15,532,23125,38.8
82220000000,1677,62318,1937,569,14,555,23630,29.4
82220000000,1677,62319,1452,494,8,486,20673,34
82220000000,1677,62320,1374,524,12,512,21555,38.1
82220000000,1677,62321,1239,638,15,623,27571,51.5
82220000000,1677,62322,1300,548,17,531,23276,42.2
82220000000,1677,62323,1305,533,8,525,22706,40.8
82220000000,1677,62324,1282,580,7,573,25482,45.2
82220000000,1677,63072,1223,565,5,560,24485,46.2
82220000000,1677,62325,1312,608,12,596,26696,46.3
82220000000,1677,62326,1433,560,11,549,24347,39.1
82220000000,1677,62327,1257,599,10,589,26240,47.7
82220000000,1677,62328,1394,611,12,599,26619,43.8
82220000000,1677,62329,1419,592,7,585,25967,41.7
82220000000,1677,62330,1406,581,14,567,25149,41.3
82220000000,1677,62331,1436,609,13,596,26223,42.4
82220000000,1677,63073,1437,562,14,548,23453,39.1
82220000000,1677,62332,2346,505,11,494,21358,21.5
82220000000,1677,62333,2076,807,11,796,34448,38.9
82220000000,1677,62334,2112,679,12,667,29034,32.1
82220000000,1677,62335,1979,756,19,737,31861,38.2
82220000000,1677,62336,1701,579,13,566,24632,34
82220000000,1677,62337,1775,506,26,480,20451,28.5
82220000000,1677,62338,1394,599,7,592,26138,43
82220000000,1677,62339,1485,510,11,499,21506,34.3
82220000000,1677,62340,1573,497,13,484,21694,31.6
82220000000,1677,63074,1461,576,4,572,25597,39.4
82220000000,1677,62341,1781,800,19,781,35304,44.9
82220000000,1677,62342,1560,664,13,651,28221,42.6
82220000000,1677,62343,1867,525,16,509,21060,28.1
82220000000,1677,62344,1581,596,10,586,25379,37.7
82220000000,1677,62345,1672,534,23,511,21388,31.9
82220000000,1677,62346,1236,365,9,356,14509,29.5
82220000000,1677,62347,1318,533,10,523,22720,40.4
82220000000,1677,62348,2034,540,12,528,22382,26.5
82220000000,1677,62349,1895,481,16,465,19725,25.4
82220000000,1677,63075,1897,414,16,398,15938,21.8
82220000000,1677,62350,1670,561,19,542,22759,33.6
82220000000,1677,62351,1695,538,10,528,22309,31.7
82220000000,1677,62352,1692,672,17,655,28491,39.7
82220000000,1677,62353,1799,534,14,520,22656,29.7
82220000000,1677,62354,NA,313,5,308,13836,NA
82220000000,1677,62355,NA,621,12,609,26968,NA
82220000000,1677,62356,NA,578,6,572,25731,NA
82220000000,1677,62357,NA,484,3,481,22084,NA
82220000000,1677,62358,NA,600,11,589,26604,NA
82220000000,1677,62359,NA,551,2,549,24334,NA
82220000000,1677,63077,NA,472,7,465,21337,NA
82220000000,1677,62360,NA,392,7,385,17549,NA
82220000000,1677,62361,NA,496,7,489,21437,NA
82220000000,1677,62362,NA,411,5,406,18221,NA
82220000000,1677,62363,NA,633,6,627,28342,NA
82220000000,1677,62364,NA,904,4,900,40365,NA
82220000000,1677,62365,NA,479,12,467,21152,NA
82220000000,1677,62366,NA,795,41,754,33939,NA
82220000000,1677,62367,NA,652,5,647,28912,NA
82220000000,1677,62368,NA,447,7,440,19934,NA
82220000000,1677,62369,NA,313,5,308,14089,NA
82220000000,1677,62370,NA,513,3,510,23347,NA
82220000000,1677,62371,NA,565,3,562,25776,NA
82220000000,1677,62372,NA,465,2,463,21058,NA
82220000000,1677,62373,NA,687,9,678,29900,NA
82220000000,1677,62374,NA,645,8,637,29378,NA
82220000000,1677,62375,NA,745,5,740,33729,NA
82220000000,1677,62376,NA,633,2,631,28931,NA
82220000000,1677,62377,NA,748,10,738,33503,NA
82220000000,1677,62378,NA,525,6,519,23295,NA
82220000000,1677,62379,NA,614,4,610,27978,NA
82220000000,1677,62380,NA,442,8,434,19515,NA
82220000000,1677,62381,NA,603,6,597,26829,NA
82220000000,1677,62382,NA,579,8,571,24045,NA
82220000000,1677,62383,NA,579,5,574,23440,NA
82220000000,1677,62384,NA,449,6,443,19067,NA
82220000000,1677,62385,NA,560,8,552,22839,NA
82220000000,1677,62386,NA,356,10,346,14452,NA
82220000000,1677,62387,NA,439,3,436,18628,NA
82220000000,1677,62388,NA,530,8,522,22415,NA
82220000000,1677,62389,NA,518,7,511,21463,NA
82220000000,1677,62390,NA,521,8,513,22552,NA
82220000000,1677,62391,NA,559,6,553,24338,NA
82220000000,1677,62392,NA,458,5,453,20547,NA
82220000000,1677,62393,NA,391,9,382,16964,NA
82220000000,1677,62394,NA,381,6,375,16385,NA
82220000000,1677,62395,NA,553,8,545,23549,NA
82220000000,1677,62396,NA,505,4,501,22218,NA
82220000000,1677,62397,NA,579,6,573,24765,NA
82220000000,1677,62398,NA,411,3,408,17170,NA
82220000000,1677,62399,NA,361,3,358,15603,NA
82220000000,1677,62400,NA,454,4,450,19510,NA
82220000000,1677,62401,NA,407,4,403,17518,NA
82220000000,1677,62402,NA,547,4,543,24183,NA
82220000000,1677,62403,NA,742,13,729,32385,NA
82220000000,1677,62404,NA,555,16,539,23886,NA
82220000000,1677,62405,NA,610,10,600,26811,NA
82220000000,1677,62406,NA,530,8,522,23180,NA
82220000000,1677,62407,NA,727,11,716,31412,NA
82220000000,1677,62408,NA,298,5,293,12817,NA
82220000000,1677,62409,NA,390,7,383,16623,NA
82220000000,1677,62410,NA,403,12,391,16998,NA
82220000000,1677,62411,NA,566,1,565,25142,NA
82220000000,1677,62412,NA,414,3,411,18046,NA
82220000000,1677,62413,NA,520,9,511,22359,NA
82220000000,1677,62414,NA,637,11,626,27496,NA
82220000000,1677,62415,NA,647,6,641,28844,NA
82220000000,1677,62416,NA,639,2,637,28793,NA
82220000000,1677,62417,NA,500,3,497,21806,NA
82220000000,1677,62418,NA,397,5,392,17859,NA
82220000000,1677,62419,NA,576,11,565,25060,NA
82220000000,1677,62420,NA,537,3,534,23959,NA
82220000000,1677,62421,NA,557,29,528,23385,NA
82220000000,1677,62422,NA,489,15,474,20811,NA
82220000000,1677,62423,NA,592,11,581,25921,NA
82220000000,1677,62424,NA,484,8,476,21231,NA
82220000000,1677,62425,NA,730,10,720,31944,NA
82220000000,1677,62426,NA,475,4,471,20811,NA
82220000000,1677,62427,NA,535,7,528,22984,NA
82220000000,1677,62428,NA,535,6,529,23513,NA
82220000000,1677,62429,NA,678,5,673,28997,NA
82220000000,1677,62430,NA,527,4,523,22877,NA
82220000000,1677,62431,NA,385,7,378,16100,NA
82220000000,1677,62432,NA,440,9,431,18966,NA
82250014014,5330,86911,1547,561,37,524,8903,36.260000000000005
82250014014,5330,86912,1017,424,29,395,7228,41.690000000000005
82250014014,5330,86913,1102,350,12,338,6936,31.76
82250014014,5330,86914,1069,381,23,358,6708,35.64
82250014014,5330,86915,1300,399,33,366,6768,30.69
82250014014,5330,86916,1319,506,36,470,8515,38.36
82250014014,5330,86917,728,483,15,468,7887,66.35
82250014014,5330,86918,421,302,11,291,5576,71.73
82250014014,5330,86919,149,126,9,117,2174,84.56
82250014014,5330,86920,866,574,21,553,10741,66.28
82250014014,5330,86921,806,551,30,521,9014,68.36
82250014014,5330,86922,829,535,41,494,7885,64.54
82250014014,5330,86923,462,320,14,306,5571,69.26
82250014014,5330,86924,902,622,24,598,10973,68.96000000000001
82250014014,5330,86925,1232,593,15,578,10670,48.13
82250014014,5330,86926,213,173,10,163,3077,81.22
82250014014,5330,86927,138,107,2,105,2080,77.54
82250014014,5330,86928,219,171,3,168,3271,78.08
82250014014,5330,86929,75,62,4,58,1133,82.66999999999999
82250014014,5330,86930,110,71,5,66,1211,64.55
82250014014,5330,86931,416,263,8,255,4230,63.220000000000006
82250014014,5330,86932,NA,366,16,350,7265,NA
82250014014,5330,86944,NA,285,9,276,5843,NA
82250014014,5330,86951,NA,389,29,360,7400,NA
82250014014,5330,86952,NA,313,15,298,5918,NA
82250060060,6379,92527,917,425,10,415,5792,46.349999999999994
82250060060,6379,92528,1037,536,12,524,7612,51.690000000000005
82250060060,6379,92529,262,151,4,147,2078,57.63
82250060060,6379,92530,211,115,3,112,1600,54.5
82250060060,6379,92531,100,64,2,62,979,64
82250060060,6379,92532,236,149,5,144,1916,63.14
82250060060,6379,92533,46,40,2,38,602,86.96000000000001
82250060060,6379,92534,346,209,4,205,2904,60.4
82250060060,6379,92535,705,376,15,361,4680,53.33
82250060060,6379,92536,256,147,4,143,1868,57.42
82250060060,6379,92537,NA,649,81,568,7819,NA
82255001032,5809,90052,1194,352,20,332,4667,29.479999999999997
82255001032,5809,90053,999,311,14,297,4652,31.130000000000003
82255001032,5809,90054,1394,477,36,441,6492,34.220000000000006
82255001032,5809,90055,572,293,7,286,4444,51.220000000000006
82255001032,5809,90056,316,154,6,148,2092,48.73
82255001032,5809,90057,238,103,3,100,1542,43.28
82255001032,5809,90058,505,231,12,219,2967,45.74
82255001032,5809,90059,125,60,2,58,828,48
82255001032,5809,90060,NA,823,10,813,13213,NA
82255001032,5809,90061,NA,665,21,644,9641,NA
82255001039,6878,93931,1980,694,22,672,8511,35.05
82255001039,6878,93941,458,238,8,230,2930,51.97
82255001039,6878,93977,NA,719,22,697,8950,NA
82255001109,1593,53437,1112,377,18,359,6613,33.9
82255001109,1593,53441,1111,413,19,394,6913,37.17
82255001109,1593,53438,972,294,0,294,5398,30.25
82255001109,1593,53439,1006,326,17,309,5709,32.41
82255001109,1593,53442,1184,333,23,310,6118,28.130000000000003
82255001109,1593,53440,1163,442,30,412,6602,38.01
82255001109,1593,53443,1058,713,51,662,11184,67.39
82255001109,1593,53444,108,80,5,75,1441,74.07
82255001109,1593,53445,282,193,4,189,3865,68.44000000000001
82255001109,1593,53446,165,147,7,140,2867,89.09
82255001109,1593,53447,178,141,4,137,2845,79.21000000000001
82255001109,1593,53448,248,157,12,145,2936,63.309999999999995
82255001109,1593,53449,740,391,17,374,6322,52.84
82255001109,1593,53450,124,92,2,90,1586,74.19
82255001109,1593,53451,NA,880,29,851,18280,NA
82255001109,1593,53452,NA,690,13,677,14304,NA
82255002033,3755,68877,883,319,15,304,4176,36.1
82255002033,3755,68878,947,368,11,357,5138,38.9
82255002033,3755,68879,1111,402,35,367,4897,36.2
82255002033,3755,68880,599,314,31,283,3423,52.4
82255002033,3755,68881,409,168,6,162,2110,41.1
82255002033,3755,68882,NA,817,29,788,11188,NA
82255002042,1898,55375,1279,526,29,497,5392,41.13
82255002042,1898,55376,413,211,49,162,1701,51.09
82255002042,1898,55377,NA,385,24,361,4019,NA
82255003002,1732,91008,1285,559,26,533,8127,43.5
82255003002,1732,91009,1277,496,33,463,7156,38.84
82255003002,1732,91010,302,148,3,145,2244,49.01
82255003002,1732,91011,745,333,17,316,4669,44.7
82255003002,1732,91012,279,159,11,148,2104,56.99
82255003002,1732,91013,NA,841,21,820,12556,NA
82255003068,4548,68397,1373,601,23,578,5508,43.77
82255003068,4548,68398,118,74,3,71,645,62.71
82255003068,4548,68399,NA,394,7,387,3749,NA
82255003116,5998,56821,1934,514,13,501,6483,26.58
82255003116,5998,56823,484,189,2,187,2378,39.05
82255003116,5998,56822,NA,569,8,561,7401,NA
82255004024,1937,90405,1093,476,37,439,5498,43.55
82255004024,1937,90406,549,271,30,241,2768,49.36
82255004024,1937,90407,622,319,39,280,3334,51.290000000000006
82255004024,1937,90408,NA,506,22,484,5998,NA
82255005058,3790,88914,1524,492,16,476,13317,32.28
82255005058,3790,88915,1421,456,16,440,10940,32.09
82255005058,3790,88928,1340,385,13,372,9821,28.73
82255005058,3790,88916,1471,479,15,464,11588,32.56
82255005058,3790,88929,961,354,10,344,8743,36.84
82255005058,3790,88930,856,295,3,292,7720,34.46
82255005058,3790,88917,1534,607,15,592,14147,39.57
82255005058,3790,88918,465,239,8,231,5627,51.4
82255005058,3790,88919,1106,451,10,441,11995,40.78
82255005058,3790,88920,563,286,18,268,6774,50.8
82255005058,3790,88921,921,331,6,325,8671,35.94
82255005058,3790,88931,1001,358,5,353,9117,35.760000000000005
82255005058,3790,88922,1325,424,11,413,10545,32
82255005058,3790,88932,1420,496,18,478,11607,34.93
82255005058,3790,88933,906,281,6,275,6766,31.02
82255005058,3790,88923,1424,500,11,489,11363,35.11
82255005058,3790,88924,NA,967,7,960,26807,NA
82255005058,3790,88925,NA,879,11,868,24540,NA
82255005058,3790,88926,NA,991,11,980,27245,NA
82255005058,3790,88927,NA,1017,22,995,27130,NA
82255005074,5737,89817,1133,481,23,458,6883,42.45
82255005074,5737,89818,826,267,14,253,3910,32.32
82255005074,5737,89819,1124,386,14,372,5906,34.339999999999996
82255005074,5737,89820,365,181,12,169,2449,49.59
82255005074,5737,89821,647,306,18,288,4344,47.3
82255005074,5737,89822,NA,812,17,795,12581,NA
82255005117,5476,66587,1036,717,35,682,10085,69.21000000000001
82255005117,5476,66588,1922,1195,54,1141,18109,62.17
82255005117,5476,66589,449,322,10,312,4856,71.71000000000001
82255005117,5476,66590,837,603,27,576,7907,72.04
82255005117,5476,66591,546,341,16,325,4958,62.45
82255006010,6363,88190,1089,485,13,472,3641,44.54
82255006010,6363,88191,NA,263,5,258,1909,NA
82255006064,5631,91645,1374,567,13,554,6304,41.27
82255006064,5631,91646,495,220,0,220,2511,44.44
82255006064,5631,91647,NA,530,5,525,5995,NA
82255006118,5538,88659,979,347,23,324,4948,35.44
82255006118,5538,88660,875,339,33,306,4530,38.74
82255006118,5538,88661,939,313,19,294,4433,33.33
82255006118,5538,88662,528,227,8,219,3011,42.99
82255006118,5538,88663,329,155,11,144,2150,47.11
82255006118,5538,88664,333,136,13,123,1826,40.84
82255006118,5538,88665,NA,1171,54,1117,17320,NA
82255007075,5931,91141,1392,494,30,464,6439,35.49
82255007075,5931,91142,1403,541,38,503,7150,38.56
82255007075,5931,91143,1314,426,38,388,4893,32.42
82255007075,5931,91144,686,339,36,303,3274,49.42
82255007075,5931,91145,310,155,5,150,1922,50
82255007075,5931,91146,180,91,4,87,1176,50.56
82255007075,5931,91147,NA,480,15,465,6718,NA
82255007075,5931,91148,NA,454,7,447,6060,NA
82255007082,5854,90198,838,395,15,380,4161,47.14
82255007082,5854,90199,334,210,3,207,2242,62.87
82255007082,5854,90200,394,234,12,222,2385,59.39
82255007082,5854,90201,139,82,2,80,819,58.99
82255007082,5854,90202,NA,309,5,304,3355,NA
82255007114,2605,60556,847,409,20,389,4407,48.290000000000006
82255007114,2605,60557,342,210,7,203,2328,61.4
82255007114,2605,60558,463,259,17,242,2438,55.94
82255007114,2605,60559,332,218,3,215,2620,65.66
82255007114,2605,60560,283,184,4,180,2008,65.02
82255007114,2605,60561,149,108,2,106,1283,72.48
82255007114,2605,60562,NA,365,6,359,4140,NA
82255008009,5194,93083,1023,459,17,442,6942,44.87
82255008009,5194,93084,1460,639,34,605,9765,43.77
82255008009,5194,93275,358,192,4,188,2804,53.63
82255008009,5194,93085,1512,691,48,643,10689,45.7
82255008009,5194,93086,535,222,14,208,3244,41.5
82255008009,5194,93087,NA,926,34,892,15117,NA
82255008115,3674,58451,1238,613,24,589,7786,49.52
82255008115,3674,58454,808,418,21,397,5253,51.73
82255008115,3674,58459,973,507,12,495,6495,52.11
82255008115,3674,58462,232,91,2,89,1153,39.220000000000006
82255008115,3674,58463,NA,555,4,551,7386,NA
82255009001,6793,93722,1463,529,21,508,7711,36.16
82255009001,6793,93723,1365,511,14,497,7883,37.44
82255009001,6793,93724,992,449,16,433,6663,45.260000000000005
82255009001,6793,93725,308,180,5,175,2944,58.44
82255009001,6793,93726,NA,567,11,556,9079,NA
82255009091,2295,58364,717,292,10,282,3473,40.73
82255009091,2295,58369,952,427,10,417,5120,44.849999999999994
82255009091,2295,58365,1085,466,24,442,5115,42.95
82255009091,2295,58366,431,219,16,203,2341,50.809999999999995
82255009091,2295,58367,NA,578,21,557,7030,NA
82260009009,4892,84788,908,369,4,365,6866,40.64
82260009009,4892,84789,1169,496,14,482,9217,42.43
82260009009,4892,84793,1137,446,16,430,8048,39.23
82260009009,4892,84794,1268,429,5,424,8025,33.83
82260009009,4892,84795,1339,573,12,561,10946,42.790000000000006
82260009009,4892,84796,1197,513,12,501,9408,42.86
82260009009,4892,84797,1126,462,3,459,8997,41.03
82260009009,4892,84804,1132,486,6,480,9158,42.93
82260009009,4892,84805,1171,420,6,414,7822,35.87
82260009009,4892,84806,1113,380,11,369,7048,34.14
82260009009,4892,85256,NA,787,4,783,16019,NA
82260009009,4892,85257,NA,784,10,774,15504,NA
82260009009,4892,85258,NA,933,19,914,18541,NA
82260012012,3600,68054,597,275,10,265,5403,46.06
82260012012,3600,68055,740,336,13,323,6780,45.41
82260012012,3600,68056,1019,553,23,530,11080,54.27
82260012012,3600,68057,838,384,7,377,7832,45.82
82260012012,3600,68058,824,341,10,331,6779,41.379999999999995
82260012012,3600,68059,817,395,11,384,7884,48.349999999999994
82260012012,3600,68060,780,361,3,358,7406,46.28
82260012012,3600,68061,678,317,8,309,6387,46.760000000000005
82260012012,3600,68062,826,385,7,378,7642,46.61
82260012012,3600,68063,835,434,15,419,8677,51.98
82260012012,3600,68064,823,353,12,341,6923,42.89
82260012012,3600,68065,865,357,8,349,7108,41.27
82260012012,3600,68066,170,74,4,70,1433,43.53
82260012012,3600,68068,NA,860,5,855,18152,NA
82260012012,3600,68069,NA,877,6,871,18346,NA
82260012012,3600,68070,NA,909,12,897,18530,NA
82260018018,3285,64193,1861,578,25,553,10788,31.06
82260018018,3285,64195,1758,757,25,732,14396,43.06
82260018018,3285,64197,1856,822,26,796,16366,44.290000000000006
82260018018,3285,64199,1901,758,24,734,14727,39.87
82260018018,3285,64200,1908,728,26,702,14147,38.16
82260018018,3285,64202,1927,771,19,752,14857,40.01
82260018018,3285,65959,NA,349,2,347,7019,NA
82260018018,3285,66005,NA,375,3,372,7620,NA
82260018018,3285,66007,NA,367,11,356,7356,NA
82260018018,3285,66009,NA,408,2,406,8408,NA
82260018018,3285,66012,NA,416,5,411,8515,NA
82260018018,3285,66011,NA,378,5,373,7493,NA
82260028028,3215,65178,665,254,6,248,4872,38.2
82260028028,3215,65179,670,252,13,239,4439,37.61
82260028028,3215,65180,710,265,17,248,4705,37.32
82260028028,3215,65181,541,236,16,220,4435,43.620000000000005
82260028028,3215,65182,661,205,9,196,3676,31.01
82260028028,3215,65183,933,369,14,355,6773,39.55
82260028028,3215,65184,920,384,18,366,7077,41.74
82260028028,3215,65185,841,325,14,311,6173,38.64
82260028028,3215,65186,661,271,11,260,4913,41
82260028028,3215,65187,738,309,21,288,5693,41.87
82260028028,3215,65188,767,288,15,273,5255,37.55
82260028028,3215,65189,740,248,15,233,4603,33.51
82260028028,3215,65190,747,300,15,285,5336,40.16
82260028028,3215,65193,NA,560,21,539,10678,NA
82260028028,3215,65194,NA,476,16,460,9266,NA
82260028028,3215,65195,NA,467,15,452,9155,NA
82260028028,3215,65196,NA,570,18,552,11096,NA
82260028028,3215,65197,NA,342,10,332,6705,NA
82260036036,3360,64601,826,312,5,307,4999,37.77
82260036036,3360,64602,686,263,5,258,4254,38.34
82260036036,3360,64603,782,324,11,313,5208,41.43
82260036036,3360,64604,815,367,8,359,5612,45.03
82260036036,3360,64605,793,296,9,287,4739,37.33
82260036036,3360,64606,694,240,9,231,3765,34.58
82260036036,3360,64607,758,283,19,264,4372,37.34
82260036036,3360,64608,855,290,14,276,4411,33.92
82260036036,3360,64609,1016,541,18,523,8707,53.25
82260036036,3360,64610,NA,658,7,651,11144,NA
82260036036,3360,64611,NA,673,9,664,11227,NA
82260036036,3360,64612,NA,572,12,560,9471,NA
82260037037,6899,64527,1256,493,9,484,9638,39.25
82260037037,6899,64528,1273,567,19,548,10844,44.54
82260037037,6899,64529,1341,555,8,547,10859,41.39
82260037037,6899,90244,1090,464,11,453,9043,42.57
82260037037,6899,90245,1163,472,15,457,8912,40.58
82260037037,6899,90246,1482,534,10,524,10366,36.03
82260037037,6899,90247,1344,500,7,493,9777,37.2
82260037037,6899,90248,1270,485,13,472,9371,38.190000000000005
82260037037,6899,90249,NA,751,6,745,15325,NA
82260037037,6899,90250,NA,743,8,735,14902,NA
82260037037,6899,90251,NA,1031,17,1014,20450,NA
82260038038,2495,59636,845,398,13,385,7879,47.1
82260038038,2495,59637,825,338,5,333,6640,40.97
82260038038,2495,59638,828,387,11,376,7486,46.74
82260038038,2495,59639,925,417,8,409,8474,45.08
82260038038,2495,59640,951,474,14,460,9481,49.84
82260038038,2495,59641,715,317,12,305,6038,44.34
82260038038,2495,59642,699,314,11,303,6026,44.92
82260038038,2495,59643,737,335,12,323,6043,45.45
82260038038,2495,59644,912,402,21,381,7479,44.08
82260038038,2495,59645,736,345,12,333,6480,46.879999999999995
82260038038,2495,59646,680,281,4,277,5697,41.32
82260038038,2495,59647,963,417,27,390,7976,43.3
82260038038,2495,59648,NA,689,24,665,13889,NA
82260038038,2495,59649,NA,797,8,789,16309,NA
82260038038,2495,59650,NA,684,9,675,13917,NA
82260038038,2495,59651,NA,472,6,466,9474,NA
82260041041,1708,54297,1574,535,20,515,10289,33.99
82260041041,1708,54298,1240,433,6,427,8768,34.92
82260041041,1708,54299,1380,414,12,402,7429,30
82260041041,1708,54300,1121,291,8,283,5364,25.959999999999997
82260041041,1708,54301,1052,224,3,221,3870,21.29
82260041041,1708,54302,1135,355,8,347,6669,31.28
82260041041,1708,54303,1274,376,9,367,6779,29.51
82260041041,1708,54304,1476,447,14,433,8520,30.28
82260041041,1708,54305,873,380,8,372,7223,43.53
82260041041,1708,54306,938,371,6,365,7245,39.55
82260041041,1708,54307,145,74,0,74,1462,51.03
82260041041,1708,54308,1285,426,10,416,8479,33.15
82260041041,1708,54309,1205,430,9,421,8091,35.68
82260041041,1708,54310,1274,367,8,359,6991,28.81
82260041041,1708,54311,1007,395,8,387,7501,39.23
82260041041,1708,54312,965,346,6,340,6541,35.849999999999994
82260041041,1708,54313,1351,466,12,454,8399,34.49
82260041041,1708,54314,1179,326,8,318,6016,27.65
82260041041,1708,54315,NA,726,11,715,14622,NA
82260041041,1708,54316,NA,697,10,687,13786,NA
82260041041,1708,54317,NA,690,9,681,14037,NA
82260041041,1708,54318,NA,730,7,723,14627,NA
82260041041,1708,54319,NA,711,11,700,14500,NA
82260060060,3894,69052,1099,514,13,501,8322,46.77
82260060060,3894,69053,971,427,11,416,6872,43.98
82260060060,3894,69054,624,297,6,291,4681,47.6
82260060060,3894,69055,853,289,2,287,4440,33.879999999999995
82260060060,3894,69056,749,324,5,319,5012,43.260000000000005
82260060060,3894,69057,900,349,9,340,5769,38.78
82260060060,3894,69058,917,384,22,362,5864,41.879999999999995
82260060060,3894,69059,740,267,14,253,3980,36.08
82260060060,3894,69060,706,247,24,223,3324,34.99
82260060060,3894,69061,1044,460,12,448,7385,44.06
82260060060,3894,69062,133,82,1,81,1291,61.65
82260060060,3894,69063,NA,494,4,490,8248,NA
82260060060,3894,69064,NA,532,1,531,8989,NA
82260060060,3894,69065,NA,553,12,541,9163,NA
82260060060,3894,69066,NA,560,12,548,9117,NA
82260062062,2327,58741,1409,560,25,535,10626,39.74
82260062062,2327,58742,1602,582,30,552,10987,36.33
82260062062,2327,58743,1504,587,26,561,11105,39.03
82260062062,2327,58744,1416,574,15,559,11035,40.54
82260062062,2327,58745,1446,462,24,438,8630,31.95
82260062062,2327,58746,1484,669,20,649,13165,45.08
82260062062,2327,58747,542,272,5,267,5303,50.18
82260062062,2327,58748,NA,340,5,335,6809,NA
82260062062,2327,58749,NA,387,5,382,7945,NA
82260062062,2327,58750,NA,307,7,300,6086,NA
82260062062,2327,58751,NA,411,7,404,8097,NA
82260062062,2327,58752,NA,491,17,474,9449,NA
82260062062,2327,58753,NA,428,14,414,8629,NA
82260063063,5897,90129,925,347,8,339,6576,37.51
82260063063,5897,90130,804,379,17,362,7356,47.14
82260063063,5897,90131,749,348,17,331,6536,46.46
82260063063,5897,90132,716,332,2,330,6404,46.37
82260063063,5897,90133,563,229,3,226,4498,40.67
82260063063,5897,90134,678,241,5,236,4650,35.55
82260063063,5897,90135,518,236,18,218,4401,45.56
82260063063,5897,90136,910,404,10,394,7537,44.4
82260063063,5897,90137,631,249,10,239,4739,39.46
82260063063,5897,90138,887,399,16,383,7320,44.98
82260063063,5897,90139,927,351,14,337,6604,37.86
82260063063,5897,90140,NA,341,5,336,6727,NA
82260063063,5897,90141,NA,325,0,325,6507,NA
82260063063,5897,90142,NA,436,12,424,8763,NA
82260063063,5897,90143,NA,376,0,376,7597,NA
82260063063,5897,90144,NA,436,11,425,8531,NA
82260076076,7124,61379,786,348,26,322,6302,44.27
82260076076,7124,61380,738,281,24,257,4980,38.08
82260076076,7124,61381,837,366,13,353,6587,43.73
82260076076,7124,61382,675,313,14,299,5610,46.37
82260076076,7124,61383,722,317,8,309,6145,43.91
82260076076,7124,61384,667,285,16,269,5274,42.73
82260076076,7124,61385,940,455,11,444,8300,48.4
82260076076,7124,61386,949,394,17,377,7063,41.52
82260076076,7124,61387,718,325,29,296,5695,45.260000000000005
82260076076,7124,61388,720,304,24,280,5299,42.220000000000006
82260076076,7124,61389,684,288,19,269,5030,42.11
82260076076,7124,61390,796,312,14,298,5866,39.2
82260076076,7124,61391,737,369,14,355,6950,50.07
82260076076,7124,61392,519,234,12,222,4360,45.09
82260076076,7124,61393,631,269,20,249,4595,42.63
82260076076,7124,61394,815,498,9,489,9672,61.1
82260076076,7124,61395,NA,617,32,585,11787,NA
82260076076,7124,61396,NA,628,20,608,12242,NA
82260076076,7124,61397,NA,619,23,596,12165,NA
82260076076,7124,61398,NA,608,7,601,12237,NA
82260082082,3056,64264,1037,428,12,416,9555,41.3
82260082082,3056,64265,1091,431,12,419,9521,39.5
82260082082,3056,64266,958,429,23,406,9239,44.8
82260082082,3056,64267,977,428,16,412,9435,43.8
82260082082,3056,64268,1119,410,26,384,8847,36.6
82260082082,3056,64269,1069,410,25,385,8837,38.4
82260082082,3056,64270,1017,429,13,416,9398,42.2
82260082082,3056,64271,1025,436,19,417,9796,42.5
82260082082,3056,64272,934,374,12,362,8209,40
82260082082,3056,64273,499,189,12,177,4064,37.9
82260082082,3056,64274,518,192,5,187,4253,37.1
82260082082,3056,64275,881,339,12,327,6803,38.5
82260082082,3056,64276,650,252,17,235,4542,38.8
82260082082,3056,64277,129,76,6,70,1584,58.9
82260082082,3056,64278,NA,724,16,708,16499,NA
82260082082,3056,64279,NA,597,12,585,13774,NA
82260082082,3056,64280,NA,717,13,704,16679,NA
82260082082,3056,64281,NA,696,24,672,15833,NA
82260082082,3056,64282,NA,562,7,555,12463,NA
82260082082,3056,64283,NA,452,15,437,9218,NA
82260084084,2094,56124,1104,386,16,370,8482,34.96
82260084084,2094,56125,980,358,15,343,7684,36.53
82260084084,2094,56126,950,363,15,348,8242,38.21
82260084084,2094,56127,850,292,10,282,6425,34.349999999999994
82260084084,2094,56128,941,390,16,374,8463,41.45
82260084084,2094,56129,907,385,23,362,8282,42.45
82260084084,2094,56130,1045,365,19,346,7974,34.93
82260084084,2094,56131,936,301,14,287,6539,32.160000000000004
82260084084,2094,56132,1076,325,19,306,6857,30.2
82260084084,2094,56133,921,294,17,277,6289,31.92
82260084084,2094,56134,961,444,21,423,9878,46.2
82260084084,2094,56135,942,354,25,329,7552,37.58
82260084084,2094,56136,1171,401,15,386,9186,34.24
82260084084,2094,56137,1280,522,16,506,11602,40.78
82260084084,2094,56138,1264,507,40,467,11049,40.11
82260084084,2094,56139,1259,474,16,458,10670,37.65
82260084084,2094,56141,NA,664,9,655,15528,NA
82260084084,2094,56142,NA,652,14,638,15239,NA
82260084084,2094,56143,NA,650,17,633,15374,NA
82260084084,2094,56144,NA,669,26,643,15721,NA
82260084084,2094,56145,NA,670,6,664,16009,NA
82260095095,1597,53454,1709,805,27,778,15508,47.1
82260095095,1597,53455,1691,816,30,786,15392,48.260000000000005
82260095095,1597,53456,2434,950,49,901,17576,39.03
82260095095,1597,85514,3047,1066,44,1022,20532,34.99
82260095095,1597,53458,3145,1298,51,1247,25333,41.27
82260095095,1597,53462,NA,633,13,620,12787,NA
82260095095,1597,53463,NA,359,6,353,7359,NA
82260095095,1597,53464,NA,467,11,456,9424,NA
82260095095,1597,53465,NA,642,7,635,12846,NA
82260095095,1597,53466,NA,349,5,344,7175,NA
82260096096,2292,89236,618,238,13,225,6213,38.51
82260096096,2292,89237,593,235,14,221,6169,39.63
82260096096,2292,89238,898,362,12,350,9920,40.309999999999995
82260096096,2292,89239,614,227,16,211,5939,36.97
82260096096,2292,89240,926,309,18,291,8078,33.37
82260096096,2292,89241,434,138,11,127,3396,31.8
82260096096,2292,89242,787,311,18,293,8323,39.52
82260096096,2292,89243,639,253,18,235,6797,39.59
82260096096,2292,89244,853,322,20,302,8369,37.75
82260096096,2292,89245,640,290,16,274,7998,45.309999999999995
82260096096,2292,89246,601,167,8,159,4599,27.79
82260096096,2292,89247,614,223,7,216,6048,36.32
82260096096,2292,89248,628,228,22,206,5251,36.309999999999995
82260096096,2292,89249,1044,453,50,403,11116,43.39
82260096096,2292,89250,571,174,9,165,4291,30.47
82260096096,2292,89251,537,163,23,140,3034,30.35
82260096096,2292,89252,543,138,12,126,3042,25.41
82260096096,2292,89253,593,227,9,218,5847,38.28
82260096096,2292,89254,590,215,17,198,5005,36.44
82260096096,2292,89255,651,211,15,196,5400,32.41
82260096096,2292,89256,625,234,14,220,5929,37.44
82260096096,2292,89257,832,236,14,222,5692,28.37
82260096096,2292,89258,708,258,18,240,6539,36.44
82260096096,2292,89259,919,303,26,277,7341,32.97
82260096096,2292,89260,490,152,12,140,3856,31.02
82260096096,2292,89261,888,295,40,255,6592,33.220000000000006
82260096096,2292,89262,767,219,13,206,5545,28.55
82260096096,2292,89263,768,351,28,323,8973,45.7
82260096096,2292,89264,580,204,10,194,5157,35.17
82260096096,2292,89265,540,203,20,183,5041,37.59
82260096096,2292,89266,776,296,24,272,7784,38.14
82260096096,2292,89267,856,406,15,391,10987,47.43
82260096096,2292,89268,538,263,12,251,7022,48.879999999999995
82260096096,2292,89269,668,303,26,277,7516,45.36
82260096096,2292,89270,683,266,15,251,6680,38.95
82260096096,2292,89271,651,277,13,264,6538,42.55
82260096096,2292,89272,611,258,13,245,5882,42.23
82260096096,2292,89273,812,313,22,291,7406,38.55
82260096096,2292,89274,957,351,25,326,8162,36.68
82260096096,2292,89275,716,279,25,254,6146,38.97
82260096096,2292,89276,650,283,23,260,6130,43.54
82260096096,2292,89277,784,339,31,308,7854,43.24
82260096096,2292,89278,722,297,20,277,6143,41.14
82260096096,2292,89279,710,347,34,313,7430,48.87
82260096096,2292,89280,355,132,10,122,2776,37.18
82260096096,2292,89281,477,225,27,198,4870,47.17
82260096096,2292,89282,433,204,22,182,4410,47.11
82260096096,2292,89283,266,149,7,142,3514,56.02
82260096096,2292,89284,1028,504,25,479,12404,49.03
82260096096,2292,89285,511,221,18,203,4939,43.25
82260096096,2292,89286,613,281,12,269,7124,45.84
82260096096,2292,89287,NA,597,23,574,16839,NA
82260096096,2292,89288,NA,451,22,429,12742,NA
82260096096,2292,89289,NA,690,24,666,19593,NA
82260096096,2292,89290,NA,620,19,601,17418,NA
82260096096,2292,89291,NA,540,14,526,14465,NA
82260096096,2292,89292,NA,566,11,555,15963,NA
82260096096,2292,89293,NA,498,15,483,14047,NA
82260096096,2292,89294,NA,492,17,475,14257,NA
82260096096,2292,89295,NA,580,18,562,14858,NA
82260096096,2292,89296,NA,624,21,603,16684,NA
82260096096,2292,89297,NA,686,25,661,17612,NA
82260096096,2292,89298,NA,451,28,423,10599,NA
82260096096,2292,89299,NA,510,15,495,12423,NA
82260096096,2292,89300,NA,580,25,555,14523,NA
82260103103,4515,82650,2771,1020,14,1006,20491,36.809999999999995
82260103103,4515,82651,2928,1129,21,1108,22136,38.56
82260103103,4515,82652,2395,959,19,940,18761,40.04
82260103103,4515,82653,2636,977,22,955,18974,37.06
82260103103,4515,82656,NA,735,11,724,14750,NA
82260103103,4515,82657,NA,785,8,777,15955,NA
82260103103,4515,82658,NA,746,8,738,15162,NA
82260103103,4515,82659,NA,653,6,647,13262,NA
82260105105,2031,55866,1270,397,27,370,7131,31.26
82260105105,2031,55867,1287,496,14,482,9548,38.54
82260105105,2031,55868,1777,675,22,653,13157,37.99
82260105105,2031,55869,1164,488,24,464,9437,41.92
82260105105,2031,55870,1334,503,16,487,9402,37.71
82260105105,2031,55871,1631,623,15,608,12219,38.2
82260105105,2031,55872,1185,463,25,438,8642,39.07
82260105105,2031,55873,1112,459,9,450,8804,41.28
82260105105,2031,55875,NA,574,12,562,11336,NA
82260105105,2031,55876,NA,555,12,543,11051,NA
82260105105,2031,55877,NA,465,11,454,9248,NA
82260105105,2031,55878,NA,556,9,547,11101,NA
82260105105,2031,55879,NA,519,4,515,10507,NA
82260105105,2031,55880,NA,502,13,489,9969,NA
82260107107,4461,82615,841,386,12,374,6475,45.9
82260107107,4461,82616,924,433,20,413,6994,46.86
82260107107,4461,82617,747,287,9,278,4654,38.42
82260107107,4461,82618,742,345,14,331,5611,46.5
82260107107,4461,82619,832,366,12,354,6011,43.99
82260107107,4461,82620,835,406,8,398,6664,48.620000000000005
82260107107,4461,82621,677,278,13,265,4483,41.06
82260107107,4461,82622,733,321,6,315,5341,43.790000000000006
82260107107,4461,82623,703,329,9,320,5578,46.8
82260107107,4461,82624,749,333,4,329,5603,44.46
82260107107,4461,82625,NA,725,24,701,11899,NA
82260107107,4461,82626,NA,767,15,752,12948,NA
82260107107,4461,82627,NA,538,5,533,9030,NA
82265001013,3601,67645,1099,377,16,361,6608,34.3
82265001013,3601,67646,1029,336,25,311,5567,32.65
82265001013,3601,67647,766,260,10,250,4761,33.94
82265001013,3601,67648,829,295,7,288,5667,35.59
82265001013,3601,67649,955,311,8,303,5990,32.57
82265001013,3601,67650,815,293,6,287,5596,35.949999999999996
82265001013,3601,67651,683,211,10,201,3725,30.89
82265001013,3601,67652,800,281,12,269,5355,35.13
82265001013,3601,67653,1342,465,17,448,8940,34.65
82265001013,3601,67654,1138,409,9,400,7878,35.94
82265001013,3601,67659,279,83,3,80,1391,29.75
82265001013,3601,67655,178,78,2,76,1540,43.82
82265001013,3601,67656,502,185,11,174,3156,36.849999999999994
82265001013,3601,67657,541,214,9,205,3726,39.56
82265001013,3601,67658,290,152,4,148,2740,52.41
82265001013,3601,67660,NA,975,16,959,19512,NA
82265001013,3601,67661,NA,796,16,780,15826,NA
82265001013,3601,67662,NA,998,13,985,20335,NA
82265001081,5876,90291,1197,530,9,521,5936,44.28
82265001081,5876,90292,1179,489,8,481,5308,41.48
82265001081,5876,90293,NA,605,11,594,6764,NA
82265002020,7212,94476,2128,954,27,927,10576,44.83
82265002020,7212,94478,NA,483,4,479,5596,NA
82265002048,3323,65709,854,402,8,394,5204,47.07
82265002048,3323,65710,1142,644,8,636,8435,56.39
82265002048,3323,65711,1231,612,5,607,8002,49.720000000000006
82265002048,3323,65712,NA,678,6,672,9050,NA
82265002049,2586,60447,1733,651,30,621,7932,37.56
82265002049,2586,60448,1454,530,21,509,6403,36.45
82265002049,2586,60449,920,400,23,377,4332,43.48
82265002049,2586,60450,NA,1310,31,1279,16443,NA
82265002104,6937,94007,987,467,38,429,5508,47.32
82265002104,6937,94503,940,485,23,462,5820,51.6
82265002104,6937,94505,NA,405,8,397,5206,NA
82265003031,4884,87213,1184,530,31,499,9790,44.760000000000005
82265003031,4884,87214,1128,444,9,435,8714,39.36
82265003031,4884,87215,1336,559,21,538,10783,41.84
82265003031,4884,87216,1068,400,25,375,7004,37.45
82265003031,4884,87217,1220,436,26,410,7936,35.74
82265003031,4884,87218,1066,537,24,513,10000,50.379999999999995
82265003031,4884,87219,1032,435,25,410,7491,42.15
82265003031,4884,87220,1319,516,24,492,9787,39.120000000000005
82265003031,4884,87222,NA,1018,26,992,20257,NA
82265003031,4884,87223,NA,1005,32,973,19382,NA
82265003040,1591,91044,1201,554,22,532,8658,46.13
82265003040,1591,91045,1423,691,35,656,10491,48.56
82265003040,1591,91046,1265,649,18,631,10439,51.3
82265003040,1591,91047,1260,604,23,581,9302,47.94
82265003040,1591,91048,NA,273,9,264,4468,NA
82265003040,1591,91049,NA,328,14,314,5431,NA
82265003040,1591,91050,NA,317,5,312,5297,NA
82265003040,1591,91051,NA,248,5,243,4075,NA
82265004003,3647,67941,831,413,16,397,6531,49.7
82265004003,3647,67942,758,283,16,267,4456,37.34
82265004003,3647,67943,823,328,15,313,5065,39.849999999999994
82265004003,3647,67944,819,336,11,325,5260,41.03
82265004003,3647,67945,805,294,21,273,4471,36.52
82265004003,3647,67946,821,385,12,373,6094,46.89
82265004003,3647,67947,NA,427,6,421,7023,NA
82265004003,3647,67948,NA,356,4,352,6117,NA
82265004003,3647,67949,NA,352,2,350,5924,NA
82265004032,5973,90860,1310,474,18,456,8734,36.18
82265004032,5973,90861,1999,817,35,782,15351,40.87
82265004032,5973,90862,2186,795,55,740,14132,36.37
82265004032,5973,90863,2273,862,47,815,15945,37.92
82265004032,5973,90864,2094,811,53,758,14657,38.73
82265004032,5973,90865,2136,749,43,706,13623,35.07
82265004032,5973,90866,2140,878,35,843,16570,41.03
82265004032,5973,90867,2119,975,38,937,18644,46.01
82265004032,5973,90868,NA,639,12,627,12826,NA
82265004032,5973,90869,NA,716,18,698,13965,NA
82265004032,5973,90870,NA,614,16,598,12145,NA
82265004032,5973,90871,NA,709,22,687,13983,NA
82265004032,5973,90872,NA,615,8,607,12046,NA
82265004059,5989,90978,839,354,11,343,5726,42.190000000000005
82265004059,5989,90979,716,294,9,285,4743,41.06
82265004059,5989,90980,929,474,18,456,7615,51.02
82265004059,5989,90981,818,353,9,344,5763,43.15
82265004059,5989,90982,940,409,12,397,6631,43.51
82265004059,5989,90983,1050,418,6,412,6842,39.809999999999995
82265004059,5989,90984,NA,257,5,252,4352,NA
82265004059,5989,90985,NA,317,2,315,5416,NA
82265004059,5989,90986,NA,412,4,408,7078,NA
82265004068,3400,59108,1645,660,14,646,10699,40.120000000000005
82265004068,3400,59109,1084,476,24,452,7562,43.91
82265004068,3400,59110,1123,469,17,452,7375,41.760000000000005
82265004068,3400,59111,1050,485,15,470,7826,46.190000000000005
82265004068,3400,59112,1331,651,13,638,10659,48.91
82265004068,3400,59114,NA,370,6,364,6056,NA
82265004068,3400,59115,NA,270,6,264,4465,NA
82265004068,3400,59116,NA,263,4,259,4285,NA
82265004068,3400,59117,NA,249,5,244,4153,NA
82265004068,3400,59118,NA,333,2,331,5638,NA
82265005006,5238,86763,947,442,7,435,7382,46.67
82265005006,5238,86765,981,448,4,444,7171,45.67
82265005006,5238,86767,688,303,5,298,4995,44.04
82265005006,5238,93348,775,327,13,314,5302,42.190000000000005
82265005006,5238,93349,722,328,11,317,5298,45.43
82265005006,5238,86774,789,342,6,336,5784,43.349999999999994
82265005006,5238,86796,NA,467,13,454,7850,NA
82265005006,5238,86798,NA,368,2,366,6294,NA
82265005006,5238,86800,NA,408,7,401,7068,NA
82265005056,3461,66872,563,232,14,218,3955,41.21
82265005056,3461,66873,1099,495,23,472,9175,45.04
82265005056,3461,66874,954,437,14,423,8008,45.809999999999995
82265005056,3461,66875,1212,577,27,550,10662,47.61
82265005056,3461,66876,1351,548,43,505,9540,40.56
82265005056,3461,66877,772,326,22,304,5893,42.23
82265005056,3461,66878,1026,467,28,439,8259,45.52
82265005056,3461,66879,807,366,22,344,6132,45.349999999999994
82265005056,3461,66880,849,419,30,389,6496,49.349999999999994
82265005056,3461,66881,911,393,42,351,5280,43.14
82265005056,3461,66882,1006,505,33,472,7639,50.2
82265005056,3461,66883,NA,757,23,734,14291,NA
82265005056,3461,66884,NA,796,21,775,15246,NA
82265005056,3461,66885,NA,745,25,720,11945,NA
82265005097,5692,61036,1448,712,26,686,7935,49.17
82265005097,5692,61037,1031,527,9,518,6033,51.120000000000005
82265005097,5692,61038,NA,560,5,555,6457,NA
82265006046,3663,89895,1412,583,13,570,7615,41.290000000000006
82265006046,3663,89896,1396,572,14,558,7418,40.97
82265006046,3663,89897,NA,887,12,875,11752,NA
82265006054,5700,89678,979,364,20,344,4681,37.18
82265006054,5700,89679,822,309,17,292,3956,37.59
82265006054,5700,89680,959,410,28,382,5348,42.75
82265006054,5700,89681,1020,385,23,362,4923,37.75
82265006054,5700,89682,1064,526,60,466,6426,49.44
82265006054,5700,89683,1008,491,58,433,6061,48.71
82265006054,5700,89684,990,450,39,411,4908,45.45
82265006054,5700,89685,NA,991,29,962,13689,NA
82265006054,5700,89686,NA,767,54,713,9858,NA
82265006065,2490,59667,959,365,20,345,5236,38.06
82265006065,2490,59668,1175,443,30,413,6200,37.7
82265006065,2490,59669,1088,426,32,394,6020,39.15
82265006065,2490,59670,1109,444,35,409,6147,40.04
82265006065,2490,59671,725,354,24,330,4545,48.83
82265006065,2490,59672,835,358,38,320,4900,42.87
82265006065,2490,59673,824,325,62,263,3736,39.44
82265006065,2490,59674,NA,732,26,706,11145,NA
82265006065,2490,59675,NA,803,52,751,11510,NA
82265008085,4116,72660,1194,588,43,545,13828,49.25
82265008085,4116,72661,1017,608,30,578,15324,59.78
82265008085,4116,72662,1034,566,50,516,14066,54.74
82265008085,4116,72663,1029,549,27,522,14116,53.349999999999994
82265008085,4116,72664,1299,706,45,661,17394,54.349999999999994
82265008085,4116,72665,1329,490,35,455,11471,36.87
82265008085,4116,72666,1114,549,25,524,13635,49.28
82265008085,4116,72667,1370,606,22,584,14886,44.23
82265008085,4116,72668,507,345,14,331,7759,68.05
82265008085,4116,72669,871,535,39,496,11850,61.42
82265008085,4116,72670,923,654,34,620,15197,70.86
82265008085,4116,72671,468,337,11,326,7708,72.01
82265008085,4116,72672,937,567,41,526,11855,60.51
82265008085,4116,72673,867,575,32,543,12575,66.32
82265008085,4116,72674,260,201,14,187,4733,77.31
82265008085,4116,72675,1001,633,40,593,14054,63.24
82265008085,4116,72676,873,523,36,487,12169,59.91
82265008085,4116,72677,1319,817,67,750,16769,61.94
82265008085,4116,72678,1275,758,49,709,16724,59.45
82265008085,4116,72679,968,527,27,500,11474,54.44
82265008085,4116,72680,864,531,44,487,11396,61.46
82265008085,4116,72681,791,524,19,505,12523,66.25
82265008085,4116,72682,879,534,23,511,13085,60.75
82265008085,4116,72683,1201,590,37,553,13399,49.13
82265008085,4116,72684,1174,755,25,730,19036,64.31
82265008085,4116,72685,684,456,44,412,9129,66.66999999999999
82265008085,4116,72691,684,469,38,431,9062,68.57
82265008085,4116,72686,744,477,26,451,10917,64.11
82265008085,4116,72687,874,526,25,501,11981,60.18
82265008101,5410,88211,1800,914,17,897,8593,50.78
82265008101,5410,88212,NA,389,3,386,3679,NA
82265009017,5972,90859,1966,1393,37,1356,15396,70.85
82265009055,5825,90113,1054,348,13,335,4000,33.02
82265009055,5825,90114,1246,449,24,425,5057,36.04
82265009055,5825,90115,453,194,7,187,2123,42.83
82265009055,5825,90116,449,234,11,223,2559,52.120000000000005
82265009055,5825,90117,NA,737,7,730,9326,NA
82265009066,7356,94651,1719,1219,24,1195,13544,70.91000000000001
82265009091,3624,67531,1122,417,25,392,4985,37.17
82265009091,3624,67532,1079,462,20,442,5583,42.82
82265009091,3624,67533,1024,398,7,391,4945,38.87
82265009091,3624,67534,1026,385,40,345,3798,37.52
82265009091,3624,67536,NA,1044,39,1005,12751,NA
82265009106,5040,62853,895,416,10,406,5131,46.48
82265009106,5040,62854,890,394,25,369,4524,44.27
82265009106,5040,62855,451,216,10,206,2383,47.89
82265009106,5040,62856,835,393,37,356,4375,47.07
82265009106,5040,62857,NA,587,28,559,6961,NA
82265010010,1760,54499,1417,588,30,558,8927,41.5
82265010010,1760,54500,1496,588,28,560,8810,39.3
82265010010,1760,54501,1573,754,21,733,11730,47.93
82265010010,1760,54502,886,392,20,372,5959,44.24
82265010010,1760,54503,822,344,12,332,5382,41.849999999999994
82265010010,1760,54504,891,460,13,447,7037,51.63
82265010010,1760,54505,NA,618,13,605,9894,NA
82265010010,1760,54506,NA,1152,25,1127,18559,NA
82265010098,2797,61636,1606,575,20,555,12534,35.8
82265010098,2797,61637,1886,625,25,600,13867,33.14
82265010098,2797,61638,1696,693,25,668,15415,40.86
82265010098,2797,61639,1620,525,20,505,11721,32.41
82265010098,2797,61640,1768,828,18,810,18919,46.83
82265010098,2797,61641,1477,532,28,504,11141,36.02
82265010098,2797,61642,1650,589,30,559,12639,35.7
82265010098,2797,61643,1741,628,28,600,13666,36.07
82265010098,2797,61644,1322,547,23,524,11644,41.379999999999995
82265010098,2797,61645,1002,384,18,366,7932,38.32
82265010098,2797,61646,1211,520,35,485,10818,42.94
82265010098,2797,61647,1268,596,19,577,12975,47
82265010098,2797,61648,1638,702,32,670,15283,42.86
82265010098,2797,61649,NA,712,23,689,16031,NA
82265010098,2797,61650,NA,777,16,761,18487,NA
82265010098,2797,61655,NA,685,9,676,15853,NA
82265010098,2797,61652,NA,636,14,622,14698,NA
82265010098,2797,61653,NA,247,5,242,5538,NA
82265010098,2797,61654,NA,251,7,244,5767,NA
82265010098,2797,61651,NA,285,6,279,6041,NA
82265010098,2797,83787,NA,537,12,525,12243,NA
82310000000,3311,66887,1068,175,3,172,5797,16.4
82310000000,3311,66888,1189,218,9,209,7198,18.3
82310000000,3311,66889,1232,188,4,184,6488,15.3
82310000000,3311,66890,1195,242,8,234,7425,20.3
82310000000,3311,66891,1218,213,5,208,6929,17.5
82310000000,3311,66892,1117,203,8,195,6679,18.2
82310000000,3311,66893,1498,256,10,246,8493,17.1
82310000000,3311,66894,1250,231,6,225,7726,18.5
82310000000,3311,66895,1179,222,5,217,7757,18.8
82310000000,3311,66896,877,194,10,184,6506,22.1
82310000000,3311,66898,895,150,8,142,4960,16.8
82310000000,3311,66900,985,225,4,221,7842,22.8
82310000000,3311,66901,979,315,3,312,10888,32.2
82310000000,3311,66903,1050,374,9,365,12715,35.6
82310000000,3311,66905,1054,343,9,334,12264,32.5
82310000000,3311,66906,994,227,5,222,8236,22.8
82310000000,3311,66908,1115,366,10,356,12618,32.8
82310000000,3311,66910,974,326,5,321,11955,33.5
82310000000,3311,66912,1092,413,7,406,15142,37.8
82310000000,3311,66913,1248,225,8,217,7575,18
82310000000,3311,66914,1331,251,6,245,8573,18.9
82310000000,3311,66916,1013,307,3,304,10579,30.3
82310000000,3311,66917,1062,370,3,367,13674,34.8
82310000000,3311,66919,1074,385,7,378,13688,35.8
82310000000,3311,66921,910,291,7,284,10509,32
82310000000,3311,66922,1014,320,9,311,10749,31.6
82310000000,3311,66924,867,315,2,313,11240,36.3
82310000000,3311,66926,958,349,8,341,11377,36.4
82310000000,3311,66927,724,197,11,186,6463,27.2
82310000000,3311,66929,815,319,10,309,10638,39.1
82310000000,3311,66930,893,335,7,328,11387,37.5
82310000000,3311,66932,922,330,9,321,11228,35.8
82310000000,3311,66934,523,192,9,183,6473,36.7
82310000000,3311,66935,812,361,10,351,11842,44.5
82310000000,3311,66960,894,312,1,311,11096,34.9
82310000000,3311,66961,927,371,5,366,12971,40
82310000000,3311,66963,1055,338,9,329,11153,32
82310000000,3311,66964,1066,382,6,376,13328,35.8
82310000000,3311,66966,1098,311,1,310,11106,28.3
82310000000,3311,66968,1261,354,5,349,13116,28.1
82310000000,3311,66970,1169,313,8,305,10443,26.8
82310000000,3311,66972,1167,289,5,284,9954,24.8
82310000000,3311,66973,1228,246,6,240,7988,20
82310000000,3311,66974,907,126,9,117,3948,13.9
82310000000,3311,66976,1127,198,7,191,6726,17.6
82310000000,3311,66984,1153,239,4,235,8373,20.7
82310000000,3311,66985,1243,337,10,327,11428,27.1
82310000000,3311,66987,1403,259,14,245,8744,18.5
82310000000,3311,66988,1232,322,10,312,11007,26.1
82310000000,3311,66997,1466,483,7,476,17057,32.9
82310000000,3311,66998,1360,365,9,356,12609,26.8
82310000000,3311,66996,1246,303,10,293,10052,24.3
82310000000,3311,66995,1014,266,3,263,8972,26.2
82310000000,3311,66994,667,179,8,171,6003,26.8
82310000000,3311,66993,1085,254,10,244,8021,23.4
82310000000,3311,66990,892,250,3,247,9040,28
82310000000,3311,66989,790,287,12,275,9845,36.3
82310000000,3311,66986,953,287,2,285,9556,30.1
82310000000,3311,66983,1058,381,9,372,13233,36
82310000000,3311,66981,814,344,11,333,11851,42.3
82310000000,3311,66975,1285,487,11,476,17892,37.9
82310000000,3311,66971,773,230,2,228,8430,29.8
82310000000,3311,66969,828,280,11,269,9470,33.8
82310000000,3311,66967,1051,273,7,266,9260,26
82310000000,3311,66965,845,278,5,273,9856,32.9
82310000000,3311,66962,683,231,9,222,7750,33.8
82310000000,3311,66959,739,283,13,270,9796,38.3
82310000000,3311,66958,761,245,5,240,8331,32.2
82310000000,3311,66957,659,233,3,230,7817,35.4
82310000000,3311,66951,702,260,7,253,9118,37
82310000000,3311,66939,942,407,10,397,14045,43.2
82310000000,3311,66938,709,301,4,297,10804,42.5
82310000000,3311,66937,700,224,5,219,7830,32
82310000000,3311,66936,888,273,6,267,9731,30.7
82310000000,3311,66933,1048,360,11,349,12504,34.4
82310000000,3311,66931,959,346,4,342,12550,36.1
82310000000,3311,66928,927,276,9,267,9817,29.8
82310000000,3311,66925,855,310,2,308,10924,36.3
82310000000,3311,66923,848,322,14,308,11300,38
82310000000,3311,66918,848,271,7,264,9033,32
82310000000,3311,66915,932,282,6,276,10044,30.3
82310000000,3311,66911,1011,335,12,323,11923,33.1
82310000000,3311,66909,967,377,12,365,12738,39
82310000000,3311,66907,961,323,9,314,10765,33.6
82310000000,3311,66904,1056,314,8,306,10475,29.7
82310000000,3311,66902,1043,356,17,339,11623,34.1
82310000000,3311,66899,1158,330,14,316,10973,28.5
82310000000,3311,66897,922,305,5,300,10486,33.1
82310000000,3311,66886,1042,425,6,419,14956,40.8
82310000000,3311,68826,NA,216,11,205,7536,NA
82310000000,3311,68827,NA,439,6,433,15885,NA
82310000000,3311,68828,NA,358,10,348,12985,NA
82310000000,3311,68837,NA,456,9,447,16404,NA
82310000000,3311,68841,NA,505,3,502,19003,NA
82310000000,3311,68842,NA,456,2,454,17154,NA
82310000000,3311,68843,NA,483,5,478,18102,NA
82310000000,3311,68844,NA,536,11,525,19494,NA
82310000000,3311,68845,NA,407,2,405,15331,NA
82310000000,3311,68846,NA,622,9,613,21832,NA
82310000000,3311,68847,NA,652,4,648,23707,NA
82310000000,3311,68848,NA,539,13,526,19265,NA
82310000000,3311,68849,NA,542,11,531,19798,NA
82310000000,3311,68850,NA,553,6,547,20338,NA
82310000000,3311,68851,NA,531,11,520,19012,NA
82310000000,3311,68852,NA,568,11,557,20215,NA
82310000000,3311,68858,NA,649,17,632,23064,NA
82310000000,3311,68859,NA,707,17,690,24465,NA
82310000000,3311,68860,NA,690,11,679,24894,NA
82310000000,3311,68861,NA,696,11,685,25223,NA
82310000000,3311,68862,NA,381,3,378,13853,NA
82310000000,3311,68863,NA,388,5,383,14036,NA
82310000000,3311,68864,NA,398,25,373,13483,NA
82310000000,3311,68865,NA,332,4,328,12131,NA
82310000000,3311,68866,NA,350,1,349,13091,NA
82310000000,3311,68867,NA,316,4,312,11653,NA
82310000000,3311,68868,NA,457,14,443,16486,NA
82310000000,3311,68869,NA,508,3,505,17985,NA
82310000000,3311,68870,NA,430,6,424,15328,NA
82310000000,3311,68871,NA,410,5,405,14851,NA
82310000000,3311,91750,NA,437,8,429,15879,NA
82350065065,4986,85200,1005,339,8,331,5254,33.730000000000004
82350065065,4986,85201,1055,337,18,319,5153,31.94
82350065065,4986,85202,992,355,13,342,5465,35.790000000000006
82350065065,4986,85203,819,358,12,346,5189,43.71
82350065065,4986,85204,1065,462,17,445,6886,43.379999999999995
82350065065,4986,85205,451,195,2,193,3023,43.24
82350065065,4986,85206,685,309,11,298,4755,45.11
82350065065,4986,85207,NA,575,8,567,9617,NA
82350065065,4986,85208,NA,740,14,726,11801,NA
82350080080,4146,75197,903,285,15,270,4815,31.56
82350080080,4146,75198,828,284,10,274,5060,34.3
82350080080,4146,75199,1091,465,21,444,8387,42.620000000000005
82350080080,4146,75200,499,225,11,214,3903,45.09
82350080080,4146,75201,1685,686,18,668,12333,40.71
82350080080,4146,75202,1594,523,30,493,9372,32.809999999999995
82350080080,4146,75203,1427,542,16,526,9952,37.98
82350080080,4146,75204,NA,661,19,642,12575,NA
82350080080,4146,75205,NA,591,10,581,11162,NA
82350080080,4146,77647,NA,945,14,931,18282,NA
82355001006,4697,83891,1430,435,30,405,6776,30.42
82355001006,4697,83892,1024,320,9,311,5242,31.25
82355001006,4697,83893,1412,644,26,618,10824,45.61
82355001006,4697,83894,154,90,2,88,1527,58.44
82355001006,4697,83895,385,139,6,133,1990,36.1
82355001006,4697,83896,151,72,2,70,1073,47.68
82355001006,4697,83897,151,96,0,96,1771,63.58
82355001006,4697,83898,1064,463,16,447,7487,43.52
82355001006,4697,83899,480,255,5,250,4171,53.13
82355001006,4697,83900,1254,562,36,526,7634,44.82
82355001006,4697,83901,870,355,20,335,5472,40.8
82355001006,4697,83902,NA,696,19,677,11350,NA
82355001006,4697,83903,NA,619,10,609,11707,NA
82355001022,2528,58139,1651,770,5,765,5630,46.6
82355001022,2528,58140,NA,386,0,386,2854,NA
82355002007,4350,81876,1278,507,7,500,8046,39.67
82355002007,4350,81877,1171,410,8,402,6406,35.01
82355002007,4350,81878,1271,466,7,459,7618,36.66
82355002007,4350,81879,1457,550,11,539,8913,37.75
82355002007,4350,81880,1101,500,4,496,8224,45.41
82355002007,4350,81881,NA,1133,12,1121,18769,NA
82355002007,4350,81882,NA,705,9,696,11530,NA
82355002029,3673,67034,1460,634,13,621,8069,43.42
82355002029,3673,67035,1435,642,24,618,7989,44.74
82355002029,3673,67036,NA,346,7,339,4497,NA
82355002029,3673,67037,NA,368,5,363,4742,NA
82355002067,3986,85641,1184,500,12,488,5441,42.23
82355002067,3986,85642,1000,469,13,456,5230,46.9
82355002067,3986,85643,NA,575,14,561,6468,NA
82355003018,7352,85162,1985,679,20,659,7303,34.21
82355003018,7352,85163,NA,496,7,489,5474,NA
82355003033,4639,83529,2223,762,36,726,8224,34.28
82355003033,4639,83530,1614,435,18,417,4561,26.95
82355003033,4639,83531,975,307,18,289,2761,31.49
82355003033,4639,83532,872,306,20,286,3260,35.09
82355003033,4639,83533,732,251,16,235,2611,34.290000000000006
82355003033,4639,83534,NA,1541,103,1438,16778,NA
82355004008,4521,82974,2747,798,29,769,11659,29.05
82355004008,4521,82975,445,177,4,173,2804,39.78
82355004008,4521,82976,469,245,5,240,3809,52.24
82355004008,4521,82977,1038,425,20,405,6055,40.94
82355004008,4521,82978,1458,598,6,592,9374,41.02
82355004008,4521,82979,904,367,5,362,5621,40.6
82355004008,4521,82980,610,226,4,222,3329,37.05
82355004008,4521,82981,NA,927,5,922,14856,NA
82355004008,4521,82982,NA,912,10,902,14792,NA
82355004073,4904,84849,1282,449,34,415,4460,35.02
82355004073,4904,84850,600,254,26,228,2468,42.33
82355004073,4904,84851,NA,382,24,358,4063,NA
82355005047,2297,58315,1654,688,29,659,10581,41.6
82355005047,2297,58316,747,395,7,388,6212,52.879999999999995
82355005047,2297,58317,995,427,9,418,6618,42.91
82355005047,2297,58318,268,130,2,128,2021,48.51
82355005047,2297,58319,829,408,23,385,6015,49.220000000000006
82355005047,2297,58320,NA,513,5,508,8172,NA
82355005047,2297,58321,NA,472,10,462,7367,NA
82355005050,4869,84990,500,211,4,207,2365,42.2
82355005050,4869,84991,341,171,4,167,1859,50.15
82355005050,4869,84992,346,157,6,151,1663,45.379999999999995
82355005050,4869,84993,555,290,9,281,3168,52.25
82355005050,4869,84994,249,98,1,97,1128,39.36
82355005050,4869,84995,466,211,4,207,2297,45.28
82355005050,4869,84996,152,87,3,84,952,57.24
82355005050,4869,84997,NA,609,13,596,6868,NA
82355005084,3484,67025,394,140,5,135,1688,35.53
82355005084,3484,67026,690,315,4,311,4031,45.65
82355005084,3484,67027,379,191,3,188,2409,50.4
82355005084,3484,67028,725,379,13,366,4880,52.28
82355005084,3484,67029,128,54,1,53,676,42.190000000000005
82355005084,3484,67030,150,82,2,80,1070,54.67
82355005084,3484,67031,118,62,0,62,843,52.54
82355005084,3484,67032,NA,245,0,245,3226,NA
82355005084,3484,67033,NA,243,2,241,3226,NA
82355006055,4985,85003,647,325,11,314,3594,50.2
82355006055,4985,85004,815,390,12,378,4313,47.9
82355006055,4985,85005,709,349,12,337,3900,49.2
82355006055,4985,85006,326,166,1,165,1917,50.9
82355006055,4985,85007,NA,536,3,533,6205,NA
82355006085,2280,64704,1361,425,18,407,8712,31.23
82355006085,2280,64705,981,227,8,219,4553,23.14
82355006085,2280,64706,1579,519,10,509,11376,32.87
82355006085,2280,64707,856,353,10,343,8102,41.24
82355006085,2280,64708,1313,454,11,443,9617,34.58
82355006085,2280,64709,1060,288,8,280,6100,27.17
82355006085,2280,64710,1286,469,18,451,10052,36.47
82355006085,2280,64711,765,296,7,289,6407,38.690000000000005
82355006085,2280,64712,977,389,3,386,8617,39.82
82355006085,2280,64713,1233,524,15,509,11769,42.5
82355006085,2280,64714,933,432,19,413,9464,46.3
82355006085,2280,64715,792,292,5,287,6183,36.87
82355006085,2280,64716,863,278,4,274,5988,32.21
82355006085,2280,64717,618,301,6,295,6357,48.71
82355006085,2280,64718,1260,578,20,558,13064,45.87
82355006085,2280,64719,1455,577,20,557,13013,39.66
82355006085,2280,64720,1078,399,11,388,8786,37.01
82355006085,2280,64721,NA,674,21,653,15600,NA
82355006085,2280,64722,NA,703,8,695,16548,NA
82355006085,2280,64723,NA,713,15,698,16596,NA
82355006085,2280,64724,NA,717,11,706,16871,NA
82355006085,2280,64728,NA,609,11,598,14445,NA
82355007020,3680,82882,1174,366,22,344,4149,31.18
82355007020,3680,82883,1277,395,21,374,4358,30.93
82355007020,3680,82884,850,367,36,331,3552,43.18
82355007020,3680,55544,516,303,18,285,2962,58.720000000000006
82355007020,3680,82886,172,110,4,106,1159,63.95
82355007020,3680,82887,NA,391,4,387,4872,NA
82355007020,3680,55547,NA,272,15,257,2926,NA
82355007032,4132,80096,1392,615,33,582,9133,44.18
82355007032,4132,80097,1385,890,23,867,13458,64.26
82355007032,4132,80098,659,439,41,398,5413,66.61999999999999
82355007032,4132,80099,922,515,27,488,6962,55.86
82355007032,4132,80100,219,161,8,153,2037,73.52
82355007046,4478,85050,740,261,2,259,5455,35.27
82355007046,4478,85051,494,168,3,165,3721,34.01
82355007046,4478,85052,893,308,8,300,6713,34.49
82355007046,4478,85053,900,240,7,233,5119,26.67
82355007046,4478,85054,755,244,6,238,5239,32.32
82355007046,4478,85055,1063,324,10,314,6946,30.479999999999997
82355007046,4478,85056,1040,352,9,343,7623,33.849999999999994
82355007046,4478,85057,896,282,9,273,6128,31.47
82355007046,4478,85058,731,213,3,210,4206,29.14
82355007046,4478,85059,891,268,12,256,5208,30.08
82355007046,4478,85060,701,251,10,241,5295,35.809999999999995
82355007046,4478,85061,505,194,3,191,4326,38.42
82355007046,4478,85062,660,246,10,236,4615,37.27
82355007046,4478,85063,1078,372,9,363,7722,34.51
82355007046,4478,85064,563,247,9,238,5206,43.87
82355007046,4478,85065,469,234,7,227,4973,49.89
82355007046,4478,85066,637,301,10,291,5964,47.25
82355007046,4478,85067,347,240,7,233,5122,69.16
82355007046,4478,85068,687,298,8,290,6110,43.379999999999995
82355007046,4478,85069,626,261,12,249,5392,41.690000000000005
82355007046,4478,85070,526,228,2,226,5095,43.349999999999994
82355007046,4478,85071,621,310,5,305,6953,49.92
82355007046,4478,85091,601,289,7,282,6192,48.09
82355007046,4478,85072,516,255,2,253,5195,49.42
82355007046,4478,85073,740,296,11,285,5989,40
82355007046,4478,85074,NA,425,8,417,9369,NA
82355007046,4478,85075,NA,412,15,397,9092,NA
82355007046,4478,85076,NA,357,5,352,8302,NA
82355007046,4478,85077,NA,395,3,392,9196,NA
82355007046,4478,85078,NA,341,3,338,7310,NA
82355007046,4478,85092,NA,359,9,350,8362,NA
82355007046,4478,85093,NA,300,8,292,6679,NA
82355007046,4478,85094,NA,412,9,403,9610,NA
82355007046,4478,85095,NA,458,10,448,10745,NA
82355008079,4776,84197,1414,362,19,343,5462,25.6
82355008079,4776,84198,1288,337,19,318,5069,26.16
82355008079,4776,84199,1295,341,21,320,5098,26.33
82355008079,4776,84200,680,255,9,246,4038,37.5
82355008079,4776,84201,341,138,5,133,2155,40.47
82355008079,4776,84202,1041,306,15,291,4857,29.39
82355008079,4776,84203,1049,362,23,339,5631,34.51
82355008079,4776,84204,1115,349,13,336,5766,31.3
82355008079,4776,84205,NA,1031,22,1009,18029,NA
82355008079,4776,84206,NA,639,10,629,11235,NA
82360004004,5501,85391,874,333,12,321,6434,38.1
82360004004,5501,85392,799,275,6,269,5317,34.42
82360004004,5501,85393,1037,410,7,403,7829,39.54
82360004004,5501,85394,918,339,8,331,6786,36.93
82360004004,5501,85395,716,244,12,232,4464,34.08
82360004004,5501,85396,739,243,11,232,4659,32.879999999999995
82360004004,5501,85397,1007,382,15,367,7210,37.93
82360004004,5501,85398,1099,465,14,451,9004,42.309999999999995
82360004004,5501,85400,1082,436,13,423,8279,40.3
82360004004,5501,85407,NA,1018,11,1007,20575,NA
82360004004,5501,85409,NA,971,15,956,19638,NA
82360028028,1652,53683,1793,574,13,561,8903,32.01
82360028028,1652,53684,1662,578,8,570,8930,34.78
82360028028,1652,53685,1918,697,12,685,11146,36.34
82360028028,1652,53686,782,303,3,300,4776,38.75
82360028028,1652,53687,NA,669,7,662,11262,NA
82360028028,1652,53688,NA,624,8,616,10237,NA
82360028028,1652,53689,NA,426,1,425,7128,NA
82360030030,3079,56689,1265,427,20,407,6716,33.75
82360030030,3079,56690,1259,527,8,519,8673,41.86
82360030030,3079,56691,1090,351,11,340,5585,32.2
82360030030,3079,56692,1085,388,28,360,5714,35.760000000000005
82360030030,3079,56693,NA,1214,13,1201,20488,NA
82360033033,2375,58994,2244,844,10,834,13737,37.61
82360033033,2375,58995,2359,770,23,747,12246,32.64
82360033033,2375,58996,399,206,7,199,3271,51.63
82360033033,2375,58997,1308,549,21,528,8560,41.97
82360033033,2375,58998,NA,1562,8,1554,26194,NA
82360046046,4261,81482,951,259,11,248,4993,27.23
82360046046,4261,81483,941,279,11,268,5444,29.65
82360046046,4261,81484,1161,300,16,284,5342,25.84
82360046046,4261,81485,1158,320,12,308,5954,27.630000000000003
82360046046,4261,81486,1020,315,9,306,6027,30.88
82360046046,4261,81487,1357,367,15,352,6469,27.04
82360046046,4261,81488,899,305,8,297,5905,33.93
82360046046,4261,81489,787,239,5,234,4792,30.37
82360046046,4261,81490,1152,273,8,265,5311,23.7
82360046046,4261,81491,NA,1106,13,1093,22450,NA
82360046046,4261,81492,NA,1326,9,1317,26966,NA
82360070070,2739,61460,1391,576,17,559,9285,41.41
82360070070,2739,61461,1718,606,12,594,9867,35.27
82360070070,2739,61462,971,391,9,382,6530,40.27
82360070070,2739,61484,1080,499,13,486,8264,46.2
82360070070,2739,61463,1078,470,8,462,7791,43.6
82360070070,2739,61464,765,325,7,318,5305,42.48
82360070070,2739,61465,306,167,1,166,2746,54.58
82360070070,2739,61466,NA,666,7,659,11215,NA
82360070070,2739,61467,NA,697,11,686,11635,NA
82360070070,2739,61485,NA,569,6,563,9682,NA
82360071071,6816,80260,2226,830,35,795,15738,37.290000000000006
82360071071,6816,80261,1911,817,36,781,15270,42.75
82360071071,6816,80262,1379,548,21,527,10354,39.74
82360071071,6816,80263,1673,667,28,639,12690,39.87
82360071071,6816,80264,1888,734,30,704,13717,38.879999999999995
82360071071,6816,80265,451,204,5,199,3865,45.23
82360071071,6816,80266,NA,908,10,898,18369,NA
82360071071,6816,80267,NA,868,12,856,17622,NA
82360071071,6816,80268,NA,808,13,795,16383,NA
82360072072,1704,59011,1484,554,20,534,8560,37.33
82360072072,1704,59013,705,352,13,339,5596,49.93
82360072072,1704,59015,1344,487,3,484,8012,36.24
82360072072,1704,59017,1118,402,16,386,6152,35.96
82360072072,1704,59019,1045,361,11,350,5583,34.55
82360072072,1704,59021,1007,344,10,334,5478,34.160000000000004
82360072072,1704,59023,1118,428,11,417,6767,38.28
82360072072,1704,59025,1250,440,28,412,6711,35.2
82360072072,1704,59028,NA,780,16,764,12786,NA
82360072072,1704,59030,NA,825,19,806,13545,NA
82360072072,1704,59032,NA,835,8,827,14078,NA
82365001019,6651,93317,1693,715,18,697,9319,42.23
82365001019,6651,93318,1593,600,25,575,7717,37.66
82365001019,6651,93319,NA,386,4,382,4991,NA
82365001019,6651,93320,NA,360,2,358,4706,NA
82365001025,4092,84173,4034,1427,34,1393,18526,35.37
82365001025,4092,84174,NA,398,5,393,5324,NA
82365001025,4092,84175,NA,402,4,398,5335,NA
82365001025,4092,84176,NA,394,10,384,5154,NA
82365001065,6364,91998,2837,964,13,951,15548,33.98
82365001065,6364,92000,886,336,7,329,5325,37.92
82365001065,6364,92001,806,355,3,352,5545,44.04
82365001065,6364,92002,877,319,5,314,5092,36.37
82365001065,6364,92003,NA,393,2,391,6661,NA
82365001065,6364,92004,NA,637,2,635,10621,NA
82365001065,6364,92005,NA,758,6,752,12640,NA
82365001067,5902,90736,1218,513,8,505,5778,42.120000000000005
82365001067,5902,90737,996,479,12,467,5276,48.09
82365001067,5902,90738,NA,603,10,593,6745,NA
82365001068,7005,94071,1767,761,12,749,8446,43.07
82365001068,7005,94069,660,284,1,283,3127,43.03
82365001068,7005,94072,NA,645,6,639,7320,NA
82365002011,4153,89631,2038,620,19,601,7810,30.42
82365002011,4153,89632,1775,623,27,596,7675,35.1
82365002011,4153,89633,NA,1078,66,1012,13651,NA
82365002074,6249,92278,1363,510,17,493,8261,37.42
82365002074,6249,92279,1706,633,25,608,10138,37.1
82365002074,6249,92280,2002,753,14,739,12344,37.61
82365002074,6249,92281,NA,958,8,950,16405,NA
82365002074,6249,92282,NA,615,8,607,10312,NA
82365002076,5969,90836,1548,511,15,496,8126,33.01
82365002076,5969,90837,1353,449,21,428,6728,33.190000000000005
82365002076,5969,90838,1406,506,30,476,7542,35.99
82365002076,5969,90839,1407,495,8,487,7806,35.18
82365002076,5969,90840,1767,489,8,481,7817,27.67
82365002076,5969,90841,1134,414,16,398,6498,36.51
82365002076,5969,90842,NA,1338,12,1326,22022,NA
82365002076,5969,90843,NA,1022,18,1004,16520,NA
82365003038,5694,89646,999,345,2,343,5723,34.53
82365003038,5694,89647,706,217,6,211,3525,30.74
82365003038,5694,89648,1279,487,12,475,7912,38.08
82365003038,5694,89649,576,256,11,245,4117,44.44
82365003038,5694,89650,1246,589,14,575,9617,47.27
82365003038,5694,89651,NA,1296,8,1288,22137,NA
82365003061,6936,93999,1431,578,12,566,6491,40.39
82365003061,6936,94003,727,328,5,323,3721,45.120000000000005
82365003061,6936,94006,NA,618,2,616,7236,NA
82365004040,3044,90409,1357,485,21,464,10279,35.74
82365004040,3044,90410,775,247,8,239,5388,31.87
82365004040,3044,90411,1442,420,7,413,9335,29.130000000000003
82365004040,3044,90412,1643,504,20,484,11082,30.68
82365004040,3044,90413,822,268,15,253,5806,32.6
82365004040,3044,90414,941,200,7,193,4131,21.25
82365004040,3044,90415,1474,499,23,476,11006,33.849999999999994
82365004040,3044,90416,1035,371,9,362,8325,35.849999999999994
82365004040,3044,90417,985,361,16,345,8063,36.65
82365004040,3044,90418,1197,408,21,387,8583,34.09
82365004040,3044,90419,1077,380,15,365,8020,35.28
82365004040,3044,90420,1614,550,26,524,11713,34.08
82365004040,3044,90421,1310,599,18,581,13557,45.73
82365004040,3044,90422,821,369,13,356,7811,44.95
82365004040,3044,90423,1082,491,14,477,10801,45.379999999999995
82365004040,3044,90424,1531,627,20,607,14053,40.95
82365004040,3044,90425,NA,804,16,788,18801,NA
82365004040,3044,90426,NA,589,11,578,13795,NA
82365004040,3044,90427,NA,963,19,944,22767,NA
82365004040,3044,90428,NA,723,12,711,17006,NA
82365004040,3044,90429,NA,751,12,739,17312,NA
82365004050,2932,62871,2025,842,18,824,11052,41.58
82365004050,2932,62872,1766,764,23,741,9975,43.260000000000005
82365004050,2932,62873,NA,869,12,857,11522,NA
82365005013,2679,88581,1395,542,27,515,6484,38.849999999999994
82365005013,2679,88582,1421,513,13,500,6289,36.1
82365005013,2679,88583,762,307,13,294,3643,40.290000000000006
82365005013,2679,88584,NA,945,4,941,12337,NA
82365005043,2368,58956,1820,404,19,385,6022,22.2
82365005043,2368,58957,1008,282,6,276,4402,27.979999999999997
82365005043,2368,58958,1039,413,15,398,6356,39.75
82365005043,2368,58959,743,264,4,260,4222,35.53
82365005043,2368,58960,646,228,10,218,3385,35.290000000000006
82365005043,2368,58961,581,238,4,234,3602,40.96
82365005043,2368,58962,629,278,15,263,3804,44.2
82365005043,2368,58963,NA,711,13,698,11790,NA
82365005043,2368,58964,NA,682,6,676,10861,NA
82365006031,5893,90360,1205,496,12,484,5465,41.16
82365006031,5893,90361,1173,444,13,431,4887,37.849999999999994
82365006031,5893,90362,NA,371,5,366,4250,NA
82365006031,5893,90363,NA,378,6,372,4327,NA
82365006073,3298,65485,842,335,12,323,4226,39.790000000000006
82365006073,3298,65486,855,358,6,352,4768,41.87
82365006073,3298,65487,877,282,15,267,3529,32.160000000000004
82365006073,3298,65488,898,371,12,359,4743,41.309999999999995
82365006073,3298,65489,864,362,17,345,4501,41.9
82365006073,3298,65490,988,445,39,406,4721,45.04
82365006073,3298,65491,NA,603,7,596,8142,NA
82365006073,3298,65575,NA,636,22,614,7997,NA
82365006075,5480,88534,1334,585,9,576,6546,43.849999999999994
82365006075,5480,88535,1413,593,25,568,6406,41.97
82365006075,5480,88536,NA,651,7,644,7338,NA
82365007044,6467,92804,776,314,10,304,4290,40.46
82365007044,6467,92805,685,268,14,254,3770,39.120000000000005
82365007044,6467,92806,833,401,19,382,5599,48.14
82365007044,6467,92807,1238,480,31,449,6511,38.77
82365007044,6467,92808,722,347,7,340,4671,48.06
82365007044,6467,92809,NA,653,27,626,9429,NA
82365007044,6467,92810,NA,455,20,435,6386,NA
82365007062,2378,58999,1261,565,10,555,7286,44.809999999999995
82365007062,2378,59000,843,396,6,390,5191,46.98
82365007062,2378,59001,1261,568,10,558,7180,45.04
82365007062,2378,59002,970,424,18,406,5344,43.71
82365007062,2378,59003,NA,529,7,522,6958,NA
82365007062,2378,59004,NA,516,6,510,6813,NA
82370004004,6668,93492,1321,461,11,450,8758,34.9
82370004004,6668,93493,1298,417,17,400,7679,32.13
82370004004,6668,93494,1733,658,13,645,12303,37.97
82370004004,6668,93495,1671,682,3,679,13330,40.809999999999995
82370004004,6668,93496,1087,526,4,522,10535,48.39
82370004004,6668,93497,624,233,4,229,4470,37.34
82370004004,6668,93498,271,91,2,89,1500,33.58
82370004004,6668,93499,1961,1143,37,1106,21611,58.290000000000006
82370004004,6668,93500,604,430,5,425,8068,71.19
82370004004,6668,93501,571,370,4,366,6720,64.8
82370004004,6668,93502,530,291,9,282,5141,54.91
82370004004,6668,93503,258,137,0,137,2750,53.1
82370004004,6668,93504,NA,936,13,923,18627,NA
82370004004,6668,93505,NA,686,5,681,13766,NA
82370045045,4164,80132,1245,485,22,463,6834,38.96
82370045045,4164,80133,592,233,14,219,3442,39.36
82370045045,4164,80134,1004,417,21,396,5958,41.53
82370045045,4164,80135,498,284,15,269,4015,57.03
82370045045,4164,80136,304,169,5,164,2253,55.59
82370045045,4164,80137,351,191,13,178,2620,54.42
82370045045,4164,80138,205,116,2,114,1827,56.59
82370045045,4164,80139,872,415,14,401,6130,47.59
82370045045,4164,80140,734,388,14,374,5896,52.86
82370045045,4164,80141,348,181,2,179,2644,52.01
82370045045,4164,80142,NA,1246,11,1235,19439,NA
82375001019,6365,92458,1185,439,26,413,5846,37.05
82375001019,6365,92459,1226,477,11,466,6563,38.91
82375001019,6365,92460,1288,528,11,517,7483,40.99
82375001019,6365,92461,1190,446,14,432,6081,37.48
82375001019,6365,92462,1485,576,18,558,7413,38.790000000000006
82375001019,6365,92463,NA,1250,26,1224,18028,NA
82375001030,5783,90001,1626,782,53,729,9294,48.09
82375001030,5783,90002,217,146,9,137,1691,67.28
82375001030,5783,90003,188,104,5,99,1165,55.32
82375001030,5783,90004,NA,281,8,273,3493,NA
82375001061,4057,89531,1145,529,26,503,5451,46.2
82375001061,4057,89532,560,335,28,307,3025,59.82
82375001061,4057,89533,353,224,8,216,2286,63.46
82375001061,4057,89534,NA,335,13,322,3586,NA
82375001074,5755,89886,1261,566,38,528,6946,44.89
82375001074,5755,89887,1481,969,89,880,13526,65.43
82375001074,5755,89888,851,559,18,541,8172,65.69
82375001074,5755,89889,578,397,8,389,5299,68.69
82375001074,5755,89890,768,452,8,444,6500,58.849999999999994
82375002028,2767,61139,1048,496,15,481,10388,47.33
82375002028,2767,61140,1168,556,13,543,11599,47.6
82375002028,2767,61141,945,452,10,442,9575,47.83
82375002028,2767,61142,1068,641,19,622,13975,60.02
82375002028,2767,61122,1398,727,14,713,15462,52
82375002028,2767,61144,1158,500,11,489,10374,43.18
82375002028,2767,61123,1035,551,17,534,11732,53.24
82375002028,2767,61124,1341,691,13,678,15109,51.53
82375002028,2767,61125,941,495,20,475,10449,52.6
82375002028,2767,61126,1181,514,12,502,10894,43.52
82375002028,2767,61149,1142,488,7,481,10451,42.73
82375002028,2767,61127,1003,588,14,574,12385,58.620000000000005
82375002028,2767,61596,811,526,12,514,11391,64.86
82375002028,2767,61128,791,477,11,466,9863,60.3
82375002028,2767,61129,225,145,3,142,3072,64.44000000000001
82375002028,2767,61130,735,451,15,436,9652,61.36
82375002028,2767,61131,596,320,3,317,6622,53.690000000000005
82375002028,2767,61132,854,513,6,507,10539,60.07
82375002028,2767,61593,830,464,9,455,9324,55.9
82375002075,5379,87970,1000,470,18,452,4364,47
82375002075,5379,87971,700,317,4,313,3019,45.290000000000006
82375002075,5379,87972,NA,452,6,446,4288,NA
82375003024,2507,59840,1336,538,34,504,6533,40.27
82375003024,2507,59841,1460,638,30,608,8022,43.7
82375003024,2507,59842,541,265,5,260,3182,48.98
82375003024,2507,59843,NA,670,21,649,8647,NA
82375003027,5765,91973,972,370,33,337,4005,38.07
82375003027,5765,91974,890,419,25,394,4566,47.08
82375003027,5765,91975,727,336,12,324,3615,46.220000000000006
82375003027,5765,91976,619,299,22,277,3001,48.3
82375003027,5765,91977,713,324,31,293,3232,45.44
82375003027,5765,91978,751,331,34,297,3379,44.07
82375003027,5765,91979,NA,995,57,938,11150,NA
82375003040,3721,68348,947,312,9,303,6936,32.949999999999996
82375003040,3721,68349,1109,359,11,348,7867,32.37
82375003040,3721,68350,1113,384,9,375,8302,34.5
82375003040,3721,68351,1184,420,8,412,8446,35.47
82375003040,3721,68352,672,323,11,312,6564,48.07
82375003040,3721,68353,1356,530,14,516,10265,39.09
82375003040,3721,68354,790,368,20,348,6942,46.58
82375003040,3721,68355,994,302,15,287,5849,30.38
82375003040,3721,68356,762,322,6,316,6819,42.260000000000005
82375003040,3721,68357,583,297,8,289,5595,50.94
82375003040,3721,68358,456,243,7,236,5184,53.290000000000006
82375003040,3721,68359,1295,535,16,519,11224,41.309999999999995
82375003040,3721,68360,288,152,5,147,3108,52.78
82375003040,3721,68361,349,187,4,183,3766,53.58
82375003040,3721,68362,619,301,8,293,5823,48.63
82375003040,3721,68363,358,149,3,146,3135,41.620000000000005
82375003040,3721,68364,281,131,5,126,2694,46.620000000000005
82375003040,3721,68365,790,323,12,311,6489,40.89
82375003040,3721,68366,778,302,9,293,5927,38.82
82375003040,3721,68367,997,406,10,396,8397,40.720000000000006
82375003040,3721,68368,1093,498,19,479,10219,45.56
82375003040,3721,68369,1070,443,22,421,8823,41.4
82375003040,3721,68370,1086,493,10,483,9911,45.4
82375003040,3721,68371,914,331,8,323,6643,36.21
82375003040,3721,68372,NA,510,8,502,11505,NA
82375003040,3721,68373,NA,730,10,720,15205,NA
82375003040,3721,68374,NA,739,12,727,15759,NA
82375003040,3721,68375,NA,707,12,695,15218,NA
82375003040,3721,68376,NA,574,7,567,12560,NA
82375003040,3721,68378,NA,811,15,796,17045,NA
82375005054,4894,84837,1045,377,20,357,5856,36.08
82375005054,4894,84838,771,324,17,307,4832,42.02
82375005054,4894,84839,554,240,6,234,3797,43.32
82375005054,4894,84840,906,391,13,378,5911,43.16
82375005054,4894,84841,765,384,17,367,5736,50.2
82375005054,4894,84842,391,202,10,192,3279,51.66
82375005054,4894,84843,186,91,2,89,1432,48.92
82375005054,4894,84844,594,281,9,272,4182,47.309999999999995
82375005054,4894,84845,205,106,2,104,1713,51.71
82375005054,4894,84846,NA,564,5,559,9242,NA
82375005054,4894,84847,NA,391,4,387,6351,NA
83110000000,1959,56146,976,316,8,308,13914,32.4
83110000000,1959,56147,1054,418,8,410,18683,39.7
83110000000,1959,56148,1032,377,11,366,16495,36.5
83110000000,1959,56149,1796,744,12,732,33312,41.4
83110000000,1959,56150,1225,460,15,445,20563,37.6
83110000000,1959,56151,1796,620,20,600,27113,34.5
83110000000,1959,56152,1726,616,20,596,27086,35.7
83110000000,1959,56153,769,331,6,325,14814,43
83110000000,1959,56154,1551,727,20,707,31844,46.9
83110000000,1959,56155,1184,527,6,521,23866,44.5
83110000000,1959,56156,916,508,10,498,22789,55.5
83110000000,1959,56157,1368,636,25,611,27729,46.5
83110000000,1959,56158,1044,415,11,404,18235,39.8
83110000000,1959,56159,1016,455,8,447,20328,44.8
83110000000,1959,56160,1284,651,12,639,29226,50.7
83110000000,1959,56161,1484,688,12,676,30593,46.4
83110000000,1959,56162,1036,398,14,384,16682,38.4
83110000000,1959,56163,1522,575,12,563,24228,37.8
83110000000,1959,56164,1245,559,16,543,24553,44.9
83110000000,1959,56165,1504,712,9,703,31894,47.3
83110000000,1959,56166,996,332,7,325,13944,33.3
83110000000,1959,56167,796,369,10,359,16048,46.4
83110000000,1959,56168,1126,429,10,419,17986,38.1
83110000000,1959,56169,1253,495,18,477,20666,39.5
83110000000,1959,56170,1389,444,13,431,18871,32
83110000000,1959,56171,924,343,13,330,14992,37.1
83110000000,1959,56172,1679,575,12,563,25651,34.2
83110000000,1959,56173,1205,446,16,430,19040,37
83110000000,1959,56174,1790,680,13,667,28524,38
83110000000,1959,56175,1603,599,23,576,24970,37.4
83110000000,1959,56176,1338,475,14,461,19950,35.5
83110000000,1959,56177,942,411,7,404,17076,43.6
83110000000,1959,56178,1588,822,11,811,37303,51.8
83110000000,1959,56179,1181,534,7,527,23859,45.2
83110000000,1959,56180,828,419,7,412,18559,50.6
83110000000,1959,56181,972,412,10,402,18287,42.4
83110000000,1959,56182,1000,441,12,429,19396,44.1
83110000000,1959,56183,978,498,12,486,21546,50.9
83110000000,1959,56184,1617,743,22,721,32861,45.9
83110000000,1959,56185,1190,589,9,580,26378,49.5
83110000000,1959,56186,1344,567,15,552,25314,42.2
83110000000,1959,56187,1106,562,10,552,24931,50.8
83110000000,1959,56188,1260,657,20,637,28616,52.1
83110000000,1959,56189,973,483,10,473,20979,49.6
83110000000,1959,56190,1181,569,10,559,25069,48.2
83110000000,1959,56191,1645,764,11,753,34685,46.4
83110000000,1959,56192,1413,661,11,650,29007,46.8
83110000000,1959,56193,1156,539,11,528,24117,46.6
83110000000,1959,56194,1205,520,21,499,23100,43.2
83110000000,1959,56195,846,400,5,395,17844,47.3
83110000000,1959,56196,1253,661,11,650,29471,52.8
83110000000,1959,56197,1373,711,14,697,32160,51.8
83110000000,1959,56198,940,489,6,483,22350,52
83110000000,1959,56199,928,509,10,499,22714,54.8
83110000000,1959,56200,873,385,7,378,17652,44.1
83110000000,1959,56201,984,557,15,542,25204,56.6
83110000000,1959,56202,1012,586,11,575,26485,57.9
83110000000,1959,56203,862,448,11,437,20220,52
83110000000,1959,56204,1662,727,15,712,32378,43.7
83110000000,1959,56205,1545,669,12,657,30232,43.3
83110000000,1959,56206,1008,512,9,503,23262,50.8
83110000000,1959,56207,1308,635,19,616,28234,48.5
83110000000,1959,56208,1100,481,5,476,21802,43.7
83110000000,1959,56209,1193,549,11,538,24471,46
83110000000,1959,56210,1305,567,11,556,25513,43.4
83110000000,1959,56211,921,322,9,313,13655,35
83110000000,1959,56212,1562,761,10,751,34051,48.7
83110000000,1959,56213,1544,645,11,634,28263,41.8
83110000000,1959,56214,1564,614,20,594,26575,39.3
83110000000,1959,56215,1122,443,13,430,18844,39.5
83110000000,1959,56216,966,433,6,427,19355,44.8
83110000000,1959,56217,1421,603,19,584,26223,42.4
83110000000,1959,56218,910,393,6,387,17651,43.2
83110000000,1959,56219,1571,664,18,646,29569,42.3
83110000000,1959,56220,1566,673,19,654,29666,43
83110000000,1959,56221,1205,344,16,328,14276,28.5
83110000000,1959,56222,1824,727,19,708,30539,39.9
83110000000,1959,56223,1352,654,17,637,27787,48.4
83110000000,1959,56224,1214,508,17,491,21403,41.8
83110000000,1959,56225,1108,396,8,388,16831,35.7
83110000000,1959,56226,1407,460,9,451,20147,32.7
83110000000,1959,56227,1554,570,7,563,25009,36.7
83110000000,1959,56228,2168,906,18,888,41029,41.8
83110000000,1959,56229,1204,357,12,345,14622,29.7
83110000000,1959,56230,1286,448,12,436,19445,34.8
83110000000,1959,56231,1140,431,10,421,18352,37.8
83110000000,1959,56232,1332,438,7,431,19054,32.9
83110000000,1959,56233,1614,672,11,661,29517,41.6
83110000000,1959,56234,1245,421,13,408,17631,33.8
83110000000,1959,56235,1684,469,21,448,18212,27.9
83110000000,1959,56236,998,419,13,406,16937,42
83110000000,1959,56237,1014,335,10,325,13767,33
83110000000,1959,56238,1159,343,17,326,13906,29.6
83110000000,1959,56239,937,479,13,466,20408,51.1
83110000000,1959,56240,1006,471,7,464,20240,46.8
83110000000,1959,56241,1000,505,13,492,20712,50.5
83110000000,1959,56242,729,352,18,334,14325,48.3
83110000000,1959,56243,2398,912,26,886,39610,38
83110000000,1959,56244,1237,478,7,471,20373,38.6
83110000000,1959,56245,1399,500,12,488,21435,35.7
83110000000,1959,56246,842,335,9,326,14630,39.8
83110000000,1959,56247,1531,397,9,388,16756,25.9
83110000000,1959,56248,927,295,4,291,12959,31.8
83110000000,1959,56249,1702,587,7,580,25044,34.5
83110000000,1959,56250,1406,670,15,655,28984,47.7
83110000000,1959,56251,1049,401,9,392,17498,38.2
83110000000,1959,56252,1710,650,14,636,28136,38
83110000000,1959,56253,1256,353,6,347,15407,28.1
83110000000,1959,56254,1111,506,14,492,21451,45.5
83110000000,1959,56255,1630,768,14,754,33222,47.1
83110000000,1959,56256,1738,830,17,813,35734,47.8
83110000000,1959,56257,1103,520,9,511,23011,47.1
83110000000,1959,56258,1173,552,20,532,23525,47.1
83110000000,1959,56259,997,410,9,401,18069,41.1
83110000000,1959,56260,757,435,6,429,19131,57.5
83110000000,1959,56261,1204,583,19,564,25615,48.4
83110000000,1959,56262,1244,594,19,575,24634,47.7
83110000000,1959,56263,1587,691,19,672,28569,43.5
83110000000,1959,56264,620,264,7,257,11148,42.6
83110000000,1959,56265,1417,687,17,670,28758,48.5
83110000000,1959,56266,1209,490,15,475,20352,40.5
83110000000,1959,56267,1091,518,17,501,21751,47.5
83110000000,1959,56268,1065,476,21,455,19621,44.7
83110000000,1959,56269,1859,679,23,656,29181,36.5
83110000000,1959,56270,1022,358,14,344,13755,35
83110000000,1959,56271,1455,394,10,384,15032,27.1
83110000000,1959,56272,1949,569,10,559,23434,29.2
83110000000,1959,56273,962,236,11,225,7917,24.5
83110000000,1959,56274,1740,727,16,711,30738,41.8
83110000000,1959,56275,1017,510,5,505,23039,50.1
83110000000,1959,56276,1145,578,10,568,25776,50.5
83110000000,1959,56277,1263,664,13,651,29731,52.6
83110000000,1959,56278,967,458,15,443,19720,47.4
83110000000,1959,56279,950,428,8,420,18564,45.1
83110000000,1959,56280,1004,596,10,586,27415,59.4
83110000000,1959,56281,1299,656,13,643,29500,50.5
83110000000,1959,56282,1127,600,6,594,27568,53.2
83110000000,1959,56283,507,274,2,272,12388,54
83110000000,1959,56284,NA,452,6,446,20335,NA
83110000000,1959,56285,NA,474,11,463,21305,NA
83110000000,1959,56286,NA,724,9,715,33228,NA
83110000000,1959,56287,NA,664,13,651,30146,NA
83110000000,1959,56288,NA,241,12,229,10466,NA
83110000000,1959,56289,NA,290,5,285,12890,NA
83110000000,1959,56290,NA,288,6,282,12827,NA
83110000000,1959,56291,NA,307,7,300,13835,NA
83110000000,1959,56292,NA,372,3,369,17168,NA
83110000000,1959,56293,NA,338,8,330,15204,NA
83110000000,1959,56294,NA,400,7,393,17975,NA
83110000000,1959,56295,NA,348,5,343,15732,NA
83110000000,1959,56296,NA,370,5,365,16578,NA
83110000000,1959,56297,NA,359,8,351,16076,NA
83110000000,1959,56298,NA,389,5,384,17653,NA
83110000000,1959,56299,NA,334,3,331,14842,NA
83110000000,1959,56300,NA,393,5,388,17361,NA
83110000000,1959,56301,NA,347,5,342,15571,NA
83110000000,1959,56302,NA,379,4,375,16872,NA
83110000000,1959,56303,NA,340,5,335,15423,NA
83110000000,1959,56304,NA,402,6,396,18106,NA
83110000000,1959,56305,NA,409,5,404,18565,NA
83110000000,1959,56306,NA,393,7,386,17188,NA
83110000000,1959,56307,NA,510,8,502,22782,NA
83110000000,1959,56308,NA,259,9,250,11454,NA
83110000000,1959,56309,NA,255,9,246,10643,NA
83110000000,1959,56310,NA,260,8,252,10627,NA
83110000000,1959,56311,NA,328,11,317,13927,NA
83110000000,1959,56312,NA,483,4,479,21587,NA
83110000000,1959,56313,NA,353,5,348,16172,NA
83110000000,1959,56314,NA,406,15,391,17951,NA
83110000000,1959,56315,NA,381,5,376,17203,NA
83110000000,1959,56316,NA,435,4,431,19527,NA
83110000000,1959,56317,NA,480,12,468,20741,NA
83110000000,1959,56318,NA,403,6,397,18003,NA
83110000000,1959,56319,NA,296,8,288,12814,NA
83110000000,1959,56320,NA,308,9,299,13575,NA
83110000000,1959,56321,NA,330,6,324,14423,NA
83110000000,1959,56322,NA,284,6,278,12568,NA
83110000000,1959,56323,NA,370,1,369,17136,NA
83110000000,1959,56324,NA,349,4,345,15656,NA
83110000000,1959,56325,NA,399,7,392,17966,NA
83110000000,1959,56326,NA,367,7,360,16603,NA
83110000000,1959,56327,NA,381,6,375,17410,NA
83110000000,1959,56328,NA,344,5,339,15660,NA
83110000000,1959,56329,NA,407,7,400,18506,NA
83110000000,1959,56330,NA,378,5,373,17309,NA
83110000000,1959,56331,NA,450,11,439,20500,NA
83110000000,1959,56332,NA,415,10,405,18922,NA
83110000000,1959,56333,NA,443,3,440,20035,NA
83110000000,1959,56334,NA,364,3,361,16673,NA
83110000000,1959,56335,NA,441,4,437,20350,NA
83110000000,1959,56336,NA,399,10,389,18098,NA
83110000000,1959,56337,NA,338,3,335,15534,NA
83110000000,1959,56338,NA,348,6,342,15927,NA
83110000000,1959,56339,NA,434,9,425,19738,NA
83110000000,1959,56340,NA,406,7,399,18307,NA
83110000000,1959,56341,NA,510,10,500,22662,NA
83110000000,1959,56342,NA,425,7,418,18740,NA
83110000000,1959,56343,NA,572,11,561,25916,NA
83110000000,1959,56344,NA,424,12,412,18655,NA
83110000000,1959,56345,NA,469,8,461,21154,NA
83110000000,1959,56346,NA,487,11,476,22033,NA
83110000000,1959,56347,NA,418,3,415,19126,NA
83110000000,1959,56348,NA,451,6,445,20732,NA
83110000000,1959,56349,NA,391,13,378,16976,NA
83110000000,1959,56350,NA,313,7,306,13889,NA
83110000000,1959,56351,NA,374,9,365,16954,NA
83110000000,1959,56352,NA,407,4,403,18678,NA
83110000000,1959,56353,NA,397,3,394,17488,NA
83110000000,1959,56354,NA,349,8,341,15444,NA
83110000000,1959,56355,NA,323,7,316,14399,NA
83110000000,1959,56356,NA,387,4,383,17080,NA
83110000000,1959,56357,NA,396,6,390,18058,NA
83110000000,1959,56358,NA,372,6,366,16718,NA
83110000000,1959,56359,NA,409,7,402,18282,NA
83110000000,1959,56360,NA,411,10,401,18019,NA
83110000000,1959,56361,NA,322,3,319,13235,NA
83110000000,1959,56362,NA,401,7,394,16866,NA
83110000000,1959,56363,NA,452,12,440,19114,NA
83110000000,1959,56364,NA,431,9,422,18464,NA
83110000000,1959,56365,NA,413,19,394,18022,NA
83110000000,1959,56366,NA,393,5,388,17681,NA
83110000000,1959,56367,NA,410,6,404,18559,NA
83110000000,1959,56368,NA,383,6,377,17054,NA
83110000000,1959,56369,NA,446,9,437,19487,NA
83110000000,1959,56370,NA,411,6,405,18483,NA
83110000000,1959,56371,NA,396,12,384,17272,NA
83110000000,1959,56372,NA,404,3,401,18123,NA
83110000000,1959,56373,NA,343,10,333,14882,NA
83110000000,1959,56374,NA,399,13,386,17244,NA
83110000000,1959,56375,NA,377,2,375,16907,NA
83110000000,1959,56376,NA,412,9,403,18092,NA
83110000000,1959,56377,NA,327,2,325,14022,NA
83110000000,1959,56378,NA,498,8,490,22120,NA
83110000000,1959,56379,NA,354,13,341,15067,NA
83110000000,1959,56380,NA,318,6,312,13142,NA
83110000000,1959,56381,NA,279,14,265,11629,NA
83110000000,1959,56382,NA,252,7,245,10934,NA
83110000000,1959,56383,NA,378,7,371,15919,NA
83110000000,1959,56384,NA,448,8,440,19896,NA
83110000000,1959,56385,NA,451,7,444,20003,NA
83110000000,1959,56386,NA,463,17,446,20366,NA
83110000000,1959,56387,NA,275,4,271,12319,NA
83110000000,1959,56388,NA,399,5,394,18224,NA
83110000000,1959,56389,NA,370,3,367,16914,NA
83110000000,1959,56390,NA,334,6,328,15238,NA
83110000000,1959,56391,NA,432,7,425,19816,NA
83110000000,1959,56392,NA,340,3,337,15859,NA
83150068068,5815,90062,1349,425,19,406,6000,31.5
83150068068,5815,90063,1248,414,15,399,5984,33.17
83150068068,5815,90064,609,249,9,240,3524,40.89
83150068068,5815,90065,645,243,9,234,3248,37.67
83150068068,5815,90066,125,75,1,74,1159,60
83150068068,5815,90067,NA,1040,16,1024,15835,NA
83150076076,1595,60996,1163,339,13,326,5703,29.15
83150076076,1595,60997,916,289,17,272,4644,31.55
83150076076,1595,60998,1139,354,22,332,5406,31.08
83150076076,1595,60999,1138,380,25,355,5996,33.39
83150076076,1595,61000,1041,401,21,380,6464,38.52
83150076076,1595,61001,1043,391,16,375,6514,37.49
83150076076,1595,61002,696,324,13,311,5344,46.55
83150076076,1595,61003,1182,443,33,410,6273,37.48
83150076076,1595,61004,1129,424,35,389,6155,37.56
83150076076,1595,61005,NA,1269,34,1235,23003,NA
83150076076,1595,61006,NA,96,3,93,1595,NA
83150076076,1595,61007,NA,314,7,307,5146,NA
83150076076,1595,61008,NA,256,6,250,4142,NA
83150133133,4235,82660,1430,956,70,886,16722,66.85
83150133133,4235,82661,744,489,53,436,6931,65.73
83150133133,4235,82662,333,243,6,237,4042,72.97
83150133133,4235,82663,547,401,10,391,7062,73.31
83150133133,4235,82664,864,593,16,577,9572,68.63
83150133133,4235,82665,858,583,24,559,10122,67.95
83150133133,4235,82666,284,210,10,200,3467,73.94000000000001
83155001006,5189,86121,1251,417,32,385,6877,33.33
83155001006,5189,86124,1786,575,42,533,9913,32.190000000000005
83155001006,5189,86125,1691,528,35,493,9173,31.22
83155001006,5189,86126,1444,524,36,488,8649,36.290000000000006
83155001006,5189,86127,1186,457,32,425,7886,38.53
83155001006,5189,86128,1360,509,44,465,8574,37.43
83155001006,5189,86130,2278,826,60,766,14472,36.260000000000005
83155001006,5189,86131,1455,646,50,596,10145,44.4
83155001006,5189,86132,930,391,25,366,6158,42.04
83155001006,5189,86133,1286,478,34,444,6657,37.17
83155001006,5189,86134,1635,670,48,622,9947,40.98
83155001006,5189,86135,NA,914,33,881,15799,NA
83155001006,5189,86136,NA,809,43,766,14464,NA
83155001006,5189,86137,NA,726,32,694,13357,NA
83155001006,5189,86143,NA,862,39,823,15192,NA
83155001048,4889,84815,1098,381,12,369,4836,34.7
83155001048,4889,84816,1114,369,15,354,4608,33.120000000000005
83155001048,4889,84817,744,336,18,318,3725,45.16
83155001048,4889,84818,948,394,45,349,4024,41.56
83155001048,4889,84819,NA,937,25,912,11577,NA
83155002015,6626,93540,1575,471,33,438,7664,29.9
83155002015,6626,93541,1553,481,38,443,7613,30.97
83155002015,6626,93542,1563,544,40,504,8611,34.8
83155002015,6626,93543,1540,499,27,472,8041,32.4
83155002015,6626,93544,1535,602,30,572,9708,39.220000000000006
83155002015,6626,93545,572,262,12,250,4326,45.8
83155002015,6626,93546,1437,608,48,560,7665,42.309999999999995
83155002015,6626,93547,1101,456,32,424,5887,41.42
83155002015,6626,93548,1286,512,37,475,6965,39.809999999999995
83155002015,6626,93549,NA,991,43,948,17198,NA
83155002015,6626,93550,NA,934,29,905,16350,NA
83155002015,6626,93558,NA,1016,58,958,13728,NA
83155002059,1974,55661,894,349,16,333,5369,39.04
83155002059,1974,55662,904,375,11,364,6033,41.48
83155002059,1974,55663,1191,495,24,471,7764,41.56
83155002059,1974,55664,1019,460,8,452,7313,45.14
83155002059,1974,55665,976,361,23,338,5006,36.99
83155002059,1974,55666,NA,766,19,747,12156,NA
83155002059,1974,55667,NA,567,13,554,9283,NA
83155002072,3603,67663,1080,404,4,400,4644,37.41
83155002072,3603,67664,1096,436,6,430,4955,39.78
83155002072,3603,67665,NA,784,7,777,9068,NA
83155003020,6551,87196,1176,552,24,528,6775,46.94
83155003020,6551,87197,271,160,5,155,2008,59.04
83155003020,6551,87198,520,266,12,254,3152,51.15
83155003020,6551,87199,466,249,8,241,3047,53.43
83155003020,6551,87200,NA,590,7,583,7717,NA
83155003064,3043,63954,1852,755,16,739,12652,40.77
83155003064,3043,63955,1727,695,9,686,11746,40.24
83155003064,3043,63956,1854,831,28,803,13654,44.82
83155003064,3043,63958,1753,846,13,833,14151,48.260000000000005
83155003064,3043,63960,1096,500,4,496,8555,45.620000000000005
83155003064,3043,63961,NA,500,4,496,8565,NA
83155003064,3043,63962,NA,471,3,468,8077,NA
83155003064,3043,63963,NA,558,4,554,9440,NA
83155003064,3043,63964,NA,564,4,560,9737,NA
83155003064,3043,63965,NA,521,4,517,8889,NA
83155003084,5127,85517,1330,615,10,605,6903,46.24
83155003084,5127,85518,404,154,4,150,1593,38.120000000000005
83155003084,5127,85519,201,106,5,101,1121,52.74
83155003084,5127,85520,339,180,4,176,1927,53.1
83155003084,5127,85521,NA,682,8,674,7675,NA
83155003109,4301,89594,2188,948,33,915,11920,43.33
83155003109,4301,89595,980,431,8,423,5451,43.98
83155003109,4301,89596,343,135,1,134,1742,39.36
83155003109,4301,89597,NA,1065,15,1050,13889,NA
83155004014,6611,93626,670,278,7,271,3026,41.49
83155004014,6611,93627,896,387,15,372,4247,43.190000000000005
83155004014,6611,93628,296,136,2,134,1440,45.95
83155004014,6611,93629,NA,628,7,621,7003,NA
83155004131,4846,84699,1601,704,28,676,11063,43.97
83155004131,4846,84700,1233,507,15,492,7983,41.120000000000005
83155004131,4846,84701,779,329,11,318,5146,42.23
83155004131,4846,84702,967,463,12,451,7468,47.879999999999995
83155004131,4846,84703,431,215,11,204,3149,49.879999999999995
83155004131,4846,84704,195,129,4,125,1933,66.14999999999999
83155004131,4846,84705,1038,413,15,398,6114,39.790000000000006
83155004131,4846,84706,NA,569,7,562,9181,NA
83155004131,4846,84707,NA,511,1,510,8552,NA
83155005047,5324,88411,1317,549,8,541,11291,41.690000000000005
83155005047,5324,88412,850,294,8,286,5686,34.59
83155005047,5324,88413,1488,326,5,321,6453,21.91
83155005047,5324,88414,1055,445,13,432,8776,42.18
83155005047,5324,88415,1371,520,7,513,10280,37.93
83155005047,5324,88416,1249,426,13,413,8398,34.11
83155005047,5324,88417,1138,443,15,428,8707,38.93
83155005047,5324,88418,1304,643,17,626,12848,49.309999999999995
83155005047,5324,88419,NA,809,6,803,16808,NA
83155005047,5324,88420,NA,724,7,717,14783,NA
83155005047,5324,88421,NA,710,9,701,14482,NA
83155005047,5324,88422,NA,680,7,673,13937,NA
83155005051,5466,88423,936,476,7,469,4569,50.849999999999994
83155005051,5466,88424,NA,261,2,259,2497,NA
83155006008,6165,91687,731,336,6,330,3213,45.96
83155006008,6165,91688,1237,604,19,585,5649,48.83
83155006008,6165,91689,NA,545,7,538,5225,NA
83155006033,5397,80144,1939,855,19,836,7857,44.09
83155006033,5397,80153,NA,357,10,347,3293,NA
83155006050,3041,82104,875,356,22,334,5211,40.690000000000005
83155006050,3041,82105,752,297,18,279,4360,39.49
83155006050,3041,82109,950,350,10,340,5518,36.84
83155006050,3041,82106,1118,500,22,478,8017,44.720000000000006
83155006050,3041,82107,720,382,17,365,6166,53.06
83155006050,3041,82108,374,214,14,200,3203,57.220000000000006
83155006050,3041,82110,NA,534,17,517,8782,NA
83155006050,3041,82111,NA,488,7,481,8196,NA
83155007003,2097,84807,1170,957,12,945,9146,81.79
83155007056,3480,83788,919,747,13,734,7144,81.28
83155007073,4751,84167,1418,612,9,603,8233,43.16
83155007073,4751,84168,1503,631,11,620,8178,41.98
83155007073,4751,84169,1365,682,13,669,9118,49.96
83155007073,4751,84170,NA,452,5,447,6010,NA
83155007073,4751,84171,NA,426,3,423,5737,NA
83155007073,4751,84172,NA,360,3,357,4897,NA
83155007107,5450,88409,1024,845,13,832,8051,82.52
83155007125,3387,83462,1196,959,19,940,9174,80.17999999999999
83155008016,4700,83954,1387,1066,4,1062,8921,76.86
83155008052,6072,93767,1925,794,5,789,7574,41.25
83155008052,6072,93768,NA,477,8,469,4522,NA
83155009013,5384,87973,1151,581,17,564,7426,50.48
83155009013,5384,87974,1371,684,19,665,8833,49.89
83155009013,5384,87975,1500,576,11,565,7392,38.4
83155009013,5384,87976,NA,813,13,800,10635,NA
83155009030,6543,93129,1446,571,12,559,6395,39.49
83155009030,6543,93130,1398,661,16,645,7296,47.28
83155009030,6543,93131,NA,785,5,780,9052,NA
83155009043,2526,92414,1112,455,3,452,5173,40.92
83155009043,2526,92416,1100,543,7,536,6190,49.36
83155009043,2526,92417,NA,609,7,602,6982,NA
83155010039,5415,84194,1134,499,17,482,4710,44
83155010039,5415,84195,551,218,9,209,2078,39.56
83155010039,5415,84196,NA,422,7,415,4297,NA
83155010070,2078,56077,2507,795,75,720,9555,31.71
83155010070,2078,56078,769,322,19,303,4128,41.87
83155010070,2078,56079,406,189,4,185,2379,46.55
83155010070,2078,56080,303,152,3,149,1954,50.17
83155010070,2078,56081,826,382,17,365,4682,46.25
83155010070,2078,56082,770,300,17,283,3476,38.96
83155010070,2078,56083,466,193,4,189,2426,41.42
83155010070,2078,56084,NA,1571,43,1528,20866,NA
83155011115,6837,89232,1413,543,20,523,6637,38.43
83155011115,6837,89233,1377,480,12,468,6010,34.86
83155011115,6837,89234,1556,532,26,506,6264,34.190000000000005
83155011115,6837,89235,NA,923,9,914,11900,NA
83155011132,3240,65283,1997,1275,18,1257,20788,63.849999999999994
83155011132,3240,65284,2482,1620,18,1602,26310,65.27
83155011132,3240,65285,1741,1049,13,1036,17140,60.25
83155011132,3240,65286,1137,797,5,792,13037,70.1
83155012004,5125,84540,2162,1364,37,1327,15239,63.09
83155012007,3536,70110,1636,555,14,541,7156,33.92
83155012007,3536,70111,793,289,11,278,3649,36.44
83155012007,3536,70112,510,251,8,243,3149,49.220000000000006
83155012007,3536,70113,550,250,7,243,2973,45.45
83155012007,3536,70114,NA,424,6,418,5496,NA
83155012007,3536,70115,NA,383,3,380,5035,NA
83155012022,2184,62863,1297,527,12,515,6742,40.63
83155012022,2184,62864,1020,448,11,437,5714,43.92
83155012022,2184,62865,1059,469,6,463,6084,44.290000000000006
83155012022,2184,62866,NA,369,6,363,4955,NA
83155012022,2184,66660,NA,426,2,424,5694,NA
83155012074,1774,54507,1541,578,37,541,11809,37.51
83155012074,1774,54508,1086,451,39,412,9252,41.53
83155012074,1774,54509,1359,593,92,501,10750,43.64
83155012074,1774,54510,1820,659,38,621,12995,36.21
83155012074,1774,54511,1412,501,36,465,10202,35.48
83155012074,1774,54512,1281,386,47,339,7016,30.130000000000003
83155012074,1774,54513,1232,498,37,461,9510,40.42
83155012074,1774,54514,1098,493,24,469,9476,44.9
83155012074,1774,54515,808,442,14,428,9344,54.7
83155012074,1774,54516,234,128,4,124,2784,54.7
83155012074,1774,54517,519,250,17,233,4727,48.17
83155012074,1774,54518,1040,401,20,381,7332,38.56
83155012074,1774,54519,853,370,25,345,6904,43.379999999999995
83155012074,1774,54520,344,176,12,164,3262,51.16
83155012074,1774,54525,NA,583,16,567,12907,NA
83155012074,1774,54524,NA,450,16,434,9204,NA
83155012074,1774,54523,NA,478,17,461,10049,NA
83155012074,1774,54522,NA,551,27,524,11483,NA
83155012074,1774,54526,NA,414,11,403,8720,NA
83155012074,1774,54521,NA,435,17,418,8650,NA
83155012111,6798,91611,1459,635,15,620,7025,43.52
83155012111,6798,91612,742,374,21,353,3683,50.4
83155012111,6798,91613,NA,626,16,610,6879,NA
83155013094,6732,93560,1483,1138,7,1131,9225,76.74000000000001
83155014028,6612,93292,2368,1061,39,1022,11892,44.809999999999995
83155014028,6612,93293,NA,726,9,717,8449,NA
83155014089,1722,54404,2077,891,19,872,9895,42.9
83155014089,1722,54405,NA,643,9,634,7304,NA
83155014098,2376,59042,1491,676,22,654,8646,45.34
83155014098,2376,59043,1585,780,19,761,10124,49.21
83155014098,2376,59044,2085,881,19,862,11592,42.25
83155014098,2376,63427,NA,322,3,319,4278,NA
83155014098,2376,63428,NA,381,0,381,5110,NA
83155014098,2376,59045,NA,492,8,484,6550,NA
83155015037,5378,93720,1508,522,11,511,4851,34.620000000000005
83155015037,5378,93721,NA,387,10,377,3611,NA
83155015102,5263,87005,1354,464,18,446,4687,34.27
83155015102,5263,87006,205,100,2,98,989,48.78
83155015102,5263,87007,109,40,1,39,418,36.7
83155015102,5263,87008,202,102,3,99,1079,50.5
83155015102,5263,87009,85,47,1,46,446,55.290000000000006
83155015102,5263,87010,NA,516,15,501,5296,NA
83155016108,5376,87330,2514,879,10,869,14549,34.96
83155016108,5376,87331,1534,613,8,605,10182,39.96
83155016108,5376,87345,1324,523,12,511,8490,39.5
83155016108,5376,87346,813,408,4,404,6734,50.18
83155016108,5376,87347,576,289,6,283,4753,50.17
83155016108,5376,87363,NA,580,5,575,9977,NA
83155016108,5376,87368,NA,700,23,677,11720,NA
83155016108,5376,87370,NA,731,10,721,12243,NA
83155016130,5586,89153,1033,358,5,353,4697,34.660000000000004
83155016130,5586,89154,1036,446,4,442,5951,43.05
83155016130,5586,89155,869,366,9,357,4894,42.120000000000005
83155016130,5586,89156,1070,435,6,429,5860,40.65
83155016130,5586,89157,NA,1270,12,1258,17258,NA
83155017031,5950,90997,811,360,2,358,3470,44.39
83155017031,5950,90998,309,132,1,131,1281,42.720000000000006
83155017031,5950,90999,410,192,1,191,1773,46.83
83155017031,5950,91000,192,121,0,121,1221,63.02
83155017031,5950,91001,NA,397,4,393,3905,NA
83155017113,3389,66666,1926,451,42,409,8095,23.42
83155017113,3389,66667,506,213,1,212,4361,42.09
83155017113,3389,66668,944,241,9,232,4681,25.53
83155017113,3389,66669,1059,328,22,306,5947,30.97
83155017113,3389,66670,938,297,15,282,5861,31.66
83155017113,3389,66671,1499,531,32,499,10544,35.42
83155017113,3389,66674,770,301,17,284,5717,39.09
83155017113,3389,66675,743,254,15,239,4656,34.190000000000005
83155017113,3389,66676,220,99,2,97,2082,45
83155017113,3389,66677,140,81,2,79,1651,57.86
83155017113,3389,66678,210,107,5,102,2255,50.95
83155017113,3389,66679,309,171,3,168,3497,55.34
83155017113,3389,66680,192,92,3,89,1949,47.92
83155017113,3389,66681,NA,489,7,482,10788,NA
83155017113,3389,66682,NA,502,12,490,10363,NA
83155017113,3389,66683,NA,513,18,495,11025,NA
83155017113,3389,66684,NA,497,24,473,10327,NA
83165001009,2807,84909,1796,720,18,702,14197,40.09
83165001009,2807,84910,1767,753,12,741,15192,42.61
83165001009,2807,84911,1807,743,20,723,14739,41.120000000000005
83165001009,2807,84912,1789,763,19,744,14873,42.65
83165001009,2807,84919,1810,613,25,588,11584,33.87
83165001009,2807,84922,1831,690,21,669,13010,37.68
83165001009,2807,63305,NA,521,6,515,10670,NA
83165001009,2807,63306,NA,550,3,547,11159,NA
83165001009,2807,63309,NA,522,9,513,10761,NA
83165001009,2807,84858,NA,556,8,548,11189,NA
83165001009,2807,84859,NA,538,3,535,11137,NA
83165001036,6544,93201,1126,457,19,438,4885,40.59
83165001036,6544,93202,1264,488,12,476,5385,38.61
83165001036,6544,93203,NA,720,12,708,8155,NA
83165001045,6665,93477,1324,582,8,574,6560,43.96
83165001045,6665,93478,1257,558,13,545,6241,44.39
83165001045,6665,93479,NA,363,8,355,4105,NA
83165001045,6665,93480,NA,331,5,326,3792,NA
83165002003,1946,55539,1377,581,15,566,4190,42.190000000000005
83165002003,1946,55540,NA,383,2,381,2804,NA
83165002010,2696,61096,1355,574,30,544,8977,42.36
83165002010,2696,61097,1361,533,11,522,8672,39.16
83165002010,2696,61098,206,119,2,117,1786,57.77
83165002010,2696,61099,770,361,15,346,5702,46.879999999999995
83165002010,2696,61100,1482,670,29,641,10458,45.21
83165002010,2696,61101,779,382,12,370,6119,49.04
83165002010,2696,61102,NA,494,3,491,8208,NA
83165002010,2696,61103,NA,587,9,578,9566,NA
83165002010,2696,61104,NA,491,4,487,8165,NA
83165002055,4479,82742,1285,583,19,564,6380,45.37
83165002055,4479,82743,947,424,4,420,4832,44.77
83165002055,4479,82744,NA,569,7,562,6386,NA
83165003011,3242,55007,1811,581,21,560,12632,32.08
83165003011,3242,55008,1508,564,18,546,12511,37.4
83165003011,3242,55009,1380,493,9,484,11443,35.720000000000006
83165003011,3242,55010,1874,632,16,616,14287,33.720000000000006
83165003011,3242,55011,1891,652,24,628,14120,34.48
83165003011,3242,55012,1436,562,13,549,12373,39.14
83165003011,3242,55013,1550,536,14,522,11608,34.58
83165003011,3242,55014,1309,469,19,450,9529,35.83
83165003011,3242,55015,1333,457,12,445,9791,34.28
83165003011,3242,55016,1245,414,14,400,8415,33.25
83165003011,3242,55017,1678,632,17,615,13372,37.66
83165003011,3242,55018,367,271,12,259,5980,73.84
83165003011,3242,55019,1557,615,13,602,13683,39.5
83165003011,3242,55020,1398,602,19,583,13476,43.06
83165003011,3242,55021,1459,555,21,534,12491,38.04
83165003011,3242,55024,NA,495,7,488,11426,NA
83165003011,3242,55025,NA,672,13,659,15389,NA
83165003011,3242,55026,NA,458,8,450,10943,NA
83165003011,3242,55027,NA,691,4,687,16481,NA
83165003011,3242,55028,NA,514,9,505,12252,NA
83165003011,3242,55029,NA,686,8,678,16219,NA
83165003011,3242,85907,NA,622,13,609,14440,NA
83165003011,3242,85908,NA,504,4,500,11864,NA
83165003011,3242,85909,NA,420,7,413,9859,NA
83165003011,3242,85910,NA,541,5,536,12614,NA
83165003024,7152,94406,2656,1152,25,1127,12936,43.37
83165003024,7152,94407,NA,696,42,654,7587,NA
83165003039,5539,88631,1288,610,14,596,6834,47.36
83165003039,5539,88632,1535,595,22,573,6506,38.760000000000005
83165003039,5539,88633,NA,848,9,839,9694,NA
83165003043,3758,91667,2517,937,27,910,18059,37.23
83165003043,3758,91668,2442,877,45,832,16434,35.91
83165003043,3758,91669,2192,902,21,881,17746,41.15
83165003043,3758,91670,1684,666,19,647,12707,39.55
83165003043,3758,91671,880,442,7,435,8612,50.23
83165003043,3758,91674,NA,611,12,599,12129,NA
83165003043,3758,91673,NA,607,3,604,12334,NA
83165003043,3758,91675,NA,341,9,332,6782,NA
83165003043,3758,91672,NA,582,9,573,11765,NA
83165003043,3758,91676,NA,223,2,221,4455,NA
83165003054,5279,86933,1890,836,22,814,10697,44.23
83165003054,5279,86934,1626,718,16,702,9343,44.16
83165003054,5279,86935,NA,1003,9,994,13443,NA
83165004017,6163,91677,1832,652,29,623,12173,35.59
83165004017,6163,91678,1893,734,34,700,13793,38.77
83165004017,6163,91679,2044,715,31,684,13379,34.98
83165004017,6163,94948,915,393,10,383,7357,42.95
83165004017,6163,91681,533,247,6,241,4724,46.34
83165004017,6163,94949,651,289,8,281,5527,44.39
83165004017,6163,91680,597,251,4,247,4849,42.04
83165004017,6163,91682,NA,423,10,413,8458,NA
83165004017,6163,91683,NA,389,4,385,7783,NA
83165004017,6163,91684,NA,354,3,351,7136,NA
83165004017,6163,91685,NA,415,5,410,8059,NA
83165004017,6163,91686,NA,275,6,269,5287,NA
83165004020,6499,84411,1151,387,8,379,7670,33.620000000000005
83165004020,6499,84412,1206,429,17,412,8213,35.57
83165004020,6499,84413,1440,398,22,376,7289,27.64
83165004020,6499,84414,1542,472,14,458,9082,30.610000000000003
83165004020,6499,84415,1021,313,15,298,5983,30.66
83165004020,6499,84416,666,290,16,274,5231,43.54
83165004020,6499,84417,589,256,13,243,4864,43.46
83165004020,6499,84418,776,343,9,334,6525,44.2
83165004020,6499,84419,NA,874,6,868,17445,NA
83165004020,6499,84420,NA,768,14,754,15513,NA
83165004020,6499,84421,NA,559,13,546,10935,NA
83165004049,5463,88408,1779,1247,41,1206,11397,70.1
83165004053,5655,61936,3354,1227,32,1195,13046,36.58
83165004053,5655,89405,NA,955,7,948,10600,NA
83165005002,1731,54426,1300,562,7,555,7539,43.23
83165005002,1731,54427,1040,432,4,428,5684,41.54
83165005002,1731,54428,1235,552,14,538,7291,44.7
83165005002,1731,54429,NA,1018,7,1011,13533,NA
83165005012,1733,54530,962,429,20,409,8107,44.59
83165005012,1733,54531,1024,414,21,393,7657,40.43
83165005012,1733,54532,1037,495,20,475,9223,47.73
83165005012,1733,54533,1154,449,24,425,7839,38.91
83165005012,1733,54534,993,419,22,397,7579,42.2
83165005012,1733,54535,1092,410,16,394,7252,37.55
83165005012,1733,54536,337,182,11,171,2813,54.01
83165005012,1733,54537,825,398,22,376,5808,48.24
83165005012,1733,54538,1133,485,26,459,7973,42.809999999999995
83165005012,1733,54539,NA,1623,51,1572,30237,NA
83165005013,1785,54557,1185,602,21,581,4208,50.8
83165005013,1785,54558,NA,207,17,190,1373,NA
83165005037,5698,89656,1635,703,23,680,7710,43
83165005037,5698,89657,1505,693,26,667,7489,46.05
83165005037,5698,89658,NA,631,7,624,7152,NA
83165005038,5050,85538,1566,750,11,739,9829,47.89
83165005038,5050,85539,956,456,3,453,5823,47.7
83165005038,5050,85540,362,189,3,186,2372,52.21
83165005038,5050,85541,NA,674,9,665,8913,NA
83165005051,2816,61730,1668,770,19,751,8508,46.16
83165005051,2816,61731,1498,727,26,701,7794,48.53
83165005051,2816,61733,NA,571,14,557,6366,NA
83165006014,2183,57049,1489,654,27,627,7846,43.92
83165006014,2183,57050,1795,785,24,761,9895,43.73
83165006014,2183,57051,514,276,7,269,3451,53.7
83165006014,2183,57052,NA,769,12,757,9905,NA
83165006042,4044,90252,715,356,10,346,3985,49.790000000000006
83165006042,4044,90253,1091,474,10,464,5304,43.45
83165006042,4044,90254,694,383,5,378,4404,55.190000000000005
83165006042,4044,90255,NA,535,4,531,6169,NA
83165006056,5224,86151,1163,454,13,441,10048,39.04
83165006056,5224,86152,755,287,9,278,6456,38.01
83165006056,5224,86153,573,232,5,227,5387,40.49
83165006056,5224,86154,861,260,13,247,5326,30.2
83165006056,5224,86155,872,336,15,321,7420,38.53
83165006056,5224,86156,982,414,17,397,9214,42.16
83165006056,5224,86159,685,277,8,269,6281,40.44
83165006056,5224,86160,706,263,8,255,6053,37.25
83165006056,5224,86175,824,330,12,318,7102,40.05
83165006056,5224,86176,714,267,16,251,5850,37.39
83165006056,5224,86161,762,330,6,324,7441,43.309999999999995
83165006056,5224,86162,819,329,13,316,7266,40.17
83165006056,5224,86163,655,518,4,514,11799,79.08
83165006056,5224,86164,298,213,2,211,4776,71.48
83165006056,5224,86165,572,262,13,249,5726,45.8
83165006056,5224,86166,691,261,6,255,6094,37.77
83165006056,5224,86167,753,292,23,269,5598,38.78
83165006056,5224,86168,877,302,22,280,6197,34.44
83165006056,5224,86169,611,259,10,249,5633,42.39
83165006056,5224,86170,542,250,9,241,5297,46.13
83165006056,5224,86171,755,346,8,338,7695,45.83
83165006056,5224,86177,856,370,9,361,8520,43.220000000000006
83165006056,5224,86172,742,285,10,275,6448,38.41
83165006056,5224,86178,NA,657,15,642,15444,NA
83165006056,5224,86179,NA,889,9,880,21237,NA
83165006056,5224,86180,NA,818,11,807,19192,NA
83165006056,5224,86173,NA,364,4,360,8700,NA
83165006056,5224,86174,NA,327,7,320,7673,NA
83165006056,5224,86181,NA,553,9,544,13126,NA
83170005005,6906,93969,1883,709,21,688,13599,37.65
83170005005,6906,93970,1597,581,13,568,11240,36.379999999999995
83170005005,6906,93971,1789,695,16,679,13157,38.849999999999994
83170005005,6906,93972,1778,612,24,588,11388,34.42
83170005005,6906,93973,1158,540,14,526,10278,46.63
83170005005,6906,93974,NA,788,22,766,15317,NA
83170005005,6906,93975,NA,855,20,835,16538,NA
83170005005,6906,93976,NA,298,6,292,5824,NA
83170031031,6027,82983,1080,359,17,342,6198,33.24
83170031031,6027,82984,653,247,21,226,4198,37.83
83170031031,6027,82985,754,312,14,298,5682,41.379999999999995
83170031031,6027,82986,529,184,9,175,3340,34.78
83170031031,6027,82987,1077,338,27,311,5928,31.38
83170031031,6027,82988,658,212,11,201,3816,32.220000000000006
83170031031,6027,82989,588,212,11,201,3800,36.05
83170031031,6027,82990,576,240,12,228,4464,41.67
83170031031,6027,82991,602,252,15,237,4448,41.86
83170031031,6027,82992,497,238,6,232,4416,47.89
83170031031,6027,82993,833,368,11,357,6776,44.18
83170031031,6027,82994,723,308,14,294,5406,42.6
83170031031,6027,82995,889,354,21,333,6381,39.82
83170031031,6027,82996,724,274,15,259,4799,37.849999999999994
83170031031,6027,82997,529,235,6,229,4350,44.42
83170031031,6027,82998,NA,530,7,523,10498,NA
83170031031,6027,82999,NA,633,9,624,12504,NA
83170031031,6027,83000,NA,664,14,650,12511,NA
83170031031,6027,83001,NA,461,6,455,9116,NA
83170051051,5097,86138,1202,375,7,368,4838,31.2
83170051051,5097,86139,1320,383,12,371,4695,29.02
83170051051,5097,86140,306,154,2,152,2038,50.33
83170051051,5097,86141,443,279,8,271,3618,62.98
83170051051,5097,86142,NA,698,9,689,9102,NA
83170057057,4835,84648,1825,397,15,382,8394,21.75
83170057057,4835,84649,844,353,16,337,7930,41.82
83170057057,4835,84650,1107,438,15,423,9507,39.57
83170057057,4835,84651,1282,361,20,341,7670,28.16
83170057057,4835,84652,1444,390,22,368,7812,27.01
83170057057,4835,84653,1049,349,11,338,7471,33.27
83170057057,4835,84654,1252,374,11,363,7992,29.87
83170057057,4835,84656,1461,397,24,373,8027,27.17
83170057057,4835,84657,1118,348,15,333,7241,31.130000000000003
83170057057,4835,84658,1399,494,18,476,10698,35.309999999999995
83170057057,4835,84659,1059,332,8,324,7174,31.35
83170057057,4835,84660,1989,879,47,832,18612,44.190000000000005
83170057057,4835,84661,1743,648,23,625,13968,37.18
83170057057,4835,84662,1215,475,21,454,9837,39.09
83170057057,4835,84663,1159,444,34,410,9076,38.309999999999995
83170057057,4835,84664,1567,655,18,637,14012,41.8
83170057057,4835,84665,616,267,13,254,5348,43.34
83170057057,4835,84666,239,180,6,174,3749,75.31
83170057057,4835,84667,982,378,32,346,7795,38.49
83170057057,4835,84668,1426,474,27,447,10573,33.24
83170057057,4835,84669,1156,548,14,534,11363,47.4
83170057057,4835,84670,1154,475,27,448,10085,41.16
83170057057,4835,84671,425,202,6,196,4244,47.53
83170057057,4835,84672,409,223,8,215,4910,54.52
83170057057,4835,84673,378,195,8,187,4149,51.59
83170057057,4835,84674,NA,479,9,470,11203,NA
83170057057,4835,84675,NA,490,9,481,10937,NA
83170057057,4835,84676,NA,453,10,443,10498,NA
83170057057,4835,84677,NA,480,10,470,11187,NA
83170057057,4835,84681,NA,462,7,455,10725,NA
83170057057,4835,84682,NA,424,4,420,9642,NA
83170057057,4835,92084,NA,435,7,428,10383,NA
83170057057,4835,92085,NA,414,13,401,9654,NA
83170057057,4835,92086,NA,422,14,408,9967,NA
83170141141,4541,83414,1235,599,24,575,8699,48.5
83170141141,4541,83415,1409,777,33,744,11228,55.15
83170141141,4541,83416,1609,865,46,819,12592,53.760000000000005
83170141141,4541,83417,711,427,16,411,6328,60.06
83170141141,4541,83418,1189,681,34,647,9913,57.28
83170141141,4541,83419,981,645,14,631,10291,65.75
83170141141,4541,83420,923,594,24,570,9145,64.36
83170151151,6521,89477,1744,1022,58,964,17895,58.6
83170151151,6521,89478,1847,983,51,932,17182,53.220000000000006
83170151151,6521,89479,475,344,21,323,5367,72.42
83170151151,6521,89480,1082,700,32,668,11671,64.7
83170151151,6521,89481,1335,823,82,741,13462,61.65
83170151151,6521,89482,1424,745,63,682,12405,52.32
83170151151,6521,89483,656,407,37,370,5831,62.04
83170151151,6521,89485,NA,0,0,0,0,NA
83170153153,4874,89165,1079,415,21,394,7158,38.46
83170153153,4874,89166,1418,571,47,524,9045,40.27
83170153153,4874,89167,755,269,23,246,4169,35.63
83170153153,4874,89168,1635,916,70,846,13508,56.02
83170153153,4874,89169,894,623,26,597,10018,69.69
83170153153,4874,89170,994,587,45,542,8105,59.05
83170153153,4874,89171,715,480,33,447,6865,67.13
83170153153,4874,89172,715,497,15,482,7641,69.51
83170153153,4874,89173,501,320,18,302,4732,63.87
83170153153,4874,89174,373,264,21,243,4033,70.78
83170153153,4874,89175,175,155,4,151,2606,88.57
83170153153,4874,89176,NA,316,22,294,5426,NA
83170153153,4874,89177,NA,316,28,288,5473,NA
83175001001,2958,82223,1829,565,6,559,11665,30.89
83175001001,2958,82224,1422,451,18,433,8345,31.72
83175001001,2958,82225,1596,518,14,504,10294,32.46
83175001001,2958,82226,1741,527,17,510,10339,30.27
83175001001,2958,82227,1554,504,16,488,10435,32.43
83175001001,2958,82228,1762,665,19,646,14696,37.74
83175001001,2958,82229,1369,546,16,530,11924,39.879999999999995
83175001001,2958,82230,1349,567,18,549,12183,42.03
83175001001,2958,82231,1227,494,11,483,10417,40.260000000000005
83175001001,2958,82232,1794,755,14,741,16519,42.08
83175001001,2958,82233,1562,634,17,617,13555,40.59
83175001001,2958,82234,1790,745,16,729,16433,41.620000000000005
83175001001,2958,82235,843,426,7,419,9144,50.53
83175001001,2958,82236,1105,524,17,507,11301,47.42
83175001001,2958,82237,NA,824,6,818,19097,NA
83175001001,2958,82238,NA,843,16,827,18750,NA
83175001001,2958,82239,NA,790,19,771,18065,NA
83175001001,2958,82240,NA,792,14,778,17751,NA
83175001001,2958,82241,NA,868,22,846,19896,NA
83175001001,2958,82242,NA,857,11,846,19466,NA
83175001068,2735,61435,1658,638,28,610,7827,38.48
83175001068,2735,61436,1620,649,24,625,8125,40.06
83175001068,2735,61437,NA,568,4,564,7404,NA
83175001068,2735,61438,NA,526,9,517,6852,NA
83175001116,3678,68543,1490,607,11,596,9380,40.74
83175001116,3678,68544,1343,529,17,512,8537,39.39
83175001116,3678,68545,1524,584,22,562,9260,38.32
83175001116,3678,68546,NA,712,9,703,11959,NA
83175001116,3678,68547,NA,419,6,413,7020,NA
83175001118,2925,66786,2059,767,24,743,7157,37.25
83175001118,2925,66787,NA,438,2,436,4131,NA
83175002026,5105,93872,654,278,4,274,5945,42.51
83175002026,5105,93873,1000,397,10,387,8137,39.7
83175002026,5105,93874,807,343,8,335,7221,42.5
83175002026,5105,93875,726,318,6,312,6749,43.8
83175002026,5105,93876,758,340,4,336,7545,44.849999999999994
83175002026,5105,93877,823,381,6,375,7950,46.290000000000006
83175002026,5105,93878,640,288,5,283,5913,45
83175002026,5105,93879,491,240,6,234,4745,48.879999999999995
83175002026,5105,93880,703,353,6,347,7075,50.21
83175002026,5105,93881,775,380,8,372,7855,49.03
83175002026,5105,93882,622,292,3,289,6154,46.95
83175002026,5105,93883,764,306,9,297,6116,40.05
83175002026,5105,93884,631,241,7,234,5115,38.190000000000005
83175002026,5105,93885,572,265,6,259,5754,46.33
83175002026,5105,93886,952,381,20,361,7502,40.02
83175002026,5105,93887,NA,585,12,573,12813,NA
83175002026,5105,93888,NA,506,7,499,11036,NA
83175002026,5105,93889,NA,556,7,549,11902,NA
83175002026,5105,93890,NA,583,8,575,12735,NA
83175002073,4364,82447,1499,553,19,534,6699,36.89
83175002073,4364,82448,1280,465,23,442,5627,36.33
83175002073,4364,82449,1345,489,19,470,5945,36.36
83175002073,4364,82649,NA,530,10,520,6778,NA
83175002073,4364,89530,NA,403,1,402,5215,NA
83175002113,2457,59957,898,382,14,368,3564,42.54
83175002113,2457,59958,1157,502,7,495,4717,43.39
83175002113,2457,59959,NA,509,7,502,4812,NA
83175002114,2459,88907,1514,557,12,545,7165,36.790000000000006
83175002114,2459,88908,960,283,15,268,3516,29.479999999999997
83175002114,2459,88913,1000,331,11,320,4167,33.1
83175002114,2459,88909,NA,687,7,680,9126,NA
83175002152,3226,65279,1131,451,7,444,5835,39.879999999999995
83175002152,3226,86050,1071,341,6,335,4295,31.84
83175002152,3226,86052,1026,468,11,457,5815,45.61
83175002152,3226,65280,968,374,8,366,4611,38.64
83175002152,3226,65281,NA,519,8,511,6826,NA
83175002152,3226,65282,NA,417,10,407,5393,NA
83175003009,3931,69327,1992,1482,27,1455,13949,74.4
83175003034,1720,63168,1435,556,12,544,10444,38.75
83175003034,1720,63169,2027,767,29,738,14626,37.84
83175003034,1720,63170,1700,705,27,678,12813,41.47
83175003034,1720,63171,1353,518,15,503,9830,38.290000000000006
83175003034,1720,63172,1567,707,14,693,13930,45.120000000000005
83175003034,1720,63173,751,323,13,310,6090,43.01
83175003034,1720,63174,NA,548,15,533,10991,NA
83175003034,1720,63175,NA,665,18,647,13194,NA
83175003034,1720,63176,NA,244,3,241,4612,NA
83175003034,1720,63177,NA,418,3,415,8240,NA
83175004029,4898,85027,1380,1009,7,1002,8197,73.11999999999999
83175004040,4921,84964,2431,1007,17,990,16594,41.42
83175004040,4921,84965,2264,916,28,888,14879,40.46
83175004040,4921,84966,344,215,7,208,3497,62.5
83175004040,4921,84967,753,422,8,414,6871,56.04
83175004040,4921,84968,NA,1330,18,1312,22676,NA
83175004046,4571,94318,1450,1168,20,1148,11191,80.55
83175004129,6757,82628,1194,527,18,509,5734,44.14
83175004129,6757,82629,1025,501,5,496,5583,48.879999999999995
83175004129,6757,82630,971,498,15,483,5394,51.290000000000006
83175004129,6757,82631,NA,521,4,517,5883,NA
83175004129,6757,82632,NA,238,3,235,2671,NA
83175005039,1802,54719,1897,1353,29,1324,15230,71.32
83175005041,3703,68448,1590,551,26,525,8328,34.65
83175005041,3703,68449,1462,489,14,475,7674,33.449999999999996
83175005041,3703,68450,1472,652,16,636,10314,44.290000000000006
83175005041,3703,68451,NA,1029,12,1017,17267,NA
83175006056,3130,88942,1564,552,36,516,8567,35.290000000000006
83175006056,3130,88943,2354,855,36,819,13505,36.32
83175006056,3130,88944,1010,416,29,387,6408,41.190000000000005
83175006056,3130,88945,NA,1312,31,1281,21506,NA
83175006102,6527,93125,1210,412,17,395,5127,34.05
83175006102,6527,93126,993,396,13,383,5028,39.879999999999995
83175006102,6527,93127,322,123,0,123,1629,38.2
83175006102,6527,93128,NA,740,10,730,9849,NA
83175007059,2456,82850,1634,629,22,607,7953,38.49
83175007059,2456,82851,1731,646,21,625,7896,37.32
83175007059,2456,82852,984,390,6,384,4858,39.63
83175007059,2456,82855,NA,844,13,831,10806,NA
83175007065,4851,84573,1016,338,11,327,9023,33.27
83175007065,4851,84574,933,264,5,259,7248,28.3
83175007065,4851,84575,1339,279,10,269,7412,20.84
83175007065,4851,84576,996,281,11,270,7644,28.21
83175007065,4851,84577,1252,346,12,334,8604,27.64
83175007065,4851,84578,1203,418,14,404,11478,34.75
83175007065,4851,84579,878,327,11,316,9182,37.24
83175007065,4851,84580,929,313,11,302,8730,33.690000000000005
83175007065,4851,84582,937,346,11,335,9551,36.93
83175007065,4851,84583,940,264,7,257,7091,28.09
83175007065,4851,84584,1164,416,15,401,10759,35.74
83175007065,4851,84585,985,332,16,316,8767,33.71
83175007065,4851,84586,921,319,13,306,8192,34.64
83175007065,4851,84587,1119,341,5,336,9114,30.47
83175007065,4851,84588,1397,335,12,323,8913,23.979999999999997
83175007065,4851,84589,892,270,13,257,7277,30.27
83175007065,4851,84590,942,285,8,277,7891,30.25
83175007065,4851,84591,1201,292,7,285,7205,24.31
83175007065,4851,84592,1091,389,16,373,9672,35.660000000000004
83175007065,4851,84593,1068,310,13,297,7879,29.03
83175007065,4851,84594,1219,302,10,292,7562,24.77
83175007065,4851,84595,1136,369,13,356,9881,32.48
83175007065,4851,84596,624,256,6,250,6762,41.03
83175007065,4851,84598,570,252,5,247,6867,44.21
83175007065,4851,84600,631,240,9,231,6401,38.03
83175007065,4851,84602,489,215,9,206,5609,43.97
83175007065,4851,84604,801,335,10,325,9614,41.82
83175007065,4851,84605,805,408,16,392,11462,50.68
83175007065,4851,84606,776,290,6,284,8205,37.37
83175007065,4851,84607,719,331,10,321,9067,46.04
83175007065,4851,84608,733,358,11,347,10146,48.84
83175007065,4851,84609,759,346,8,338,9558,45.59
83175007065,4851,84610,776,405,19,386,11304,52.190000000000005
83175007065,4851,84612,816,332,14,318,8555,40.690000000000005
83175007065,4851,84614,741,310,11,299,8027,41.84
83175007065,4851,84616,642,332,13,319,8663,51.71
83175007065,4851,84618,855,315,10,305,7216,36.84
83175007065,4851,84620,771,278,5,273,6553,36.06
83175007065,4851,84621,736,320,23,297,7886,43.48
83175007065,4851,84622,NA,249,6,243,7098,NA
83175007065,4851,84623,NA,215,10,205,5984,NA
83175007065,4851,84624,NA,415,12,403,11576,NA
83175007065,4851,84625,NA,219,0,219,6420,NA
83175007065,4851,84626,NA,385,8,377,10966,NA
83175007065,4851,84627,NA,257,6,251,7345,NA
83175007065,4851,84628,NA,253,6,247,7285,NA
83175007065,4851,84629,NA,172,5,167,4930,NA
83175007065,4851,84630,NA,176,1,175,5063,NA
83175007065,4851,84631,NA,243,7,236,6821,NA
83175007065,4851,84632,NA,172,1,171,4965,NA
83175007065,4851,84633,NA,49,2,47,1337,NA
83175007065,4851,84634,NA,188,4,184,5027,NA
83175007065,4851,84635,NA,252,8,244,7187,NA
83175007065,4851,84636,NA,128,2,126,3673,NA
83175007065,4851,84642,NA,343,7,336,9600,NA
83175007065,4851,84637,NA,264,6,258,7580,NA
83175007065,4851,84638,NA,274,2,272,8045,NA
83175007065,4851,84639,NA,235,4,231,6710,NA
83175007065,4851,84640,NA,167,1,166,4827,NA
83175007065,4851,84641,NA,175,6,169,4694,NA
83175008098,1755,54484,2125,661,9,652,10499,31.110000000000003
83175008098,1755,54485,588,203,10,193,3116,34.52
83175008098,1755,54486,212,68,0,68,1143,32.08
83175008098,1755,54487,197,89,1,88,1244,45.18
83175008098,1755,54488,747,310,2,308,4842,41.5
83175008098,1755,54489,NA,651,3,648,10855,NA
83175008098,1755,54490,NA,602,5,597,9654,NA
83175009067,6764,93611,1570,659,20,639,6181,41.97
83175009067,6764,93612,NA,428,4,424,4107,NA
83175009089,4049,69417,1191,364,16,348,7564,30.56
83175009089,4049,69418,1006,405,7,398,9309,40.260000000000005
83175009089,4049,69419,936,300,8,292,6533,32.05
83175009089,4049,69420,1128,338,5,333,7503,29.959999999999997
83175009089,4049,69421,1012,368,21,347,7745,36.36
83175009089,4049,69422,1293,452,8,444,9721,34.96
83175009089,4049,69423,1007,410,12,398,9303,40.71
83175009089,4049,69424,924,305,20,285,6115,33.01
83175009089,4049,69425,240,119,5,114,2710,49.58
83175009089,4049,69426,786,422,13,409,9077,53.690000000000005
83175009089,4049,69427,701,279,21,258,5725,39.8
83175009089,4049,69428,1031,419,20,399,8348,40.64
83175009089,4049,69429,1426,617,43,574,13004,43.27
83175009089,4049,69430,1388,579,6,573,12196,41.71
83175009089,4049,69431,868,413,10,403,8830,47.58
83175009089,4049,69432,1070,460,21,439,9939,42.99
83175009089,4049,69433,NA,1206,20,1186,26899,NA
83175009089,4049,69434,NA,971,8,963,22171,NA
83175009089,4049,69435,NA,1068,11,1057,24136,NA
83175009089,4049,69446,NA,831,41,790,17904,NA
83175009110,4532,87273,923,582,19,563,8686,63.06
83175009110,4532,87274,1077,565,20,545,8382,52.46
83175009110,4532,87275,1605,927,38,889,13850,57.760000000000005
83175009110,4532,87276,1659,1038,68,970,14278,62.57
83175009110,4532,87277,699,554,26,528,7547,79.26
83175010021,2740,61427,1089,450,7,443,5052,41.32
83175010021,2740,61428,1152,503,8,495,5634,43.66
83175010021,2740,61429,1045,485,11,474,5421,46.41
83175010021,2740,61430,NA,424,13,411,4794,NA
83175010021,2740,61431,NA,450,13,437,5019,NA
83175010047,4386,82250,1520,590,13,577,9537,38.82
83175010047,4386,82251,1296,542,10,532,8686,41.82
83175010047,4386,82252,1333,606,17,589,9688,45.46
83175010047,4386,82253,1166,486,6,480,7685,41.68
83175010047,4386,82254,1370,731,12,719,11798,53.36
83175010047,4386,82256,NA,507,2,505,8605,NA
83175010047,4386,82261,NA,546,7,539,9126,NA
83175010047,4386,82257,NA,558,6,552,9228,NA
83175010096,5589,90520,1427,429,12,417,14516,30.06
83175010096,5589,90521,1413,461,21,440,15048,32.63
83175010096,5589,90522,1414,534,17,517,17776,37.77
83175010096,5589,90523,1471,456,10,446,15113,31
83175010096,5589,90524,1475,428,20,408,13819,29.02
83175010096,5589,90525,1020,438,13,425,14408,42.94
83175010096,5589,90526,1195,477,14,463,16187,39.92
83175010096,5589,90527,1256,410,20,390,12605,32.64
83175010096,5589,90528,1104,449,10,439,16224,40.67
83175010096,5589,90529,1032,451,9,442,15867,43.7
83175010096,5589,90530,977,389,13,376,13531,39.82
83175010096,5589,90531,1164,413,14,399,13466,35.48
83175010096,5589,90532,1144,448,8,440,15222,39.16
83175010096,5589,90533,1228,527,12,515,17995,42.92
83175010096,5589,90534,1032,415,21,394,14263,40.21
83175010096,5589,90535,1350,446,8,438,14646,33.04
83175010096,5589,90536,888,360,11,349,11729,40.54
83175010096,5589,90537,1096,342,16,326,10447,31.2
83175010096,5589,90538,1419,574,23,551,18761,40.45
83175010096,5589,90539,647,216,8,208,7023,33.379999999999995
83175010096,5589,90540,977,401,19,382,12707,41.04
83175010096,5589,90541,978,439,19,420,13551,44.89
83175010096,5589,90542,1139,384,21,363,11809,33.71
83175010096,5589,90543,1269,418,15,403,13558,32.94
83175010096,5589,90544,983,331,10,321,10515,33.67
83175010096,5589,90545,1003,370,15,355,11301,36.89
83175010096,5589,90546,853,411,13,398,13425,48.18
83175010096,5589,90547,966,422,10,412,13233,43.690000000000005
83175010096,5589,90548,1139,551,13,538,17843,48.379999999999995
83175010096,5589,90549,1103,452,6,446,15818,40.98
83175010096,5589,90550,1521,675,14,661,22479,44.379999999999995
83175010096,5589,90551,1198,620,20,600,21150,51.75
83175010096,5589,90552,1002,417,10,407,14052,41.620000000000005
83175010096,5589,90553,844,366,9,357,11910,43.36
83175010096,5589,90554,1199,593,29,564,18581,49.46
83175010096,5589,90555,924,444,15,429,13741,48.05
83175010096,5589,90556,813,377,12,365,11519,46.37
83175010096,5589,90557,923,425,7,418,14790,46.05
83175010096,5589,90558,921,346,12,334,11784,37.57
83175010096,5589,90598,1058,461,12,449,16412,43.57
83175010096,5589,90600,1171,504,11,493,16979,43.04
83175010096,5589,90602,1324,595,18,577,18799,44.94
83175010096,5589,90628,NA,505,10,495,18031,NA
83175010096,5589,90630,NA,822,16,806,29204,NA
83175010096,5589,90632,NA,538,5,533,18764,NA
83175010096,5589,90634,NA,382,4,378,12683,NA
83175010096,5589,90636,NA,365,10,355,12625,NA
83175010096,5589,90638,NA,366,7,359,12815,NA
83175010096,5589,90640,NA,424,18,406,14443,NA
83175010096,5589,90642,NA,540,11,529,19200,NA
83175010096,5589,90610,NA,492,10,482,16886,NA
83175010096,5589,90612,NA,385,6,379,12436,NA
83175010096,5589,90614,NA,176,2,174,5877,NA
83175010096,5589,90618,NA,498,5,493,18109,NA
83175010096,5589,90616,NA,556,10,546,19883,NA
83175010096,5589,90620,NA,584,16,568,21162,NA
83175010096,5589,90622,NA,513,5,508,18196,NA
83175010096,5589,90624,NA,596,6,590,21983,NA
83175010096,5589,90608,NA,531,6,525,18739,NA
83175010096,5589,90626,NA,488,10,478,17438,NA
83175010122,5662,83848,1592,639,23,616,10205,40.14
83175010122,5662,83849,1326,519,12,507,8430,39.14
83175010122,5662,89529,1313,563,14,549,9036,42.879999999999995
83175010122,5662,83850,1047,554,17,537,9049,52.91
83175010122,5662,83851,600,289,2,287,4844,48.17
83175010122,5662,83852,NA,720,12,708,11757,NA
83175010122,5662,83853,NA,695,4,691,11626,NA
83175011121,6529,93138,759,347,19,328,4143,45.720000000000006
83175011121,6529,93139,1024,493,15,478,6495,48.14
83175011121,6529,93140,830,431,17,414,5755,51.93
83175011121,6529,93141,NA,575,17,558,7606,NA
83175011127,7140,94408,1087,430,19,411,5440,39.56
83175011127,7140,94409,1033,401,12,389,5169,38.82
83175011127,7140,94410,1127,490,11,479,6375,43.48
83175011127,7140,94411,159,117,2,115,1424,73.58
83175011127,7140,94412,510,281,8,273,3623,55.1
83175011127,7140,94413,NA,434,1,433,5902,NA
83175011127,7140,94414,NA,490,6,484,6550,NA
83175012075,1670,65432,2008,728,32,696,8497,36.25
83175012075,1670,65437,1225,540,29,511,6276,44.08
83175012075,1670,65440,NA,601,14,587,7620,NA
83175012075,1670,65444,NA,264,11,253,3219,NA
83175012150,5207,83667,1038,728,19,709,11743,70.13
83175012150,5207,83668,1273,844,17,827,13721,66.3
83175012150,5207,83669,1324,768,16,752,12217,58.01
83175012150,5207,83670,783,302,10,292,4611,38.57
83175012150,5207,83671,848,712,33,679,10874,83.96000000000001
83175012150,5207,83672,546,375,16,359,5514,68.67999999999999
83175013093,4671,83747,2089,1065,5,1060,10278,50.98
83175013093,4671,83748,NA,571,2,569,5512,NA
83175013145,6911,92789,927,408,8,400,6681,44.01
83175013145,6911,92790,1113,434,11,423,6593,38.99
83175013145,6911,92791,1091,406,8,398,6499,37.21
83175013145,6911,92792,459,248,2,246,3990,54.03
83175013145,6911,92793,115,61,2,59,994,53.04
83175013145,6911,92794,940,467,9,458,7705,49.68
83175013145,6911,92795,NA,1125,14,1111,18943,NA
83175014011,4702,83977,1192,452,11,441,5005,37.92
83175014011,4702,83978,1453,608,18,590,6608,41.84
83175014011,4702,83979,348,215,8,207,2252,61.78
83175014011,4702,83980,NA,802,12,790,8861,NA
83175014085,5852,90175,1561,771,18,753,7239,49.39
83175014085,5852,90176,NA,289,0,289,2790,NA
83175014088,6838,89407,1978,1057,21,1036,11887,53.44
83175014088,6838,89408,NA,368,7,361,4127,NA
83175014146,4005,89505,1705,735,32,703,11245,43.11
83175014146,4005,89506,1908,769,20,749,11984,40.3
83175014146,4005,89507,2166,917,36,881,14785,42.34
83175014146,4005,89508,702,387,7,380,6291,55.13
83175014146,4005,89509,118,84,0,84,1345,71.19
83175014146,4005,89510,NA,715,8,707,11795,NA
83175014146,4005,89511,NA,669,6,663,11092,NA
83250012012,4806,84500,1075,672,22,650,10505,62.51
83250012012,4806,84501,1426,935,36,899,14230,65.57
83250012012,4806,84502,295,204,15,189,2536,69.14999999999999
83250012012,4806,84503,452,344,12,332,4571,76.11
83250012012,4806,84504,164,101,4,97,1469,61.59
83250012012,4806,84505,781,529,27,502,7098,67.73
83250012012,4806,84506,667,460,22,438,6319,68.97
83250012012,4806,84507,170,120,6,114,1712,70.59
83255001014,5076,85598,1054,415,13,402,6042,39.37
83255001014,5076,85599,826,304,11,293,4386,36.8
83255001014,5076,85600,987,373,19,354,5274,37.790000000000006
83255001014,5076,85601,496,237,1,236,3249,47.78
83255001014,5076,85602,923,391,19,372,5613,42.36
83255001014,5076,85603,891,395,24,371,5335,44.33
83255001014,5076,85604,NA,779,21,758,11498,NA
83255001014,5076,85605,NA,567,16,551,8350,NA
83255001071,6652,84916,845,428,3,425,3211,50.65
83255001071,6652,84917,907,419,4,415,3210,46.2
83255001071,6652,84918,NA,368,0,368,2797,NA
83255002015,3917,69245,1318,519,37,482,6556,39.379999999999995
83255002015,3917,69246,130,60,3,57,753,46.15
83255002015,3917,69247,490,208,12,196,2606,42.45
83255002015,3917,69248,669,312,15,297,4316,46.64
83255002015,3917,69249,NA,534,23,511,7359,NA
83255002045,6469,92926,851,255,8,247,4353,29.959999999999997
83255002045,6469,92927,677,173,4,169,2787,25.55
83255002045,6469,92929,628,253,12,241,3811,40.290000000000006
83255002045,6469,92931,1103,373,8,365,6270,33.82
83255002045,6469,92928,922,324,10,314,5464,35.14
83255002045,6469,92930,778,268,4,264,4435,34.449999999999996
83255002045,6469,92932,1271,473,20,453,8510,37.21
83255002045,6469,92933,712,290,9,281,4769,40.73
83255002045,6469,92934,841,390,12,378,6739,46.37
83255002045,6469,92935,1429,637,17,620,10812,44.58
83255002045,6469,92936,619,322,12,310,5477,52.02
83255002045,6469,92937,1051,498,4,494,7966,47.379999999999995
83255002045,6469,92938,NA,735,15,720,13912,NA
83255002045,6469,92925,NA,497,4,493,9244,NA
83255002045,6469,92939,NA,549,5,544,9994,NA
83255002070,5345,89591,1411,673,9,664,6234,47.7
83255002070,5345,89592,1119,469,2,467,4102,41.91
83255002070,5345,89593,NA,530,1,529,4843,NA
83255003011,5411,88231,1475,515,31,484,5512,34.92
83255003011,5411,88232,762,346,27,319,3382,45.41
83255003011,5411,88233,739,262,14,248,2561,35.449999999999996
83255003011,5411,88234,234,132,9,123,1284,56.41
83255003011,5411,88235,156,89,4,85,917,57.05
83255003011,5411,88236,NA,837,37,800,9008,NA
83255003049,4886,87983,1488,463,44,419,7306,31.12
83255003049,4886,87984,1338,399,10,389,7629,29.82
83255003049,4886,87985,1556,404,22,382,7800,25.959999999999997
83255003049,4886,87986,1216,375,14,361,7522,30.84
83255003049,4886,87987,1313,418,15,403,9073,31.84
83255003049,4886,87988,1412,399,11,388,7967,28.26
83255003049,4886,87989,1244,483,15,468,10318,38.83
83255003049,4886,87990,1446,502,15,487,10522,34.720000000000006
83255003049,4886,87991,1494,485,31,454,9763,32.46
83255003049,4886,87992,1270,410,12,398,8080,32.28
83255003049,4886,87993,1166,385,9,376,8027,33.02
83255003049,4886,87994,286,141,0,141,2597,49.3
83255003049,4886,87995,1477,530,13,517,10464,35.879999999999995
83255003049,4886,87996,827,354,3,351,7377,42.809999999999995
83255003049,4886,87997,887,374,20,354,6692,42.16
83255003049,4886,87998,485,220,3,217,4130,45.36
83255003049,4886,87999,440,222,10,212,3664,50.45
83255003049,4886,88000,NA,580,10,570,13060,NA
83255003049,4886,88001,NA,571,10,561,13107,NA
83255003049,4886,88002,NA,514,14,500,11445,NA
83255003049,4886,88003,NA,629,16,613,13272,NA
83255003049,4886,88004,NA,480,46,434,10309,NA
83255003049,4886,88005,NA,524,17,507,11589,NA
83255003049,4886,88006,NA,578,23,555,13046,NA
83255003049,4886,88007,NA,561,17,544,11315,NA
83255003064,6702,93514,1799,632,17,615,7392,35.13
83255003064,6702,93515,727,270,11,259,3132,37.14
83255003064,6702,93516,NA,497,6,491,6247,NA
83255003069,4283,80145,1068,327,12,315,4448,30.62
83255003069,4283,80146,1097,400,11,389,5461,36.46
83255003069,4283,80147,1163,425,14,411,5680,36.54
83255003069,4283,80148,562,256,20,236,2987,45.55
83255003069,4283,80149,564,246,18,228,3043,43.620000000000005
83255003069,4283,80150,561,274,7,267,3276,48.84
83255003069,4283,80151,NA,671,13,658,9785,NA
83255003069,4283,80152,NA,574,13,561,8561,NA
83255003072,5292,88691,1760,746,23,723,11848,42.39
83255003072,5292,88692,1696,622,23,599,9636,36.67
83255003072,5292,88695,1502,529,25,504,8220,35.220000000000006
83255003072,5292,88696,NA,764,8,756,12531,NA
83255003072,5292,88697,NA,369,5,364,5949,NA
83255004050,6153,92054,1206,630,12,618,5899,52.24
83255004050,6153,92055,237,112,1,111,1059,47.260000000000005
83255004050,6153,92056,NA,316,1,315,2984,NA
83255004051,2818,61706,689,258,16,242,3049,37.45
83255004051,2818,61707,795,325,8,317,3960,40.879999999999995
83255004051,2818,61708,933,452,21,431,5448,48.45
83255004051,2818,61709,574,266,22,244,3002,46.34
83255004051,2818,61710,NA,674,19,655,8575,NA
83255005001,5390,87977,1096,484,7,477,4967,44.16
83255005001,5390,87978,1154,542,4,538,5803,46.97
83255005001,5390,87979,1205,645,15,630,6697,53.53
83255005001,5390,87980,NA,749,12,737,7872,NA
83255005024,4377,93315,2068,1631,20,1611,18394,78.86999999999999
83255005036,6667,63424,1859,740,27,713,8135,39.809999999999995
83255005036,6667,63425,356,239,3,236,2748,67.13
83255005036,6667,63426,NA,510,5,505,5884,NA
83255005053,5313,87161,1714,411,21,390,7611,24
83255005053,5313,87162,1489,423,23,400,7164,28.4
83255005053,5313,87163,1915,524,29,495,9355,27.4
83255005053,5313,87164,1976,643,62,581,10810,32.5
83255005053,5313,87165,1848,589,20,569,10853,31.9
83255005053,5313,87166,1864,536,7,529,10295,28.8
83255005053,5313,87176,462,166,3,163,2996,35.9
83255005053,5313,87178,1656,628,36,592,9084,37.9
83255005053,5313,87179,2837,1150,97,1053,18344,40.5
83255005053,5313,87180,NA,647,15,632,13340,NA
83255005053,5313,87181,NA,591,13,578,12458,NA
83255005053,5313,87182,NA,466,23,443,7818,NA
83255005053,5313,87183,NA,644,15,629,13408,NA
83255005053,5313,87184,NA,437,6,431,8861,NA
83255005053,5313,87185,NA,754,56,698,12662,NA
83255006057,1764,66763,716,206,14,192,2662,28.77
83255006057,1764,66764,755,336,11,325,4412,44.5
83255006057,1764,66765,853,257,15,242,3240,30.130000000000003
83255006057,1764,66766,570,388,8,380,5794,68.07
83255006057,1764,66767,575,363,14,349,5203,63.13
83255006057,1764,66768,1392,953,33,920,12600,68.46000000000001
83255006057,1764,66769,448,334,6,328,4018,74.55
83255006057,1764,66770,658,442,34,408,5147,67.16999999999999
83255006057,1764,66771,428,251,12,239,3096,58.64
83255006057,1764,66772,851,481,7,474,6375,56.52
83255006057,1764,66773,493,315,9,306,3854,63.89
83255006057,1764,66774,849,546,26,520,7138,64.31
83255006057,1764,66775,589,380,16,364,4871,64.52
83255006057,1764,66776,705,431,37,394,5209,61.13
83255006061,5484,89562,1411,615,26,589,7462,43.59
83255006061,5484,89563,1330,527,15,512,6595,39.620000000000005
83255006061,5484,89564,797,450,15,435,5704,56.46
83255006061,5484,89565,NA,770,16,754,9897,NA
83255007009,5653,88698,1320,541,30,511,6526,40.98
83255007009,5653,88699,1457,701,30,671,8331,48.11
83255007009,5653,88700,NA,719,15,704,9030,NA
83255007060,2058,92381,1435,622,5,617,5648,43.34
83255007060,2058,92382,1251,483,10,473,4274,38.61
83255007060,2058,92385,NA,631,2,629,5898,NA
83260003003,2403,59054,880,293,26,267,5313,33.3
83260003003,2403,59055,1261,399,39,360,6720,31.6
83260003003,2403,59056,853,283,34,249,4666,33.2
83260003003,2403,59057,854,261,30,231,4561,30.6
83260003003,2403,59058,1132,340,31,309,5756,30
83260003003,2403,59059,791,216,21,195,3673,27.3
83260003003,2403,59060,972,351,36,315,6004,36.1
83260003003,2403,59070,1164,392,32,360,6694,33.7
83260003003,2403,59062,705,342,28,314,5138,48.5
83260003003,2403,59063,733,314,12,302,5234,42.8
83260003003,2403,59064,315,147,11,136,2514,46.7
83260003003,2403,59065,637,301,18,283,5062,47.3
83260003003,2403,59066,524,208,16,192,3398,39.7
83260003003,2403,59067,NA,956,41,915,18798,NA
83260003003,2403,59068,NA,737,23,714,14184,NA
83260003003,2403,59071,NA,618,26,592,11806,NA
83260005005,2235,60262,1357,429,29,400,7135,31.610000000000003
83260005005,2235,60264,1210,495,39,456,8439,40.91
83260005005,2235,60267,1541,503,25,478,8706,32.64
83260005005,2235,60268,359,145,11,134,2594,40.39
83260005005,2235,60270,356,207,19,188,3685,58.15
83260005005,2235,60271,243,119,5,114,2049,48.97
83260005005,2235,60272,583,276,12,264,4780,47.34
83260005005,2235,60273,423,224,8,216,4072,52.96
83260005005,2235,60274,228,132,2,130,2640,57.89
83260005005,2235,60275,138,74,5,69,1431,53.620000000000005
83260005005,2235,60276,738,329,31,298,5299,44.58
83260005005,2235,60277,591,261,18,243,4265,44.16
83260005005,2235,60278,NA,611,12,599,12263,NA
83260005005,2235,60305,NA,587,24,563,9992,NA
83260031031,6087,92029,670,216,9,207,2633,32.24
83260031031,6087,92030,800,235,9,226,2940,29.38
83260031031,6087,92031,500,234,12,222,2769,46.8
83260031031,6087,92032,501,208,13,195,2523,41.52
83260031031,6087,92033,648,290,19,271,3331,44.75
83260031031,6087,92034,811,380,11,369,4828,46.86
83260031031,6087,92035,959,432,34,398,4953,45.05
83260031031,6087,92036,NA,432,3,429,5518,NA
83260031031,6087,92037,NA,419,6,413,5373,NA
83260031031,6087,92038,NA,493,7,486,6473,NA
83260052052,3228,63655,659,226,8,218,4378,34.290000000000006
83260052052,3228,63656,905,277,10,267,5267,30.610000000000003
83260052052,3228,63657,994,315,12,303,6003,31.69
83260052052,3228,63658,808,288,3,285,5516,35.64
83260052052,3228,63659,1084,352,22,330,6388,32.47
83260052052,3228,63660,637,216,6,210,3956,33.91
83260052052,3228,63661,680,191,10,181,3122,28.09
83260052052,3228,63662,598,241,7,234,4640,40.3
83260052052,3228,63663,607,205,3,202,3851,33.77
83260052052,3228,63664,531,204,10,194,3853,38.42
83260052052,3228,63665,805,312,16,296,5630,38.760000000000005
83260052052,3228,63666,472,224,12,212,3986,47.46
83260052052,3228,63667,186,98,0,98,1964,52.690000000000005
83260052052,3228,84396,64,34,0,34,595,53.13
83260052052,3228,63669,484,193,8,185,3662,39.879999999999995
83260052052,3228,63670,706,323,5,318,6128,45.75
83260052052,3228,63671,NA,674,5,669,13379,NA
83260052052,3228,63674,NA,423,5,418,8598,NA
83260052052,3228,63676,NA,463,6,457,8993,NA
83260052052,3228,63677,NA,411,2,409,8485,NA
83260068068,6078,91318,982,357,11,346,3653,36.349999999999994
83260068068,6078,91319,962,346,12,334,3457,35.97
83260068068,6078,91320,408,263,6,257,2593,64.46000000000001
83260068068,6078,91321,260,204,8,196,2036,78.46000000000001
83260068068,6078,91322,258,165,8,157,1650,63.95
83260068068,6078,91323,NA,204,10,194,2095,NA
83260068068,6078,91324,NA,154,3,151,1662,NA
83265001006,4063,69844,863,277,10,267,4376,32.1
83265001006,4063,69853,886,369,25,344,5789,41.65
83265001006,4063,89875,698,288,21,267,4403,41.260000000000005
83265001006,4063,69854,704,275,18,257,4360,39.06
83265001006,4063,69855,797,371,14,357,5335,46.55
83265001006,4063,69896,97,43,3,40,705,44.33
83265001006,4063,69858,196,91,1,90,1455,46.43
83265001006,4063,69856,275,127,11,116,1756,46.18
83265001006,4063,69857,81,43,3,40,663,53.09
83265001006,4063,69860,NA,619,16,603,9905,NA
83265001006,4063,69880,NA,540,12,528,8682,NA
83265001012,1864,56501,1591,559,78,481,11019,35.1
83265001012,1864,56502,1125,291,27,264,5866,25.9
83265001012,1864,56503,981,225,38,187,3816,22.9
83265001012,1864,56504,1910,529,16,513,11036,27.7
83265001012,1864,56505,1858,486,46,440,9940,26.2
83265001012,1864,56506,1351,438,28,410,9186,32.4
83265001012,1864,56507,1371,497,30,467,10042,36.3
83265001012,1864,56508,1514,579,34,545,12384,38.2
83265001012,1864,56513,1064,455,27,428,8531,42.8
83265001012,1864,56514,668,263,23,240,4371,39.4
83265001012,1864,56515,200,99,6,93,1826,49.5
83265001012,1864,56516,328,176,7,169,3350,53.7
83265001012,1864,56517,1257,589,52,537,10869,46.9
83265001012,1864,56518,1399,528,49,479,9429,37.7
83265001012,1864,56519,513,258,10,248,4970,50.3
83265001012,1864,56520,NA,724,22,702,16860,NA
83265001012,1864,56521,NA,812,51,761,17809,NA
83265001012,1864,56522,NA,771,25,746,17841,NA
83265001012,1864,56541,NA,628,26,602,12479,NA
83265001012,1864,56542,NA,575,35,540,11287,NA
83265001027,2689,61083,1308,521,29,492,7861,39.83
83265001027,2689,61085,1365,585,23,562,8985,42.86
83265001027,2689,61086,1371,472,40,432,6474,34.43
83265001027,2689,61087,226,142,6,136,1971,62.83
83265001027,2689,61088,367,229,11,218,3378,62.4
83265001027,2689,61089,382,201,9,192,2957,52.620000000000005
83265001027,2689,61090,433,203,12,191,2807,46.879999999999995
83265001027,2689,61432,597,297,11,286,4286,49.75
83265001027,2689,61095,NA,404,8,396,6285,NA
83265001027,2689,95157,NA,490,11,479,7775,NA
83265001027,2689,95158,NA,380,9,371,5901,NA
83265002017,3781,81701,1084,321,11,310,5036,29.610000000000003
83265002017,3781,81702,881,356,13,343,5655,40.41
83265002017,3781,81703,703,257,4,253,4067,36.56
83265002017,3781,81704,1113,339,8,331,5367,30.459999999999997
83265002017,3781,81705,1088,423,7,416,6870,38.879999999999995
83265002017,3781,81706,752,415,13,402,6446,55.190000000000005
83265002017,3781,81707,315,153,6,147,2439,48.57
83265002017,3781,81708,650,275,4,271,4230,42.309999999999995
83265002017,3781,81709,122,65,0,65,1078,53.28
83265002017,3781,81711,NA,528,6,522,8793,NA
83265002017,3781,81712,NA,513,2,511,8640,NA
83265002017,3781,81713,NA,460,7,453,7398,NA
83265002020,2069,56062,889,446,10,436,2693,50.17
83265002020,2069,56063,NA,181,4,177,1091,NA
83265003054,2099,86184,1011,367,15,352,3978,36.3
83265003054,2099,86185,1067,415,5,410,4599,38.89
83265003054,2099,86186,NA,566,4,562,6490,NA
83265003055,2367,57121,1549,656,26,630,7277,42.349999999999994
83265003055,2367,57122,1656,624,28,596,6691,37.68
83265003055,2367,57123,NA,419,3,416,4809,NA
83265003055,2367,57124,NA,463,4,459,5275,NA
83265003060,1743,54466,2524,680,55,625,9535,26.94
83265003060,1743,54467,620,249,18,231,3481,40.16
83265003060,1743,54468,342,146,10,136,1919,42.690000000000005
83265003060,1743,54469,NA,836,24,812,12723,NA
83265004010,6733,66747,1319,508,8,500,5535,38.51
83265004010,6733,66748,1740,660,20,640,7126,37.93
83265004010,6733,66749,NA,778,7,771,8843,NA
83265004037,5066,67876,820,350,7,343,3773,42.68
83265004037,5066,67877,879,383,15,368,4120,43.57
83265004037,5066,67878,678,287,13,274,2965,42.33
83265004037,5066,67879,NA,525,5,520,5868,NA
83265004041,2589,60467,952,367,12,355,4082,38.55
83265004041,2589,60468,907,371,12,359,4177,40.9
83265004041,2589,60469,819,368,26,342,3961,44.93
83265004041,2589,60470,448,201,8,193,2085,44.87
83265004041,2589,60471,797,343,18,325,3334,43.04
83265004041,2589,60472,936,378,9,369,4230,40.379999999999995
83265004041,2589,60473,NA,534,6,528,6295,NA
83265004041,2589,60474,NA,577,15,562,6578,NA
83265004061,2371,92500,2475,1026,68,958,10354,41.45
83265004061,2371,92501,NA,541,8,533,5964,NA
83265004065,5601,89162,985,363,18,345,3851,36.849999999999994
83265004065,5601,89163,1003,331,30,301,3466,33
83265004065,5601,89164,NA,553,41,512,5959,NA
83265004074,3896,84314,1879,602,19,583,20149,32.04
83265004074,3896,84315,1829,485,26,459,15616,26.52
83265004074,3896,84316,1519,545,13,532,18293,35.879999999999995
83265004074,3896,84317,1398,557,20,537,18790,39.84
83265004074,3896,84318,1410,617,19,598,20344,43.760000000000005
83265004074,3896,84319,1353,598,24,574,20236,44.2
83265004074,3896,84320,1414,541,15,526,18755,38.260000000000005
83265004074,3896,84321,1436,444,23,421,14372,30.92
83265004074,3896,84322,1400,498,12,486,16342,35.57
83265004074,3896,84324,1916,691,23,668,24050,36.06
83265004074,3896,84325,887,395,26,369,12675,44.53
83265004074,3896,84326,761,292,5,287,10281,38.37
83265004074,3896,84327,1144,358,20,338,10887,31.29
83265004074,3896,84328,1313,376,14,362,11873,28.64
83265004074,3896,84329,1417,525,35,490,16359,37.05
83265004074,3896,84330,1176,529,20,509,17578,44.98
83265004074,3896,84331,1324,491,25,466,14695,37.08
83265004074,3896,84332,1269,438,14,424,13338,34.52
83265004074,3896,84333,1228,318,13,305,9556,25.9
83265004074,3896,84334,1356,434,28,406,13075,32.01
83265004074,3896,84335,1340,459,21,438,14334,34.25
83265004074,3896,84336,1336,475,28,447,13763,35.55
83265004074,3896,84337,2687,557,20,537,17969,20.73
83265004074,3896,84339,2088,496,21,475,15552,23.75
83265004074,3896,84736,1506,429,10,419,14551,28.49
83265004074,3896,84342,1108,336,21,315,10320,30.32
83265004074,3896,84343,1589,608,26,582,20232,38.260000000000005
83265004074,3896,84344,1938,721,24,697,24284,37.2
83265004074,3896,84346,1977,581,40,541,18083,29.39
83265004074,3896,84347,1556,407,15,392,12723,26.16
83265004074,3896,84348,1086,322,14,308,10020,29.65
83265004074,3896,84349,1377,475,19,456,14456,34.5
83265004074,3896,84350,1443,386,20,366,11936,26.75
83265004074,3896,84351,965,385,14,371,12523,39.9
83265004074,3896,84352,1275,403,13,390,12939,31.610000000000003
83265004074,3896,84353,1455,375,20,355,12195,25.77
83265004074,3896,84354,1342,369,24,345,10309,27.5
83265004074,3896,84355,1888,594,17,577,19332,31.459999999999997
83265004074,3896,84356,615,395,11,384,12778,64.23
83265004074,3896,84357,1085,648,14,634,20246,59.720000000000006
83265004074,3896,84358,719,478,12,466,15147,66.48
83265004074,3896,84359,914,547,20,527,18221,59.849999999999994
83265004074,3896,84360,1028,720,13,707,24507,70.04
83265004074,3896,84361,858,603,13,590,20003,70.28
83265004074,3896,84362,1051,741,20,721,24177,70.5
83265004074,3896,84363,142,101,3,98,3241,71.13
83265004074,3896,84364,859,581,17,564,19031,67.64
83265004074,3896,84365,898,640,25,615,21137,71.27
83265004074,3896,84366,590,380,11,369,11977,64.41000000000001
83265004074,3896,84367,800,552,24,528,18759,69
83265004074,3896,84368,NA,928,34,894,31929,NA
83265004074,3896,84369,NA,292,8,284,10217,NA
83265004074,3896,84370,NA,362,10,352,12406,NA
83265004074,3896,84371,NA,320,9,311,11104,NA
83265004074,3896,84372,NA,369,7,362,12953,NA
83265004074,3896,84373,NA,344,3,341,12366,NA
83265004074,3896,84374,NA,253,7,246,8798,NA
83265004074,3896,84375,NA,434,1,433,15514,NA
83265004074,3896,84376,NA,377,4,373,12943,NA
83265004074,3896,84377,NA,311,11,300,10638,NA
83265004074,3896,84378,NA,412,18,394,14075,NA
83265004074,3896,84379,NA,290,15,275,9631,NA
83265004074,3896,84380,NA,157,4,153,5280,NA
83265004074,3896,84381,NA,262,4,258,8578,NA
83265004074,3896,84382,NA,279,7,272,8838,NA
83265004074,3896,84383,NA,328,15,313,11515,NA
83265004074,3896,84384,NA,369,6,363,11880,NA
83265004074,3896,84385,NA,351,18,333,11956,NA
83265004074,3896,84386,NA,281,6,275,9663,NA
83265004074,3896,84387,NA,273,21,252,8598,NA
83265004074,3896,89754,NA,220,1,219,7529,NA
83265004074,3896,89755,NA,282,4,278,9952,NA
83265004074,3896,89756,NA,277,13,264,8769,NA
83265004074,3896,89757,NA,272,6,266,9535,NA
83265004075,3943,63161,1036,464,18,446,5732,44.790000000000006
83265004075,3943,63162,960,459,16,443,5786,47.809999999999995
83265004075,3943,63163,619,258,3,255,3241,41.68
83265004075,3943,63164,701,291,6,285,3580,41.51
83265004075,3943,63165,817,398,9,389,5005,48.71
83265004075,3943,63166,NA,473,5,468,6181,NA
83265004075,3943,63167,NA,493,4,489,6373,NA
83275001016,6649,58322,2418,971,9,962,6877,40.16
83275001016,6649,58323,NA,638,4,634,4630,NA
83275001036,7053,94199,621,220,4,216,2642,35.43
83275001036,7053,94200,1641,795,52,743,8996,48.45
83275001036,7053,94201,592,310,9,301,3714,52.36
83275001036,7053,94202,NA,658,12,646,8093,NA
83275002019,5299,91618,2999,984,45,939,11784,32.809999999999995
83275002019,5299,91619,NA,332,2,330,4276,NA
83275002019,5299,91620,NA,341,4,337,4393,NA
83275003018,6245,92022,2324,770,56,714,10634,33.13
83275003018,6245,92023,613,297,13,284,3918,48.45
83275003018,6245,92024,843,378,28,350,4594,44.84
83275003018,6245,92025,455,213,7,206,2965,46.809999999999995
83275003018,6245,92026,631,345,12,333,4804,54.68
83275003018,6245,92027,NA,473,18,455,7031,NA
83275003018,6245,92028,NA,462,13,449,6279,NA
83275003025,6817,93806,2002,1009,54,955,13756,50.4
83275003025,6817,93808,1159,647,47,600,8601,55.82
83275003025,6817,93809,422,276,11,265,3350,65.4
83275003025,6817,93810,658,457,21,436,5584,69.45
83275003025,6817,93811,340,271,11,260,3525,79.71000000000001
83275003025,6817,93812,190,152,6,146,1875,80
83275004002,6603,93282,1309,441,9,432,6884,33.690000000000005
83275004002,6603,93283,1206,394,12,382,6109,32.67
83275004002,6603,93284,1256,489,22,467,7108,38.93
83275004002,6603,93285,1121,394,22,372,5676,35.15
83275004002,6603,93286,1054,476,21,455,6985,45.16
83275004002,6603,93287,NA,980,23,957,16121,NA
83275004005,5220,86182,968,463,10,453,3386,47.83
83275004005,5220,86183,NA,211,4,207,1584,NA
83275004006,3510,63642,1175,395,4,391,2760,33.620000000000005
83275004006,3510,63643,NA,398,0,398,2713,NA
83275004010,4936,59073,2228,962,30,932,7401,43.18
83275004010,4936,59074,NA,436,13,423,3531,NA
83275004011,2118,55862,1383,548,6,542,3954,39.620000000000005
83275004011,2118,55863,NA,404,2,402,2920,NA
83275004017,7001,94112,1615,667,16,651,4482,41.3
83275004017,7001,94113,NA,338,4,334,2363,NA
83275004046,5818,90076,1390,393,20,373,5583,28.27
83275004046,5818,90091,1650,434,15,419,6334,26.3
83275004046,5818,90092,1443,344,11,333,5291,23.84
83275004046,5818,90093,937,322,16,306,4848,34.36
83275004046,5818,90094,1119,409,17,392,6041,36.55
83275004046,5818,90095,1160,282,9,273,4409,24.31
83275004046,5818,90096,1493,478,11,467,7346,32.02
83275004046,5818,90097,1061,390,13,377,5600,36.760000000000005
83275004046,5818,90098,1248,356,12,344,5344,28.53
83275004046,5818,90077,NA,819,10,809,13462,NA
83275004046,5818,90109,NA,664,7,657,10941,NA
83275004046,5818,90110,NA,705,10,695,11377,NA
83275005048,5116,54549,1034,484,21,463,4268,46.809999999999995
83275005048,5116,54550,NA,242,1,241,2277,NA
83275005049,6101,89861,1530,317,19,298,4962,20.72
83275005049,6101,89862,1506,456,20,436,7433,30.28
83275005049,6101,89863,1537,453,37,416,6931,29.47
83275005049,6101,89869,1381,433,26,407,6822,31.35
83275005049,6101,89870,1536,442,14,428,6979,28.78
83275005049,6101,89871,1430,434,20,414,6762,30.35
83275005049,6101,89872,1387,442,23,419,6662,31.87
83275005049,6101,89873,1445,519,20,499,8287,35.92
83275005049,6101,89874,1319,463,13,450,7695,35.1
83275005049,6101,91002,NA,766,19,747,14586,NA
83275005049,6101,91003,NA,460,13,447,8621,NA
83275005049,6101,91004,NA,644,18,626,12368,NA
83275005049,6101,91005,NA,552,11,541,9858,NA
83275006038,6777,93667,1909,681,55,626,7494,35.67
83275006038,6777,93669,649,368,22,346,3767,56.7
83275006038,6777,93670,546,241,13,228,2626,44.14
83275006038,6777,93671,NA,576,26,550,6653,NA
83275006050,3381,66265,1191,227,7,220,5361,19.06
83275006050,3381,66266,1276,387,9,378,9483,30.33
83275006050,3381,66267,1263,246,13,233,5547,19.479999999999997
83275006050,3381,66268,1297,321,6,315,7222,24.75
83275006050,3381,66269,1092,281,5,276,6783,25.73
83275006050,3381,66270,994,374,7,367,9463,37.63
83275006050,3381,66271,1006,290,6,284,7092,28.83
83275006050,3381,66272,1010,346,11,335,7729,34.260000000000005
83275006050,3381,66273,1057,373,8,365,8989,35.290000000000006
83275006050,3381,66274,1203,365,10,355,8113,30.34
83275006050,3381,66275,1094,459,10,449,12167,41.96
83275006050,3381,66276,998,361,10,351,8874,36.17
83275006050,3381,66277,1139,378,9,369,8871,33.190000000000005
83275006050,3381,66278,1176,368,6,362,8647,31.29
83275006050,3381,66279,1097,426,8,418,10556,38.83
83275006050,3381,66280,1306,400,3,397,9841,30.630000000000003
83275006050,3381,66281,1252,275,7,268,6089,21.959999999999997
83275006050,3381,66282,958,365,6,359,9095,38.1
83275006050,3381,66283,926,351,16,335,8793,37.9
83275006050,3381,66284,1010,395,16,379,10019,39.11
83275006050,3381,66285,1200,442,15,427,9993,36.83
83275006050,3381,66286,326,131,5,126,2838,40.18
83275006050,3381,66287,1049,453,10,443,11197,43.18
83275006050,3381,66288,1275,581,13,568,13876,45.57
83275006050,3381,66289,NA,520,9,511,14165,NA
83275006050,3381,66290,NA,498,8,490,14011,NA
83275006050,3381,66291,NA,485,2,483,13012,NA
83275006050,3381,66292,NA,452,11,441,12429,NA
83275006050,3381,66293,NA,436,3,433,12136,NA
83275006050,3381,66294,NA,465,7,458,12959,NA
83275006050,3381,66295,NA,420,8,412,11605,NA
83275006050,3381,66296,NA,428,6,422,11629,NA
83275006050,3381,85389,NA,455,10,445,12245,NA
83275006054,5386,61439,1413,583,34,549,7072,41.260000000000005
83275006054,5386,61440,1689,744,39,705,9149,44.05
83275006054,5386,61441,NA,773,13,760,9488,NA
83275006055,6056,91298,2000,787,12,775,6183,39.349999999999994
83275006055,6056,91299,NA,479,0,479,4118,NA
83275006056,5218,86157,2299,917,7,910,7369,39.89
83275006056,5218,86158,NA,540,6,534,4509,NA
83275006057,4834,84643,2471,886,30,856,10936,35.86
83275006057,4834,84644,1407,616,14,602,7949,43.78
83275006057,4834,84645,NA,1067,6,1061,14191,NA
83350035035,5477,92999,1156,477,23,454,7170,41.260000000000005
83350035035,5477,93000,930,334,17,317,5044,35.91
83350035035,5477,93010,928,331,23,308,4648,35.67
83350035035,5477,93002,982,361,17,344,5419,36.760000000000005
83350035035,5477,93003,501,217,6,211,3086,43.309999999999995
83350035035,5477,93011,378,190,13,177,2329,50.260000000000005
83350035035,5477,93005,693,313,27,286,3695,45.17
83350035035,5477,93006,596,238,25,213,2741,39.93
83350035035,5477,93007,917,426,43,383,5055,46.46
83350035035,5477,93008,NA,523,18,505,8011,NA
83350035035,5477,93012,NA,564,16,548,8717,NA
83350035035,5477,93013,NA,622,33,589,8162,NA
83350063063,1753,59506,851,250,10,240,5330,29.38
83350063063,1753,59507,923,299,15,284,6609,32.39
83350063063,1753,59508,973,322,11,311,7016,33.09
83350063063,1753,59509,928,312,13,299,6497,33.620000000000005
83350063063,1753,59510,1201,366,13,353,8050,30.47
83350063063,1753,59511,1024,326,13,313,7136,31.84
83350063063,1753,59512,942,265,20,245,5290,28.130000000000003
83350063063,1753,59513,927,343,22,321,7032,37
83350063063,1753,59514,943,329,16,313,7281,34.89
83350063063,1753,59515,885,277,13,264,6132,31.3
83350063063,1753,59516,943,303,17,286,6236,32.13
83350063063,1753,59517,1119,442,17,425,9461,39.5
83350063063,1753,59518,952,323,8,315,7074,33.93
83350063063,1753,59519,945,418,14,404,9459,44.23
83350063063,1753,59520,701,268,10,258,5761,38.23
83350063063,1753,59521,871,258,12,246,5925,29.62
83350063063,1753,59522,758,261,12,249,5651,34.43
83350063063,1753,59523,1076,456,19,437,9853,42.379999999999995
83350063063,1753,59524,832,309,11,298,6909,37.14
83350063063,1753,59525,666,233,8,225,5205,34.98
83350063063,1753,59526,1043,404,26,378,8244,38.73
83350063063,1753,59527,578,245,9,236,5160,42.39
83350063063,1753,59528,624,261,18,243,4901,41.83
83350063063,1753,59529,807,387,9,378,8288,47.96
83350063063,1753,59530,817,354,12,342,7709,43.33
83350063063,1753,59531,1036,477,22,455,10224,46.04
83350063063,1753,59532,619,266,11,255,5843,42.97
83350063063,1753,59533,542,221,9,212,4341,40.77
83350063063,1753,59534,520,232,14,218,4579,44.620000000000005
83350063063,1753,59535,NA,530,14,516,11843,NA
83350063063,1753,59536,NA,795,7,788,18803,NA
83350063063,1753,59537,NA,496,6,490,11845,NA
83350063063,1753,59538,NA,628,11,617,14508,NA
83350063063,1753,59539,NA,756,12,744,17497,NA
83350063063,1753,59540,NA,450,10,440,10197,NA
83350063063,1753,59541,NA,440,10,430,10137,NA
83350063063,1753,59542,NA,910,11,899,21126,NA
83350063063,1753,59543,NA,717,10,707,15960,NA
83350063063,1753,59544,NA,739,16,723,16489,NA
83350080080,1691,54335,250,125,13,112,1200,50
83350080080,1691,54336,317,123,1,122,1659,38.8
83350080080,1691,54337,614,293,12,281,3790,47.720000000000006
83350080080,1691,54338,91,64,1,63,844,70.33
83350080080,1691,54339,1124,456,15,441,6178,40.57
83350080080,1691,54340,144,50,2,48,607,34.720000000000006
83350080080,1691,54341,744,384,10,374,5483,51.61
83350080080,1691,54342,200,100,2,98,1396,50
83350080080,1691,54343,299,149,6,143,2039,49.83
83350080080,1691,54344,NA,876,16,860,12078,NA
83355001001,6463,92798,1927,778,31,747,6830,40.37
83355001001,6463,92799,NA,414,13,401,3814,NA
83355001022,4583,84391,1261,482,21,461,7165,38.220000000000006
83355001022,4583,84392,1269,520,28,492,7547,40.98
83355001022,4583,84393,1345,408,12,396,5983,30.33
83355001022,4583,84394,1317,453,18,435,6888,34.4
83355001022,4583,84397,760,305,13,292,4557,40.13
83355001022,4583,84429,487,222,6,216,3332,45.59
83355001022,4583,84430,1240,531,24,507,7997,42.82
83355001022,4583,84431,209,122,5,117,1780,58.37
83355001022,4583,84432,146,95,7,88,1443,65.07
83355001022,4583,84433,242,126,4,122,1929,52.07
83355001022,4583,84434,214,83,3,80,1157,38.790000000000006
83355001022,4583,84435,252,121,4,117,1749,48.02
83355001022,4583,84395,NA,642,13,629,10122,NA
83355001022,4583,84398,NA,673,20,653,10558,NA
83355001022,4583,84399,NA,628,7,621,10293,NA
83355001097,4110,91986,763,311,12,299,3765,40.760000000000005
83355001097,4110,91987,1067,493,21,472,5980,46.2
83355001097,4110,91988,1330,612,11,601,7796,46.02
83355001097,4110,91989,NA,356,2,354,4758,NA
83355001097,4110,91990,NA,298,5,293,3915,NA
83355002015,5865,90204,941,340,21,319,3013,36.13
83355002015,5865,90205,NA,153,11,142,1372,NA
83355002026,4511,82928,1234,473,22,451,5051,38.33
83355002026,4511,82929,1116,490,19,471,5231,43.91
83355002026,4511,82930,NA,483,1,482,5471,NA
83355002028,2895,62640,2437,799,67,732,12853,32.790000000000006
83355002028,2895,62641,2547,793,48,745,13448,31.130000000000003
83355002028,2895,62642,1143,450,16,434,7463,39.37
83355002028,2895,62643,1063,429,17,412,7471,40.36
83355002028,2895,62644,1259,501,23,478,8847,39.790000000000006
83355002028,2895,62645,NA,577,12,565,10785,NA
83355002028,2895,62646,NA,583,16,567,10838,NA
83355002028,2895,62647,NA,571,15,556,10844,NA
83355003025,2659,60958,1281,454,13,441,5850,35.44
83355003025,2659,60959,1388,467,6,461,6217,33.65
83355003025,2659,60960,NA,415,8,407,5571,NA
83355003025,2659,60961,NA,504,5,499,6740,NA
83355003055,2984,57059,1015,452,14,438,5756,44.53
83355003055,2984,57060,545,276,2,274,3670,50.64
83355003055,2984,57061,613,277,6,271,3560,45.190000000000005
83355003055,2984,57062,585,300,3,297,3952,51.28
83355003055,2984,57063,NA,449,7,442,5876,NA
83355003055,2984,57064,NA,288,17,271,3676,NA
83355003061,4692,83880,1627,597,11,586,7835,36.690000000000005
83355003061,4692,83881,496,221,11,210,2839,44.56
83355003061,4692,83882,783,336,27,309,4172,42.91
83355003061,4692,83884,NA,960,18,942,12716,NA
83355004002,5046,85504,977,405,17,388,6361,41.45
83355004002,5046,85505,1115,400,25,375,6093,35.87
83355004002,5046,85506,989,423,19,404,6443,42.77
83355004002,5046,85507,1109,487,21,466,7488,43.91
83355004002,5046,85508,626,244,12,232,3306,38.98
83355004002,5046,85509,545,265,10,255,3851,48.620000000000005
83355004002,5046,85510,337,162,3,159,2390,48.07
83355004002,5046,85511,NA,636,14,622,10146,NA
83355004002,5046,85512,NA,503,13,490,8107,NA
83355004002,5046,85513,NA,418,10,408,6252,NA
83355004043,2027,65626,1833,698,29,669,24764,38.08
83355004043,2027,65627,1806,683,21,662,23827,37.82
83355004043,2027,65628,1904,755,17,738,26909,39.65
83355004043,2027,65629,1889,751,22,729,26400,39.760000000000005
83355004043,2027,65630,2089,864,24,840,30931,41.36
83355004043,2027,65633,1725,737,19,718,26233,42.720000000000006
83355004043,2027,65634,1602,532,28,504,17672,33.21
83355004043,2027,65635,1602,614,18,596,21881,38.33
83355004043,2027,65636,1564,605,12,593,21935,38.68
83355004043,2027,65637,1679,624,19,605,21353,37.16
83355004043,2027,65638,1606,517,17,500,17552,32.190000000000005
83355004043,2027,65639,1914,668,20,648,23825,34.9
83355004043,2027,65640,1713,620,14,606,20689,36.190000000000005
83355004043,2027,65641,1851,735,29,706,25983,39.71
83355004043,2027,65642,1743,494,18,476,16818,28.34
83355004043,2027,65645,1778,644,20,624,23114,36.220000000000006
83355004043,2027,65646,1978,769,19,750,27026,38.879999999999995
83355004043,2027,65647,2049,775,26,749,26995,37.82
83355004043,2027,65649,1588,430,24,406,13269,27.08
83355004043,2027,65650,1300,481,13,468,16965,37
83355004043,2027,65651,1863,743,17,726,26503,39.879999999999995
83355004043,2027,65653,1240,556,11,545,19896,44.84
83355004043,2027,65654,1599,700,10,690,24865,43.78
83355004043,2027,65655,1576,706,15,691,25006,44.8
83355004043,2027,65656,1471,669,16,653,23278,45.48
83355004043,2027,65657,2152,741,30,711,25123,34.43
83355004043,2027,65658,1837,619,15,604,20672,33.7
83355004043,2027,65659,2006,680,27,653,23176,33.9
83355004043,2027,65660,1892,681,32,649,23131,35.99
83355004043,2027,65661,1601,635,16,619,21756,39.66
83355004043,2027,65663,1661,506,19,487,15663,30.459999999999997
83355004043,2027,65664,1704,667,8,659,22646,39.14
83355004043,2027,65665,1725,725,13,712,24904,42.03
83355004043,2027,65667,627,159,3,156,5199,25.36
83355004043,2027,65668,592,310,5,305,11115,52.36
83355004043,2027,65669,1441,603,16,587,20996,41.849999999999994
83355004043,2027,65670,1670,650,16,634,22684,38.92
83355004043,2027,65671,1710,754,21,733,26390,44.09
83355004043,2027,65672,1436,628,21,607,21058,43.73
83355004043,2027,65673,1222,585,29,556,19629,47.87
83355004043,2027,65674,903,386,14,372,13001,42.75
83355004043,2027,65676,NA,526,7,519,19206,NA
83355004043,2027,65677,NA,459,3,456,17207,NA
83355004043,2027,65678,NA,500,9,491,17966,NA
83355004043,2027,65679,NA,503,11,492,18176,NA
83355004043,2027,65680,NA,562,11,551,20293,NA
83355004043,2027,65681,NA,444,6,438,16469,NA
83355004043,2027,65682,NA,382,6,376,13412,NA
83355004043,2027,65683,NA,377,4,373,13769,NA
83355004043,2027,65684,NA,362,9,353,13210,NA
83355004043,2027,65685,NA,374,6,368,13189,NA
83355004043,2027,65686,NA,257,5,252,9068,NA
83355004043,2027,65687,NA,452,11,441,16370,NA
83355004043,2027,65688,NA,331,3,328,12070,NA
83355004043,2027,65689,NA,391,8,383,14473,NA
83355004043,2027,65690,NA,304,4,300,10976,NA
83355004043,2027,65691,NA,455,11,444,16357,NA
83355004043,2027,65692,NA,513,12,501,18733,NA
83355004043,2027,65693,NA,549,4,545,20073,NA
83355004043,2027,65694,NA,179,5,174,6394,NA
83355004043,2027,65695,NA,229,3,226,8510,NA
83355004043,2027,65696,NA,481,10,471,17403,NA
83355004043,2027,65697,NA,439,7,432,15731,NA
83355004043,2027,65698,NA,349,11,338,12451,NA
83355004043,2027,65699,NA,378,2,376,13954,NA
83355004043,2027,65700,NA,394,6,388,14238,NA
83355004043,2027,65701,NA,318,4,314,11486,NA
83355004043,2027,65702,NA,314,5,309,11366,NA
83355004043,2027,65703,NA,448,9,439,15808,NA
83355004043,2027,65704,NA,274,5,269,9981,NA
83355004043,2027,65705,NA,294,4,290,10508,NA
83355004043,2027,65706,NA,225,3,222,8210,NA
83355004043,2027,65707,NA,462,10,452,16120,NA
83355004043,2027,65708,NA,315,3,312,11064,NA
83355004043,2027,85241,NA,328,5,323,11894,NA
83355004043,2027,85242,NA,406,10,396,13888,NA
83355004043,2027,85243,NA,453,5,448,16364,NA
83355004043,2027,85244,NA,295,10,285,9976,NA
83355004043,2027,85245,NA,398,16,382,13785,NA
83355004066,4831,84709,1537,545,11,534,7123,35.46
83355004066,4831,84710,1552,603,8,595,8070,38.849999999999994
83355004066,4831,84711,669,208,12,196,2513,31.09
83355004066,4831,84712,494,228,5,223,2924,46.15
83355004066,4831,84713,NA,660,8,652,8749,NA
83355004066,4831,84714,NA,657,8,649,8773,NA
83355005075,1790,82677,1807,480,8,472,11981,26.56
83355005075,1790,82678,2139,528,7,521,13007,24.68
83355005075,1790,82679,1825,466,17,449,11078,25.53
83355005075,1790,82681,1729,576,15,561,14260,33.309999999999995
83355005075,1790,82682,1684,577,18,559,14332,34.260000000000005
83355005075,1790,82684,905,362,7,355,9300,40
83355005075,1790,82685,1494,424,8,416,10315,28.38
83355005075,1790,82686,1476,417,17,400,9190,28.25
83355005075,1790,82687,1053,358,14,344,8404,34
83355005075,1790,82688,2188,831,30,801,18645,37.98
83355005075,1790,82689,2356,550,28,522,12027,23.34
83355005075,1790,82690,1772,425,20,405,8863,23.979999999999997
83355005075,1790,82691,2466,625,42,583,13104,25.34
83355005075,1790,82692,1722,462,26,436,10035,26.83
83355005075,1790,82693,1805,550,20,530,12352,30.47
83355005075,1790,82694,1697,597,18,579,12826,35.18
83355005075,1790,82695,697,344,6,338,7695,49.349999999999994
83355005075,1790,82696,841,405,13,392,9958,48.16
83355005075,1790,82697,1099,503,13,490,11331,45.77
83355005075,1790,82698,1246,513,14,499,12240,41.17
83355005075,1790,82699,1429,656,16,640,15662,45.91
83355005075,1790,82700,1561,668,12,656,16344,42.790000000000006
83355005075,1790,82701,NA,793,18,775,22471,NA
83355005075,1790,82702,NA,581,14,567,16156,NA
83355005075,1790,82703,NA,686,11,675,19415,NA
83355005075,1790,82704,NA,202,5,197,5290,NA
83355005075,1790,82705,NA,417,5,412,11250,NA
83355005075,1790,82706,NA,407,10,397,10421,NA
83355005075,1790,82707,NA,483,5,478,13764,NA
83355005075,1790,82708,NA,391,10,381,10501,NA
83355005075,1790,82709,NA,615,13,602,15923,NA
83355005075,1790,82710,NA,464,11,453,12318,NA
83355005077,4415,82354,2042,827,26,801,10595,40.5
83355005077,4415,82355,2033,833,16,817,10853,40.97
83355005077,4415,82356,NA,543,2,541,7170,NA
83355005077,4415,82357,NA,615,9,606,8206,NA
83355005081,7143,89831,1209,501,16,485,5503,41.44
83355005081,7143,89832,1351,557,18,539,6072,41.23
83355005081,7143,89833,NA,683,8,675,7785,NA
83355005100,6815,93788,2174,762,14,748,12540,35.05
83355005100,6815,93789,2402,835,23,812,13495,34.760000000000005
83355005100,6815,93790,1912,822,20,802,13728,42.99
83355005100,6815,93791,1874,781,16,765,12982,41.68
83355005100,6815,93792,1436,594,12,582,9960,41.36
83355005100,6815,93793,NA,692,6,686,11892,NA
83355005100,6815,93794,NA,669,5,664,11439,NA
83355005100,6815,93795,NA,696,12,684,11845,NA
83355006021,4807,84488,1492,550,33,517,6997,36.86
83355006021,4807,84489,485,247,30,217,2363,50.93
83355006021,4807,84490,362,155,9,146,1971,42.82
83355006021,4807,84491,304,133,15,118,1503,43.75
83355006021,4807,84492,206,109,11,98,1234,52.91
83355006021,4807,84493,236,118,10,108,1185,50
83355006021,4807,84494,NA,289,9,280,3983,NA
83355006021,4807,84495,NA,386,11,375,4759,NA
83355006057,4551,83162,881,537,19,518,5036,60.95
83355006057,4551,83163,267,188,5,183,1797,70.41000000000001
83355006057,4551,83164,188,143,9,134,1143,76.06
83355006057,4551,83165,712,484,31,453,4223,67.98
83355006057,4551,83166,NA,0,0,0,0,NA
83355006079,2647,60794,1349,642,33,609,12344,47.59
83355006079,2647,60795,1398,571,32,539,10786,40.84
83355006079,2647,60796,1331,709,37,672,14009,53.27
83355006079,2647,60797,1320,663,35,628,12677,50.23
83355006079,2647,60798,1142,566,37,529,10739,49.56
83355006079,2647,60799,633,418,27,391,6497,66.03
83355006079,2647,60800,1080,732,28,704,13826,67.78
83355006079,2647,60801,505,298,15,283,5120,59.01
83355006079,2647,60802,400,251,18,233,3804,62.75
83355006079,2647,60803,227,131,5,126,2329,57.71
83355006079,2647,60804,295,208,7,201,3644,70.51
83355006079,2647,60805,296,183,5,178,3198,61.82
83355006079,2647,60806,869,602,41,561,9924,69.28
83355006079,2647,60807,754,558,46,512,9443,74.01
83355006079,2647,60808,732,467,20,447,8456,63.8
83355006079,2647,60809,1059,571,28,543,9686,53.92
83355006096,3672,68218,761,551,12,539,5965,72.4
83355006096,3672,68219,371,262,6,256,2871,70.61999999999999
83355006096,3672,68220,373,248,10,238,2619,66.49000000000001
83355006096,3672,68221,153,119,4,115,1250,77.78
83355006098,3224,83698,1396,542,22,520,6745,38.83
83355006098,3224,83699,1248,441,6,435,5580,35.339999999999996
83355006098,3224,83700,1235,498,19,479,6315,40.32
83355006098,3224,83701,NA,585,8,577,7585,NA
83355006098,3224,83702,NA,579,3,576,7603,NA
83355006099,5203,86113,1530,648,2,646,6380,42.349999999999994
83355006099,5203,86114,1287,644,12,632,6235,50.04
83355006099,5203,86115,NA,438,2,436,4138,NA
83355006099,5203,86116,NA,274,0,274,2714,NA
83360014014,6756,93596,408,288,12,276,3698,70.59
83360014014,6756,93598,871,552,39,513,7658,63.379999999999995
83360014014,6756,93606,1029,621,36,585,8423,60.349999999999994
83360014014,6756,93602,869,592,21,571,8640,68.11999999999999
83360014014,6756,93601,761,534,18,516,7382,70.16999999999999
83360014014,6756,93597,346,268,11,257,3675,77.46000000000001
83360014014,6756,93599,481,324,16,308,4157,67.36
83360014014,6756,93600,511,334,15,319,4108,65.36
83360014014,6756,93607,355,193,12,181,2431,54.37
83360014014,6756,93603,419,278,10,268,3726,66.35
83360014014,6756,93604,393,246,11,235,3198,62.6
83360014014,6756,93605,397,261,12,249,3567,65.74000000000001
83360014014,6756,93740,NA,0,0,0,0,NA
83360014014,6756,93741,NA,0,0,0,0,NA
83360084084,6545,93222,1136,441,29,412,7922,38.82
83360084084,6545,93223,809,306,18,288,5512,37.82
83360084084,6545,93224,1127,467,26,441,8776,41.44
83360084084,6545,93225,1174,426,22,404,8004,36.290000000000006
83360084084,6545,93226,497,216,6,210,3992,43.46
83360084084,6545,93227,382,189,17,172,3179,49.48
83360084084,6545,93228,396,193,7,186,3533,48.74
83360084084,6545,93229,559,270,6,264,5304,48.3
83360084084,6545,93230,459,221,13,208,3660,48.15
83360084084,6545,93231,651,258,6,252,4827,39.63
83360084084,6545,93232,796,321,10,311,5943,40.33
83360084084,6545,93233,NA,390,8,382,7670,NA
83360084084,6545,93234,NA,497,8,489,9857,NA
83360084084,6545,93235,NA,390,8,382,7336,NA
83360084084,6545,93236,NA,350,7,343,6445,NA
83360087087,3559,67330,507,195,4,191,2864,38.46
83360087087,3559,67331,656,242,7,235,3567,36.89
83360087087,3559,67332,542,201,8,193,2936,37.08
83360087087,3559,67333,285,129,6,123,1898,45.260000000000005
83360087087,3559,67334,249,218,5,213,3167,87.55
83360087087,3559,67335,308,215,7,208,2977,69.81
83360087087,3559,67336,192,151,5,146,2178,78.64999999999999
83360087087,3559,67337,252,175,7,168,2392,69.44000000000001
83360087087,3559,67338,293,216,2,214,3314,73.72
83360087087,3559,67339,512,372,8,364,5350,72.66
83360087087,3559,67340,89,50,4,46,698,56.18
83360087087,3559,67341,NA,400,13,387,6016,NA
83360091091,2612,88265,1897,736,27,709,16493,38.8
83360091091,2612,88266,1423,384,10,374,7717,26.99
83360091091,2612,88267,1714,617,18,599,13576,36
83360091091,2612,88268,1605,546,21,525,11764,34.02
83360091091,2612,88269,1315,479,18,461,9995,36.43
83360091091,2612,88270,1660,537,25,512,11305,32.349999999999994
83360091091,2612,88271,1205,355,9,346,7898,29.459999999999997
83360091091,2612,88272,953,328,7,321,6998,34.42
83360091091,2612,88273,1516,374,18,356,7064,24.67
83360091091,2612,88275,1608,393,14,379,8010,24.44
83360091091,2612,88276,463,120,1,119,2830,25.92
83360091091,2612,88277,601,285,5,280,6039,47.42
83360091091,2612,88278,1456,466,18,448,10028,32.01
83360091091,2612,88279,1505,595,27,568,12648,39.53
83360091091,2612,88280,1213,489,16,473,10854,40.309999999999995
83360091091,2612,88281,1422,582,14,568,13347,40.93
83360091091,2612,88282,611,269,7,262,5410,44.03
83360091091,2612,88283,NA,397,7,390,9308,NA
83360091091,2612,88284,NA,412,12,400,9469,NA
83360091091,2612,88285,NA,398,6,392,9012,NA
83360091091,2612,88286,NA,408,14,394,9368,NA
83360091091,2612,88287,NA,410,7,403,9660,NA
83360091091,2612,88288,NA,482,10,472,11137,NA
83360091091,2612,88289,NA,466,10,456,10753,NA
83360091091,2612,93995,NA,442,7,435,10356,NA
83360105105,3398,80309,697,268,5,263,5207,38.45
83360105105,3398,80310,1060,373,3,370,6957,35.190000000000005
83360105105,3398,80311,711,254,2,252,4635,35.720000000000006
83360105105,3398,80312,912,308,4,304,5714,33.77
83360105105,3398,80313,555,167,4,163,3001,30.09
83360105105,3398,80314,772,215,7,208,3665,27.85
83360105105,3398,80315,576,223,4,219,4180,38.720000000000006
83360105105,3398,80316,580,187,1,186,3645,32.24
83360105105,3398,80317,908,255,10,245,4544,28.08
83360105105,3398,80318,1132,381,9,372,7134,33.660000000000004
83360105105,3398,80319,1330,491,17,474,9289,36.92
83360105105,3398,80320,864,285,5,280,5411,32.99
83360105105,3398,80321,1137,471,16,455,8593,41.42
83360105105,3398,80322,NA,388,5,383,7716,NA
83360105105,3398,80323,NA,296,2,294,6048,NA
83360105105,3398,80324,NA,377,5,372,7337,NA
83360105105,3398,80325,NA,302,2,300,5950,NA
83360105105,3398,80326,NA,475,6,469,9362,NA
83360105105,3398,80327,NA,421,5,416,8528,NA
83360107107,6767,93531,149,82,2,80,564,55.03
83360107107,6767,93532,113,60,1,59,419,53.1
83360107107,6767,93533,193,91,0,91,651,47.15
83360107107,6767,93534,185,112,0,112,784,60.54
83360107107,6767,93535,285,178,2,176,1260,62.46
83360107107,6767,93536,359,169,10,159,1186,47.08
83360107107,6767,93537,525,241,4,237,1760,45.9
83360107107,6767,93538,472,228,7,221,1755,48.309999999999995
83360107107,6767,93539,NA,419,2,417,3003,NA
83365001045,5103,85896,1053,660,29,631,9732,62.68
83365001045,5103,85897,1143,691,22,669,10272,60.45
83365001045,5103,85899,906,543,20,523,8053,59.93
83365001045,5103,85900,267,199,5,194,2686,74.53
83365001045,5103,85901,446,310,19,291,3916,69.51
83365001045,5103,85902,431,296,9,287,4161,68.67999999999999
83365001045,5103,85903,217,161,4,157,2253,74.19
83365001045,5103,85904,753,545,15,530,6889,72.38
83365001045,5103,85905,1099,825,64,761,9676,75.07
83365003043,4018,89578,1962,764,12,752,8530,38.94
83365003043,4018,89579,NA,294,2,292,3341,NA
83365003043,4018,89580,NA,293,1,292,3302,NA
83365003050,3260,66201,1165,330,9,321,9049,28.33
83365003050,3260,66202,1502,442,19,423,11467,29.43
83365003050,3260,66203,1571,537,11,526,14828,34.18
83365003050,3260,66204,1460,390,21,369,9519,26.71
83365003050,3260,66250,1421,469,16,453,12332,33
83365003050,3260,66205,1393,493,15,478,13659,35.39
83365003050,3260,66206,1486,537,17,520,14940,36.14
83365003050,3260,66247,1199,409,13,396,10986,34.11
83365003050,3260,66207,1287,384,19,365,9462,29.84
83365003050,3260,66208,1208,473,12,461,13166,39.16
83365003050,3260,66209,1632,545,13,532,15105,33.39
83365003050,3260,66210,1330,367,15,352,9328,27.59
83365003050,3260,66211,1477,410,17,393,10299,27.76
83365003050,3260,66212,1624,731,14,717,21313,45.01
83365003050,3260,66213,1574,592,15,577,16715,37.61
83365003050,3260,66214,1525,552,14,538,15456,36.2
83365003050,3260,66215,1137,468,5,463,13435,41.16
83365003050,3260,66216,1304,467,12,455,13035,35.809999999999995
83365003050,3260,66217,1269,406,15,391,10859,31.99
83365003050,3260,66218,1526,609,18,591,16276,39.91
83365003050,3260,66219,1555,565,29,536,15247,36.33
83365003050,3260,66241,1298,443,19,424,10877,34.13
83365003050,3260,66220,1283,457,24,433,12014,35.620000000000005
83365003050,3260,66221,1266,523,19,504,14143,41.309999999999995
83365003050,3260,66222,1003,403,14,389,11086,40.18
83365003050,3260,66223,1155,475,15,460,13257,41.13
83365003050,3260,66224,1254,521,28,493,13428,41.55
83365003050,3260,66225,NA,225,3,222,6633,NA
83365003050,3260,66226,NA,224,3,221,6499,NA
83365003050,3260,66227,NA,399,7,392,11606,NA
83365003050,3260,66228,NA,266,6,260,7426,NA
83365003050,3260,66229,NA,225,3,222,6342,NA
83365003050,3260,66230,NA,309,2,307,8817,NA
83365003050,3260,66231,NA,341,7,334,9584,NA
83365003050,3260,66232,NA,205,4,201,5691,NA
83365003050,3260,66233,NA,170,2,168,4635,NA
83365003050,3260,66234,NA,247,4,243,7168,NA
83365003050,3260,66235,NA,231,3,228,6784,NA
83365003050,3260,66236,NA,207,3,204,5678,NA
83365003050,3260,66237,NA,157,1,156,4711,NA
83365003050,3260,66238,NA,411,5,406,11929,NA
83365003050,3260,66239,NA,508,4,504,14757,NA
83365003050,3260,94509,NA,378,5,373,10730,NA
83365003050,3260,94510,NA,312,4,308,9066,NA
83365003050,3260,94511,NA,326,2,324,9321,NA
83365003050,3260,94512,NA,179,3,176,4855,NA
83365003050,3260,94513,NA,329,7,322,9401,NA
83365003050,3260,94514,NA,354,6,348,10182,NA
83365003050,3260,94515,NA,177,3,174,5043,NA
83365003050,3260,94516,NA,277,4,273,7495,NA
83365003050,3260,94517,NA,259,3,256,7550,NA
83365003050,3260,94518,NA,208,0,208,5859,NA
83365003050,3260,94519,NA,254,1,253,7331,NA
83365003050,3260,94520,NA,211,3,208,6071,NA
83365004069,3687,90478,1192,411,13,398,10950,34.48
83365004069,3687,90479,1279,332,15,317,7923,25.959999999999997
83365004069,3687,90480,1288,339,12,327,8460,26.32
83365004069,3687,90481,955,237,9,228,6127,24.82
83365004069,3687,90482,1180,284,5,279,7614,24.07
83365004069,3687,90483,1128,338,9,329,8976,29.959999999999997
83365004069,3687,90484,790,244,5,239,6181,30.89
83365004069,3687,90485,996,334,7,327,8887,33.53
83365004069,3687,90486,981,260,9,251,6162,26.5
83365004069,3687,90487,1131,353,15,338,9118,31.21
83365004069,3687,90488,839,313,5,308,8169,37.309999999999995
83365004069,3687,90489,696,316,5,311,8762,45.4
83365004069,3687,90490,887,394,7,387,10946,44.42
83365004069,3687,90491,1002,402,8,394,10894,40.120000000000005
83365004069,3687,90518,930,378,7,371,10330,40.65
83365004069,3687,90493,857,235,12,223,6361,27.42
83365004069,3687,90494,1180,488,12,476,13152,41.36
83365004069,3687,90495,775,254,5,249,6763,32.77
83365004069,3687,90519,653,259,9,250,7056,39.66
83365004069,3687,90497,509,203,4,199,5570,39.879999999999995
83365004069,3687,90498,681,283,11,272,7711,41.56
83365004069,3687,90499,623,301,13,288,7861,48.309999999999995
83365004069,3687,90500,887,391,14,377,10645,44.08
83365004069,3687,90644,771,318,7,311,8579,41.25
83365004069,3687,90502,265,119,4,115,3039,44.91
83365004069,3687,90503,762,292,9,283,7654,38.32
83365004069,3687,90645,604,239,6,233,6280,39.57
83365004069,3687,90505,1108,395,8,387,10579,35.65
83365004069,3687,90507,NA,608,6,602,16934,NA
83365004069,3687,90508,NA,377,2,375,10611,NA
83365004069,3687,90509,NA,521,9,512,14874,NA
83365004069,3687,90510,NA,433,6,427,12294,NA
83365004069,3687,90511,NA,451,9,442,12353,NA
83365004069,3687,90512,NA,514,8,506,14429,NA
83365004069,3687,90646,NA,478,10,468,13060,NA
83365004069,3687,90647,NA,369,4,365,10347,NA
83365004069,3687,90648,NA,627,15,612,17418,NA
83365004069,3687,90649,NA,521,12,509,14441,NA
83365004082,5800,90044,1463,604,47,557,5132,41.290000000000006
83365004082,5800,90045,434,249,17,232,2004,57.37
83365004082,5800,90046,NA,304,22,282,2633,NA
83365005006,4864,84760,1705,740,40,700,9179,43.4
83365005006,4864,84761,862,478,16,462,6552,55.45
83365005006,4864,84762,757,513,16,497,6893,67.77
83365005006,4864,84763,531,300,14,286,3632,56.5
83365005078,4710,84039,1310,776,20,756,11461,59.24
83365005078,4710,84040,1148,658,19,639,9950,57.32
83365005078,4710,84041,797,542,28,514,6949,68.01
83365005078,4710,84042,530,360,20,340,4353,67.92
83365005078,4710,84043,502,385,19,366,4775,76.69
83365005078,4710,84044,562,415,15,400,5415,73.84
83365007034,5643,89537,948,462,3,459,3271,48.73
83365007034,5643,89538,NA,153,0,153,1110,NA
83365007036,4833,84717,1858,826,26,800,9017,44.46
83365007036,4833,84718,NA,403,12,391,4496,NA
83365007057,3108,69475,748,323,2,321,4221,43.18
83365007057,3108,69476,762,312,11,301,3916,40.94
83365007057,3108,69477,865,379,9,370,4701,43.82
83365007057,3108,69478,843,355,14,341,4322,42.11
83365007057,3108,69479,NA,554,7,547,7277,NA
83365007081,4958,84772,893,334,9,325,6170,37.4
83365007081,4958,84773,834,319,11,308,5965,38.25
83365007081,4958,84774,1381,502,43,459,8875,36.349999999999994
83365007081,4958,84776,536,160,6,154,3091,29.85
83365007081,4958,84777,1055,369,19,350,6763,34.98
83365007081,4958,84778,1060,337,14,323,6208,31.79
83365007081,4958,84780,1031,357,15,342,6231,34.63
83365007081,4958,84781,1020,360,14,346,6382,35.290000000000006
83365007081,4958,84783,898,347,14,333,6547,38.64
83365007081,4958,84785,1316,549,23,526,10155,41.720000000000006
83365007081,4958,84786,1059,360,20,340,6278,33.99
83365007081,4958,85551,190,108,6,102,1797,56.84
83365007081,4958,85552,602,262,14,248,4700,43.52
83365007081,4958,85553,596,252,10,242,4252,42.28
83365007081,4958,85554,427,257,9,248,4651,60.190000000000005
83365007081,4958,85555,196,107,2,105,1879,54.59
83365007081,4958,85556,859,376,14,362,6819,43.77
83365007081,4958,85557,491,215,9,206,3501,43.790000000000006
83365007081,4958,85558,513,283,4,279,4680,55.17
83365007081,4958,85559,509,278,4,274,5044,54.620000000000005
83365007081,4958,85560,NA,381,3,378,7518,NA
83365007081,4958,85631,NA,439,7,432,8596,NA
83365007081,4958,85749,NA,341,3,338,6742,NA
83365007081,4958,85750,NA,339,15,324,6325,NA
83365007081,4958,85751,NA,376,11,365,7307,NA
83365007081,4958,85752,NA,328,6,322,6263,NA
83365007081,4958,89426,NA,348,8,340,6858,NA
83365007081,4958,89427,NA,322,6,316,6014,NA
83365009103,5229,54141,769,314,8,306,5044,40.83
83365009103,5229,54142,582,225,8,217,3554,38.66
83365009103,5229,54143,674,225,6,219,3606,33.379999999999995
83365009103,5229,54144,804,288,13,275,4392,35.82
83365009103,5229,54145,159,88,3,85,1421,55.349999999999994
83365009103,5229,54146,682,222,11,211,3362,32.55
83365009103,5229,54147,385,227,9,218,3567,58.96
83365009103,5229,54148,310,153,3,150,2430,49.349999999999994
83365009103,5229,54149,129,86,3,83,1366,66.66999999999999
83365009103,5229,54150,154,84,0,84,1382,54.55
83365009103,5229,54152,NA,825,11,814,13755,NA
83370002002,6052,91272,527,227,9,218,3992,43.07
83370002002,6052,91273,459,144,3,141,2599,31.37
83370002002,6052,91274,846,300,20,280,4893,35.46
83370002002,6052,91275,1373,436,28,408,7280,31.76
83370002002,6052,91276,315,180,2,178,3225,57.14
83370002002,6052,91277,474,278,6,272,5003,58.65
83370002002,6052,91279,702,324,8,316,5331,46.15
83370002002,6052,91285,578,231,12,219,3358,39.97
83370002002,6052,91284,634,269,8,261,4262,42.43
83370002002,6052,91286,NA,1164,28,1136,20629,NA
83370038038,4610,83399,1064,379,17,362,4527,35.620000000000005
83370038038,4610,83400,1211,445,20,425,5366,36.75
83370038038,4610,83401,1064,360,12,348,4491,33.83
83370038038,4610,83402,NA,437,3,434,5716,NA
83370038038,4610,83403,NA,314,6,308,4029,NA
83370038038,4610,83404,NA,429,2,427,5565,NA
83370062062,3320,66853,1574,575,17,558,8407,36.53
83370062062,3320,66854,1089,475,22,453,6648,43.620000000000005
83370062062,3320,66855,1485,676,39,637,9575,45.52
83370062062,3320,66856,409,182,3,179,2662,44.5
83370062062,3320,66857,187,104,4,100,1448,55.61
83370062062,3320,66858,180,106,4,102,1461,58.89
83370062062,3320,66859,731,365,16,349,5130,49.93
83370062062,3320,66860,210,113,6,107,1587,53.809999999999995
83370062062,3320,66861,NA,1045,19,1026,16011,NA
83370066066,5169,92342,876,288,4,284,4311,32.879999999999995
83370066066,5169,92988,742,294,3,291,4491,39.620000000000005
83370066066,5169,92989,987,338,8,330,4439,34.25
83370066066,5169,92990,962,330,4,326,4860,34.3
83370066066,5169,92991,513,214,2,212,3267,41.720000000000006
83370066066,5169,92992,786,230,14,216,3396,29.26
83370066066,5169,92993,990,384,10,374,5616,38.790000000000006
83370066066,5169,92994,485,246,10,236,3728,50.720000000000006
83370066066,5169,92995,461,200,1,199,2954,43.379999999999995
83370066066,5169,92996,NA,403,3,400,6514,NA
83370066066,5169,92997,NA,381,8,373,6048,NA
83370066066,5169,92998,NA,489,4,485,7705,NA
83370106106,5239,92498,1575,602,33,569,9183,38.220000000000006
83370106106,5239,92499,416,253,13,240,3760,60.82
83370106106,5239,92504,169,115,2,113,1694,68.05
83370106106,5239,92505,328,190,1,189,3035,57.93
83370106106,5239,92506,235,133,2,131,2019,56.6
83370106106,5239,92507,195,131,5,126,2055,67.17999999999999
83370106106,5239,92508,322,190,1,189,3026,59.01
83370106106,5239,92509,268,134,5,129,2066,50
83370106106,5239,92510,241,154,1,153,2447,63.9
83370106106,5239,92511,423,226,5,221,3609,53.43
83370106106,5239,92512,NA,665,10,655,10787,NA
83370116116,4369,65386,913,370,8,362,5628,40.53
83370116116,4369,65387,1205,489,13,476,7492,40.58
83370116116,4369,65388,1444,425,10,415,6287,29.43
83370116116,4369,65389,1319,487,9,478,7522,36.92
83370116116,4369,65390,925,319,10,309,4707,34.49
83370116116,4369,65391,1290,497,9,488,7629,38.53
83370116116,4369,65392,478,193,5,188,2951,40.379999999999995
83370116116,4369,65393,1241,469,7,462,7235,37.790000000000006
83370116116,4369,65394,1364,510,20,490,7447,37.39
83370116116,4369,65395,NA,363,2,361,5857,NA
83370116116,4369,65396,NA,361,3,358,5908,NA
83370116116,4369,65397,NA,363,8,355,5763,NA
83370116116,4369,65398,NA,354,3,351,5606,NA
83370116116,4369,65399,NA,410,5,405,6547,NA
83375001022,2222,57240,1425,447,12,435,7328,31.37
83375001022,2222,57241,1182,301,12,289,4455,25.47
83375001022,2222,57242,1306,403,17,386,6246,30.86
83375001022,2222,57243,674,282,2,280,4717,41.84
83375001022,2222,57244,907,441,2,439,7293,48.620000000000005
83375001022,2222,57245,NA,661,9,652,10991,NA
83375001022,2222,57246,NA,654,11,643,10721,NA
83375001127,5254,86817,957,474,6,468,4448,49.53
83375001127,5254,86818,NA,268,4,264,2518,NA
83375002060,2877,63429,1499,570,18,552,8693,38.03
83375002060,2877,63430,1543,647,23,624,9898,41.93
83375002060,2877,63431,803,368,7,361,6119,45.83
83375002060,2877,63432,NA,348,7,341,5632,NA
83375002060,2877,63433,NA,327,5,322,5207,NA
83375002070,4875,88242,1663,608,19,589,6548,36.56
83375002070,4875,88243,NA,345,2,343,3963,NA
83375003053,4213,83359,1431,535,21,514,6693,37.39
83375003053,4213,83360,725,335,8,327,4330,46.21
83375003053,4213,83387,724,329,15,314,4132,45.44
83375003053,4213,83388,NA,351,2,349,4604,NA
83375003053,4213,83390,NA,360,3,357,4824,NA
83375003125,2534,59874,723,308,6,302,4778,42.6
83375003125,2534,59875,789,317,6,311,5017,40.18
83375003125,2534,59876,249,147,7,140,2073,59.04
83375003125,2534,59877,889,422,10,412,6772,47.47
83375003125,2534,59878,542,182,3,179,2739,33.58
83375003125,2534,59900,530,213,1,212,3429,40.190000000000005
83375003125,2534,59879,273,144,4,140,2093,52.75
83375003125,2534,59880,107,70,1,69,1021,65.42
83375003125,2534,59881,220,122,5,117,1818,55.45
83375003125,2534,59882,NA,385,1,384,6226,NA
83375003125,2534,59883,NA,380,4,376,6045,NA
83375004039,4923,83936,1487,585,8,577,5581,39.34
83375004039,4923,83937,188,110,4,106,997,58.51
83375004039,4923,83938,78,52,1,51,483,66.66999999999999
83375004039,4923,83939,NA,475,1,474,4547,NA
83375004128,6352,92436,710,343,8,335,5226,48.309999999999995
83375004128,6352,92437,899,390,10,380,6007,43.379999999999995
83375004128,6352,92438,307,165,3,162,2258,53.75
83375004128,6352,92443,176,88,0,88,1186,50
83375004128,6352,92444,192,109,3,106,1542,56.77
83375004128,6352,92439,322,137,5,132,1961,42.55
83375004128,6352,92440,865,343,17,326,4930,39.65
83375004128,6352,92441,570,239,7,232,3554,41.93
83375004128,6352,92442,NA,907,10,897,14360,NA
83375005049,1993,55669,929,375,10,365,4120,40.37
83375005049,1993,55670,282,91,1,90,1004,32.27
83375005049,1993,60373,221,80,1,79,869,36.2
83375005049,1993,60374,97,43,5,38,420,44.33
83375005049,1993,60375,281,108,1,107,1177,38.43
83375005049,1993,60376,132,56,2,54,628,42.42
83375005049,1993,60377,124,51,1,50,556,41.13
83375005049,1993,60378,NA,439,9,430,4859,NA
83375005076,6254,93103,1154,355,10,345,5334,30.76
83375005076,6254,93104,1313,392,10,382,5898,29.86
83375005076,6254,93105,1312,546,14,532,8626,41.620000000000005
83375005076,6254,93106,624,282,3,279,4516,45.190000000000005
83375005076,6254,93107,934,381,2,379,5965,40.790000000000006
83375005076,6254,93108,NA,554,6,548,8991,NA
83375005076,6254,93109,NA,523,3,520,8628,NA
83375005090,4558,83080,655,294,13,281,3631,44.89
83375005090,4558,83081,482,253,4,249,3329,52.49
83375005090,4558,83082,447,216,8,208,2648,48.32
83375005090,4558,83083,817,405,12,393,5078,49.57
83375005090,4558,83084,321,178,11,167,2243,55.45
83375005090,4558,83085,344,191,3,188,2449,55.52
83375005090,4558,83086,NA,505,5,500,6466,NA
83375005096,3439,66693,1074,281,8,273,5124,26.16
83375005096,3439,66694,1476,482,17,465,8603,32.660000000000004
83375005096,3439,66695,1236,356,8,348,6250,28.8
83375005096,3439,66696,1310,386,10,376,6532,29.47
83375005096,3439,66697,1362,489,14,475,9056,35.9
83375005096,3439,66698,1389,374,10,364,6864,26.93
83375005096,3439,66699,1478,571,11,560,10613,38.63
83375005096,3439,66700,1570,597,19,578,11154,38.03
83375005096,3439,66701,1256,581,14,567,10705,46.260000000000005
83375005096,3439,66702,671,340,10,330,6407,50.67
83375005096,3439,66703,519,261,7,254,4832,50.290000000000006
83375005096,3439,66704,NA,599,11,588,11716,NA
83375005096,3439,66705,NA,578,2,576,11512,NA
83375005096,3439,66706,NA,504,8,496,9822,NA
83375005096,3439,66707,NA,488,4,484,9617,NA
83375006013,3348,65971,1492,729,4,725,7016,48.86
83375006013,3348,65972,NA,349,2,347,3418,NA
83375006045,4586,66582,979,600,5,595,3914,61.290000000000006
83375006051,4579,83324,1070,368,14,354,3794,34.39
83375006051,4579,83325,945,463,6,457,5186,48.99
83375006051,4579,83326,NA,460,4,456,5164,NA
83375006097,5092,85632,883,257,12,245,2607,29.110000000000003
83375006097,5092,85633,1077,339,19,320,3538,31.479999999999997
83375006097,5092,85634,423,202,3,199,2276,47.75
83375006097,5092,85635,285,136,2,134,1428,47.720000000000006
83375006097,5092,85636,NA,282,5,277,3087,NA
83375006097,5092,85637,NA,273,4,269,3044,NA
83375007032,3615,67705,950,457,6,451,3776,48.11
83375007032,3615,67706,902,415,6,409,3345,46.01
83375007032,3615,67707,NA,369,0,369,3098,NA
83375007065,6813,80270,763,307,10,297,4971,40.24
83375007065,6813,80271,892,317,4,313,5127,35.54
83375007065,6813,80272,725,368,9,359,6072,50.760000000000005
83375007065,6813,80273,871,315,10,305,5029,36.17
83375007065,6813,80274,866,354,13,341,5553,40.879999999999995
83375007065,6813,80275,911,408,8,400,6841,44.790000000000006
83375007065,6813,80276,943,314,14,300,4747,33.3
83375007065,6813,80277,NA,488,5,483,8315,NA
83375007065,6813,80278,NA,541,8,533,9068,NA
83375007065,6813,80279,NA,269,2,267,4461,NA
83375007118,5433,88252,998,527,11,516,5789,52.809999999999995
83375007118,5433,88253,652,364,9,355,4070,55.83
83375007118,5433,88254,916,425,3,422,4843,46.4
83375007118,5433,88255,NA,579,4,575,6514,NA
83375007126,2657,88537,379,192,11,181,4119,50.66
83375007126,2657,88538,345,167,5,162,3677,48.41
83375007126,2657,88539,195,109,6,103,2320,55.9
83375007126,2657,88540,271,143,9,134,2932,52.77
83375007126,2657,88541,304,154,3,151,3417,50.66
83375007126,2657,88542,616,216,7,209,4273,35.06
83375007126,2657,88543,662,264,11,253,5598,39.879999999999995
83375007126,2657,88544,236,159,5,154,3416,67.36999999999999
83375007126,2657,88545,161,90,1,89,2120,55.9
83375007126,2657,88546,241,122,2,120,2399,50.620000000000005
83375007126,2657,88547,212,127,3,124,2985,59.91
83375007126,2657,88549,1227,353,14,339,7483,28.77
83375007126,2657,88551,1503,458,34,424,9237,30.47
83375007126,2657,88552,806,239,7,232,5466,29.65
83375007126,2657,88554,1104,389,15,374,8639,35.24
83375007126,2657,88555,1030,304,22,282,5894,29.51
83375007126,2657,88557,465,162,7,155,3416,34.839999999999996
83375007126,2657,88559,585,244,7,237,5520,41.71
83375007126,2657,88560,888,325,21,304,6801,36.6
83375007126,2657,88561,1457,466,33,433,9491,31.979999999999997
83375007126,2657,88563,807,221,9,212,4567,27.39
83375007126,2657,88564,639,272,13,259,6002,42.57
83375007126,2657,88565,662,180,11,169,3752,27.19
83375007126,2657,88566,993,317,22,295,6480,31.92
83375007126,2657,88567,991,374,14,360,8194,37.74
83375007126,2657,88568,927,268,9,259,5845,28.91
83375007126,2657,88569,NA,400,17,383,9125,NA
83375007126,2657,88570,NA,335,5,330,7805,NA
83375007126,2657,88571,NA,379,1,378,9079,NA
83375007126,2657,88572,NA,348,7,341,8223,NA
83375007126,2657,88573,NA,275,5,270,6350,NA
83375007126,2657,88574,NA,368,7,361,8564,NA
83375007126,2657,88575,NA,644,18,626,14215,NA
83375008123,5430,83904,1808,772,22,750,12699,42.7
83375008123,5430,83905,1461,577,30,547,9156,39.49
83375008123,5430,83906,696,297,8,289,4728,42.67
83375008123,5430,83907,864,420,12,408,6826,48.61
83375008123,5430,83908,224,102,3,99,1701,45.54
83375008123,5430,83909,NA,907,10,897,15385,NA
83375008124,2637,60816,1351,897,12,885,7004,66.4
84150014014,4603,83487,1572,497,16,481,7479,31.62
84150014014,4603,83488,1537,553,21,532,8676,35.98
84150014014,4603,83489,1181,498,7,491,8202,42.17
84150014014,4603,83490,1298,525,6,519,8421,40.45
84150014014,4603,83491,1068,448,14,434,7335,41.95
84150014014,4603,83492,1109,456,17,439,7105,41.120000000000005
84150014014,4603,83493,NA,847,26,821,14016,NA
84150014014,4603,83494,NA,769,3,766,13011,NA
84150019019,4054,69776,1705,740,20,720,12153,43.4
84150019019,4054,69777,1777,641,10,631,10508,36.07
84150019019,4054,69778,1808,586,9,577,9330,32.41
84150019019,4054,69783,1687,545,9,536,8592,32.309999999999995
84150019019,4054,69784,1574,473,20,453,7278,30.05
84150019019,4054,69779,NA,517,5,512,8700,NA
84150019019,4054,69780,NA,682,0,682,11441,NA
84150019019,4054,69781,NA,567,2,565,9475,NA
84150019019,4054,69782,NA,654,4,650,11057,NA
84150059059,3258,65109,1136,343,7,336,6582,30.19
84150059059,3258,65110,1054,306,8,298,5959,29.03
84150059059,3258,65111,1067,404,12,392,7961,37.86
84150059059,3258,65112,1184,446,20,426,8485,37.67
84150059059,3258,65113,1134,318,7,311,5937,28.04
84150059059,3258,65114,997,363,9,354,6467,36.41
84150059059,3258,65115,1274,397,6,391,7985,31.16
84150059059,3258,65116,1201,366,16,350,6878,30.47
84150059059,3258,65117,885,307,8,299,6010,34.690000000000005
84150059059,3258,65118,1190,450,13,437,8790,37.82
84150059059,3258,65119,942,395,16,379,7537,41.93
84150059059,3258,65120,1078,367,19,348,7106,34.04
84150059059,3258,65121,1067,495,16,479,9460,46.39
84150059059,3258,65122,1029,448,12,436,8937,43.54
84150059059,3258,65123,NA,620,4,616,12780,NA
84150059059,3258,65124,NA,549,6,543,11237,NA
84150059059,3258,65125,NA,594,13,581,12005,NA
84150059059,3258,65126,NA,510,2,508,10569,NA
84150059059,3258,65127,NA,562,4,558,11280,NA
84150059059,3258,65128,NA,452,2,450,9284,NA
84150061061,1896,57337,1721,445,5,440,15722,25.86
84150061061,1896,57338,1792,555,17,538,19018,30.97
84150061061,1896,57339,1285,388,16,372,13294,30.19
84150061061,1896,69751,1647,574,13,561,20122,34.849999999999994
84150061061,1896,57340,1553,552,17,535,19220,35.54
84150061061,1896,57341,1524,487,15,472,17180,31.959999999999997
84150061061,1896,57342,1249,466,4,462,16785,37.309999999999995
84150061061,1896,69752,1524,513,13,500,17514,33.660000000000004
84150061061,1896,57343,1941,570,15,555,19187,29.37
84150061061,1896,57344,1315,624,15,609,22855,47.45
84150061061,1896,57345,1508,522,15,507,18037,34.620000000000005
84150061061,1896,57346,1629,477,12,465,16049,29.28
84150061061,1896,57347,1332,548,11,537,19527,41.14
84150061061,1896,69753,1433,540,19,521,19051,37.68
84150061061,1896,57348,1858,595,31,564,18842,32.02
84150061061,1896,57349,1701,631,38,593,20657,37.1
84150061061,1896,57350,1582,496,12,484,17465,31.35
84150061061,1896,69754,1431,381,13,368,12565,26.62
84150061061,1896,57351,1919,451,15,436,14025,23.5
84150061061,1896,57352,1207,424,5,419,15246,35.13
84150061061,1896,57353,1279,394,21,373,12808,30.81
84150061061,1896,57354,1476,510,5,505,18194,34.55
84150061061,1896,69755,1276,458,7,451,15943,35.89
84150061061,1896,57355,1689,563,23,540,17985,33.33
84150061061,1896,57356,1510,425,23,402,13548,28.15
84150061061,1896,57357,1741,501,17,484,15902,28.78
84150061061,1896,57358,1574,536,21,515,17036,34.05
84150061061,1896,57359,1876,632,31,601,20334,33.690000000000005
84150061061,1896,69756,1381,399,15,384,12710,28.89
84150061061,1896,57360,1590,570,14,556,20190,35.849999999999994
84150061061,1896,57361,1530,533,15,518,18077,34.839999999999996
84150061061,1896,57362,1855,549,19,530,18688,29.6
84150061061,1896,57363,1367,440,19,421,14228,32.190000000000005
84150061061,1896,69762,1237,435,13,422,15086,35.17
84150061061,1896,57364,1646,566,14,552,19689,34.39
84150061061,1896,57365,1409,418,8,410,13997,29.67
84150061061,1896,57366,1397,469,13,456,15827,33.57
84150061061,1896,57367,1360,384,20,364,12726,28.24
84150061061,1896,57368,1388,458,18,440,15535,33
84150061061,1896,57369,1344,501,14,487,17289,37.28
84150061061,1896,57370,1420,512,21,491,16629,36.06
84150061061,1896,57371,1329,503,19,484,17114,37.849999999999994
84150061061,1896,57372,1218,389,10,379,13386,31.94
84150061061,1896,69766,1097,470,17,453,16055,42.84
84150061061,1896,57373,1234,432,35,397,13783,35.01
84150061061,1896,57374,1495,662,24,638,20597,44.28
84150061061,1896,57375,784,315,10,305,9270,40.18
84150061061,1896,57376,842,303,9,294,10073,35.99
84150061061,1896,69763,897,380,8,372,12396,42.36
84150061061,1896,57377,1015,363,13,350,11823,35.760000000000005
84150061061,1896,69764,1003,374,11,363,12395,37.290000000000006
84150061061,1896,57378,1013,385,19,366,12078,38.01
84150061061,1896,57379,1010,406,12,394,13208,40.2
84150061061,1896,57380,921,372,5,367,12680,40.39
84150061061,1896,57381,726,374,14,360,11816,51.52
84150061061,1896,57382,1450,553,19,534,18732,38.14
84150061061,1896,57383,1430,522,16,506,17159,36.5
84150061061,1896,57384,1449,480,30,450,15913,33.13
84150061061,1896,57385,845,290,8,282,9459,34.32
84150061061,1896,69765,890,329,12,317,10352,36.97
84150061061,1896,57386,1452,548,22,526,18142,37.74
84150061061,1896,57387,1310,485,25,460,16032,37.02
84150061061,1896,57388,NA,597,2,595,22006,NA
84150061061,1896,57389,NA,590,10,580,21355,NA
84150061061,1896,57390,NA,571,10,561,20408,NA
84150061061,1896,57391,NA,585,7,578,21046,NA
84150061061,1896,57392,NA,375,4,371,13387,NA
84150061061,1896,57393,NA,598,11,587,21767,NA
84150061061,1896,57395,NA,508,11,497,17877,NA
84150061061,1896,57396,NA,489,2,487,17492,NA
84150061061,1896,57398,NA,482,5,477,16966,NA
84150061061,1896,57399,NA,584,7,577,20861,NA
84150061061,1896,57400,NA,509,5,504,17977,NA
84150061061,1896,57401,NA,605,6,599,22831,NA
84150061061,1896,57402,NA,548,11,537,18914,NA
84150061061,1896,57403,NA,460,2,458,15784,NA
84150061061,1896,57404,NA,534,4,530,18981,NA
84150061061,1896,57405,NA,659,8,651,23588,NA
84150061061,1896,57406,NA,969,9,960,36005,NA
84150061061,1896,57409,NA,545,11,534,18190,NA
84150061061,1896,57410,NA,758,9,749,27361,NA
84150061061,1896,57411,NA,414,7,407,14094,NA
84150061061,1896,57412,NA,683,11,672,24950,NA
84150061061,1896,57413,NA,335,3,332,11914,NA
84150061061,1896,57414,NA,668,7,661,24333,NA
84150061061,1896,57415,NA,677,9,668,24345,NA
84150061061,1896,57416,NA,463,8,455,16635,NA
84150061061,1896,57417,NA,494,7,487,17829,NA
84150061061,1896,57418,NA,498,8,490,17744,NA
84150061061,1896,57420,NA,398,5,393,13036,NA
84150061061,1896,57421,NA,606,10,596,21945,NA
84150061061,1896,57423,NA,530,5,525,19531,NA
84150073073,5712,93576,1035,342,17,325,4834,33.04
84150073073,5712,93584,1595,615,24,591,9133,38.56
84150073073,5712,93586,188,107,3,104,1537,56.91
84150073073,5712,93588,986,497,16,481,6706,50.41
84150073073,5712,93590,933,440,14,426,6111,47.16
84150073073,5712,93592,308,183,1,182,2682,59.42
84150073073,5712,93594,NA,1177,30,1147,17703,NA
84150080080,3192,91608,2104,833,27,806,10653,39.59
84150080080,3192,91609,2063,872,15,857,11439,42.27
84150080080,3192,91610,NA,1104,13,1091,14841,NA
84150091091,4206,69983,971,421,37,384,5516,43.36
84150091091,4206,69984,1133,430,32,398,5950,37.95
84150091091,4206,69985,1103,568,48,520,7332,51.5
84150091091,4206,69986,910,431,26,405,5807,47.36
84150091091,4206,69987,937,391,32,359,5198,41.73
84150091091,4206,69988,856,365,32,333,4805,42.64
84150091091,4206,69989,NA,766,39,727,11307,NA
84150091091,4206,69990,NA,602,18,584,8907,NA
84150092092,3935,65044,1324,456,24,432,6677,34.44
84150092092,3935,65045,1241,402,26,376,5989,32.39
84150092092,3935,65046,1247,407,24,383,5867,32.64
84150092092,3935,65047,1237,544,35,509,7878,43.98
84150092092,3935,65048,756,314,26,288,3884,41.53
84150092092,3935,65049,1070,472,43,429,5907,44.11
84150092092,3935,65129,NA,498,16,482,7796,NA
84150092092,3935,65130,NA,473,13,460,7592,NA
84150092092,3935,65131,NA,414,12,402,5646,NA
84150093093,6371,93178,1265,794,29,765,10919,62.77
84150093093,6371,93179,649,458,20,438,6129,70.57
84150093093,6371,93180,663,468,8,460,6264,70.59
84150093093,6371,93181,532,348,19,329,4371,65.41000000000001
84150093093,6371,93182,294,196,2,194,2496,66.66999999999999
84150093093,6371,93183,785,530,29,501,6856,67.52
84155001089,3147,64833,720,217,7,210,2847,30.14
84155001089,3147,64834,673,265,13,252,3344,39.379999999999995
84155001089,3147,64835,812,282,18,264,3209,34.730000000000004
84155001089,3147,64836,709,253,12,241,3219,35.68
84155001089,3147,64837,665,261,9,252,3296,39.25
84155001089,3147,64838,613,263,17,246,2873,42.9
84155001089,3147,64839,NA,770,11,759,10347,NA
84155001089,3147,64840,NA,689,14,675,8915,NA
84155001090,1948,55533,442,227,1,226,2216,51.36
84155001090,1948,55534,787,387,5,382,3413,49.17
84155001090,1948,55535,383,192,5,187,1732,50.13
84155001090,1948,55536,521,287,4,283,2588,55.09
84155001090,1948,55537,864,457,5,452,4385,52.89
84155001090,1948,55538,NA,659,0,659,6133,NA
84155002029,2841,61888,1123,450,13,437,5062,40.07
84155002029,2841,61889,1062,486,8,478,5451,45.760000000000005
84155002029,2841,61890,NA,606,5,601,7001,NA
84155002050,2059,69963,1069,271,22,249,4530,25.35
84155002050,2059,80102,968,247,16,231,4103,25.52
84155002050,2059,69956,1465,527,22,505,9485,35.97
84155002050,2059,69957,1297,463,26,437,8162,35.7
84155002050,2059,69964,994,314,15,299,5546,31.59
84155002050,2059,80116,1879,592,39,553,10095,31.51
84155002050,2059,69965,882,257,14,243,4560,29.14
84155002050,2059,80117,1179,378,24,354,6600,32.06
84155002050,2059,69958,1375,510,34,476,8264,37.09
84155002050,2059,69959,1919,643,35,608,11005,33.51
84155002050,2059,69966,1531,645,37,608,10805,42.13
84155002050,2059,80118,1353,507,47,460,8011,37.47
84155002050,2059,69960,926,348,27,321,5532,37.58
84155002050,2059,69961,890,650,43,607,9605,73.03
84155002050,2059,69967,NA,980,22,958,19071,NA
84155002050,2059,69968,NA,917,30,887,17368,NA
84155002050,2059,69969,NA,392,17,375,7070,NA
84155002050,2059,69970,NA,835,26,809,15068,NA
84155002062,6859,94797,1148,412,8,404,3595,35.89
84155002062,6859,94798,1039,450,10,440,3972,43.309999999999995
84155002062,6859,94799,1184,543,1,542,4912,45.86
84155002062,6859,94800,NA,597,7,590,5607,NA
84155003027,3310,65618,1061,466,22,444,5630,43.92
84155003027,3310,65619,553,263,4,259,3350,47.56
84155003027,3310,65620,234,100,5,95,1150,42.74
84155003027,3310,65621,NA,466,10,456,5770,NA
84155004060,2998,55828,1483,562,16,546,9089,37.9
84155004060,2998,55829,1568,608,27,581,10159,38.78
84155004060,2998,55830,1298,572,20,552,9400,44.07
84155004060,2998,55831,1158,473,28,445,7326,40.849999999999994
84155004060,2998,55832,540,277,10,267,4316,51.3
84155004060,2998,55833,1642,693,46,647,10192,42.2
84155004060,2998,55835,NA,1276,33,1243,21911,NA
84155004060,2998,55836,NA,909,41,868,13679,NA
84155004087,7092,94278,1665,706,6,700,9172,42.4
84155004087,7092,94279,1121,480,12,468,6095,42.82
84155004087,7092,94280,1454,565,11,554,7150,38.86
84155004087,7092,94281,NA,600,5,595,7798,NA
84155004087,7092,94282,NA,722,2,720,9742,NA
84155005078,7006,85490,864,203,23,180,3573,23.5
84155005078,7006,94015,1964,639,43,596,12335,32.5
84155005078,7006,85492,976,238,21,217,4100,24.4
84155005078,7006,85493,831,251,12,239,4924,30.2
84155005078,7006,85494,884,247,15,232,4368,27.9
84155005078,7006,85495,1391,427,36,391,7623,30.7
84155005078,7006,85496,810,335,19,316,5950,41.4
84155005078,7006,94062,936,419,20,399,7447,44.8
84155005078,7006,85498,707,334,24,310,5716,47.2
84155005078,7006,85499,242,105,3,102,1890,43.4
84155005078,7006,94059,NA,638,19,619,12786,NA
84155005078,7006,94060,NA,645,24,621,12737,NA
84155005078,7006,94061,NA,730,20,710,13900,NA
84155005088,6497,93942,1467,1069,4,1065,10591,72.86999999999999
84155005088,6497,93943,885,659,2,657,6423,74.46000000000001
84155005088,6497,93944,1028,767,2,765,7442,74.61
84155006034,3082,63343,1016,760,26,734,8051,74.8
84155006034,3082,63344,143,111,1,110,1147,77.61999999999999
84155006034,3082,63345,349,292,8,284,3025,83.66999999999999
84155006034,3082,63346,123,100,2,98,1083,81.3
84155006034,3082,63347,120,104,2,102,1062,86.66999999999999
84160009009,4715,94121,1405,612,5,607,8005,43.56
84160009009,4715,94122,1353,572,13,559,7404,42.28
84160009009,4715,94123,1582,709,17,692,9302,44.82
84160009009,4715,94125,NA,681,6,675,8976,NA
84160009009,4715,94126,NA,457,1,456,6076,NA
84160022022,3446,66643,1407,578,8,570,7548,41.08
84160022022,3446,66644,1439,560,20,540,7096,38.92
84160022022,3446,66645,1547,682,15,667,8715,44.09
84160022022,3446,66646,NA,582,3,579,7798,NA
84160022022,3446,66647,NA,672,5,667,8864,NA
84160023023,5497,88865,1013,390,10,380,5953,38.5
84160023023,5497,88866,896,407,22,385,5683,45.4
84160023023,5497,88867,906,404,14,390,5951,44.6
84160023023,5497,88868,928,398,31,367,5002,42.9
84160023023,5497,88869,1408,594,29,565,8489,42.2
84160023023,5497,88870,1165,511,32,479,6813,43.9
84160023023,5497,88871,582,309,16,293,4229,53.1
84160023023,5497,88872,NA,836,24,812,13231,NA
84160023023,5497,88873,NA,504,20,484,6853,NA
84160023023,5497,88874,NA,678,32,646,9425,NA
84160041041,1700,54155,1500,686,9,677,25269,45.73
84160041041,1700,54156,1448,560,11,549,20294,38.67
84160041041,1700,54157,1568,643,11,632,23731,41.01
84160041041,1700,54158,1207,421,12,409,15324,34.879999999999995
84160041041,1700,54159,1500,601,11,590,22197,40.07
84160041041,1700,54160,1629,687,18,669,25375,42.17
84160041041,1700,54161,1612,573,8,565,20699,35.55
84160041041,1700,54162,1526,589,7,582,21401,38.6
84160041041,1700,54163,1414,542,9,533,19693,38.33
84160041041,1700,54164,1561,666,19,647,24055,42.66
84160041041,1700,54165,1507,638,17,621,22876,42.34
84160041041,1700,54166,1492,609,14,595,22146,40.82
84160041041,1700,54167,1506,568,8,560,20858,37.720000000000006
84160041041,1700,54168,1760,628,17,611,22479,35.68
84160041041,1700,54169,1995,707,32,675,24848,35.44
84160041041,1700,54170,1160,533,8,525,19624,45.95
84160041041,1700,54171,1343,580,11,569,21146,43.190000000000005
84160041041,1700,54172,1235,627,15,612,23298,50.77
84160041041,1700,54173,1364,525,28,497,18659,38.49
84160041041,1700,54174,1510,645,15,630,23959,42.720000000000006
84160041041,1700,54175,1538,592,23,569,21272,38.49
84160041041,1700,54176,1186,423,12,411,14568,35.67
84160041041,1700,54177,1409,562,27,535,19474,39.89
84160041041,1700,54178,1371,619,21,598,22153,45.15
84160041041,1700,54179,1384,581,20,561,20860,41.98
84160041041,1700,54180,1722,660,18,642,23540,38.33
84160041041,1700,54181,1511,572,14,558,20462,37.86
84160041041,1700,54182,1628,598,14,584,21648,36.73
84160041041,1700,54183,1431,613,19,594,22365,42.84
84160041041,1700,54184,1342,556,2,554,20667,41.43
84160041041,1700,54185,1546,571,16,555,20275,36.93
84160041041,1700,54186,1317,588,7,581,21912,44.65
84160041041,1700,54187,1506,679,17,662,24799,45.09
84160041041,1700,54188,1176,469,12,457,16719,39.879999999999995
84160041041,1700,54189,1272,588,15,573,20679,46.23
84160041041,1700,54190,1270,517,11,506,18177,40.71
84160041041,1700,54191,1200,498,14,484,17934,41.5
84160041041,1700,54192,1253,591,18,573,21324,47.17
84160041041,1700,54193,1388,547,9,538,19572,39.41
84160041041,1700,54194,269,114,3,111,3963,42.379999999999995
84160041041,1700,54195,1419,525,25,500,18135,37
84160041041,1700,54196,1290,540,12,528,19215,41.86
84160041041,1700,54197,1110,502,38,464,16965,45.23
84160041041,1700,54198,983,484,10,474,17327,49.24
84160041041,1700,54199,1652,710,22,688,23590,42.98
84160041041,1700,54200,1235,408,18,390,13899,33.04
84160041041,1700,54201,1349,475,26,449,15674,35.21
84160041041,1700,54202,2011,825,16,809,29563,41.02
84160041041,1700,54203,1372,590,11,579,21054,43
84160041041,1700,54204,NA,924,11,913,34518,NA
84160041041,1700,54205,NA,636,5,631,23346,NA
84160041041,1700,54206,NA,860,13,847,31825,NA
84160041041,1700,54207,NA,977,10,967,35495,NA
84160041041,1700,54208,NA,825,15,810,30156,NA
84160041041,1700,54209,NA,843,20,823,29896,NA
84160041041,1700,54210,NA,818,6,812,30760,NA
84160041041,1700,54211,NA,759,15,744,26479,NA
84160041041,1700,54212,NA,1107,17,1090,41077,NA
84160041041,1700,54213,NA,893,13,880,32906,NA
84160041041,1700,54214,NA,841,9,832,31363,NA
84160041041,1700,54215,NA,1059,12,1047,39439,NA
84160041041,1700,54216,NA,903,16,887,31526,NA
84160041041,1700,54217,NA,814,10,804,30597,NA
84160041041,1700,54218,NA,883,10,873,32999,NA
84160041041,1700,54219,NA,885,23,862,32734,NA
84160041041,1700,54220,NA,815,16,799,30024,NA
84160041041,1700,54221,NA,839,14,825,31677,NA
84160041041,1700,54222,NA,824,20,804,30455,NA
84160041041,1700,54223,NA,832,6,826,31208,NA
84160041041,1700,54224,NA,844,15,829,31513,NA
84160041041,1700,54225,NA,837,6,831,31668,NA
84160041041,1700,54226,NA,832,11,821,31184,NA
84160041041,1700,54227,NA,823,9,814,30584,NA
84160041041,1700,54228,NA,894,12,882,33027,NA
84160048048,2159,65033,1277,527,10,517,10533,41.27
84160048048,2159,65036,1652,651,18,633,12679,39.41
84160048048,2159,65032,1365,523,13,510,9743,38.32
84160048048,2159,65030,1467,523,13,510,9812,35.65
84160048048,2159,65029,769,332,8,324,6257,43.17
84160048048,2159,65034,1063,458,22,436,7937,43.09
84160048048,2159,65035,875,339,8,331,6163,38.74
84160048048,2159,65031,606,264,7,257,5093,43.56
84160048048,2159,85125,NA,1877,29,1848,37225,NA
84160048048,2159,85128,NA,847,11,836,16062,NA
84165001011,4336,81851,1420,594,14,580,7431,41.83
84165001011,4336,81852,1709,740,17,723,9415,43.3
84165001011,4336,81853,1664,762,7,755,9611,45.790000000000006
84165001011,4336,81854,NA,1080,10,1070,14083,NA
84165001015,5434,88256,1545,540,19,521,8140,35
84165001015,5434,88257,1169,378,11,367,5988,32.3
84165001015,5434,88258,1251,450,24,426,6773,36
84165001015,5434,88259,1374,554,11,543,8778,40.3
84165001015,5434,88260,1340,549,12,537,8818,41
84165001015,5434,88261,385,172,8,164,2497,44.7
84165001015,5434,88262,NA,1013,18,995,16266,NA
84165001015,5434,88263,NA,887,24,863,14218,NA
84165001026,4704,82673,1849,764,20,744,9797,41.3
84165001026,4704,82674,1686,733,21,712,9357,43.5
84165001026,4704,82675,NA,469,4,465,6258,NA
84165001026,4704,82676,NA,378,3,375,5005,NA
84165002006,5882,90316,1460,502,15,487,6258,34.379999999999995
84165002006,5882,90318,1356,498,15,483,6202,36.73
84165002006,5882,90319,1667,632,8,624,8065,37.91
84165002006,5882,90317,NA,875,10,865,11578,NA
84165002025,5302,87348,1297,537,22,515,11690,41.4
84165002025,5302,87349,1477,565,13,552,12194,38.25
84165002025,5302,87350,1545,722,14,708,15755,46.73
84165002025,5302,87351,1493,639,32,607,13328,42.8
84165002025,5302,87352,1335,459,26,433,9329,34.379999999999995
84165002025,5302,87353,1276,573,19,554,12326,44.91
84165002025,5302,87354,1297,541,18,523,11556,41.71
84165002025,5302,87355,1580,434,37,397,8409,27.47
84165002025,5302,87356,1134,458,25,433,9143,40.39
84165002025,5302,87358,1091,454,12,442,9823,41.61
84165002025,5302,87359,1015,447,11,436,9764,44.04
84165002025,5302,87360,1823,741,18,723,15428,40.65
84165002025,5302,87361,NA,847,12,835,19364,NA
84165002025,5302,87362,NA,805,16,789,18409,NA
84165002025,5302,87364,NA,728,7,721,16454,NA
84165002025,5302,87365,NA,659,11,648,14845,NA
84165002031,3655,68071,1754,635,20,615,8042,36.2
84165002031,3655,68072,1135,547,8,539,7126,48.190000000000005
84165002031,3655,68073,1266,577,14,563,7468,45.58
84165002031,3655,68074,NA,513,1,512,6923,NA
84165002031,3655,68075,NA,329,2,327,4377,NA
84165003018,6953,94627,1527,599,4,595,5804,39.23
84165003018,6953,94327,1006,430,1,429,4459,42.74
84165003018,6953,94328,NA,645,2,643,6895,NA
84165003036,4512,82890,1857,435,13,422,11838,23.42
84165003036,4512,82891,1053,376,10,366,10461,35.71
84165003036,4512,82892,1200,344,6,338,9338,28.67
84165003036,4512,82893,965,308,12,296,8713,31.92
84165003036,4512,82894,1048,378,12,366,10681,36.07
84165003036,4512,82895,1112,337,12,325,9175,30.31
84165003036,4512,82896,1145,356,15,341,9401,31.09
84165003036,4512,82897,1669,476,10,466,13090,28.52
84165003036,4512,82898,1207,352,16,336,9102,29.16
84165003036,4512,82899,824,227,9,218,6246,27.55
84165003036,4512,82900,1272,373,10,363,10148,29.32
84165003036,4512,82901,1395,523,22,501,13692,37.49
84165003036,4512,82902,410,162,3,159,4072,39.51
84165003036,4512,82903,981,405,19,386,9848,41.28
84165003036,4512,82904,529,225,7,218,6086,42.53
84165003036,4512,82905,1397,609,22,587,15646,43.59
84165003036,4512,82906,464,201,10,191,4629,43.32
84165003036,4512,82907,1451,490,22,468,11500,33.77
84165003036,4512,82908,1872,507,26,481,12475,27.08
84165003036,4512,82909,425,206,5,201,5453,48.47
84165003036,4512,82910,1353,516,30,486,13257,38.14
84165003036,4512,82911,694,321,14,307,7399,46.25
84165003036,4512,82912,1656,648,28,620,16162,39.13
84165003036,4512,82913,415,170,9,161,4051,40.96
84165003036,4512,82914,1179,498,14,484,13148,42.24
84165003036,4512,82915,592,279,10,269,7384,47.13
84165003036,4512,82916,1306,527,12,515,13527,40.349999999999994
84165003036,4512,82917,862,355,6,349,9515,41.18
84165003036,4512,82918,1287,457,11,446,12440,35.51
84165003036,4512,82919,2036,748,24,724,19851,36.74
84165003036,4512,82920,NA,975,12,963,28304,NA
84165003036,4512,83525,NA,722,8,714,20586,NA
84165003036,4512,82921,NA,802,14,788,21674,NA
84165003036,4512,82922,NA,912,19,893,23980,NA
84165003036,4512,82923,NA,963,20,943,26734,NA
84165003036,4512,82924,NA,958,22,936,25760,NA
84165003036,4512,82925,NA,805,14,791,20352,NA
84165003036,4512,82926,NA,661,8,653,18866,NA
84165003036,4512,82927,NA,873,20,853,23848,NA
84165003036,4512,83526,NA,893,13,880,25890,NA
84165003049,2192,57045,1817,857,25,832,9305,47.2
84165003049,2192,57046,440,231,3,228,2539,52.5
84165003049,2192,57047,695,391,28,363,3890,56.3
84165003049,2192,57048,NA,523,17,506,5582,NA
84165003050,5027,85383,1078,541,35,506,5488,50.2
84165003050,5027,85384,621,338,12,326,3449,54.4
84165003050,5027,85385,562,246,16,230,2445,43.8
84165003050,5027,85386,261,117,9,108,1067,44.8
84165003050,5027,85387,1029,423,30,393,4377,41.1
84165003050,5027,85388,NA,772,31,741,8084,NA
84170013013,4187,82114,1037,342,22,320,6117,32.98
84170013013,4187,82115,860,321,15,306,5808,37.33
84170013013,4187,82116,1082,461,23,438,8255,42.61
84170013013,4187,82117,1317,432,15,417,8048,32.8
84170013013,4187,82118,866,317,15,302,4894,36.61
84170013013,4187,82119,823,332,11,321,5669,40.34
84170013013,4187,82120,260,164,6,158,2756,63.08
84170013013,4187,82121,440,198,6,192,3477,45
84170013013,4187,82122,775,401,18,383,6858,51.74
84170013013,4187,82123,775,351,11,340,6027,45.290000000000006
84170013013,4187,82124,625,341,10,331,6183,54.56
84170013013,4187,82125,410,167,5,162,2671,40.73
84170013013,4187,82126,564,287,7,280,4828,50.89
84170013013,4187,82128,NA,623,19,604,10477,NA
84170013013,4187,82127,NA,714,20,694,13396,NA
84170013013,4187,82283,NA,677,10,667,11685,NA
84170025025,4943,85081,1663,462,40,422,5734,27.78
84170025025,4943,85082,502,224,15,209,2719,44.620000000000005
84170025025,4943,85083,527,268,20,248,3255,50.849999999999994
84170025025,4943,85084,432,214,26,188,2472,49.54
84170025025,4943,85085,1325,507,58,449,5620,38.260000000000005
84170025025,4943,85086,1080,497,39,458,5511,46.02
84170025025,4943,85087,593,251,19,232,2939,42.33
84170025025,4943,85088,1303,531,35,496,6007,40.75
84170025025,4943,85089,1166,523,44,479,6182,44.849999999999994
84170025025,4943,85090,NA,803,37,766,10569,NA
84170025025,4943,92006,NA,631,52,579,7698,NA
84170025025,4943,92007,NA,582,51,531,6804,NA
84170054054,6280,92268,863,275,6,269,3453,31.87
84170054054,6280,92269,1070,423,11,412,5110,39.53
84170054054,6280,92270,457,239,8,231,2853,52.3
84170054054,6280,92271,339,161,5,156,1983,47.49
84170054054,6280,92272,704,341,6,335,4125,48.44
84170054054,6280,92273,501,227,3,224,2876,45.309999999999995
84170054054,6280,92274,755,362,11,351,4555,47.95
84170054054,6280,92275,414,213,3,210,2207,51.45
84170054054,6280,92276,NA,604,11,593,7813,NA
84170054054,6280,92277,NA,603,7,596,7584,NA
84175001010,5975,90882,1476,579,33,546,7149,39.23
84175001010,5975,90883,1668,693,26,667,8588,41.55
84175001010,5975,90884,NA,311,7,304,3959,NA
84175001010,5975,90885,NA,334,4,330,4380,NA
84175001079,5276,87012,1260,432,21,411,11252,34.290000000000006
84175001079,5276,87013,1506,384,26,358,9357,25.5
84175001079,5276,87014,1161,331,16,315,8549,28.51
84175001079,5276,87015,1571,418,27,391,10142,26.610000000000003
84175001079,5276,87016,925,320,9,311,8257,34.59
84175001079,5276,87017,1114,440,15,425,11555,39.5
84175001079,5276,87018,1281,403,11,392,10692,31.459999999999997
84175001079,5276,87019,1205,369,21,348,9610,30.62
84175001079,5276,87020,1264,417,20,397,10686,32.99
84175001079,5276,87021,1237,333,24,309,8205,26.92
84175001079,5276,87022,1067,229,17,212,5731,21.459999999999997
84175001079,5276,87023,1303,297,9,288,7701,22.79
84175001079,5276,87024,1344,408,22,386,10563,30.36
84175001079,5276,87025,1570,519,14,505,13675,33.06
84175001079,5276,87026,1429,512,20,492,13639,35.83
84175001079,5276,87027,1320,285,6,279,7244,21.59
84175001079,5276,87028,1185,307,15,292,7582,25.91
84175001079,5276,87029,1343,467,17,450,11939,34.77
84175001079,5276,87030,1240,401,16,385,10184,32.339999999999996
84175001079,5276,87031,1211,424,10,414,11191,35.01
84175001079,5276,87032,791,352,13,339,9380,44.5
84175001079,5276,87033,1450,575,32,543,14464,39.66
84175001079,5276,87034,1370,589,31,558,15015,42.99
84175001079,5276,87035,1223,433,9,424,11465,35.4
84175001079,5276,87036,1362,406,27,379,10304,29.81
84175001079,5276,87037,1385,404,15,389,10354,29.17
84175001079,5276,87038,827,326,19,307,8023,39.42
84175001079,5276,87039,839,302,11,291,7753,36
84175001079,5276,87040,261,146,9,137,3607,55.94
84175001079,5276,87041,NA,380,13,367,10892,NA
84175001079,5276,87042,NA,376,10,366,10598,NA
84175001079,5276,87043,NA,363,10,353,10228,NA
84175001079,5276,87044,NA,438,9,429,12128,NA
84175001079,5276,87045,NA,432,7,425,11511,NA
84175001079,5276,87046,NA,367,4,363,10651,NA
84175001079,5276,87047,NA,417,3,414,12004,NA
84175001079,5276,87048,NA,411,7,404,11315,NA
84175001079,5276,87049,NA,414,7,407,11499,NA
84175001079,5276,87050,NA,428,5,423,12077,NA
84175001079,5276,87090,NA,437,6,431,11107,NA
84175001079,5276,87092,NA,419,16,403,11707,NA
84175001079,5276,87094,NA,324,6,318,9059,NA
84175001079,5276,87096,NA,388,4,384,11093,NA
84175001079,5276,87098,NA,452,6,446,12997,NA
84175002002,4646,83590,2461,735,23,712,18556,29.87
84175002002,4646,83591,1670,626,19,607,15705,37.49
84175002002,4646,83592,1943,568,12,556,13710,29.23
84175002002,4646,83593,2142,734,17,717,18392,34.27
84175002002,4646,83594,2204,784,24,760,19429,35.57
84175002002,4646,83595,1090,480,17,463,12094,44.04
84175002002,4646,83596,748,368,5,363,9800,49.2
84175002002,4646,83597,1842,681,20,661,17233,36.97
84175002002,4646,83598,1590,628,22,606,15063,39.5
84175002002,4646,83599,631,316,15,301,7438,50.08
84175002002,4646,83600,1315,619,20,599,15700,47.07
84175002002,4646,83601,467,238,6,232,5899,50.96
84175002002,4646,83602,728,308,2,306,7596,42.309999999999995
84175002002,4646,83603,1401,518,7,511,12856,36.97
84175002002,4646,83604,1742,678,18,660,16176,38.92
84175002002,4646,83605,603,268,3,265,6337,44.44
84175002002,4646,83606,1282,536,11,525,13860,41.809999999999995
84175002002,4646,83607,1344,448,11,437,11242,33.33
84175002002,4646,83608,1092,440,22,418,10974,40.290000000000006
84175002002,4646,83609,216,98,4,94,2288,45.37
84175002002,4646,83610,1240,551,15,536,13810,44.44
84175002002,4646,83611,NA,416,7,409,11202,NA
84175002002,4646,83612,NA,311,4,307,8476,NA
84175002002,4646,83613,NA,312,5,307,8740,NA
84175002002,4646,83614,NA,464,5,459,13015,NA
84175002002,4646,83615,NA,412,7,405,11291,NA
84175002002,4646,83616,NA,351,7,344,9301,NA
84175002002,4646,83617,NA,371,5,366,9714,NA
84175002002,4646,83618,NA,307,7,300,7658,NA
84175002002,4646,83619,NA,325,2,323,8604,NA
84175002002,4646,83620,NA,296,5,291,7501,NA
84175002002,4646,83621,NA,190,4,186,5180,NA
84175002002,4646,83623,NA,340,5,335,8753,NA
84175002002,4646,83624,NA,323,5,318,8733,NA
84175002002,4646,83625,NA,331,5,326,8857,NA
84175002002,4646,83626,NA,338,8,330,8657,NA
84175002022,5649,89498,895,585,25,560,7825,65.36
84175002022,5649,89499,1214,824,35,789,11041,67.86999999999999
84175002022,5649,89500,1295,868,35,833,11860,67.03
84175002022,5649,89501,608,429,23,406,4853,70.56
84175002022,5649,89502,824,511,46,465,5762,62.01
84175003008,1973,54931,1315,472,19,453,7854,35.89
84175003008,1973,54932,1636,607,25,582,10141,37.1
84175003008,1973,54933,1403,516,27,489,8469,36.78
84175003008,1973,54934,1360,504,22,482,8237,37.06
84175003008,1973,54935,814,298,16,282,4506,36.61
84175003008,1973,54936,659,280,29,251,3667,42.49
84175003008,1973,54937,470,205,23,182,2989,43.620000000000005
84175003008,1973,54938,NA,546,13,533,9778,NA
84175003008,1973,54939,NA,583,17,566,10150,NA
84175003008,1973,54940,NA,494,11,483,7941,NA
84175003023,5707,82262,1790,638,14,624,4617,35.6
84175003023,5707,82263,NA,425,8,417,3325,NA
84175004031,5009,85410,512,235,22,213,4639,45.9
84175004031,5009,85411,908,311,16,295,5688,34.25
84175004031,5009,85412,849,150,5,145,2659,17.67
84175004031,5009,85413,907,295,9,286,5780,32.52
84175004031,5009,85414,692,190,8,182,3248,27.459999999999997
84175004031,5009,85415,778,271,11,260,5067,34.83
84175004031,5009,85416,900,313,23,290,5693,34.78
84175004031,5009,85417,899,349,14,335,6784,38.82
84175004031,5009,85418,721,263,13,250,4952,36.48
84175004031,5009,85419,630,192,5,187,3637,30.479999999999997
84175004031,5009,85420,807,243,9,234,4424,30.110000000000003
84175004031,5009,85421,506,191,4,187,3774,37.75
84175004031,5009,85422,688,275,11,264,4738,39.97
84175004031,5009,85423,838,336,16,320,5735,40.1
84175004031,5009,85424,623,305,15,290,5382,48.96
84175004031,5009,85425,162,59,1,58,1100,36.42
84175004031,5009,85426,971,475,12,463,8704,48.92
84175004031,5009,85427,640,282,11,271,5221,44.06
84175004031,5009,85428,862,343,23,320,6080,39.790000000000006
84175004031,5009,85429,747,347,23,324,5876,46.45
84175004031,5009,85430,550,284,11,273,5022,51.64
84175004031,5009,85431,NA,461,16,445,9586,NA
84175004031,5009,85432,NA,499,25,474,10393,NA
84175004031,5009,85433,NA,558,24,534,11609,NA
84175004031,5009,87270,NA,733,23,710,13531,NA
84175004031,5009,87271,NA,629,21,608,11765,NA
84175005044,3408,66538,1436,551,46,505,8642,38.37
84175005044,3408,66539,1089,380,17,363,6123,34.89
84175005044,3408,66540,936,418,17,401,7290,44.66
84175005044,3408,66541,796,207,17,190,2726,26.01
84175005044,3408,66542,749,358,16,342,5254,47.8
84175005044,3408,66543,819,386,23,363,5518,47.13
84175005044,3408,66544,624,306,15,291,4222,49.04
84175005044,3408,66545,615,243,10,233,3471,39.51
84175005044,3408,66546,849,336,21,315,4492,39.58
84175005044,3408,66547,514,233,9,224,3378,45.33
84175005044,3408,66548,NA,367,20,347,6589,NA
84175005044,3408,66549,NA,445,12,433,8158,NA
84175005044,3408,66550,NA,541,12,529,8494,NA
84175005044,3408,66551,NA,520,17,503,7552,NA
84175005045,5182,85938,1441,521,9,512,4881,36.16
84175005045,5182,85939,NA,480,4,476,4602,NA
84175005047,6437,90435,1204,600,4,596,4725,49.83
84175005047,6437,90436,NA,256,2,254,1903,NA
84175006016,3157,64613,1467,530,33,497,4732,36.13
84175006016,3157,64614,NA,506,7,499,4847,NA
84175006057,5438,88296,822,263,1,262,2298,32
84175006057,5438,88297,863,279,8,271,2377,32.33
84175006057,5438,88298,752,230,0,230,2092,30.59
84175006057,5438,88299,536,242,6,236,2113,45.15
84175006057,5438,88300,549,212,0,212,1806,38.620000000000005
84175006057,5438,88301,NA,639,5,634,5369,NA
84175006057,5438,88302,NA,224,5,219,1960,NA
84175007063,7073,94227,895,335,11,324,3514,37.43
84175007063,7073,94228,916,387,16,371,3997,42.25
84175007063,7073,94229,240,130,6,124,1284,54.17
84175007063,7073,94230,NA,494,14,480,5424,NA
84175007075,2260,58098,761,275,18,257,4234,36.14
84175007075,2260,58099,1387,511,33,478,7513,36.84
84175007075,2260,58100,806,328,20,308,4808,40.690000000000005
84175007075,2260,58101,1126,570,25,545,8635,50.620000000000005
84175007075,2260,58102,878,397,12,385,6075,45.220000000000006
84175007075,2260,58103,NA,561,20,541,8923,NA
84175007075,2260,58104,NA,526,12,514,8458,NA
84210000000,2496,59696,920,466,10,456,16748,50.65
84210000000,2496,59697,925,445,3,442,15954,48.11
84210000000,2496,59698,953,461,10,451,15567,48.37
84210000000,2496,59699,487,246,2,244,8306,50.51
84210000000,2496,59700,546,276,8,268,9210,50.55
84210000000,2496,59701,549,214,2,212,7467,38.98
84210000000,2496,59702,510,267,8,259,9070,52.349999999999994
84210000000,2496,59703,430,240,8,232,7555,55.809999999999995
84210000000,2496,59704,782,421,17,404,13726,53.84
84210000000,2496,59705,541,284,4,280,9172,52.5
84210000000,2496,59706,571,304,4,300,9929,53.24
84210000000,2496,59707,982,492,15,477,15863,50.1
84210000000,2496,59708,832,389,4,385,12862,46.75
84210000000,2496,59709,756,344,2,342,11561,45.5
84210000000,2496,59710,815,357,12,345,11049,43.8
84210000000,2496,59711,782,371,8,363,11730,47.44
84210000000,2496,59712,741,287,3,284,9517,38.73
84210000000,2496,59713,591,262,8,254,7989,44.33
84210000000,2496,59714,781,288,3,285,9867,36.879999999999995
84210000000,2496,59715,658,284,1,283,10341,43.16
84210000000,2496,59716,814,441,7,434,16244,54.18
84210000000,2496,59717,1244,487,9,478,16991,39.15
84210000000,2496,59718,1257,435,5,430,15329,34.61
84210000000,2496,59719,1217,428,1,427,15024,35.17
84210000000,2496,59720,1312,445,7,438,15160,33.92
84210000000,2496,59721,1002,300,3,297,10761,29.94
84210000000,2496,59722,1316,410,7,403,14561,31.16
84210000000,2496,59723,1201,393,10,383,13895,32.720000000000006
84210000000,2496,59724,1050,356,2,354,12567,33.9
84210000000,2496,59725,1096,479,9,470,17547,43.7
84210000000,2496,59726,1417,587,8,579,21249,41.43
84210000000,2496,59727,1496,544,9,535,19089,36.36
84210000000,2496,59728,1511,558,6,552,19902,36.93
84210000000,2496,59729,955,388,7,381,14017,40.63
84210000000,2496,59730,808,403,6,397,14546,49.879999999999995
84210000000,2496,59731,1131,314,4,310,10872,27.76
84210000000,2496,59732,777,347,2,345,12249,44.66
84210000000,2496,59733,973,390,5,385,13215,40.08
84210000000,2496,59734,1023,371,5,366,13286,36.27
84210000000,2496,59735,684,190,1,189,6004,27.78
84210000000,2496,59736,1164,411,4,407,13652,35.309999999999995
84210000000,2496,59737,1068,374,3,371,11881,35.02
84210000000,2496,59738,744,279,1,278,9423,37.5
84210000000,2496,59739,867,209,5,204,6225,24.110000000000003
84210000000,2496,59740,1110,501,16,485,16653,45.14
84210000000,2496,59741,1473,515,11,504,17460,34.96
84210000000,2496,59742,1081,290,4,286,9534,26.83
84210000000,2496,59743,1395,349,5,344,11724,25.02
84210000000,2496,59744,1355,470,9,461,16377,34.690000000000005
84210000000,2496,59745,1553,504,7,497,17900,32.449999999999996
84210000000,2496,59746,1127,514,4,510,18199,45.61
84210000000,2496,59747,882,386,4,382,13801,43.760000000000005
84210000000,2496,59748,1180,379,4,375,13057,32.120000000000005
84210000000,2496,59749,1563,624,11,613,21885,39.92
84210000000,2496,59750,1180,559,9,550,20188,47.37
84210000000,2496,59751,801,329,7,322,11025,41.07
84210000000,2496,59752,1027,442,6,436,15449,43.04
84210000000,2496,59753,1123,480,8,472,16734,42.74
84210000000,2496,59754,911,323,8,315,10913,35.46
84210000000,2496,59755,1413,425,5,420,14666,30.08
84210000000,2496,59756,1073,306,9,297,10188,28.52
84210000000,2496,59757,1429,536,9,527,18754,37.51
84210000000,2496,59758,1078,330,12,318,10500,30.610000000000003
84210000000,2496,59759,1325,516,5,511,18572,38.94
84210000000,2496,59760,1198,416,3,413,14490,34.720000000000006
84210000000,2496,59761,1275,400,4,396,13252,31.37
84210000000,2496,59762,1085,460,4,456,16050,42.4
84210000000,2496,59763,1404,590,9,581,20683,42.02
84210000000,2496,59764,1253,511,12,499,18283,40.78
84210000000,2496,59765,1641,646,8,638,23216,39.37
84210000000,2496,59766,1646,748,10,738,26808,45.44
84210000000,2496,59767,927,402,2,400,14193,43.37
84210000000,2496,59768,1561,723,8,715,26050,46.32
84210000000,2496,59769,938,463,5,458,16594,49.36
84210000000,2496,59770,833,382,3,379,13367,45.86
84210000000,2496,59771,1195,583,7,576,20946,48.790000000000006
84210000000,2496,59772,1153,449,7,442,15473,38.94
84210000000,2496,59773,1344,439,7,432,14833,32.660000000000004
84210000000,2496,59774,1242,537,13,524,18275,43.24
84210000000,2496,59775,986,232,11,221,7418,23.53
84210000000,2496,59776,1180,328,6,322,10176,27.8
84210000000,2496,59777,1224,349,5,344,11054,28.51
84210000000,2496,59778,1280,410,9,401,12848,32.03
84210000000,2496,59779,1297,408,6,402,13922,31.459999999999997
84210000000,2496,59780,1230,604,15,589,19835,49.11
84210000000,2496,59781,1180,451,2,449,14677,38.220000000000006
84210000000,2496,59782,NA,283,1,282,10305,NA
84210000000,2496,59783,NA,260,2,258,9642,NA
84210000000,2496,59784,NA,495,3,492,18424,NA
84210000000,2496,59785,NA,462,3,459,17343,NA
84210000000,2496,59786,NA,280,2,278,10349,NA
84210000000,2496,59787,NA,331,4,327,12309,NA
84210000000,2496,59788,NA,282,1,281,10642,NA
84210000000,2496,59789,NA,272,3,269,9598,NA
84210000000,2496,59790,NA,304,2,302,11255,NA
84210000000,2496,59791,NA,303,2,301,10956,NA
84210000000,2496,59792,NA,159,2,157,5577,NA
84210000000,2496,59793,NA,301,7,294,11120,NA
84210000000,2496,59794,NA,386,4,382,14398,NA
84210000000,2496,59795,NA,446,5,441,16452,NA
84210000000,2496,59796,NA,452,6,446,16793,NA
84210000000,2496,59797,NA,387,3,384,14444,NA
84210000000,2496,59798,NA,440,4,436,16241,NA
84210000000,2496,59799,NA,282,3,279,10325,NA
84210000000,2496,59800,NA,389,1,388,14710,NA
84210000000,2496,59801,NA,293,1,292,10856,NA
84210000000,2496,59802,NA,391,2,389,14229,NA
84210000000,2496,59803,NA,446,1,445,16663,NA
84210000000,2496,59804,NA,380,1,379,13967,NA
84210000000,2496,59805,NA,431,3,428,15949,NA
84210000000,2496,59806,NA,290,4,286,10705,NA
84210000000,2496,59807,NA,317,2,315,11491,NA
84210000000,2496,59808,NA,335,6,329,12321,NA
84210000000,2496,59809,NA,376,2,374,14151,NA
84210000000,2496,59810,NA,353,5,348,12730,NA
84210000000,2496,59811,NA,242,5,237,8674,NA
84210000000,2496,59812,NA,217,2,215,7903,NA
84210000000,2496,59813,NA,154,0,154,5015,NA
84210000000,2496,59814,NA,217,1,216,7867,NA
84210000000,2496,59815,NA,286,2,284,10414,NA
84210000000,2496,59816,NA,333,2,331,12417,NA
84210000000,2496,59817,NA,185,0,185,6809,NA
84210000000,2496,59818,NA,198,0,198,7131,NA
84210000000,2496,59819,NA,227,1,226,7700,NA
84210000000,2496,59820,NA,244,6,238,8727,NA
84210000000,2496,59821,NA,231,4,227,7745,NA
84210000000,2496,59822,NA,225,1,224,7492,NA
84210000000,2496,59823,NA,147,2,145,4862,NA
84210000000,2496,59824,NA,274,3,271,9540,NA
84210000000,2496,59825,NA,140,2,138,4791,NA
84210000000,2496,59826,NA,270,6,264,8728,NA
84210000000,2496,59827,NA,189,6,183,6332,NA
84210000000,2496,59828,NA,368,4,364,13482,NA
84210000000,2496,59829,NA,158,1,157,5956,NA
84210000000,2496,59830,NA,421,5,416,15312,NA
84210000000,2496,59831,NA,296,2,294,11124,NA
84210000000,2496,59832,NA,311,1,310,11796,NA
84210000000,2496,59833,NA,222,2,220,8352,NA
84210000000,2496,59834,NA,258,0,258,9409,NA
84210000000,2496,59835,NA,219,0,219,8157,NA
84210000000,2496,59836,NA,382,3,379,14252,NA
84250039039,4812,84511,964,357,10,347,6077,37.03
84250039039,4812,84512,1190,487,14,473,8367,40.92
84250039039,4812,84513,792,309,11,298,5036,39.02
84250039039,4812,84514,1075,358,11,347,6074,33.3
84250039039,4812,84515,1141,377,14,363,6161,33.04
84250039039,4812,84516,597,245,10,235,3810,41.04
84250039039,4812,84517,732,302,20,282,4280,41.260000000000005
84250039039,4812,84518,661,230,28,202,2989,34.8
84250039039,4812,84519,760,285,34,251,3747,37.5
84250039039,4812,84520,524,269,11,258,3787,51.34
84250039039,4812,84521,926,431,30,401,5852,46.54
84250039039,4812,84522,652,277,19,258,3857,42.48
84250039039,4812,84523,508,226,11,215,3126,44.49
84250039039,4812,84524,NA,510,10,500,9280,NA
84250039039,4812,84525,NA,719,12,707,12649,NA
84250039039,4812,84526,NA,629,43,586,9271,NA
84250039039,4812,84527,NA,661,62,599,9193,NA
84250108108,4783,84401,1479,548,63,485,8252,37.05
84250108108,4783,84402,1161,405,13,392,6295,34.879999999999995
84250108108,4783,84403,297,169,5,164,2657,56.9
84250108108,4783,84404,425,210,7,203,3107,49.41
84250108108,4783,84405,334,152,2,150,2583,45.51
84250108108,4783,84406,449,201,11,190,3260,44.77
84250108108,4783,84407,772,333,8,325,4289,43.13
84250108108,4783,91338,159,65,3,62,1051,40.879999999999995
84250108108,4783,84408,NA,492,18,474,8404,NA
84250108108,4783,84409,NA,646,20,626,10320,NA
84250141141,4975,81988,1772,594,13,581,11058,33.52
84250141141,4975,81989,963,347,7,340,6393,36.03
84250141141,4975,81990,1338,601,12,589,11472,44.92
84250141141,4975,81991,1353,368,4,364,6895,27.2
84250141141,4975,81992,913,289,7,282,5552,31.65
84250141141,4975,81993,1473,476,8,468,8420,32.32
84250141141,4975,81994,1014,486,8,478,9035,47.93
84250141141,4975,81995,1385,536,14,522,10252,38.7
84250141141,4975,81996,736,298,11,287,5629,40.49
84250141141,4975,81997,809,468,12,456,7982,57.849999999999994
84250141141,4975,81998,554,293,4,289,5452,52.89
84250141141,4975,81999,909,432,7,425,7641,47.52
84250141141,4975,82000,NA,478,9,469,9347,NA
84250141141,4975,82001,NA,613,10,603,11924,NA
84250141141,4975,82002,NA,544,8,536,10765,NA
84250141141,4975,82003,NA,558,3,555,10810,NA
84250141141,4975,82004,NA,546,10,536,10627,NA
84255001002,3286,65492,1209,455,19,436,6523,37.63
84255001002,3286,65493,1505,662,32,630,9329,43.99
84255001002,3286,65505,241,98,0,98,1439,40.66
84255001002,3286,65506,241,142,5,137,2220,58.92
84255001002,3286,65494,339,164,10,154,1999,48.379999999999995
84255001002,3286,65495,190,99,5,94,1422,52.11
84255001002,3286,65496,NA,546,12,534,8334,NA
84255001002,3286,65497,NA,281,4,277,4110,NA
84255001004,3308,65600,454,344,6,338,1780,75.77
84255002017,5205,86144,1279,636,21,615,5761,49.73
84255002017,5205,86145,341,176,3,173,1619,51.61
84255002017,5205,86146,NA,332,5,327,3152,NA
84255002020,1912,55392,962,299,16,283,4570,31.08
84255002020,1912,55393,1114,380,12,368,5771,34.11
84255002020,1912,55394,928,268,11,257,3741,28.88
84255002020,1912,55395,680,218,17,201,2952,32.06
84255002020,1912,55396,744,287,16,271,4113,38.58
84255002020,1912,55397,929,439,27,412,5559,47.260000000000005
84255002020,1912,55398,483,247,24,223,2965,51.14
84255002020,1912,55399,432,210,23,187,2385,48.61
84255002020,1912,55400,178,96,11,85,1080,53.93
84255002020,1912,55401,658,330,28,302,4338,50.15
84255002020,1912,55402,557,295,17,278,4079,52.96
84255002020,1912,55403,533,241,13,228,3075,45.220000000000006
84255002020,1912,55404,707,304,9,295,4708,43
84255002020,1912,55405,657,266,18,248,3494,40.49
84255002020,1912,55406,NA,455,18,437,6288,NA
84255002020,1912,55407,NA,483,12,471,7566,NA
84255002020,1912,55408,NA,521,11,510,7613,NA
84255002020,1912,55409,NA,447,14,433,6833,NA
84255003028,2344,66553,1525,582,31,551,8697,38.16
84255003028,2344,66552,1850,612,34,578,8678,33.08
84255003028,2344,66554,1694,666,31,635,10029,39.32
84255003028,2344,66555,NA,345,6,339,5763,NA
84255003028,2344,66557,NA,355,7,348,5798,NA
84255003028,2344,66558,NA,304,3,301,5025,NA
84255003066,3169,53678,389,158,7,151,1806,40.620000000000005
84255003066,3169,53679,828,365,21,344,4394,44.08
84255003066,3169,53680,1015,370,21,349,4309,36.45
84255003066,3169,53681,452,209,20,189,2131,46.24
84255003066,3169,53682,NA,347,13,334,4282,NA
84255003066,3169,84400,NA,340,13,327,4164,NA
84255003140,3566,67351,1105,422,8,414,2809,38.190000000000005
84255003140,3566,67352,530,238,3,235,1713,44.91
84255003140,3566,94002,NA,419,5,414,3016,NA
84255004014,4929,84988,1971,874,36,838,9389,44.34
84255004014,4929,84989,NA,501,16,485,5544,NA
84255004031,4292,85815,770,289,7,282,5071,37.53
84255004031,4292,85816,759,276,10,266,4589,36.36
84255004031,4292,85817,647,250,2,248,4484,38.64
84255004031,4292,85818,731,269,11,258,4718,36.8
84255004031,4292,85819,706,231,21,210,3544,32.720000000000006
84255004031,4292,85820,437,179,7,172,2783,40.96
84255004031,4292,85821,458,194,10,184,2868,42.36
84255004031,4292,85822,661,262,8,254,3766,39.64
84255004031,4292,85823,540,218,17,201,3443,40.37
84255004031,4292,85824,822,316,15,301,4442,38.44
84255004031,4292,85825,647,263,17,246,3801,40.65
84255004031,4292,85834,NA,620,33,587,10001,NA
84255004031,4292,85835,NA,588,12,576,10309,NA
84255004031,4292,85836,NA,688,12,676,11587,NA
84255004135,2560,66297,1721,811,30,781,7105,47.120000000000005
84255004135,2560,66309,NA,438,10,428,3849,NA
84255005033,1852,69294,1215,323,14,309,7293,26.58
84255005033,1852,69295,1259,418,14,404,9378,33.2
84255005033,1852,69296,1615,499,40,459,10505,30.9
84255005033,1852,69297,1375,322,17,305,7463,23.42
84255005033,1852,69298,662,278,18,260,6275,41.99
84255005033,1852,69299,1596,414,24,390,8625,25.94
84255005033,1852,69300,1294,382,24,358,8819,29.52
84255005033,1852,69301,952,287,24,263,6539,30.15
84255005033,1852,69302,1484,526,34,492,11468,35.44
84255005033,1852,69303,442,184,6,178,4535,41.63
84255005033,1852,69304,699,290,14,276,6244,41.49
84255005033,1852,69305,562,231,16,215,4923,41.1
84255005033,1852,69306,1015,491,16,475,11027,48.37
84255005033,1852,69307,397,222,8,214,4138,55.92
84255005033,1852,69308,402,201,8,193,4595,50
84255005033,1852,69309,304,134,8,126,2980,44.08
84255005033,1852,69310,394,194,11,183,4092,49.24
84255005033,1852,69311,462,228,9,219,4713,49.349999999999994
84255005033,1852,69312,183,110,7,103,2462,60.11
84255005033,1852,69313,208,138,4,134,3030,66.35
84255005033,1852,69314,389,225,11,214,4701,57.84
84255005033,1852,69315,167,96,6,90,1727,57.49
84255005033,1852,69316,239,142,6,136,2886,59.41
84255005033,1852,69317,218,119,5,114,2749,54.59
84255005033,1852,69318,388,196,10,186,3979,50.52
84255005033,1852,69319,219,91,5,86,2077,41.55
84255005033,1852,69320,1125,505,36,469,8509,44.89
84255005033,1852,69321,790,311,14,297,7256,39.37
84255005033,1852,69322,588,229,27,202,4262,38.95
84255005033,1852,69323,NA,1151,40,1111,27326,NA
84255005033,1852,69324,NA,925,19,906,21816,NA
84255005033,1852,69325,NA,978,28,950,22195,NA
84255005033,1852,69326,NA,1037,23,1014,25292,NA
84255005088,5383,87981,1788,875,5,870,6997,48.94
84255005088,5383,87982,NA,341,0,341,2671,NA
84255006064,5298,87201,1193,585,10,575,4392,49.04
84255006064,5298,87203,NA,303,0,303,2351,NA
84255006137,5100,85644,1046,329,8,321,4207,31.45
84255006137,5100,85645,670,247,6,241,3046,36.87
84255006137,5100,85646,1260,432,8,424,5510,34.290000000000006
84255006137,5100,85647,927,335,8,327,4261,36.14
84255006137,5100,85648,NA,1220,7,1213,15957,NA
84255006138,5287,87142,1070,480,12,468,6010,44.86
84255006138,5287,87143,656,289,5,284,3598,44.05
84255006138,5287,87144,868,398,12,386,4975,45.849999999999994
84255006138,5287,87145,NA,223,5,218,2816,NA
84255006138,5287,87146,NA,209,0,209,2737,NA
84255006138,5287,87147,NA,203,2,201,2613,NA
84255007071,4307,81700,1123,458,34,424,6925,40.78
84255007071,4307,85127,1233,364,23,341,5332,29.52
84255007071,4307,85131,1643,529,28,501,8311,32.2
84255007071,4307,81714,1356,362,20,342,5717,26.7
84255007071,4307,85141,1214,475,21,454,7605,39.13
84255007071,4307,81715,736,295,12,283,4075,40.08
84255007071,4307,81716,1050,333,34,299,4343,31.71
84255007071,4307,81717,1005,358,16,342,5248,35.620000000000005
84255007071,4307,81719,NA,1075,30,1045,17802,NA
84255007071,4307,81718,NA,1097,35,1062,17587,NA
84255007079,3492,67102,1670,1144,34,1110,10598,68.5
84255007084,5869,82588,1572,1116,43,1073,11982,70.99000000000001
84255007084,5869,82589,133,97,0,97,1101,72.93
84255007134,6257,93939,2499,1126,47,1079,12173,45.06
84255007134,6257,93938,NA,665,10,655,7364,NA
84255007139,1945,63351,2422,1058,16,1042,10025,43.68
84255007139,1945,63361,NA,677,4,673,6587,NA
84255008005,4443,93258,1424,687,22,665,6519,48.24
84255008005,4443,93259,NA,362,7,355,3455,NA
84255008019,5398,88200,925,398,11,387,4449,43.03
84255008019,5398,88201,903,449,19,430,4955,49.720000000000006
84255008019,5398,88202,NA,482,4,478,5456,NA
84255008072,3109,53979,1105,538,18,520,10113,48.690000000000005
84255008072,3109,53980,1109,473,18,455,8926,42.65
84255008072,3109,53981,1233,616,18,598,11381,49.96
84255008072,3109,53982,1162,457,24,433,8164,39.33
84255008072,3109,53983,1138,480,27,453,8619,42.18
84255008072,3109,53984,1206,470,24,446,8456,38.97
84255008072,3109,53985,1075,514,13,501,9386,47.809999999999995
84255008072,3109,53986,1081,459,21,438,8016,42.46
84255008072,3109,53987,1110,493,29,464,7917,44.41
84255008072,3109,53988,576,319,14,305,5306,55.379999999999995
84255008072,3109,53989,916,418,18,400,6764,45.63
84255008072,3109,53990,NA,599,17,582,11020,NA
84255008072,3109,53991,NA,561,16,545,10435,NA
84255008072,3109,53992,NA,512,10,502,9673,NA
84255008072,3109,53993,NA,721,13,708,13376,NA
84255009008,7354,94350,690,325,19,306,4774,47.1
84255009008,7354,94351,548,190,11,179,2631,34.67
84255009008,7354,94352,252,136,4,132,2069,53.97
84255009008,7354,94353,306,187,5,182,2638,61.11
84255009008,7354,94354,180,106,11,95,1424,58.89
84255009008,7354,94355,137,81,4,77,1197,59.120000000000005
84255009008,7354,94356,298,184,8,176,2591,61.74
84255009008,7354,94357,760,312,22,290,4179,41.05
84255009008,7354,94358,NA,366,0,366,5532,NA
84255009008,7354,94359,NA,180,1,179,2742,NA
84255009075,5075,85584,409,253,12,241,3292,61.86
84255009075,5075,85585,467,218,19,199,2632,46.68
84255009075,5075,85586,111,77,2,75,1069,69.36999999999999
84255009075,5075,85587,1096,442,12,430,6399,40.33
84255009075,5075,85588,298,146,5,141,2033,48.99
84255009075,5075,85589,667,298,18,280,3640,44.68
84255009075,5075,85590,162,101,2,99,1407,62.349999999999994
84255009075,5075,85591,774,294,15,279,3993,37.98
84255009075,5075,85592,NA,378,2,376,5946,NA
84255009075,5075,85593,NA,422,15,407,5871,NA
84255010081,4827,84496,1410,508,18,490,7928,36.03
84255010081,4827,84497,1242,320,13,307,5096,25.76
84255010081,4827,84498,1235,434,11,423,6723,35.14
84255010081,4827,84499,NA,903,11,892,15068,NA
84255010091,3580,67429,848,397,7,390,2816,46.82
84255010091,3580,67430,265,150,1,149,1173,56.6
84255010091,3580,67431,174,107,1,106,754,61.49
84255010091,3580,67432,NA,311,1,310,2542,NA
84260134134,4858,84750,1374,483,47,436,6481,35.15
84260134134,4858,84751,1310,447,29,418,6154,34.120000000000005
84260134134,4858,84752,1101,444,17,427,5750,40.33
84260134134,4858,84753,674,282,7,275,3534,41.84
84260134134,4858,84754,642,227,10,217,3145,35.36
84260134134,4858,84755,828,385,44,341,4447,46.5
84260134134,4858,84756,989,383,35,348,4257,38.73
84260134134,4858,84757,NA,855,39,816,12534,NA
84260134134,4858,84758,NA,617,18,599,8138,NA
84260134134,4858,84759,NA,528,17,511,7174,NA
84265001013,2491,61623,3359,1143,17,1126,10237,34.03
84265001013,2491,61625,NA,606,1,605,5670,NA
84265002014,4516,85701,2116,675,49,626,9068,31.9
84265002014,4516,85703,1590,458,26,432,6447,28.81
84265002014,4516,85704,1582,562,33,529,8184,35.52
84265002014,4516,85705,720,321,24,297,3755,44.58
84265002014,4516,85706,613,297,16,281,3865,48.45
84265002014,4516,85707,432,203,20,183,2367,46.99
84265002014,4516,85708,NA,818,26,792,11910,NA
84265002014,4516,85709,NA,808,18,790,12572,NA
84265002062,7534,94653,1085,421,15,406,4843,38.8
84265002062,7534,94654,431,215,5,210,2105,49.879999999999995
84265002062,7534,94655,431,232,13,219,2499,53.83
84265002062,7534,94656,501,292,17,275,3014,58.28
84265002062,7534,94657,NA,599,23,576,6966,NA
84265003011,5678,89899,897,441,10,431,3373,49.16
84265003011,5678,89900,389,230,8,222,1947,59.13
84265003011,5678,89901,234,130,0,130,907,55.56
84265003011,5678,89902,NA,277,13,264,2047,NA
84265003021,3080,64640,1395,405,15,390,10081,29.03
84265003021,3080,64641,1897,535,16,519,13066,28.2
84265003021,3080,64642,1460,408,21,387,10080,27.95
84265003021,3080,64643,1778,565,35,530,13189,31.78
84265003021,3080,64644,1479,439,39,400,10212,29.68
84265003021,3080,64645,1424,511,40,471,11906,35.879999999999995
84265003021,3080,64646,1202,371,18,353,8424,30.87
84265003021,3080,64647,1134,449,13,436,11199,39.59
84265003021,3080,64648,1383,503,25,478,12505,36.37
84265003021,3080,64649,938,379,14,365,9796,40.41
84265003021,3080,64650,1076,348,20,328,8394,32.339999999999996
84265003021,3080,64651,872,260,12,248,6289,29.82
84265003021,3080,64652,1124,368,24,344,8917,32.74
84265003021,3080,64653,992,378,11,367,9549,38.1
84265003021,3080,64654,1277,432,24,408,10087,33.83
84265003021,3080,64655,1045,322,18,304,7228,30.81
84265003021,3080,64656,1047,503,21,482,11177,48.04
84265003021,3080,64657,1177,504,32,472,10404,42.82
84265003021,3080,64658,820,371,16,355,8723,45.24
84265003021,3080,64659,1076,410,12,398,9901,38.1
84265003021,3080,64660,987,459,6,453,11148,46.5
84265003021,3080,64670,NA,764,11,753,20287,NA
84265003021,3080,64661,NA,324,5,319,8237,NA
84265003021,3080,64662,NA,267,7,260,6629,NA
84265003021,3080,64663,NA,516,12,504,13497,NA
84265003021,3080,64664,NA,274,7,267,6288,NA
84265003021,3080,64665,NA,805,12,793,21896,NA
84265003021,3080,64666,NA,804,0,804,21937,NA
84265003021,3080,64667,NA,781,19,762,20921,NA
84265003021,3080,64668,NA,797,9,788,21830,NA
84265003021,3080,64669,NA,818,14,804,21994,NA
84265003038,5563,88881,940,365,30,335,4993,38.83
84265003038,5563,88882,521,230,14,216,3213,44.15
84265003038,5563,88883,578,283,13,270,3746,48.96
84265003038,5563,88884,630,263,22,241,3299,41.75
84265003038,5563,88885,1042,441,16,425,6694,42.32
84265003038,5563,88886,NA,460,10,450,7108,NA
84265003038,5563,88887,NA,378,11,367,5402,NA
84265003058,1725,61998,797,412,22,390,4198,51.690000000000005
84265003058,1725,61999,608,314,12,302,3207,51.64
84265003058,1725,62000,470,226,22,204,2119,48.09
84265003058,1725,62001,NA,413,14,399,4328,NA
84265003071,5663,89539,1256,392,26,366,5451,31.21
84265003071,5663,89540,980,376,28,348,4930,38.37
84265003071,5663,89541,892,379,35,344,4416,42.49
84265003071,5663,89542,650,338,12,326,4453,52
84265003071,5663,89543,NA,967,27,940,13885,NA
84265003074,6130,91131,1732,683,31,652,8220,39.43
84265003074,6130,91132,1901,634,34,600,7372,33.349999999999994
84265003074,6130,91133,609,324,31,293,3366,53.2
84265003074,6130,91134,NA,409,18,391,4867,NA
84265003074,6130,91135,NA,348,19,329,4130,NA
84265003120,5930,89881,1501,401,23,378,5166,26.72
84265003120,5930,89882,1483,438,9,429,6107,29.53
84265003120,5930,89883,558,202,12,190,2452,36.2
84265003120,5930,89885,NA,562,10,552,8018,NA
84265003120,5930,89884,NA,766,13,753,11009,NA
84265003128,2588,89190,737,213,7,206,2503,28.9
84265003128,2588,89191,993,466,12,454,5689,46.93
84265003128,2588,89192,260,126,6,120,1539,48.46
84265003128,2588,89193,831,278,10,268,3447,33.449999999999996
84265003128,2588,89194,750,320,6,314,3954,42.67
84265003128,2588,89195,816,306,8,298,3743,37.5
84265003128,2588,89196,NA,296,1,295,3727,NA
84265003128,2588,93078,NA,385,1,384,4962,NA
84265003128,2588,93082,NA,404,3,401,5008,NA
84265004019,2229,57206,1145,460,19,441,4639,40.17
84265004019,2229,57207,1310,516,20,496,5606,39.39
84265004019,2229,57208,NA,639,5,634,7029,NA
84265004044,5536,88507,1417,614,33,581,7042,43.33
84265004044,5536,88508,1183,555,28,527,6319,46.91
84265004044,5536,88509,NA,511,14,497,6350,NA
84265004065,2278,58302,1230,502,17,485,5189,40.809999999999995
84265004065,2278,58303,445,226,13,213,2220,50.790000000000006
84265004065,2278,58304,NA,359,7,352,3903,NA
84265004066,6011,91058,1002,340,37,303,3449,33.93
84265004066,6011,91059,1080,417,41,376,4340,38.61
84265004066,6011,91060,314,141,9,132,1610,44.9
84265004066,6011,91061,693,298,37,261,2749,43
84265004066,6011,91062,NA,594,27,567,6711,NA
84265005001,2846,61940,1944,810,46,764,11563,41.67
84265005001,2846,61941,619,217,32,185,2845,35.06
84265005001,2846,61942,542,271,15,256,3746,50
84265005001,2846,61943,805,403,34,369,5456,50.06
84265005001,2846,61944,NA,452,20,432,6599,NA
84265005001,2846,85164,NA,478,20,458,6603,NA
84265005028,5749,91340,1224,519,33,486,5711,42.4
84265005028,5749,91341,965,406,16,390,4674,42.07
84265005028,5749,91342,815,348,13,335,3755,42.7
84265005028,5749,91343,256,164,8,156,1777,64.06
84265005028,5749,91344,NA,708,14,694,8646,NA
84265005070,1875,55222,832,264,19,245,3985,31.73
84265005070,1875,55223,1255,454,15,439,8129,36.18
84265005070,1875,55224,1047,323,12,311,6083,30.85
84265005070,1875,55225,1351,422,15,407,8011,31.24
84265005070,1875,55226,1630,517,21,496,9529,31.72
84265005070,1875,55227,1256,519,22,497,10255,41.32
84265005070,1875,55228,1360,553,19,534,10119,40.66
84265005070,1875,55229,1317,598,13,585,11530,45.41
84265005070,1875,55230,1184,438,11,427,8658,36.99
84265005070,1875,55231,1158,414,23,391,6914,35.75
84265005070,1875,55232,982,365,21,344,5837,37.17
84265005070,1875,55233,722,298,7,291,5675,41.27
84265005070,1875,55234,1631,694,20,674,12146,42.55
84265005070,1875,55235,1097,501,19,482,8762,45.67
84265005070,1875,55236,902,321,27,294,4761,35.59
84265005070,1875,55237,NA,637,15,622,12607,NA
84265005070,1875,55238,NA,479,13,466,9768,NA
84265005070,1875,55239,NA,505,12,493,10150,NA
84265005070,1875,55240,NA,508,19,489,10295,NA
84265005070,1875,55241,NA,490,15,475,9706,NA
84265005070,1875,55242,NA,546,17,529,10717,NA
84265005070,1875,55249,NA,494,20,474,10360,NA
84265005073,5266,86888,1015,442,24,418,5425,43.55
84265005073,5266,86890,823,307,19,288,3737,37.3
84265005073,5266,86892,1192,555,57,498,6410,46.56
84265005073,5266,86896,678,304,17,287,3664,44.84
84265005073,5266,86898,NA,512,22,490,6467,NA
84265005073,5266,86942,NA,517,40,477,6028,NA
84265006043,4855,85657,1411,642,39,603,5500,45.5
84265006043,4855,85658,NA,411,14,397,3704,NA
84265006087,4606,83495,1452,479,19,460,6783,32.99
84265006087,4606,83496,1521,461,26,435,6647,30.310000000000002
84265006087,4606,83497,1478,569,15,554,8398,38.5
84265006087,4606,83498,829,369,28,341,4348,44.51
84265006087,4606,83499,1230,539,22,517,7313,43.82
84265006087,4606,83505,419,180,9,171,2430,42.96
84265006087,4606,83501,NA,1686,36,1650,25233,NA
84265006113,3940,69340,861,437,14,423,4629,50.75
84265006113,3940,69341,604,351,28,323,3272,58.11
84265006113,3940,69342,246,141,5,136,1360,57.32
84265006113,3940,69343,NA,342,8,334,3622,NA
84265006135,1715,54571,857,469,17,452,4916,54.730000000000004
84265006135,1715,54572,641,333,9,324,3501,51.949999999999996
84265006135,1715,54573,NA,316,8,308,3347,NA
84265007008,5639,65572,1361,529,31,498,5469,38.87
84265007008,5639,65573,228,127,3,124,1313,55.7
84265007008,5639,65574,147,75,3,72,822,51.02
84265007008,5639,65738,NA,510,8,502,5638,NA
84265007035,6890,93932,1387,883,53,830,10014,63.660000000000004
84265007035,6890,93933,361,242,18,224,2452,67.04
84265007035,6890,93934,397,295,13,282,3245,74.31
84265007045,6973,94063,1725,592,21,571,7891,34.32
84265007045,6973,94064,1538,411,29,382,5342,26.72
84265007045,6973,94065,694,302,17,285,3806,43.52
84265007045,6973,94066,420,183,13,170,2160,43.57
84265007045,6973,94067,NA,1164,24,1140,16582,NA
84265007067,5614,89220,1283,772,30,742,11344,60.17
84265007067,5614,89221,526,354,26,328,4072,67.3
84265007067,5614,89222,95,82,6,76,1200,86.32
84265007067,5614,89223,85,64,1,63,870,75.29
84265007067,5614,89224,107,96,2,94,1348,89.72
84265007067,5614,89225,101,83,3,80,1180,82.17999999999999
84265007067,5614,89226,173,114,4,110,1596,65.9
84265007067,5614,89227,178,121,4,117,1502,67.98
84265007067,5614,89228,337,245,8,237,3250,72.7
84265007097,3513,67119,1155,323,23,300,5120,27.97
84265007097,3513,67120,1150,412,28,384,6555,35.83
84265007097,3513,67121,1378,454,52,402,6517,32.949999999999996
84265007097,3513,67122,1078,408,40,368,5943,37.849999999999994
84265007097,3513,67123,1039,415,42,373,6410,39.94
84265007097,3513,67124,199,136,7,129,2104,68.34
84265007097,3513,67125,478,261,15,246,4178,54.6
84265007097,3513,67126,359,192,14,178,2800,53.48
84265007097,3513,67127,861,408,25,383,5946,47.39
84265007097,3513,67128,350,198,3,195,3035,56.57
84265007097,3513,67129,338,175,14,161,2448,51.78
84265007097,3513,67130,NA,404,9,395,7150,NA
84265007097,3513,67131,NA,452,13,439,7751,NA
84265007097,3513,67132,NA,464,13,451,8125,NA
84265007121,1746,54470,1187,417,26,391,4210,35.13
84265007121,1746,54471,148,73,4,69,746,49.32
84265007121,1746,54472,298,146,4,142,1458,48.99
84265007121,1746,54473,135,82,1,81,873,60.74
84265007121,1746,54474,151,93,4,89,847,61.59
84265007121,1746,54475,NA,580,15,565,6089,NA
84265007124,2379,59047,1707,1146,14,1132,11233,67.14
84265007124,2379,59048,227,171,1,170,1379,75.33
84265007124,2379,59049,135,107,2,105,901,79.26
84265007124,2379,59050,381,295,1,294,3283,77.43
84265007124,2379,59051,484,361,4,357,3905,74.59
84265007124,2379,59052,NA,0,0,0,0,NA
84265007124,2379,59053,NA,0,0,0,0,NA
84265008100,6423,92638,2070,836,22,814,12058,40.39
84265008100,6423,92639,708,336,26,310,4329,47.46
84265008100,6423,92640,862,429,50,379,5305,49.77
84265008100,6423,92641,NA,862,28,834,12473,NA
84265008117,5628,89230,2024,653,11,642,6025,32.260000000000005
84265008117,5628,89231,NA,607,1,606,5870,NA
84265009108,6993,94073,1326,382,19,363,4527,28.810000000000002
84265009108,6993,94074,972,371,11,360,4574,38.17
84265009108,6993,94075,528,238,19,219,2559,45.08
84265009108,6993,94076,364,153,9,144,1835,42.03
84265009108,6993,94077,659,328,29,299,3132,49.77
84265009108,6993,94078,865,395,16,379,4200,45.660000000000004
84265009108,6993,94079,875,394,36,358,3733,45.03
84265009108,6993,94080,NA,624,29,595,7595,NA
84265009108,6993,94081,NA,587,22,565,6529,NA
84265009125,6759,93613,1352,602,3,599,4060,44.53
84265009125,6759,93614,NA,272,6,266,1856,NA
84350035035,3794,57278,1100,472,16,456,8508,42.91
84350035035,3794,57279,1343,626,25,601,11314,46.61
84350035035,3794,57280,1267,581,14,567,10798,45.86
84350035035,3794,57281,1338,542,16,526,9900,40.51
84350035035,3794,57282,1222,616,12,604,11795,50.41
84350035035,3794,57283,1401,498,16,482,9040,35.55
84350035035,3794,57284,2033,752,35,717,13187,36.99
84350035035,3794,57285,1382,608,15,593,11253,43.99
84350035035,3794,57286,NA,680,2,678,13312,NA
84350035035,3794,57287,NA,554,6,548,10776,NA
84350035035,3794,57288,NA,728,8,720,14044,NA
84355001013,2962,63268,1324,538,24,514,6595,40.63
84355001013,2962,63269,1381,566,13,553,7062,40.98
84355001013,2962,63270,1195,485,17,468,5721,40.59
84355001013,2962,63271,NA,908,15,893,11722,NA
84355001029,1922,55411,1728,738,15,723,11660,42.71
84355001029,1922,55412,1616,706,16,690,11343,43.690000000000005
84355001029,1922,55413,1707,721,36,685,10991,42.24
84355001029,1922,55414,1424,526,9,517,8426,36.94
84355001029,1922,55415,750,388,9,379,6338,51.730000000000004
84355001029,1922,55416,NA,1510,11,1499,25254,NA
84355001030,1882,55243,1956,680,18,662,10868,34.760000000000005
84355001030,1882,55244,1709,669,16,653,10678,39.15
84355001030,1882,55245,1511,528,14,514,8515,34.94
84355001030,1882,55246,651,238,8,230,3780,36.56
84355001030,1882,55247,637,291,5,286,4782,45.68
84355001030,1882,55248,NA,1849,9,1840,31106,NA
84355002016,6121,91539,1138,318,11,307,10094,27.939999999999998
84355002016,6121,91540,1080,327,4,323,10469,30.279999999999998
84355002016,6121,91541,1139,331,7,324,11174,29.06
84355002016,6121,91542,1129,323,9,314,9743,28.610000000000003
84355002016,6121,91543,1066,426,11,415,14236,39.96
84355002016,6121,91544,1144,359,9,350,10523,31.38
84355002016,6121,91545,1197,361,16,345,11016,30.16
84355002016,6121,91546,1071,363,5,358,12031,33.89
84355002016,6121,91547,1124,276,15,261,7621,24.56
84355002016,6121,91548,1054,346,6,340,10678,32.83
84355002016,6121,91549,1120,357,11,346,11137,31.88
84355002016,6121,91550,1100,456,16,440,14541,41.449999999999996
84355002016,6121,91551,1148,353,10,343,10479,30.75
84355002016,6121,91552,1045,406,10,396,12043,38.849999999999994
84355002016,6121,91553,1059,399,10,389,12322,37.68
84355002016,6121,91554,1082,485,7,478,15489,44.82
84355002016,6121,91555,1227,447,15,432,14605,36.43
84355002016,6121,91556,1119,457,8,449,14838,40.839999999999996
84355002016,6121,91557,1100,411,12,399,12828,37.36
84355002016,6121,91558,1045,439,11,428,14657,42.01
84355002016,6121,91559,1228,501,21,480,15471,40.8
84355002016,6121,91560,1063,423,6,417,13336,39.790000000000006
84355002016,6121,91561,1178,362,8,354,11722,30.73
84355002016,6121,91562,1280,451,7,444,14431,35.230000000000004
84355002016,6121,91563,1152,438,9,429,14232,38.02
84355002016,6121,91564,1117,445,7,438,14724,39.839999999999996
84355002016,6121,91565,1157,467,8,459,15476,40.36
84355002016,6121,91566,1007,415,6,409,14147,41.21
84355002016,6121,91567,1064,494,9,485,16779,46.43
84355002016,6121,91568,1019,439,6,433,15089,43.08
84355002016,6121,91569,1104,378,9,369,13046,34.24
84355002016,6121,91570,310,168,6,162,5457,54.190000000000005
84355002016,6121,91571,1156,481,16,465,15898,41.61
84355002016,6121,91572,1170,449,10,439,13679,38.379999999999995
84355002016,6121,91573,1090,391,15,376,12536,35.87
84355002016,6121,91574,1103,475,8,467,15748,43.06
84355002016,6121,91575,975,450,7,443,14939,46.15
84355002016,6121,91576,807,349,11,338,10683,43.25
84355002016,6121,91577,891,413,11,402,13578,46.349999999999994
84355002016,6121,91578,940,429,9,420,13989,45.64
84355002016,6121,91579,990,475,7,468,16298,47.98
84355002016,6121,91580,748,372,7,365,12085,49.730000000000004
84355002016,6121,91581,796,315,9,306,9335,39.57
84355002016,6121,91582,NA,527,3,524,18796,NA
84355002016,6121,91583,NA,660,14,646,23051,NA
84355002016,6121,91584,NA,478,8,470,16433,NA
84355002016,6121,91585,NA,533,8,525,18316,NA
84355002016,6121,91586,NA,482,9,473,16908,NA
84355002016,6121,91587,NA,527,8,519,18041,NA
84355002016,6121,91588,NA,524,4,520,18479,NA
84355002016,6121,91589,NA,514,10,504,17911,NA
84355002016,6121,91590,NA,518,11,507,18283,NA
84355002016,6121,91591,NA,518,6,512,18357,NA
84355002016,6121,91592,NA,525,4,521,18341,NA
84355002016,6121,91593,NA,522,2,520,18407,NA
84355002016,6121,91594,NA,798,8,790,28294,NA
84355002016,6121,91595,NA,665,6,659,22156,NA
84355002016,6121,91596,NA,292,4,288,10358,NA
84355002016,6121,91597,NA,410,3,407,14752,NA
84355002016,6121,91598,NA,370,5,365,12428,NA
84355002024,5576,88946,716,375,10,365,6044,52.37
84355002024,5576,88947,891,312,7,305,4935,35.02
84355002024,5576,88948,938,391,6,385,6271,41.68
84355002024,5576,88949,998,445,14,431,7202,44.59
84355002024,5576,88950,939,477,11,466,7698,50.8
84355002024,5576,88951,613,291,1,290,4798,47.47
84355002024,5576,88952,NA,665,4,661,11096,NA
84355002024,5576,88953,NA,592,6,586,9776,NA
84355003005,1880,55273,1277,523,19,504,6584,40.96
84355003005,1880,55274,1025,463,19,444,5758,45.17
84355003005,1880,55275,1029,530,11,519,6799,51.51
84355003005,1880,55276,NA,407,1,406,5382,NA
84355003005,1880,55277,NA,405,2,403,5283,NA
84355003034,2487,54435,926,345,23,322,6255,37.260000000000005
84355003034,2487,54436,934,355,24,331,6579,38.01
84355003034,2487,54437,1005,406,18,388,7382,40.4
84355003034,2487,54438,968,332,30,302,5723,34.3
84355003034,2487,54439,1072,319,21,298,5513,29.759999999999998
84355003034,2487,54440,1191,486,22,464,8675,40.809999999999995
84355003034,2487,54441,795,280,14,266,4809,35.220000000000006
84355003034,2487,54442,982,351,27,324,6027,35.74
84355003034,2487,54443,935,396,19,377,7380,42.349999999999994
84355003034,2487,54444,881,428,20,408,6952,48.58
84355003034,2487,54445,799,380,29,351,6256,47.56
84355003034,2487,54446,637,287,15,272,4853,45.05
84355003034,2487,54447,NA,442,13,429,8243,NA
84355003034,2487,54448,NA,366,6,360,6573,NA
84355003034,2487,54449,NA,442,19,423,8427,NA
84355003034,2487,54450,NA,385,7,378,7585,NA
84355003034,2487,54451,NA,400,14,386,7896,NA
84355003034,2487,54452,NA,333,13,320,6385,NA
84355003034,2487,54453,NA,323,13,310,6245,NA
84355003045,5791,89700,1160,558,17,541,8774,48.1
84355003045,5791,89701,1364,701,25,676,11065,51.39
84355003045,5791,89702,1310,608,26,582,9620,46.41
84355003045,5791,89703,NA,767,2,765,12760,NA
84355003067,6074,62137,782,346,13,333,4319,44.25
84355003067,6074,62138,987,428,16,412,5445,43.36
84355003067,6074,62139,1022,504,15,489,6409,49.32
84355003067,6074,62140,814,409,5,404,5251,50.25
84355003067,6074,62141,NA,883,19,864,11238,NA
84355004010,2249,56610,1311,584,33,551,5018,44.55
84355004010,2249,56609,NA,315,13,302,2861,NA
84355004018,2193,57065,1171,482,11,471,4478,41.160000000000004
84355004018,2193,57066,NA,333,4,329,3144,NA
84355004036,2186,57025,916,330,17,313,5118,36.03
84355004036,2186,57026,1006,423,17,406,6569,42.05
84355004036,2186,57027,1218,495,14,481,7689,40.64
84355004036,2186,57028,1475,418,16,402,6498,28.34
84355004036,2186,57029,242,107,5,102,1576,44.21
84355004036,2186,57030,NA,590,19,571,9247,NA
84355004036,2186,57031,NA,490,13,477,7742,NA
84355004054,5295,61586,843,404,4,400,2407,47.92
84355004054,5295,61587,NA,155,0,155,1028,NA
84355004066,6039,91166,1436,565,21,544,8931,39.349999999999994
84355004066,6039,91167,1532,595,36,559,9003,38.839999999999996
84355004066,6039,91168,1399,526,19,507,8160,37.6
84355004066,6039,91169,1045,448,12,436,6952,42.87
84355004066,6039,91170,1088,402,14,388,6386,36.949999999999996
84355004066,6039,91171,NA,472,4,468,7932,NA
84355004066,6039,91172,NA,496,9,487,8172,NA
84355004066,6039,91173,NA,494,5,489,8351,NA
84355005015,2791,58409,1438,622,14,608,6670,43.25
84355005015,2791,58408,729,363,8,355,3937,49.790000000000006
84355005015,2791,58410,351,181,13,168,1808,51.57
84355005015,2791,58411,NA,567,10,557,6257,NA
84355005020,6226,91963,793,373,8,365,4271,47.04
84355005020,6226,91964,477,212,10,202,2258,44.44
84355005020,6226,91965,636,363,12,351,3996,57.08
84355005020,6226,91966,477,224,4,220,2524,46.96
84355005020,6226,91967,NA,255,3,252,2883,NA
84355005020,6226,91968,NA,254,6,248,2862,NA
84355005052,3676,68232,1092,514,9,505,10061,47.07
84355005052,3676,68233,1396,665,12,653,12572,47.64
84355005052,3676,68234,1423,582,35,547,10573,40.9
84355005052,3676,68235,927,432,17,415,8403,46.6
84355005052,3676,68236,954,445,13,432,8540,46.65
84355005052,3676,68237,282,154,1,153,3142,54.61
84355005052,3676,68238,557,266,7,259,5162,47.760000000000005
84355005052,3676,68239,229,136,6,130,2572,59.39
84355005052,3676,68240,178,107,11,96,1859,60.11
84355005052,3676,68241,647,329,11,318,6385,50.849999999999994
84355005052,3676,68242,302,152,7,145,2747,50.33
84355005052,3676,68243,267,123,4,119,2170,46.07
84355005052,3676,68244,1367,662,13,649,12882,48.43
84355005052,3676,68245,NA,1845,24,1821,37095,NA
84355006042,6097,91372,1210,639,38,601,6588,52.809999999999995
84355006042,6097,91373,939,519,17,502,5500,55.27
84355006042,6097,91374,NA,393,5,388,4347,NA
84355006057,2417,57145,2086,737,45,692,14844,35.33
84355006057,2417,57146,1376,494,22,472,9993,35.9
84355006057,2417,57147,1956,660,28,632,13760,33.74
84355006057,2417,57148,1456,567,30,537,11622,38.94
84355006057,2417,57149,1897,523,27,496,10790,27.57
84355006057,2417,57150,1196,463,23,440,9563,38.71
84355006057,2417,57151,873,387,15,372,7711,44.33
84355006057,2417,57152,815,401,22,379,7583,49.2
84355006057,2417,57153,975,484,34,450,8891,49.64
84355006057,2417,57154,1074,475,26,449,8371,44.230000000000004
84355006057,2417,57155,1014,466,33,433,8021,45.96
84355006057,2417,57156,1334,530,25,505,9806,39.730000000000004
84355006057,2417,57157,NA,691,23,668,14608,NA
84355006057,2417,57158,NA,594,14,580,12045,NA
84355006057,2417,57159,NA,624,20,604,14074,NA
84355006057,2417,57160,NA,787,26,761,16358,NA
84355006057,2417,57161,NA,549,11,538,11826,NA
84355006057,2417,57162,NA,732,22,710,14775,NA
84355007047,5400,88218,1305,603,36,567,7778,46.21
84355007047,5400,88219,1244,535,22,513,7099,43.01
84355007047,5400,88220,249,145,6,139,1710,58.230000000000004
84355007047,5400,88221,554,300,15,285,3794,54.15
84355007047,5400,88222,196,131,1,130,1833,66.84
84355007047,5400,88223,NA,430,14,416,5806,NA
84355007047,5400,88224,NA,305,11,294,3988,NA
84355007053,2246,63850,1726,617,14,603,6808,35.75
84355007053,2246,58160,NA,585,4,581,6615,NA
84355007059,3515,85228,1547,493,11,482,11277,31.87
84355007059,3515,85235,1581,557,11,546,12772,35.230000000000004
84355007059,3515,85236,1868,617,18,599,14141,33.03
84355007059,3515,85237,1456,350,6,344,8092,24.04
84355007059,3515,85238,1508,549,17,532,12607,36.41
84355007059,3515,85239,1547,520,10,510,11684,33.61
84355007059,3515,85240,1465,396,11,385,8775,27.03
84355007059,3515,85247,1484,526,10,516,12089,35.44
84355007059,3515,85248,1556,587,14,573,12954,37.720000000000006
84355007059,3515,85249,521,275,5,270,6289,52.78
84355007059,3515,85250,485,261,11,250,5562,53.809999999999995
84355007059,3515,85255,546,277,10,267,5960,50.730000000000004
84355007059,3515,85264,560,208,9,199,4344,37.14
84355007059,3515,85265,719,305,8,297,6654,42.42
84355007059,3515,85266,422,219,11,208,4845,51.9
84355007059,3515,85267,1346,526,17,509,11364,39.08
84355007059,3515,88244,NA,1122,24,1098,25617,NA
84355007059,3515,88245,NA,628,5,623,14887,NA
84355007059,3515,88246,NA,633,11,622,14804,NA
84355007059,3515,88247,NA,573,8,565,13498,NA
84355007059,3515,88248,NA,615,11,604,14462,NA
84355007059,3515,88249,NA,623,19,604,14746,NA
84355007059,3515,88250,NA,477,5,472,11347,NA
84355007059,3515,88251,NA,597,16,581,14042,NA
84360008008,4739,61987,1480,494,23,471,7431,33.379999999999995
84360008008,4739,61988,1594,543,17,526,8581,34.07
84360008008,4739,61989,1458,489,23,466,7494,33.54
84360008008,4739,61990,1389,551,18,533,8563,39.67
84360008008,4739,61991,617,271,5,266,4199,43.92
84360008008,4739,61992,630,284,13,271,4344,45.08
84360008008,4739,61993,953,363,6,357,5549,38.09
84360008008,4739,61994,NA,396,3,393,6509,NA
84360008008,4739,61996,NA,460,4,456,7587,NA
84360008008,4739,61997,NA,599,13,586,9511,NA
84360008008,4739,90831,NA,434,8,426,7235,NA
84360010010,5242,84027,1055,740,33,707,9959,70.14
84360010010,5242,84028,726,499,30,469,7274,68.73
84360010010,5242,84029,692,444,17,427,5725,64.16
84360010010,5242,84030,468,309,7,302,4621,66.03
84360010010,5242,84031,793,489,22,467,6412,61.660000000000004
84360010010,5242,84032,952,654,44,610,8509,68.7
84360010010,5242,84033,1012,679,42,637,8483,67.09
84360010010,5242,84034,1050,669,19,650,10066,63.71
84360010010,5242,84035,747,487,27,460,6422,65.19
84360010010,5242,84036,1861,574,41,533,8154,30.84
84360010010,5242,84037,2145,803,52,751,11489,37.44
84360010010,5242,84038,NA,759,37,722,11408,NA
84360049049,5124,85718,1150,323,11,312,6006,28.09
84360049049,5124,85719,1296,435,15,420,8066,33.56
84360049049,5124,85720,1338,512,10,502,9618,38.27
84360049049,5124,85721,613,239,5,234,4397,38.99
84360049049,5124,85722,1145,352,12,340,6357,30.74
84360049049,5124,85723,906,383,16,367,6838,42.27
84360049049,5124,85724,1371,436,14,422,8040,31.8
84360049049,5124,85725,722,380,17,363,6483,52.63
84360049049,5124,85726,779,358,9,349,6486,45.96
84360049049,5124,85727,940,373,10,363,6657,39.68
84360049049,5124,85728,577,248,10,238,4351,42.98
84360049049,5124,85729,1006,421,17,404,7717,41.849999999999994
84360049049,5124,85730,NA,598,3,595,11482,NA
84360049049,5124,85731,NA,702,8,694,13810,NA
84360049049,5124,85732,NA,508,4,504,9649,NA
84360049049,5124,85733,NA,661,7,654,12863,NA
84360052052,4830,67866,1517,633,22,611,11772,41.730000000000004
84360052052,4830,67867,1512,542,37,505,9289,35.849999999999994
84360052052,4830,67875,1301,495,24,471,8718,38.05
84360052052,4830,67868,1425,663,22,641,11650,46.53
84360052052,4830,67869,574,306,18,288,4631,53.309999999999995
84360052052,4830,67870,935,459,32,427,6789,49.09
84360052052,4830,67871,NA,399,3,396,7837,NA
84360052052,4830,67872,NA,665,15,650,12280,NA
84360052052,4830,67873,NA,334,7,327,6326,NA
84360052052,4830,67874,NA,300,9,291,5006,NA
84360094094,6932,63912,1326,702,25,677,8932,52.94
84360094094,6932,63913,1445,660,27,633,8445,45.67
84360094094,6932,63914,1343,689,20,669,8735,51.3
84360094094,6932,63915,1120,575,36,539,6196,51.339999999999996
84360094094,6932,63916,NA,971,28,943,12484,NA
84365001005,4513,82938,1609,593,18,575,6607,36.86
84365001005,4513,82939,1594,547,24,523,6261,34.32
84365001005,4513,82940,NA,638,15,623,7520,NA
84365001032,6204,92815,529,301,3,298,1781,56.9
84365001032,6204,92816,NA,99,0,99,593,NA
84365001093,7155,94418,1020,570,37,533,5153,55.879999999999995
84365001093,7155,94419,360,227,9,218,2113,63.06
84365001093,7155,94420,NA,196,7,189,1791,NA
84365002009,2628,60745,1270,385,27,358,7458,30.310000000000002
84365002009,2628,60746,1361,491,33,458,9673,36.08
84365002009,2628,60747,1113,488,19,469,10136,43.849999999999994
84365002009,2628,60748,1199,446,28,418,8631,37.2
84365002009,2628,60749,1549,570,40,530,11083,36.8
84365002009,2628,60750,1442,487,18,469,9784,33.77
84365002009,2628,60751,848,315,28,287,5895,37.15
84365002009,2628,60752,1102,375,31,344,6939,34.03
84365002009,2628,60753,1553,702,32,670,12462,45.2
84365002009,2628,60754,1128,545,32,513,9959,48.32
84365002009,2628,60755,980,362,33,329,6104,36.94
84365002009,2628,60756,965,408,45,363,6787,42.28
84365002009,2628,60757,1252,565,23,542,9881,45.13
84365002009,2628,60758,566,279,10,269,5237,49.290000000000006
84365002009,2628,60759,NA,643,18,625,13501,NA
84365002009,2628,60760,NA,459,12,447,10025,NA
84365002009,2628,60761,NA,485,13,472,10256,NA
84365002009,2628,60762,NA,594,9,585,12952,NA
84365002009,2628,60763,NA,440,15,425,8295,NA
84365002009,2628,60764,NA,565,20,545,10862,NA
84365002009,2628,60765,NA,548,15,533,10287,NA
84365002014,4538,85594,750,399,6,393,3094,53.2
84365002014,4538,85595,1831,886,0,886,7316,48.39
84365002014,4538,85596,NA,140,0,140,1252,NA
84365002014,4538,85597,NA,362,0,362,3086,NA
84365003018,2683,61080,1439,532,11,521,6804,36.97
84365003018,2683,61081,1195,551,13,538,7078,46.11
84365003018,2683,61082,NA,663,12,651,8597,NA
84365003039,2481,59476,1366,618,13,605,6794,45.24
84365003039,2481,59477,1096,479,11,468,5258,43.7
84365003039,2481,59478,NA,552,6,546,6242,NA
84365003069,4137,70154,1598,686,16,670,8343,42.93
84365003069,4137,70155,1540,795,29,766,9698,51.620000000000005
84365003069,4137,70156,NA,695,9,686,8891,NA
84365003079,5126,94567,1353,688,21,667,7530,50.849999999999994
84365003079,5126,94671,1296,622,15,607,6675,47.99
84365003079,5126,94569,NA,559,9,550,6077,NA
84365004003,5407,88213,1873,764,4,760,6079,40.790000000000006
84365004003,5407,88214,390,189,4,185,1502,48.46
84365004003,5407,88215,NA,515,3,512,4259,NA
84365004004,4108,70196,1932,731,11,720,7861,37.839999999999996
84365004004,4108,70197,238,140,5,135,1408,58.82
84365004004,4108,70198,98,70,1,69,771,71.43
84365004004,4108,70199,NA,414,8,406,4459,NA
84365004055,4729,93814,1905,531,32,499,10458,27.87
84365004055,4729,93821,903,284,14,270,5504,31.45
84365004055,4729,93822,786,363,12,351,8061,46.18
84365004055,4729,93823,1866,635,20,615,13120,34.03
84365004055,4729,93824,2152,783,22,761,16706,36.379999999999995
84365004055,4729,93825,1641,583,25,558,11421,35.53
84365004055,4729,93826,726,388,9,379,7824,53.44
84365004055,4729,93827,1229,524,16,508,10748,42.64
84365004055,4729,93830,240,107,4,103,2040,44.58
84365004055,4729,93831,169,93,4,89,1905,55.03
84365004055,4729,93832,359,133,1,132,2914,37.05
84365004055,4729,93833,685,309,14,295,5644,45.11
84365004055,4729,93834,742,363,11,352,7497,48.92
84365004055,4729,93835,580,303,13,290,6154,52.24
84365004055,4729,93836,468,228,2,226,4872,48.720000000000006
84365004055,4729,93837,250,136,6,130,2758,54.4
84365004055,4729,93838,799,371,15,356,6842,46.43
84365004055,4729,93839,500,229,7,222,4292,45.8
84365004055,4729,93840,225,118,2,116,2387,52.44
84365004055,4729,93841,530,312,9,303,6619,58.87
84365004055,4729,93842,698,386,14,372,7678,55.3
84365004055,4729,93843,820,351,12,339,7090,42.8
84365004055,4729,93844,NA,493,6,487,10864,NA
84365004055,4729,93845,NA,665,5,660,15296,NA
84365004055,4729,93846,NA,736,8,728,16260,NA
84365004055,4729,93847,NA,592,5,587,12918,NA
84365004055,4729,93848,NA,406,10,396,8882,NA
84365004055,4729,93849,NA,517,6,511,11380,NA
84365004055,4729,93850,NA,398,3,395,9178,NA
84365005011,2178,56983,1821,708,22,686,10423,38.879999999999995
84365005011,2178,56984,1717,707,17,690,10911,41.18
84365005011,2178,56985,2027,880,21,859,13848,43.41
84365005011,2178,87210,NA,288,3,285,4671,NA
84365005011,2178,87211,NA,261,0,261,4351,NA
84365005011,2178,87212,NA,418,1,417,6984,NA
84365005012,3273,65459,1101,463,15,448,5645,42.05
84365005012,3273,65460,1553,695,22,673,8581,44.75
84365005012,3273,65461,1497,657,26,631,7703,43.89
84365005012,3273,65462,NA,759,17,742,9715,NA
84365005013,3761,56543,1679,800,23,777,10069,47.65
84365005013,3761,56544,1842,861,39,822,10388,46.74
84365005013,3761,56545,NA,782,8,774,10207,NA
84365005064,2530,91691,1271,502,28,474,15348,39.5
84365005064,2530,91692,1282,411,19,392,12259,32.06
84365005064,2530,91693,1294,490,29,461,15120,37.87
84365005064,2530,91694,1231,447,27,420,13779,36.309999999999995
84365005064,2530,91695,1129,519,23,496,15804,45.97
84365005064,2530,91696,1342,515,22,493,16266,38.379999999999995
84365005064,2530,91697,1169,410,17,393,12455,35.07
84365005064,2530,91698,1497,535,21,514,16799,35.74
84365005064,2530,91699,1283,476,28,448,13778,37.1
84365005064,2530,91700,1317,512,22,490,16079,38.879999999999995
84365005064,2530,91701,1199,508,21,487,15802,42.37
84365005064,2530,91702,1325,531,26,505,15875,40.08
84365005064,2530,91703,1302,471,37,434,13282,36.18
84365005064,2530,91704,1162,390,26,364,10948,33.56
84365005064,2530,91705,823,276,14,262,8052,33.54
84365005064,2530,91706,1035,356,19,337,10755,34.4
84365005064,2530,91707,1322,493,38,455,14115,37.290000000000006
84365005064,2530,91708,1199,523,20,503,16432,43.620000000000005
84365005064,2530,91709,1161,429,29,400,12286,36.949999999999996
84365005064,2530,91710,1169,379,19,360,11082,32.42
84365005064,2530,91711,1422,538,32,506,15180,37.83
84365005064,2530,91712,869,363,12,351,9966,41.77
84365005064,2530,91713,1123,504,19,485,13920,44.879999999999995
84365005064,2530,91714,1096,461,17,444,12578,42.06
84365005064,2530,91715,696,312,15,297,7304,44.83
84365005064,2530,91716,1103,441,28,413,12423,39.98
84365005064,2530,91717,1102,372,26,346,10925,33.760000000000005
84365005064,2530,91718,1016,357,19,338,10370,35.14
84365005064,2530,91719,1107,476,24,452,14670,43
84365005064,2530,91720,1062,442,30,412,12680,41.620000000000005
84365005064,2530,91721,997,379,13,366,10992,38.01
84365005064,2530,91722,1090,457,26,431,12556,41.93
84365005064,2530,91723,882,449,21,428,11553,50.91
84365005064,2530,91724,805,366,18,348,9518,45.47
84365005064,2530,91726,NA,435,12,423,14506,NA
84365005064,2530,91727,NA,534,19,515,17298,NA
84365005064,2530,91728,NA,654,17,637,21158,NA
84365005064,2530,91729,NA,460,9,451,14989,NA
84365005064,2530,91730,NA,553,20,533,17868,NA
84365005064,2530,91731,NA,478,25,453,14992,NA
84365005064,2530,91732,NA,475,13,462,15267,NA
84365005064,2530,91733,NA,325,12,313,10553,NA
84365005064,2530,91734,NA,519,11,508,16521,NA
84365005064,2530,91735,NA,579,21,558,18472,NA
84365005064,2530,91737,NA,451,12,439,14482,NA
84365005064,2530,91738,NA,581,20,561,18376,NA
84365005064,2530,91739,NA,547,24,523,16149,NA
84365005064,2530,91740,NA,440,16,424,13419,NA
84365005064,2530,91741,NA,501,15,486,15476,NA
84365005064,2530,91962,NA,550,18,532,16968,NA
84365005082,4954,85097,1251,507,13,494,11481,40.53
84365005082,4954,85098,1127,367,11,356,7957,32.56
84365005082,4954,85099,1259,495,9,486,11091,39.32
84365005082,4954,85100,1266,487,16,471,10471,38.47
84365005082,4954,85101,1294,435,13,422,9461,33.620000000000005
84365005082,4954,85102,1200,431,17,414,9276,35.92
84365005082,4954,85103,1201,403,11,392,8106,33.56
84365005082,4954,85104,1320,519,23,496,11382,39.32
84365005082,4954,85105,1412,482,19,463,10342,34.14
84365005082,4954,85106,1227,488,8,480,11044,39.77
84365005082,4954,85107,1187,454,12,442,9422,38.25
84365005082,4954,85108,1350,524,21,503,10916,38.809999999999995
84365005082,4954,85109,1311,415,29,386,8498,31.66
84365005082,4954,85110,1346,476,25,451,9840,35.36
84365005082,4954,85111,1289,429,15,414,8205,33.28
84365005082,4954,85112,NA,684,11,673,15764,NA
84365005082,4954,85113,NA,564,3,561,12955,NA
84365005082,4954,85114,NA,468,3,465,11137,NA
84365005082,4954,85115,NA,477,4,473,11066,NA
84365005082,4954,85116,NA,560,9,551,13239,NA
84365005082,4954,85117,NA,462,5,457,10819,NA
84365005082,4954,85118,NA,539,8,531,12520,NA
84365006078,4017,69382,1132,418,19,399,5042,36.93
84365006078,4017,69383,1203,409,17,392,5023,34
84365006078,4017,69384,1356,514,9,505,6553,37.91
84365006078,4017,69385,NA,301,4,297,3917,NA
84365006078,4017,69387,NA,306,7,299,3812,NA
84365006078,4017,69386,NA,437,7,430,5756,NA
84365006085,5312,89747,871,407,10,397,4297,46.730000000000004
84365006085,5312,89748,729,368,8,360,4087,50.48
84365006085,5312,89749,998,419,7,412,4495,41.98
84365006085,5312,89750,466,251,3,248,2754,53.86
84365006085,5312,89752,NA,329,2,327,3640,NA
84365006085,5312,89753,NA,311,2,309,3406,NA
84365007001,5123,85686,1385,663,10,653,6152,47.87
84365007001,5123,94508,NA,287,11,276,2627,NA
84365007006,5121,85743,1161,421,11,410,4605,36.260000000000005
84365007006,5121,85744,963,362,10,352,4112,37.59
84365007006,5121,85745,1393,364,2,362,4162,26.130000000000003
84365007006,5121,85746,300,171,2,169,1947,57
84365007006,5121,85747,NA,568,3,565,6595,NA
84365007006,5121,85748,NA,623,1,622,7223,NA
84365007081,2870,62434,1417,452,33,419,10490,31.9
84365007081,2870,62435,1584,433,26,407,9815,27.34
84365007081,2870,62436,1388,519,31,488,12295,37.39
84365007081,2870,62437,1886,793,46,747,18803,42.05
84365007081,2870,62438,855,330,5,325,8270,38.6
84365007081,2870,62439,1288,438,26,412,9299,34.01
84365007081,2870,62440,1322,569,33,536,13046,43.04
84365007081,2870,62441,1807,586,38,548,13265,32.43
84365007081,2870,62442,1714,551,27,524,13185,32.15
84365007081,2870,62443,1366,925,50,875,19737,67.72
84365007081,2870,62444,1363,881,46,835,17588,64.64
84365007081,2870,62445,992,610,50,560,11486,61.49
84365007081,2870,62446,1176,765,29,736,15854,65.05
84365007081,2870,62447,896,568,35,533,11978,63.39
84365007081,2870,62448,578,425,28,397,8044,73.53
84365007081,2870,62449,788,500,44,456,9534,63.449999999999996
84365007081,2870,62450,1299,911,48,863,19917,70.13
84365007081,2870,62451,NA,414,9,405,10671,NA
84365007081,2870,62453,NA,228,7,221,5763,NA
84365007081,2870,62454,NA,322,10,312,8525,NA
84365007081,2870,62455,NA,512,28,484,12792,NA
84365007081,2870,62456,NA,417,20,397,10353,NA
84365007081,2870,62458,NA,254,9,245,6467,NA
84365007081,2870,62459,NA,274,15,259,7019,NA
84365007081,2870,62460,NA,154,4,150,3977,NA
84365007081,2870,62461,NA,335,15,320,8397,NA
84365008083,3849,68950,898,295,10,285,3599,32.849999999999994
84365008083,3849,68951,1156,518,21,497,6304,44.809999999999995
84365008083,3849,68952,602,297,9,288,3568,49.339999999999996
84365008083,3849,68953,420,231,10,221,2682,55
84365008083,3849,68954,705,372,18,354,4416,52.77
84365008083,3849,68955,NA,332,9,323,4085,NA
84365008083,3849,68956,NA,363,14,349,4602,NA
84365008095,4081,69971,1794,721,29,692,11993,40.190000000000005
84365008095,4081,69972,823,299,10,289,4717,36.33
84365008095,4081,69973,707,365,21,344,5040,51.63
84365008095,4081,69974,1076,429,28,401,6823,39.87
84365008095,4081,69975,NA,699,21,678,11734,NA
84365008095,4081,69976,NA,528,12,516,8887,NA
84365009087,2663,85194,1146,567,9,558,6959,49.48
84365009087,2663,85195,1038,438,8,430,5033,42.2
84365009087,2663,85196,1050,409,8,401,4776,38.949999999999996
84365009087,2663,85197,NA,704,2,702,8856,NA
84365009096,5361,81737,1631,1122,38,1084,13364,68.79
84365009096,5361,81738,1258,921,22,899,11333,73.21000000000001
84365009096,5361,81739,1071,746,28,718,8832,69.64999999999999
84370086086,4691,69796,822,408,22,386,6190,49.64
84370086086,4691,69797,323,182,5,177,2690,56.349999999999994
84370086086,4691,69798,251,162,4,158,2489,64.54
84370086086,4691,69799,174,102,1,101,1655,58.620000000000005
84370086086,4691,69800,206,92,0,92,1507,44.660000000000004
84370086086,4691,69801,353,138,13,125,1772,39.09
84370086086,4691,69802,233,138,6,132,2015,59.230000000000004
84370086086,4691,69803,1409,546,19,527,8818,38.75
84370086086,4691,69804,1515,521,15,506,8521,34.39
84370086086,4691,69806,254,144,3,141,2188,56.690000000000005
84370086086,4691,69807,133,86,1,85,1347,64.66
84370086086,4691,69808,NA,602,9,593,10120,NA
84370086086,4691,69809,NA,511,6,505,7944,NA
84375001031,5626,89568,1932,687,33,654,8479,35.56
84375001031,5626,89569,1749,588,19,569,7283,33.620000000000005
84375001031,5626,89570,213,130,6,124,1741,61.03
84375001031,5626,89571,571,180,9,171,2071,31.52
84375001031,5626,89572,343,205,3,202,2580,59.77
84375001031,5626,89573,238,121,4,117,1540,50.839999999999996
84375001031,5626,89574,NA,534,15,519,6873,NA
84375001031,5626,89575,NA,584,10,574,7738,NA
84375001047,4410,88504,727,339,16,323,3643,46.63
84375001047,4410,88505,813,460,13,447,5038,56.58
84375001047,4410,88506,NA,317,12,305,3433,NA
84375001114,1949,55548,1158,464,18,446,4997,40.07
84375001114,1949,55549,375,185,14,171,1835,49.33
84375001114,1949,55550,134,76,3,73,738,56.720000000000006
84375001114,1949,55551,NA,387,8,379,4385,NA
84375002053,7074,89487,983,304,11,293,4492,30.93
84375002053,7074,89488,226,139,7,132,2036,61.5
84375002053,7074,89489,119,78,7,71,1065,65.55
84375002053,7074,89490,159,70,3,67,1063,44.03
84375002053,7074,89491,204,130,1,129,1755,63.730000000000004
84375002053,7074,89492,351,212,9,203,3059,60.4
84375002053,7074,89493,262,120,3,117,1799,45.8
84375002053,7074,89494,379,180,4,176,2621,47.49
84375002053,7074,89495,822,374,8,366,5467,45.5
84375002053,7074,89496,NA,301,7,294,4524,NA
84375002053,7074,89497,NA,309,6,303,4777,NA
84375002076,6468,92881,1818,589,34,555,9553,32.4
84375002076,6468,92882,1217,495,21,474,8445,40.67
84375002076,6468,92883,1578,522,37,485,8427,33.08
84375002076,6468,92884,1244,564,34,530,8521,45.339999999999996
84375002076,6468,92885,219,145,5,140,2343,66.21000000000001
84375002076,6468,92886,721,353,13,340,5447,48.96
84375002076,6468,92887,238,136,1,135,2300,57.14
84375002076,6468,92888,932,430,30,400,6011,46.14
84375002076,6468,92889,NA,419,6,413,7386,NA
84375002076,6468,92890,NA,534,13,521,9224,NA
84375002076,6468,92891,NA,493,11,482,8597,NA
84375002101,5571,84048,1554,688,16,672,6121,44.27
84375002101,5571,84049,436,246,5,241,1779,56.42
84375002101,5571,84050,NA,273,3,270,2585,NA
84375003072,5372,87962,547,403,11,392,4347,73.66999999999999
84375003072,5372,87963,532,435,13,422,4574,81.77
84375003072,5372,87964,480,379,11,368,4025,78.96000000000001
84375003072,5372,87965,204,167,5,162,1715,81.86
84375003078,6768,93705,115,68,3,65,923,59.13
84375003078,6768,93706,302,132,1,131,1892,43.71
84375003078,6768,93707,201,131,4,127,1984,65.16999999999999
84375003078,6768,93708,354,151,7,144,1987,42.660000000000004
84375003078,6768,93709,362,184,10,174,2540,50.83
84375003078,6768,93710,165,110,1,109,1700,66.66999999999999
84375003078,6768,93711,723,269,13,256,3724,37.21
84375003078,6768,93712,1304,386,31,355,5373,29.6
84375003078,6768,93713,1111,318,20,298,4365,28.62
84375003078,6768,93714,1015,321,19,302,4582,31.630000000000003
84375003078,6768,93715,1123,360,19,341,5207,32.06
84375003078,6768,93716,NA,328,4,324,5153,NA
84375003078,6768,93717,NA,347,7,340,5510,NA
84375003078,6768,93718,NA,322,12,310,4928,NA
84375003078,6768,93719,NA,339,5,334,4984,NA
84375003123,5181,85943,506,283,9,274,2931,55.93
84375003123,5181,85944,185,102,3,99,1006,55.14
84375003123,5181,85945,364,220,4,216,2378,60.44
84375003123,5181,85946,232,141,5,136,1337,60.78
84375003123,5181,85947,401,215,6,209,2262,53.620000000000005
84375003123,5181,85948,444,270,13,257,2800,60.809999999999995
84375003123,5181,85949,NA,307,2,305,3321,NA
84375004056,4972,85159,946,462,12,450,5034,48.839999999999996
84375004056,4972,85160,700,409,8,401,4444,58.43
84375004056,4972,85161,NA,288,3,285,3225,NA
84375004088,3705,69456,1927,550,24,526,9940,28.54
84375004088,3705,69457,1968,433,24,409,7945,22
84375004088,3705,69458,2097,469,16,453,8385,22.37
84375004088,3705,69459,2099,678,56,622,11131,32.3
84375004088,3705,69460,1015,455,21,434,8498,44.83
84375004088,3705,69461,794,384,12,372,7085,48.36
84375004088,3705,69462,338,166,5,161,3104,49.11
84375004088,3705,69463,110,76,0,76,1508,69.09
84375004088,3705,69464,166,93,5,88,1626,56.02
84375004088,3705,69621,103,45,1,44,821,43.690000000000005
84375004088,3705,69465,190,100,1,99,1860,52.63
84375004088,3705,69466,NA,701,15,686,13885,NA
84375004088,3705,69467,NA,757,7,750,15040,NA
84375004088,3705,69468,NA,658,9,649,12893,NA
84375004118,5677,66473,903,460,22,438,5039,50.94
84375004118,5677,66474,159,93,3,90,1008,58.49
84375004118,5677,66475,134,73,4,69,752,54.48
84375004118,5677,66476,316,176,9,167,1764,55.7
84375004118,5677,66477,578,255,6,249,2861,44.120000000000005
84375004118,5677,66478,143,69,3,66,751,48.25
84375004118,5677,66479,NA,402,3,399,4584,NA
84375004124,3006,63600,672,291,5,286,3265,43.3
84375004124,3006,63601,977,408,29,379,4308,41.760000000000005
84375004124,3006,63602,493,195,6,189,2095,39.55
84375004124,3006,63603,703,347,13,334,3818,49.36
84375004124,3006,63604,NA,170,0,170,1986,NA
84375004124,3006,63621,NA,451,8,443,4959,NA
84375005044,3201,65061,811,310,11,299,4687,38.220000000000006
84375005044,3201,65062,749,448,30,418,5418,59.809999999999995
84375005044,3201,65063,454,209,10,199,2454,46.04
84375005044,3201,65064,199,128,6,122,1707,64.32
84375005044,3201,65065,771,323,24,299,4320,41.89
84375005044,3201,65066,846,291,17,274,4014,34.4
84375005044,3201,65067,NA,638,13,625,9319,NA
84375005100,4664,89777,1426,396,22,374,6716,27.77
84375005100,4664,89778,1524,508,42,466,8845,33.33
84375005100,4664,89779,1604,431,22,409,7538,26.87
84375005100,4664,89780,1515,405,29,376,7287,26.73
84375005100,4664,89781,1511,556,21,535,9727,36.8
84375005100,4664,89782,1350,420,30,390,7157,31.110000000000003
84375005100,4664,89783,466,323,23,300,5082,69.31
84375005100,4664,91416,354,282,8,274,4817,79.66
84375005100,4664,91417,316,234,5,229,3905,74.05
84375005100,4664,89784,473,331,9,322,5398,69.98
84375005100,4664,89785,308,228,7,221,4261,74.03
84375005100,4664,89786,549,410,11,399,6994,74.67999999999999
84375005100,4664,91418,344,282,12,270,4314,81.98
84375005100,4664,91419,410,364,11,353,6689,88.78
84375005100,4664,89787,225,127,0,127,2234,56.44
84375005100,4664,91420,476,337,18,319,5634,70.8
84375005100,4664,91421,238,189,4,185,3470,79.41000000000001
84375005100,4664,89788,299,237,8,229,3930,79.26
84375005100,4664,89789,229,183,9,174,3177,79.91000000000001
84375005100,4664,91422,250,185,5,180,3119,74
84375005100,4664,89790,NA,440,6,434,8824,NA
84375005100,4664,89791,NA,864,21,843,17151,NA
84375005100,4664,89792,NA,631,27,604,12460,NA
84375006008,5500,68024,1773,796,28,768,8973,44.9
84375006008,5500,68025,366,173,4,169,1892,47.27
84375006008,5500,68026,107,79,1,78,872,73.83
84375006008,5500,68027,NA,440,3,437,5228,NA
84375006059,3704,68470,1162,548,22,526,6611,47.160000000000004
84375006059,3704,68471,693,349,19,330,4055,50.36
84375006059,3704,68472,525,248,13,235,2817,47.24
84375006059,3704,68473,NA,506,21,485,6071,NA
84375006065,2296,58329,1775,727,43,684,10312,40.96
84375006065,2296,58330,552,244,11,233,3038,44.2
84375006065,2296,58331,254,158,4,154,2263,62.2
84375006065,2296,58332,709,342,16,326,4562,48.24
84375006065,2296,58333,698,364,15,349,4835,52.15
84375006065,2296,58334,NA,685,31,654,9916,NA
84375006104,6314,92358,1623,464,44,420,8662,28.59
84375006104,6314,92359,1819,646,33,613,13256,35.51
84375006104,6314,92360,1052,269,25,244,4915,25.57
84375006104,6314,92361,946,352,18,334,6863,37.21
84375006104,6314,92362,1625,438,28,410,8257,26.95
84375006104,6314,92363,1936,557,48,509,10269,28.77
84375006104,6314,92364,226,182,11,171,3363,80.53
84375006104,6314,92365,341,260,12,248,4860,76.25
84375006104,6314,92366,575,367,24,343,6158,63.83
84375006104,6314,92367,420,318,23,295,5220,75.71000000000001
84375006104,6314,92368,1404,499,39,460,8989,35.54
84375006104,6314,92369,1009,363,20,343,6401,35.98
84375006104,6314,92370,NA,570,31,539,11715,NA
84375006104,6314,92371,NA,523,20,503,10404,NA
84375006104,6314,92372,NA,552,19,533,11876,NA
84375006104,6314,92373,NA,587,16,571,12734,NA
84375006105,7332,94628,1676,767,31,736,9611,45.760000000000005
84375006105,7332,94629,976,428,22,406,5216,43.849999999999994
84375006105,7332,94630,285,115,9,106,1298,40.349999999999994
84375006105,7332,94631,NA,587,6,581,7697,NA
84375007102,2850,62168,1380,565,6,559,4450,40.94
84375007102,2850,62169,NA,402,3,399,3209,NA
84375007107,2033,55888,1333,426,9,417,3668,31.959999999999997
84375007107,2033,55889,1209,410,10,400,3442,33.91
84375007107,2033,55890,845,372,1,371,2802,44.02
84375007107,2033,55891,285,152,1,151,1111,53.33
84375007107,2033,55892,286,150,1,149,1310,52.449999999999996
84375007107,2033,55893,NA,1123,5,1118,9776,NA
